{
  "compound_id": "DB01130",
  "compound_name": "Prednicarbate",
  "compound_percentile": 0.13235294117647098,
  "disease_id": "DOID:1936",
  "disease_name": "atherosclerosis",
  "disease_percentile": 0.0039011703511053295,
  "metapath_contribution": {
    "CbGpPWpGaD": 0.572635853526296,
    "CcSEcCtD": 0.2925016482968737,
    "CrCbGaD": 0.1348624981768304
  },
  "n_trials": 0.0,
  "prediction": 0.000353347050020196,
  "status": 0
}