{
  "compound_id": "DB00978",
  "compound_name": "Lomefloxacin",
  "compound_percentile": 0.75,
  "disease_id": "DOID:1781",
  "disease_name": "thyroid cancer",
  "disease_percentile": 0.59297789336801,
  "metapath_contribution": {
    "CbGbCtD": 0.7717380640253036,
    "CbGdCrCtD": 0.007458173817575358,
    "CcSEcCtD": 0.220803762157121
  },
  "n_trials": 0.0,
  "prediction": 0.00170964809664961,
  "status": 0
}