{
  "compound_id": "DB00348",
  "compound_name": "Nitisinone",
  "compound_percentile": 0.9558823529411771,
  "disease_id": "DOID:585",
  "disease_name": "nephrolithiasis",
  "disease_percentile": 0.636540962288687,
  "metapath_contribution": {
    "CbGeAlD": 0.71792457913323,
    "CbGpPWpGaD": 0.25276684761064677,
    "CcSEcCtD": 0.029308573256123033
  },
  "n_trials": 0.0,
  "prediction": 0.00177658676268295,
  "status": 0
}