{
  "compound_id": "DB00872",
  "compound_name": "Conivaptan",
  "compound_percentile": 0.970588235294118,
  "disease_id": "DOID:12849",
  "disease_name": "autistic disorder",
  "disease_percentile": 0.912873862158648,
  "metapath_contribution": {
    "CbGaD": 0.871941683610427,
    "CbGeAlD": 0.004928753850725751,
    "CbGpPWpGaD": 0.11814257439055069,
    "CrCbGaD": 0.004986988148296607
  },
  "n_trials": 0.0,
  "prediction": 0.00315591116210586,
  "status": 0
}