{
  "compound_id": "DB00247",
  "compound_name": "Methysergide",
  "compound_percentile": 0.17647058823529396,
  "disease_id": "DOID:184",
  "disease_name": "bone cancer",
  "disease_percentile": 0.35110533159948,
  "metapath_contribution": {
    "CbGeAlD": 0.6140489386735875,
    "CbGpPWpGaD": 0.06246321699608598,
    "CcSEcCtD": 0.2961296261271319,
    "CrCbGaD": 0.02735821820319468
  },
  "n_trials": 0.0,
  "prediction": 0.0012129449569504,
  "status": 0
}