{
  "compound_id": "DB00543",
  "compound_name": "Amoxapine",
  "compound_percentile": 0.6985294117647061,
  "disease_id": "DOID:2377",
  "disease_name": "multiple sclerosis",
  "disease_percentile": 0.312743823146944,
  "metapath_contribution": {
    "CbGeAlD": 0.38158690702193315,
    "CbGpPWpGaD": 0.2925128354230678,
    "CcSEcCtD": 0.3259002575549991
  },
  "n_trials": 0.0,
  "prediction": 0.001453965865518,
  "status": 0
}