{
  "compound_id": "DB00540",
  "compound_name": "Nortriptyline",
  "compound_percentile": 0.588235294117647,
  "disease_id": "DOID:2998",
  "disease_name": "testicular cancer",
  "disease_percentile": 0.34200260078023403,
  "metapath_contribution": {
    "CbGbCtD": 0.6311612069340089,
    "CbGeAlD": 0.06914590340512855,
    "CcSEcCtD": 0.29969288966086255
  },
  "n_trials": 0.0,
  "prediction": 0.00131699795302071,
  "status": 0
}