{
  "compound_id": "DB00125",
  "compound_name": "L-Arginine",
  "compound_percentile": 0.661764705882353,
  "disease_id": "DOID:2394",
  "disease_name": "ovarian cancer",
  "disease_percentile": 0.7633289986996099,
  "metapath_contribution": {
    "CbGbCtD": 0.5990918995702406,
    "CbGeAlD": 0.17358298526374946,
    "CbGpPWpGaD": 0.10965420667097273,
    "CcSEcCtD": 0.1176709084950372
  },
  "n_trials": 0.0,
  "prediction": 0.00217638785319213,
  "status": 0
}