{
  "category": "DM",
  "compound_id": "DB00337",
  "compound_name": "Pimecrolimus",
  "compound_percentile": 0.992647058823529,
  "disease_id": "DOID:3310",
  "disease_name": "atopic dermatitis",
  "disease_percentile": 0.9746423927178149,
  "metapath_contribution": {
    "CbGbCtD": 0.24237760817167062,
    "CbGeAlD": 0.0003718029648632483,
    "CbGpPWpGaD": 0.017196172083423264,
    "CcSEcCtD": 0.06294697436116735,
    "CrCrCtD": 0.2647732535805613,
    "CrCtD": 0.4123341888383142
  },
  "prediction": 0.0286142190649176,
  "status": 1,
  "training_prediction": 0.0917721184707993
}