{
  "compound_id": "DB01064",
  "compound_name": "Isoprenaline",
  "compound_percentile": 0.9558823529411771,
  "disease_id": "DOID:3310",
  "disease_name": "atopic dermatitis",
  "disease_percentile": 0.776332899869961,
  "metapath_contribution": {
    "CbGeAlD": 0.002051325806689395,
    "CbGpPWpGaD": 0.13106541454337506,
    "CcSEcCtD": 0.050459198035287894,
    "CtDrD": 0.8164240616146478
  },
  "n_trials": 0.0,
  "prediction": 0.00323381378375568,
  "status": 0,
  "training_prediction": 0.0110062915084194
}