{
  "compound_id": "DB00528",
  "compound_name": "Lercanidipine",
  "compound_percentile": 0.544117647058823,
  "disease_id": "DOID:784",
  "disease_name": "chronic kidney failure",
  "disease_percentile": 0.42587776332899896,
  "metapath_contribution": {
    "CbGaD": 0.7801557002804067,
    "CbGpPWpGaD": 0.20506475194481172,
    "CrCbGaD": 0.014779547774781585
  },
  "n_trials": 0.0,
  "prediction": 0.00141440136945583,
  "status": 0
}