{
  "compound_id": "DB00678",
  "compound_name": "Losartan",
  "compound_percentile": 0.867647058823529,
  "disease_id": "DOID:2841",
  "disease_name": "asthma",
  "disease_percentile": 0.7347204161248371,
  "metapath_contribution": {
    "CbGaD": 0.3636309117159146,
    "CbGbCtD": 0.3985219739997087,
    "CbGeAlD": 0.016632793123902954,
    "CbGpPWpGaD": 0.06242288959280674,
    "CcSEcCtD": 0.15375831373228213,
    "CrCbGaD": 0.005033117835384816
  },
  "n_trials": 0.0,
  "prediction": 0.003976972760128971,
  "status": 0,
  "training_prediction": 0.0585034650406539
}