{
  "compound_id": "DB00388",
  "compound_name": "Phenylephrine",
  "compound_percentile": 0.632352941176471,
  "disease_id": "DOID:1319",
  "disease_name": "brain cancer",
  "disease_percentile": 0.312743823146944,
  "metapath_contribution": {
    "CbGbCtD": 0.44433917979993215,
    "CbGeAlD": 0.06345536845835287,
    "CcSEcCtD": 0.47647389784307637,
    "CrCbGaD": 0.015731553898638503
  },
  "n_trials": 0.0,
  "prediction": 0.00121299747620325,
  "status": 0
}