{
  "compound_id": "DB08896",
  "compound_name": "Regorafenib",
  "compound_percentile": 0.375,
  "disease_id": "DOID:12361",
  "disease_name": "Graves' disease",
  "disease_percentile": 0.26202860858257504,
  "metapath_contribution": {
    "CbGbCtD": 0.6390387894685176,
    "CbGeAlD": 0.20616214688887005,
    "CbGpPWpGaD": 0.09184497311626677,
    "CcSEcCtD": 0.06295409052634565
  },
  "n_trials": 0.0,
  "prediction": 0.00116465793220779,
  "status": 0
}