{
  "compound_id": "DB00104",
  "compound_name": "Octreotide",
  "compound_percentile": 0.514705882352941,
  "disease_id": "DOID:3070",
  "disease_name": "malignant glioma",
  "disease_percentile": 0.50520156046814,
  "metapath_contribution": {
    "CbGeAlD": 0.2688700111363345,
    "CbGpPWpGaD": 0.41352035276458166,
    "CcSEcCtD": 0.31483518680234773,
    "CrCbGaD": 0.0027744492967361448
  },
  "n_trials": 0.0,
  "prediction": 0.0014059877980963,
  "status": 0,
  "training_prediction": 0.00103691380625654
}