{
  "compound_id": "DB08893",
  "compound_name": "Mirabegron",
  "compound_percentile": 0.9558823529411771,
  "disease_id": "DOID:3083",
  "disease_name": "chronic obstructive pulmonary disease",
  "disease_percentile": 0.9174252275682699,
  "metapath_contribution": {
    "CbGaD": 0.16972162965839557,
    "CbGbCtD": 0.2431120761208173,
    "CbGeAlD": 0.0029386965474335926,
    "CbGpPWpGaD": 0.014643199919540375,
    "CcSEcCtD": 0.0945742237099443,
    "CrCbGaD": 0.0019217697154079616,
    "CrCrCtD": 0.47308840432846094
  },
  "n_trials": 0.0,
  "prediction": 0.0064031763817353395,
  "status": 0
}