{
  "compound_id": "DB00544",
  "compound_name": "Fluorouracil",
  "compound_percentile": 0.294117647058824,
  "disease_id": "DOID:332",
  "disease_name": "amyotrophic lateral sclerosis",
  "disease_percentile": 0.8068920676202859,
  "metapath_contribution": {
    "CbGbCtD": 0.6724012557399023,
    "CbGeAlD": 0.07466208539877117,
    "CbGpPWpGaD": 0.1049288499146434,
    "CcSEcCtD": 0.14800780894668322
  },
  "n_trials": 0.0,
  "prediction": 0.00204343289865708,
  "status": 0,
  "training_prediction": 0.00414691324440349
}