{
  "compound_id": "DB00627",
  "compound_name": "Niacin",
  "compound_percentile": 0.941176470588235,
  "disease_id": "DOID:7693",
  "disease_name": "abdominal aortic aneurysm",
  "disease_percentile": 0.99739921976593,
  "metapath_contribution": {
    "CbGeAlD": 0.012458332328078619,
    "CbGpPWpGaD": 0.02975834585076246,
    "CrCbGaD": 0.0003397758946215809,
    "CtDrD": 0.9574435459265372
  },
  "n_trials": 0.0,
  "prediction": 0.0049548292002541,
  "status": 0
}