{
  "compound_id": "DB00292",
  "compound_name": "Etomidate",
  "compound_percentile": 0.36764705882352894,
  "disease_id": "DOID:7693",
  "disease_name": "abdominal aortic aneurysm",
  "disease_percentile": 0.5715214564369311,
  "metapath_contribution": {
    "CbGeAlD": 0.3684608373040807,
    "CbGpPWpGaD": 0.6238614243510137,
    "CrCbGaD": 0.007677738344905691
  },
  "n_trials": 0.0,
  "prediction": 0.00137564369118726,
  "status": 0
}