{
  "compound_id": "DB00315",
  "compound_name": "Zolmitriptan",
  "compound_percentile": 0.625,
  "disease_id": "DOID:11119",
  "disease_name": "Gilles de la Tourette syndrome",
  "disease_percentile": 0.490897269180754,
  "metapath_contribution": {
    "CbGeAlD": 0.1532322787159505,
    "CbGpPWpGaD": 0.8318712716940598,
    "CrCbGaD": 0.014896449589989764
  },
  "n_trials": 0.0,
  "prediction": 0.00138345367245112,
  "status": 0
}