{
  "compound_id": "DB00334",
  "compound_name": "Olanzapine",
  "compound_percentile": 0.558823529411765,
  "disease_id": "DOID:219",
  "disease_name": "colon cancer",
  "disease_percentile": 0.459037711313394,
  "metapath_contribution": {
    "CbGaD": 0.442450861833647,
    "CbGbCtD": 0.3289623896868361,
    "CbGeAlD": 0.19355059408803912,
    "CbGpPWpGaD": 0.035036154391477795
  },
  "n_trials": 0.0,
  "prediction": 0.00147163251287734,
  "status": 0
}