{
  "compound_id": "DB08604",
  "compound_name": "Triclosan",
  "compound_percentile": 0.23529411764705901,
  "disease_id": "DOID:12849",
  "disease_name": "autistic disorder",
  "disease_percentile": 0.277633289986996,
  "metapath_contribution": {
    "CbGeAlD": 0.7201875054711071,
    "CbGpPWpGaD": 0.15539540096782725,
    "CrCbGaD": 0.1244170935610657
  },
  "n_trials": 0.0,
  "prediction": 0.000995602823789759,
  "status": 0
}