{
  "compound_id": "DB01576",
  "compound_name": "Dextroamphetamine",
  "compound_percentile": 0.867647058823529,
  "disease_id": "DOID:1595",
  "disease_name": "endogenous depression",
  "disease_percentile": 0.565019505851756,
  "metapath_contribution": {
    "CbGaD": 0.7710962810756661,
    "CbGeAlD": 0.10656795669680576,
    "CbGpPWpGaD": 0.11178900203549672,
    "CrCbGaD": 0.010546760192031468
  },
  "n_trials": 13.0,
  "prediction": 0.00162681011658975,
  "status": 0
}