{
  "compound_id": "DB08881",
  "compound_name": "Vemurafenib",
  "compound_percentile": 0.5514705882352939,
  "disease_id": "DOID:3953",
  "disease_name": "adrenal gland cancer",
  "disease_percentile": 0.7217165149544859,
  "metapath_contribution": {
    "CbGaD": 0.861924523823313,
    "CbGeAlD": 0.016003036227285855,
    "CbGpPWpGaD": 0.11966208893794028,
    "CrCbGaD": 0.0024103510114608056
  },
  "n_trials": 0.0,
  "prediction": 0.00172747438702724,
  "status": 0
}