{
  "compound_id": "DB06287",
  "compound_name": "Temsirolimus",
  "compound_percentile": 0.6985294117647061,
  "disease_id": "DOID:14227",
  "disease_name": "azoospermia",
  "disease_percentile": 0.21131339401820498,
  "metapath_contribution": {
    "CbGbCtD": 0.9021003046752438,
    "CcSEcCtD": 0.09789969532475623
  },
  "n_trials": 0.0,
  "prediction": 0.0012315402957477802,
  "status": 0,
  "training_prediction": 0.000555140655027016
}