{
  "compound_id": "DB06663",
  "compound_name": "Pasireotide",
  "compound_percentile": 1.0,
  "disease_id": "DOID:3277",
  "disease_name": "thymus cancer",
  "disease_percentile": 1.0,
  "metapath_contribution": {
    "CbGbCtD": 0.2324666746204392,
    "CbGeAlD": 0.0018039617201874973,
    "CcSEcCtD": 0.010371087573451098,
    "CiPCiCtD": 0.35487109103762055,
    "CrCrCtD": 0.14991041936104182,
    "CrCtD": 0.2505767656872598
  },
  "n_trials": 0.0,
  "prediction": 0.528391232720085,
  "status": 0
}