{
  "compound_id": "DB04946",
  "compound_name": "Iloperidone",
  "compound_percentile": 0.654411764705882,
  "disease_id": "DOID:9074",
  "disease_name": "systemic lupus erythematosus",
  "disease_percentile": 0.505851755526658,
  "metapath_contribution": {
    "CbGbCtD": 0.6689620779366092,
    "CbGdCrCtD": 0.0011794493329410954,
    "CbGeAlD": 0.09959103648859699,
    "CbGpPWpGaD": 0.020354689552231683,
    "CcSEcCtD": 0.20991274668962104
  },
  "n_trials": 0.0,
  "prediction": 0.0019200645083477699,
  "status": 0
}