{
  "compound_id": "DB01294",
  "compound_name": "Bismuth Subsalicylate",
  "compound_percentile": 0.816176470588235,
  "disease_id": "DOID:10283",
  "disease_name": "prostate cancer",
  "disease_percentile": 0.7542262678803641,
  "metapath_contribution": {
    "CbGaD": 0.24636702073776579,
    "CbGbCtD": 0.3650558155829607,
    "CbGeAlD": 0.07227288531031988,
    "CbGpPWpGaD": 0.1425178171820726,
    "CcSEcCtD": 0.17378646118688099
  },
  "n_trials": 0.0,
  "prediction": 0.0041395152769873895,
  "status": 0
}