{
  "compound_id": "DB00894",
  "compound_name": "Testolactone",
  "compound_percentile": 0.801470588235294,
  "disease_id": "DOID:9970",
  "disease_name": "obesity",
  "disease_percentile": 0.100780234070221,
  "metapath_contribution": {
    "CbGaD": 0.8173177077722759,
    "CbGeAlD": 0.0253254238047236,
    "CbGpPWpGaD": 0.034037981607303876,
    "CcSEcCtD": 0.11294532095801586,
    "CrCbGaD": 0.010373565857680745
  },
  "n_trials": 0.0,
  "prediction": 0.00101665552586929,
  "status": 0
}