{
  "compound_id": "DB00665",
  "compound_name": "Nilutamide",
  "compound_percentile": 0.125,
  "disease_id": "DOID:4989",
  "disease_name": "pancreatitis",
  "disease_percentile": 0.338101430429129,
  "metapath_contribution": {
    "CcSEcCtD": 0.9882874670860183,
    "CrCbGaD": 0.011712532913981688
  },
  "n_trials": 0.0,
  "prediction": 0.00121656113436507,
  "status": 0,
  "training_prediction": 0.000897167263192581
}