{
  "compound_id": "DB01268",
  "compound_name": "Sunitinib",
  "compound_percentile": 0.595588235294118,
  "disease_id": "DOID:1024",
  "disease_name": "leprosy",
  "disease_percentile": 0.890117035110533,
  "metapath_contribution": {
    "CbGbCtD": 0.559696875120214,
    "CbGdCrCtD": 0.0041706880859663596,
    "CbGeAlD": 0.146241571582636,
    "CbGpPWpGaD": 0.1653952284076157,
    "CcSEcCtD": 0.12449563680356796
  },
  "n_trials": 0.0,
  "prediction": 0.0030932426944824897,
  "status": 0,
  "training_prediction": 0.00507916067776061
}