{
  "compound_id": "DB01203",
  "compound_name": "Nadolol",
  "compound_percentile": 0.3529411764705879,
  "disease_id": "DOID:11054",
  "disease_name": "urinary bladder cancer",
  "disease_percentile": 0.18660598179453797,
  "metapath_contribution": {
    "CbGbCtD": 0.6255907796995523,
    "CcSEcCtD": 0.3744092203004476
  },
  "n_trials": 0.0,
  "prediction": 0.000935254978734375,
  "status": 0,
  "training_prediction": 0.0023991566638395397
}