{
  "compound_id": "DB01182",
  "compound_name": "Propafenone",
  "compound_percentile": 1.0,
  "disease_id": "DOID:10763",
  "disease_name": "hypertension",
  "disease_percentile": 0.9349804941482439,
  "metapath_contribution": {
    "CbGaD": 0.07246430035627513,
    "CbGbCtD": 0.22647469571557055,
    "CbGeAlD": 0.00967123784651753,
    "CbGpPWpGaD": 0.02979548949449555,
    "CcSEcCtD": 0.08057137915615871,
    "CrCbGaD": 0.0017882490084318613,
    "CrCrCtD": 0.22331474119021752,
    "CrCtD": 0.35591990723233313
  },
  "n_trials": 0.0,
  "prediction": 0.0435796706281386,
  "status": 0
}