{
  "compound_id": "DB01016",
  "compound_name": "Glyburide",
  "compound_percentile": 0.580882352941177,
  "disease_id": "DOID:13378",
  "disease_name": "Kawasaki disease",
  "disease_percentile": 0.7197659297789342,
  "metapath_contribution": {
    "CbGbCtD": 0.8758028889754352,
    "CbGeAlD": 0.043583130194737,
    "CcSEcCtD": 0.07504509660656673,
    "CrCbGaD": 0.005568884223261056
  },
  "n_trials": 0.0,
  "prediction": 0.0019505665139258699,
  "status": 0,
  "training_prediction": 0.0014672525584042198
}