{
  "compound_id": "DB00182",
  "compound_name": "Amphetamine",
  "compound_percentile": 0.897058823529412,
  "disease_id": "DOID:8577",
  "disease_name": "ulcerative colitis",
  "disease_percentile": 0.674902470741222,
  "metapath_contribution": {
    "CbGaD": 0.4559401201695103,
    "CbGbCtD": 0.4006461052009804,
    "CbGpPWpGaD": 0.05861258496196221,
    "CcSEcCtD": 0.08189070798295028,
    "CrCbGaD": 0.0029104816845969277
  },
  "n_trials": 0.0,
  "prediction": 0.00267490210594561,
  "status": 0
}