{
  "compound_id": "DB00477",
  "compound_name": "Chlorpromazine",
  "compound_percentile": 0.36764705882352894,
  "disease_id": "DOID:4045",
  "disease_name": "muscle cancer",
  "disease_percentile": 0.070221066319896,
  "metapath_contribution": {
    "CbGbCtD": 0.7220470064493383,
    "CbGeAlD": 0.1296761533736832,
    "CbGpPWpGaD": 0.08047813121449386,
    "CcSEcCtD": 0.0677987089624846
  },
  "n_trials": 0.0,
  "prediction": 0.000736285595294207,
  "status": 0
}