{
  "compound_id": "DB04845",
  "compound_name": "Ixabepilone",
  "compound_percentile": 0.49264705882352894,
  "disease_id": "DOID:10652",
  "disease_name": "Alzheimer's disease",
  "disease_percentile": 0.546163849154746,
  "metapath_contribution": {
    "CbGbCtD": 0.24332970909650425,
    "CbGeAlD": 0.1456125326174119,
    "CbGpPWpGaD": 0.10808368657550285,
    "CcSEcCtD": 0.5029740717105808
  },
  "n_trials": 0.0,
  "prediction": 0.0019904895276438603,
  "status": 0,
  "training_prediction": 0.00241578603349125
}