{
  "compound_id": "DB00929",
  "compound_name": "Misoprostol",
  "compound_percentile": 0.867647058823529,
  "disease_id": "DOID:12365",
  "disease_name": "malaria",
  "disease_percentile": 0.36996098829648905,
  "metapath_contribution": {
    "CbGeAlD": 0.2719960114583378,
    "CcSEcCtD": 0.7061583441974979,
    "CrCbGaD": 0.02184564434416426
  },
  "n_trials": 0.0,
  "prediction": 0.00175618436229432,
  "status": 0
}