{
  "compound_id": "DB00554",
  "compound_name": "Piroxicam",
  "compound_percentile": 0.727941176470588,
  "disease_id": "DOID:1324",
  "disease_name": "lung cancer",
  "disease_percentile": 0.545513654096229,
  "metapath_contribution": {
    "CbGaD": 0.42984300871798364,
    "CbGbCtD": 0.48479795182173835,
    "CbGpPWpGaD": 0.08268843435009288,
    "CrCbGaD": 0.0026706051101851257
  },
  "n_trials": 0.0,
  "prediction": 0.0019852186867867602,
  "status": 0
}