{
  "compound_id": "DB00480",
  "compound_name": "Lenalidomide",
  "compound_percentile": 0.213235294117647,
  "disease_id": "DOID:12361",
  "disease_name": "Graves' disease",
  "disease_percentile": 0.53446033810143,
  "metapath_contribution": {
    "CbGeAlD": 0.29753351131946015,
    "CcSEcCtD": 0.6553019626560082,
    "CrCbGaD": 0.04716452602453174
  },
  "n_trials": 0.0,
  "prediction": 0.0015657242826108801,
  "status": 0,
  "training_prediction": 0.00115476770305453
}