{
  "compound_id": "DB00783",
  "compound_name": "Estradiol",
  "compound_percentile": 0.610294117647059,
  "disease_id": "DOID:1312",
  "disease_name": "focal segmental glomerulosclerosis",
  "disease_percentile": 0.49609882964889507,
  "metapath_contribution": {
    "CbGaD": 0.21585052375817365,
    "CbGbCtD": 0.5762404234033006,
    "CbGeAlD": 0.06589166422254279,
    "CbGpPWpGaD": 0.036978191212953544,
    "CcSEcCtD": 0.10485188365537965,
    "CrCbGaD": 0.00018731374764964279
  },
  "n_trials": 0.0,
  "prediction": 0.00143251403568572,
  "status": 0,
  "training_prediction": 0.00107742523707836
}