{
  "compound_id": "DB01020",
  "compound_name": "Isosorbide Mononitrate",
  "compound_percentile": 0.448529411764706,
  "disease_id": "DOID:2394",
  "disease_name": "ovarian cancer",
  "disease_percentile": 0.492197659297789,
  "metapath_contribution": {
    "CbGbCtD": 0.07650847289819476,
    "CbGeAlD": 0.24927011848174765,
    "CcSEcCtD": 0.6742214086200576
  },
  "n_trials": 0.0,
  "prediction": 0.0014526026246452302,
  "status": 0
}