{
  "compound_id": "DB00315",
  "compound_name": "Zolmitriptan",
  "compound_percentile": 0.992647058823529,
  "disease_id": "DOID:10763",
  "disease_name": "hypertension",
  "disease_percentile": 0.547464239271782,
  "metapath_contribution": {
    "CbGaD": 0.24491407247092437,
    "CbGbCtD": 0.4114153929506206,
    "CbGeAlD": 0.021260026128464362,
    "CbGpPWpGaD": 0.10923594094504084,
    "CcSEcCtD": 0.20956623994177487,
    "CrCbGaD": 0.003608327563175014
  },
  "n_trials": 0.0,
  "prediction": 0.004403895373442999,
  "status": 0
}