{
  "compound_id": "DB08911",
  "compound_name": "Trametinib",
  "compound_percentile": 0.49264705882352894,
  "disease_id": "DOID:12306",
  "disease_name": "vitiligo",
  "disease_percentile": 0.9551365409622892,
  "metapath_contribution": {
    "CbGbCtD": 0.24519423941654026,
    "CbGeAlD": 0.00860287900282457,
    "CbGpPWpGaD": 0.715184707405598,
    "CcSEcCtD": 0.03101817417503718
  },
  "n_trials": 0.0,
  "prediction": 0.00263817243209695,
  "status": 0
}