{
  "compound_id": "DB00261",
  "compound_name": "Anagrelide",
  "compound_percentile": 0.8308823529411771,
  "disease_id": "DOID:418",
  "disease_name": "systemic scleroderma",
  "disease_percentile": 0.8368010403120941,
  "metapath_contribution": {
    "CbGbCtD": 0.3958883095048783,
    "CcSEcCtD": 0.6041116904951217
  },
  "n_trials": 0.0,
  "prediction": 0.0028215379061636,
  "status": 0,
  "training_prediction": 0.00671210433466445
}