{
  "compound_id": "DB01195",
  "compound_name": "Flecainide",
  "compound_percentile": 0.9558823529411771,
  "disease_id": "DOID:10763",
  "disease_name": "hypertension",
  "disease_percentile": 0.48374512353706106,
  "metapath_contribution": {
    "CbGbCtD": 0.5887860651809743,
    "CbGeAlD": 0.03803155899246791,
    "CbGpPWpGaD": 0.05632980059787086,
    "CcSEcCtD": 0.309180472412044,
    "CrCbGaD": 0.007672102816642937
  },
  "n_trials": 0.0,
  "prediction": 0.0037468458567526397,
  "status": 0
}