{
  "compound_id": "DB00421",
  "compound_name": "Spironolactone",
  "compound_percentile": 0.654411764705882,
  "disease_id": "DOID:263",
  "disease_name": "kidney cancer",
  "disease_percentile": 0.415474642392718,
  "metapath_contribution": {
    "CbGaD": 0.2033722549904222,
    "CbGbCtD": 0.5170203496843344,
    "CbGeAlD": 0.06092615800777266,
    "CbGpPWpGaD": 0.07289468214827435,
    "CcSEcCtD": 0.1431835484973141,
    "CrCbGaD": 0.0026030066718822015
  },
  "n_trials": 0.0,
  "prediction": 0.0015507284957805199,
  "status": 0,
  "training_prediction": 0.00751001409992842
}