{
  "compound_id": "DB06155",
  "compound_name": "Rimonabant",
  "compound_percentile": 0.7058823529411771,
  "disease_id": "DOID:784",
  "disease_name": "chronic kidney failure",
  "disease_percentile": 0.908322496749025,
  "metapath_contribution": {
    "CbGaD": 0.7185628417353169,
    "CbGeAlD": 0.06301487433791214,
    "CbGpPWpGaD": 0.21842228392677082
  },
  "n_trials": 0.0,
  "prediction": 0.00329133129909888,
  "status": 0
}