{
  "compound_id": "DB00751",
  "compound_name": "Epinastine",
  "compound_percentile": 0.5514705882352939,
  "disease_id": "DOID:1319",
  "disease_name": "brain cancer",
  "disease_percentile": 0.267230169050715,
  "metapath_contribution": {
    "CbGbCtD": 0.6968884955890767,
    "CbGeAlD": 0.24212114585931313,
    "CbGpPWpGaD": 0.05354218630779604,
    "CrCbGaD": 0.007448172243814188
  },
  "n_trials": 0.0,
  "prediction": 0.00112724674765101,
  "status": 0
}