{
  "compound_id": "DB00651",
  "compound_name": "Dyphylline",
  "compound_percentile": 0.5514705882352939,
  "disease_id": "DOID:4989",
  "disease_name": "pancreatitis",
  "disease_percentile": 0.408322496749025,
  "metapath_contribution": {
    "CbGpPWpGaD": 0.6223700735091947,
    "CcSEcCtD": 0.37762992649080523
  },
  "n_trials": 0.0,
  "prediction": 0.00131125205903349,
  "status": 0,
  "training_prediction": 0.0009670222645475349
}