{
  "compound_id": "DB00745",
  "compound_name": "Modafinil",
  "compound_percentile": 0.7352941176470591,
  "disease_id": "DOID:8577",
  "disease_name": "ulcerative colitis",
  "disease_percentile": 0.167750325097529,
  "metapath_contribution": {
    "CbGbCtD": 0.7090386499902533,
    "CcSEcCtD": 0.2820890908964041,
    "CrCbGaD": 0.008872259113342554
  },
  "n_trials": 0.0,
  "prediction": 0.00121896757595805,
  "status": 0
}