{
  "compound_id": "DB01165",
  "compound_name": "Ofloxacin",
  "compound_percentile": 0.9191176470588229,
  "disease_id": "DOID:8577",
  "disease_name": "ulcerative colitis",
  "disease_percentile": 0.600130039011703,
  "metapath_contribution": {
    "CbGaD": 0.5561628255009621,
    "CbGbCtD": 0.2573478336500728,
    "CbGdCrCtD": 0.0012916287860937473,
    "CbGeAlD": 0.010202466865448189,
    "CbGpPWpGaD": 0.028484420758010692,
    "CcSEcCtD": 0.14309982214956166,
    "CrCbGaD": 0.0034110022898507664
  },
  "n_trials": 0.0,
  "prediction": 0.00239602942191735,
  "status": 0
}