{
  "compound_id": "DB01037",
  "compound_name": "Selegiline",
  "compound_percentile": 0.580882352941177,
  "disease_id": "DOID:9008",
  "disease_name": "psoriatic arthritis",
  "disease_percentile": 0.49024707412223706,
  "metapath_contribution": {
    "CbGbCtD": 0.7176133434181827,
    "CcSEcCtD": 0.28190918156413697,
    "CrCbGaD": 0.0004774750176802306
  },
  "n_trials": 0.0,
  "prediction": 0.00170172757527954,
  "status": 0
}