{
  "compound_id": "DB00450",
  "compound_name": "Droperidol",
  "compound_percentile": 0.838235294117647,
  "disease_id": "DOID:1686",
  "disease_name": "glaucoma",
  "disease_percentile": 0.510403120936281,
  "metapath_contribution": {
    "CbGbCtD": 0.7775019583629,
    "CcSEcCtD": 0.22246201736170382,
    "CrCbGaD": 3.6024275396091246e-05
  },
  "n_trials": 0.0,
  "prediction": 0.0019140097710251898,
  "status": 0
}