{
  "compound_id": "DB00987",
  "compound_name": "Cytarabine",
  "compound_percentile": 0.801470588235294,
  "disease_id": "DOID:2998",
  "disease_name": "testicular cancer",
  "disease_percentile": 0.14369310793238002,
  "metapath_contribution": {
    "CbGbCtD": 0.734947684038413,
    "CbGdCrCtD": 0.0034439579954666177,
    "CbGeAlD": 0.15068263342552196,
    "CbGpPWpGaD": 0.11092572454059835
  },
  "n_trials": 0.0,
  "prediction": 0.00101192862346539,
  "status": 0,
  "training_prediction": 0.00432158224454538
}