{
  "compound_id": "DB01656",
  "compound_name": "Roflumilast",
  "compound_percentile": 0.897058823529412,
  "disease_id": "DOID:635",
  "disease_name": "acquired immunodeficiency syndrome",
  "disease_percentile": 0.550065019505852,
  "metapath_contribution": {
    "CbGeAlD": 0.05964971169492327,
    "CcSEcCtD": 0.9403502883050767
  },
  "n_trials": 0.0,
  "prediction": 0.00261644857229957,
  "status": 0,
  "training_prediction": 0.00804009028604637
}