{
  "compound_id": "DB00367",
  "compound_name": "Levonorgestrel",
  "compound_percentile": 0.301470588235294,
  "disease_id": "DOID:3312",
  "disease_name": "bipolar disorder",
  "disease_percentile": 0.0474642392717815,
  "metapath_contribution": {
    "CbGeAlD": 0.36112181447300135,
    "CbGpPWpGaD": 0.591892630829218,
    "CrCbGaD": 0.046985554697780686
  },
  "n_trials": 0.0,
  "prediction": 0.0007609316970662361,
  "status": 0
}