{
  "compound_id": "DB00933",
  "compound_name": "Mesoridazine",
  "compound_percentile": 0.5220588235294121,
  "disease_id": "DOID:12930",
  "disease_name": "dilated cardiomyopathy",
  "disease_percentile": 0.0136540962288687,
  "metapath_contribution": {
    "CbGeAlD": 0.5504455357707215,
    "CbGpPWpGaD": 0.40258553108178907,
    "CrCbGaD": 0.046968933147489414
  },
  "n_trials": 0.0,
  "prediction": 0.000736682676115811,
  "status": 0
}