{
  "compound_id": "DB00503",
  "compound_name": "Ritonavir",
  "compound_percentile": 0.669117647058823,
  "disease_id": "DOID:184",
  "disease_name": "bone cancer",
  "disease_percentile": 0.661898569570871,
  "metapath_contribution": {
    "CbGaD": 0.274800223644582,
    "CbGbCtD": 0.5217555727314274,
    "CbGpPWpGaD": 0.06134669747204209,
    "CcSEcCtD": 0.1396465878766135,
    "CrCbGaD": 0.002450918275335059
  },
  "n_trials": 0.0,
  "prediction": 0.0019283089941058399,
  "status": 0,
  "training_prediction": 0.00275106775932988
}