{
  "compound_id": "DB01092",
  "compound_name": "Ouabain",
  "compound_percentile": 0.507352941176471,
  "disease_id": "DOID:784",
  "disease_name": "chronic kidney failure",
  "disease_percentile": 0.208062418725618,
  "metapath_contribution": {
    "CbGaD": 0.6762856319123598,
    "CbGeAlD": 0.11160771637152718,
    "CbGpPWpGaD": 0.20704761471892397,
    "CrCbGaD": 0.005059036997189025
  },
  "n_trials": 0.0,
  "prediction": 0.00102236155870179,
  "status": 0
}