{
  "compound_id": "DB01058",
  "compound_name": "Praziquantel",
  "compound_percentile": 0.691176470588235,
  "disease_id": "DOID:184",
  "disease_name": "bone cancer",
  "disease_percentile": 0.871261378413524,
  "metapath_contribution": {
    "CbGaD": 0.8769890752992515,
    "CbGpPWpGaD": 0.07316099685464826,
    "CcSEcCtD": 0.04105813974622165,
    "CrCbGaD": 0.008791788099878675
  },
  "n_trials": 0.0,
  "prediction": 0.00287668489928234,
  "status": 0
}