{
  "compound_id": "DB01044",
  "compound_name": "Gatifloxacin",
  "compound_percentile": 0.808823529411765,
  "disease_id": "DOID:2531",
  "disease_name": "hematologic cancer",
  "disease_percentile": 0.36866059817945396,
  "metapath_contribution": {
    "CbGaD": 0.41284760058582065,
    "CbGbCtD": 0.20217295094064588,
    "CbGpPWpGaD": 0.008270830238292358,
    "CcSEcCtD": 0.3698238565523031,
    "CrCbGaD": 0.006884761682937983
  },
  "n_trials": 0.0,
  "prediction": 0.00178812933216053,
  "status": 0
}