{
  "compound_id": "DB01065",
  "compound_name": "Melatonin",
  "compound_percentile": 0.7647058823529409,
  "disease_id": "DOID:12849",
  "disease_name": "autistic disorder",
  "disease_percentile": 0.9024707412223671,
  "metapath_contribution": {
    "CbGaD": 0.739676283189749,
    "CbGeAlD": 0.10259303075185927,
    "CbGpPWpGaD": 0.15165230573535715,
    "CrCbGaD": 0.006078380323034587
  },
  "n_trials": 4.0,
  "prediction": 0.00294337645197485,
  "status": 0
}