{
  "compound_id": "DB00909",
  "compound_name": "Zonisamide",
  "compound_percentile": 0.20588235294117604,
  "disease_id": "DOID:2394",
  "disease_name": "ovarian cancer",
  "disease_percentile": 0.5156046814044211,
  "metapath_contribution": {
    "CbGeAlD": 0.2909181603237847,
    "CbGpPWpGaD": 0.20671135703041255,
    "CcSEcCtD": 0.5023704826458026
  },
  "n_trials": 0.0,
  "prediction": 0.00150649560788031,
  "status": 0,
  "training_prediction": 0.00359030320859499
}