{
  "compound_id": "DB01280",
  "compound_name": "Nelarabine",
  "compound_percentile": 0.977941176470588,
  "disease_id": "DOID:635",
  "disease_name": "acquired immunodeficiency syndrome",
  "disease_percentile": 0.951885565669701,
  "metapath_contribution": {
    "CbGbCtD": 0.12985401395637933,
    "CbGeAlD": 0.027349530885291774,
    "CcSEcCtD": 0.08249803516524472,
    "CrCbGaD": 0.0014917002414731114,
    "CrCrCtD": 0.23381673034915793,
    "CrCtD": 0.5249899894024531
  },
  "n_trials": 0.0,
  "prediction": 0.0124498183534914,
  "status": 0,
  "training_prediction": 0.0374908687531661
}