{
  "compound_id": "DB01053",
  "compound_name": "Benzylpenicillin",
  "compound_percentile": 0.9558823529411771,
  "disease_id": "DOID:12365",
  "disease_name": "malaria",
  "disease_percentile": 0.579973992197659,
  "metapath_contribution": {
    "CbGbCtD": 0.7576833574931898,
    "CbGeAlD": 0.05292781491799158,
    "CcSEcCtD": 0.18938882758881853
  },
  "n_trials": 0.0,
  "prediction": 0.00227706982089143,
  "status": 0
}