{
  "compound_id": "DB06695",
  "compound_name": "Dabigatran etexilate",
  "compound_percentile": 0.647058823529412,
  "disease_id": "DOID:3083",
  "disease_name": "chronic obstructive pulmonary disease",
  "disease_percentile": 0.6892067620286091,
  "metapath_contribution": {
    "CbGeAlD": 0.1289212701671748,
    "CbGpPWpGaD": 0.3114140159744975,
    "CcSEcCtD": 0.5596647138583276
  },
  "n_trials": 0.0,
  "prediction": 0.00294366467460538,
  "status": 0
}