{
  "compound_id": "DB00549",
  "compound_name": "Zafirlukast",
  "compound_percentile": 0.8602941176470591,
  "disease_id": "DOID:10652",
  "disease_name": "Alzheimer's disease",
  "disease_percentile": 0.784135240572172,
  "metapath_contribution": {
    "CbGaD": 0.4294905967466805,
    "CbGbCtD": 0.3753878485659209,
    "CbGpPWpGaD": 0.06634056151729374,
    "CcSEcCtD": 0.12618658951721742,
    "CrCbGaD": 0.0025944036528874445
  },
  "n_trials": 0.0,
  "prediction": 0.00308408956734429,
  "status": 0,
  "training_prediction": 0.0037421731826631204
}