{
  "compound_id": "DB00959",
  "compound_name": "Methylprednisolone",
  "compound_percentile": 0.213235294117647,
  "disease_id": "DOID:4045",
  "disease_name": "muscle cancer",
  "disease_percentile": 0.00715214564369311,
  "metapath_contribution": {
    "CbGbCtD": 0.6524333317948031,
    "CcSEcCtD": 0.3475666682051969
  },
  "n_trials": 1.0,
  "prediction": 0.000445516184327241,
  "status": 0,
  "training_prediction": 0.00449750599199407
}