{
  "compound_id": "DB00920",
  "compound_name": "Ketotifen",
  "compound_percentile": 0.0220588235294118,
  "disease_id": "DOID:3571",
  "disease_name": "liver cancer",
  "disease_percentile": 0.0897269180754226,
  "metapath_contribution": {
    "CbGpPWpGaD": 0.7244748469909971,
    "CcSEcCtD": 0.275525153009003
  },
  "n_trials": 0.0,
  "prediction": 0.000730183627346668,
  "status": 0,
  "training_prediction": 0.000720297073464252
}