{
  "compound_id": "DB08909",
  "compound_name": "Glycerol Phenylbutyrate",
  "compound_percentile": 0.7647058823529409,
  "disease_id": "DOID:2841",
  "disease_name": "asthma",
  "disease_percentile": 0.35435630689206804,
  "metapath_contribution": {
    "CbGeAlD": 0.23492946661786873,
    "CbGpPWpGaD": 0.04164199595021932,
    "CcSEcCtD": 0.7234285374319118
  },
  "n_trials": 0.0,
  "prediction": 0.00195427542543994,
  "status": 0
}