{
  "compound_id": "DB01099",
  "compound_name": "Flucytosine",
  "compound_percentile": 0.963235294117647,
  "disease_id": "DOID:418",
  "disease_name": "systemic scleroderma",
  "disease_percentile": 0.9388816644993501,
  "metapath_contribution": {
    "CbGdCrCtD": 0.0028333091414335064,
    "CbGeAlD": 0.0004626360786482603,
    "CcSEcCtD": 0.09486386810752606,
    "CiPCiCtD": 0.9018401866723922
  },
  "n_trials": 0.0,
  "prediction": 0.00517431440078717,
  "status": 0
}