{
  "compound_id": "DB00245",
  "compound_name": "Benzatropine",
  "compound_percentile": 0.720588235294118,
  "disease_id": "DOID:2377",
  "disease_name": "multiple sclerosis",
  "disease_percentile": 0.106631989596879,
  "metapath_contribution": {
    "CbGbCtD": 0.7564410881763489,
    "CbGpPWpGaD": 0.13247416638957152,
    "CcSEcCtD": 0.11089527957463599,
    "CrCbGaD": 0.00018946585944356096
  },
  "n_trials": 0.0,
  "prediction": 0.00103246373526384,
  "status": 0
}