{
  "compound_id": "DB00449",
  "compound_name": "Dipivefrin",
  "compound_percentile": 0.852941176470588,
  "disease_id": "DOID:263",
  "disease_name": "kidney cancer",
  "disease_percentile": 0.7399219765929781,
  "metapath_contribution": {
    "CbGaD": 0.9589911568750289,
    "CbGpPWpGaD": 0.030458377136259682,
    "CcSEcCtD": 0.006295413141545357,
    "CrCbGaD": 0.004255052847166045
  },
  "n_trials": 0.0,
  "prediction": 0.0026602825304033197,
  "status": 0,
  "training_prediction": 0.00772587552658837
}