{
  "compound_id": "DB00995",
  "compound_name": "Auranofin",
  "compound_percentile": 0.683823529411765,
  "disease_id": "DOID:219",
  "disease_name": "colon cancer",
  "disease_percentile": 0.9070221066319899,
  "metapath_contribution": {
    "CbGbCtD": 0.49778456197796417,
    "CbGeAlD": 0.17892981583218773,
    "CbGpPWpGaD": 0.16141892305569494,
    "CcSEcCtD": 0.1618666991341531
  },
  "n_trials": 0.0,
  "prediction": 0.003271550846251,
  "status": 0,
  "training_prediction": 0.0077561599191693295
}