{
  "compound_id": "DB00169",
  "compound_name": "Cholecalciferol",
  "compound_percentile": 0.926470588235294,
  "disease_id": "DOID:9008",
  "disease_name": "psoriatic arthritis",
  "disease_percentile": 0.9070221066319899,
  "metapath_contribution": {
    "CbGbCtD": 0.22056190100315373,
    "CbGdCrCtD": 0.0008127273408346143,
    "CbGeAlD": 0.009535186776771095,
    "CtDrD": 0.7690901848792405
  },
  "n_trials": 0.0,
  "prediction": 0.0031729655888758103,
  "status": 0,
  "training_prediction": 0.014409445111004998
}