{
  "compound_id": "DB01250",
  "compound_name": "Olsalazine",
  "compound_percentile": 0.875,
  "disease_id": "DOID:13241",
  "disease_name": "Behcet's disease",
  "disease_percentile": 0.9843953185955792,
  "metapath_contribution": {
    "CbGeAlD": 0.051570842254562536,
    "CbGpPWpGaD": 0.06611478629559546,
    "CtDrD": 0.882314371449842
  },
  "n_trials": 0.0,
  "prediction": 0.0031392389279965103,
  "status": 0
}