{
  "compound_id": "DB00736",
  "compound_name": "Esomeprazole",
  "compound_percentile": 0.720588235294118,
  "disease_id": "DOID:1686",
  "disease_name": "glaucoma",
  "disease_percentile": 0.435630689206762,
  "metapath_contribution": {
    "CbGbCtD": 0.4886647804308016,
    "CcSEcCtD": 0.5046102697043188,
    "CrCbGaD": 0.006724949864879759
  },
  "n_trials": 0.0,
  "prediction": 0.00173482031445872,
  "status": 0,
  "training_prediction": 0.00734510741134806
}