{
  "compound_id": "DB00673",
  "compound_name": "Aprepitant",
  "compound_percentile": 0.992647058823529,
  "disease_id": "DOID:1826",
  "disease_name": "epilepsy syndrome",
  "disease_percentile": 0.9174252275682699,
  "metapath_contribution": {
    "CbGaD": 0.07808463031235369,
    "CbGbCtD": 0.23949047246222513,
    "CbGeAlD": 0.019398911255138682,
    "CbGpPWpGaD": 0.044718795811540424,
    "CcSEcCtD": 0.08470372989386905,
    "CiPCiCtD": 0.5336034602648729
  },
  "n_trials": 0.0,
  "prediction": 0.0205550350027801,
  "status": 0
}