{
  "compound_id": "DB00195",
  "compound_name": "Betaxolol",
  "compound_percentile": 0.786764705882353,
  "disease_id": "DOID:4481",
  "disease_name": "allergic rhinitis",
  "disease_percentile": 0.27568270481144297,
  "metapath_contribution": {
    "CbGbCtD": 0.5367354341998068,
    "CcSEcCtD": 0.4632645658001932
  },
  "n_trials": 0.0,
  "prediction": 0.00175512761245623,
  "status": 0,
  "training_prediction": 0.00947963609457345
}