{
  "compound_id": "DB01623",
  "compound_name": "Thiothixene",
  "compound_percentile": 0.007352941176470591,
  "disease_id": "DOID:2986",
  "disease_name": "IgA glomerulonephritis",
  "disease_percentile": 0.23602080624187302,
  "metapath_contribution": {
    "CbGaD": 0.6586825006381543,
    "CbGeAlD": 0.033135833139536795,
    "CbGpPWpGaD": 0.30818166622230897
  },
  "n_trials": 0.0,
  "prediction": 0.0006562637089081919,
  "status": 0
}