{
  "compound_id": "DB00651",
  "compound_name": "Dyphylline",
  "compound_percentile": 0.786764705882353,
  "disease_id": "DOID:1595",
  "disease_name": "endogenous depression",
  "disease_percentile": 0.464239271781534,
  "metapath_contribution": {
    "CbGeAlD": 0.5268513695077206,
    "CbGpPWpGaD": 0.46433662215259525,
    "CrCbGaD": 0.00881200833968412
  },
  "n_trials": 0.0,
  "prediction": 0.00144605142764117,
  "status": 0
}