{
  "compound_id": "DB00890",
  "compound_name": "Dienestrol",
  "compound_percentile": 0.852941176470588,
  "disease_id": "DOID:10763",
  "disease_name": "hypertension",
  "disease_percentile": 0.256827048114434,
  "metapath_contribution": {
    "CbGpPWpGaD": 0.13145020357135767,
    "CrCbGaD": 0.008537211630014004,
    "CrCrCtD": 0.8600125847986283
  },
  "n_trials": 0.0,
  "prediction": 0.0021413039897634303,
  "status": 0
}