{
  "compound_id": "DB01611",
  "compound_name": "Hydroxychloroquine",
  "compound_percentile": 0.147058823529412,
  "disease_id": "DOID:219",
  "disease_name": "colon cancer",
  "disease_percentile": 0.19635890767230202,
  "metapath_contribution": {
    "CbGpPWpGaD": 0.07092423913940046,
    "CcSEcCtD": 0.9169231693463658,
    "CrCbGaD": 0.012152591514233738
  },
  "n_trials": 0.0,
  "prediction": 0.000963493352416426,
  "status": 0
}