{
  "compound_id": "DB04840",
  "compound_name": "Debrisoquin",
  "compound_percentile": 0.9558823529411771,
  "disease_id": "DOID:9970",
  "disease_name": "obesity",
  "disease_percentile": 0.7711313394018209,
  "metapath_contribution": {
    "CbGbCtD": 0.9104277743595619,
    "CbGeAlD": 0.016860762945384505,
    "CbGpPWpGaD": 0.07271146269505359
  },
  "n_trials": 0.0,
  "prediction": 0.004838682658382079,
  "status": 0
}