{
  "compound_id": "DB00590",
  "compound_name": "Doxazosin",
  "compound_percentile": 0.448529411764706,
  "disease_id": "DOID:3571",
  "disease_name": "liver cancer",
  "disease_percentile": 0.550715214564369,
  "metapath_contribution": {
    "CbGbCtD": 0.29230603663611626,
    "CbGpPWpGaD": 0.11534660417811406,
    "CcSEcCtD": 0.5905866667373604,
    "CrCbGaD": 0.0017606924484093321
  },
  "n_trials": 0.0,
  "prediction": 0.00150976930846452,
  "status": 0,
  "training_prediction": 0.00148934303802302
}