{
  "compound_id": "DB01577",
  "compound_name": "Methamphetamine",
  "compound_percentile": 0.852941176470588,
  "disease_id": "DOID:2841",
  "disease_name": "asthma",
  "disease_percentile": 0.31664499349804903,
  "metapath_contribution": {
    "CbGbCtD": 0.29071902389520154,
    "CbGeAlD": 0.035359195601562796,
    "CbGpPWpGaD": 0.10726119223038501,
    "CcSEcCtD": 0.13026668617395065,
    "CrCbGaD": 0.00238194722791571,
    "CrCrCtD": 0.4340119548709843
  },
  "n_trials": 0.0,
  "prediction": 0.0018596117789590398,
  "status": 0,
  "training_prediction": 0.012569999798097
}