{
  "compound_id": "DB01559",
  "compound_name": "Clotiazepam",
  "compound_percentile": 0.992647058823529,
  "disease_id": "DOID:0050741",
  "disease_name": "alcohol dependence",
  "disease_percentile": 0.9219765929778929,
  "metapath_contribution": {
    "CbGaD": 0.5605921244948066,
    "CbGbCtD": 0.30616444470346055,
    "CbGeAlD": 0.03961181206885578,
    "CbGpPWpGaD": 0.08866610894328388,
    "CrCbGaD": 0.00496550978959321
  },
  "n_trials": 0.0,
  "prediction": 0.007347047375069,
  "status": 0
}