{
  "compound_id": "DB08887",
  "compound_name": "Icosapent ethyl",
  "compound_percentile": 0.742647058823529,
  "disease_id": "DOID:7148",
  "disease_name": "rheumatoid arthritis",
  "disease_percentile": 0.39596879063719104,
  "metapath_contribution": {
    "CbGeAlD": 0.17311503310732765,
    "CbGpPWpGaD": 0.06401038161112785,
    "CcSEcCtD": 0.72062951293334,
    "CrCbGaD": 0.042245072348204564
  },
  "n_trials": 0.0,
  "prediction": 0.0015082814390601,
  "status": 0
}