{
  "compound_id": "DB08815",
  "compound_name": "Lurasidone",
  "compound_percentile": 0.816176470588235,
  "disease_id": "DOID:10534",
  "disease_name": "stomach cancer",
  "disease_percentile": 0.910273081924577,
  "metapath_contribution": {
    "CbGaD": 0.6234863798069759,
    "CbGeAlD": 0.09083365758622636,
    "CbGpPWpGaD": 0.08673891649623361,
    "CcSEcCtD": 0.19798925613605,
    "CrCbGaD": 0.0009517899745141899
  },
  "n_trials": 0.0,
  "prediction": 0.0036013653307616204,
  "status": 0
}