{
  "compound_id": "DB00938",
  "compound_name": "Salmeterol",
  "compound_percentile": 0.801470588235294,
  "disease_id": "DOID:9206",
  "disease_name": "Barrett's esophagus",
  "disease_percentile": 0.655396618985696,
  "metapath_contribution": {
    "CbGbCtD": 0.6966093459636372,
    "CcSEcCtD": 0.3033906540363628
  },
  "n_trials": 0.0,
  "prediction": 0.00208493740980605,
  "status": 0,
  "training_prediction": 0.00153791256590337
}