{
  "compound_id": "DB00672",
  "compound_name": "Chlorpropamide",
  "compound_percentile": 0.588235294117647,
  "disease_id": "DOID:4362",
  "disease_name": "cervical cancer",
  "disease_percentile": 0.271131339401821,
  "metapath_contribution": {
    "CbGbCtD": 0.5490784353556266,
    "CbGeAlD": 0.4509215646443733
  },
  "n_trials": 0.0,
  "prediction": 0.00109784285461546,
  "status": 0,
  "training_prediction": 0.000494837561350576
}