{
  "compound_id": "DB00700",
  "compound_name": "Eplerenone",
  "compound_percentile": 0.963235294117647,
  "disease_id": "DOID:4481",
  "disease_name": "allergic rhinitis",
  "disease_percentile": 0.912873862158648,
  "metapath_contribution": {
    "CbGbCtD": 0.27968119581479856,
    "CcSEcCtD": 0.05811981148853498,
    "CrCrCtD": 0.2914001016419088,
    "CrCtD": 0.37079889105475766
  },
  "n_trials": 0.0,
  "prediction": 0.00995186516611046,
  "status": 0,
  "training_prediction": 0.0518763939501109
}