{
  "compound_id": "DB00444",
  "compound_name": "Teniposide",
  "compound_percentile": 0.742647058823529,
  "disease_id": "DOID:12365",
  "disease_name": "malaria",
  "disease_percentile": 0.295838751625488,
  "metapath_contribution": {
    "CbGbCtD": 0.7151494504683464,
    "CbGeAlD": 0.08567846825025867,
    "CbGpPWpGaD": 0.0384195053545712,
    "CcSEcCtD": 0.16075257592682385
  },
  "n_trials": 0.0,
  "prediction": 0.0015664227909638802,
  "status": 0,
  "training_prediction": 0.00907741116961425
}