{
  "compound_id": "DB01128",
  "compound_name": "Bicalutamide",
  "compound_percentile": 0.875,
  "disease_id": "DOID:12365",
  "disease_name": "malaria",
  "disease_percentile": 0.8816644993498051,
  "metapath_contribution": {
    "CbGbCtD": 0.8159272116009513,
    "CbGeAlD": 0.025025824238586212,
    "CcSEcCtD": 0.1590469641604625
  },
  "n_trials": 0.0,
  "prediction": 0.00410814032595076,
  "status": 0,
  "training_prediction": 0.010486252841107999
}