{
  "compound_id": "DB00643",
  "compound_name": "Mebendazole",
  "compound_percentile": 0.963235294117647,
  "disease_id": "DOID:11934",
  "disease_name": "head and neck cancer",
  "disease_percentile": 0.903120936280884,
  "metapath_contribution": {
    "CbGaD": 0.37667436692639755,
    "CbGbCtD": 0.5846554493042992,
    "CbGeAlD": 0.03563266610617858,
    "CrCbGaD": 0.0030375176631246108
  },
  "n_trials": 0.0,
  "prediction": 0.00267911664088045,
  "status": 0
}