{
  "compound_id": "DB00537",
  "compound_name": "Ciprofloxacin",
  "compound_percentile": 0.4779411764705879,
  "disease_id": "DOID:10652",
  "disease_name": "Alzheimer's disease",
  "disease_percentile": 0.212613784135241,
  "metapath_contribution": {
    "CbGbCtD": 0.2988065257109537,
    "CbGpPWpGaD": 0.04329291663724594,
    "CcSEcCtD": 0.6579005576518004
  },
  "n_trials": 0.0,
  "prediction": 0.0010788270633009301,
  "status": 0
}