{
  "compound_id": "DB05246",
  "compound_name": "Methsuximide",
  "compound_percentile": 0.0367647058823529,
  "disease_id": "DOID:3070",
  "disease_name": "malignant glioma",
  "disease_percentile": 0.17295188556567,
  "metapath_contribution": {
    "CbGeAlD": 0.08188389089186299,
    "CbGpPWpGaD": 0.6961026480180589,
    "CcSEcCtD": 0.1272899051236456,
    "CrCbGaD": 0.09472355596643256
  },
  "n_trials": 0.0,
  "prediction": 0.000854635749557065,
  "status": 0
}