{
  "compound_id": "DB01280",
  "compound_name": "Nelarabine",
  "compound_percentile": 0.125,
  "disease_id": "DOID:3070",
  "disease_name": "malignant glioma",
  "disease_percentile": 0.0214564369310793,
  "metapath_contribution": {
    "CbGeAlD": 0.18448391778346124,
    "CbGpPWpGaD": 0.24449237591353756,
    "CcSEcCtD": 0.553191747952436,
    "CrCbGaD": 0.017831958350565155
  },
  "n_trials": 0.0,
  "prediction": 0.000515291733123415,
  "status": 0,
  "training_prediction": 0.000379937890761191
}