{
  "compound_id": "DB01189",
  "compound_name": "Desflurane",
  "compound_percentile": 0.639705882352941,
  "disease_id": "DOID:10534",
  "disease_name": "stomach cancer",
  "disease_percentile": 0.654096228868661,
  "metapath_contribution": {
    "CbGaD": 0.3022530611927252,
    "CbGeAlD": 0.09593414250991408,
    "CbGpPWpGaD": 0.21945832843307392,
    "CcSEcCtD": 0.380157177447423,
    "CrCbGaD": 0.0021972904168638782
  },
  "n_trials": 0.0,
  "prediction": 0.00194632414242764,
  "status": 0
}