{
  "category": "DM",
  "compound_id": "DB00571",
  "compound_name": "Propranolol",
  "compound_percentile": 0.963235294117647,
  "disease_id": "DOID:6364",
  "disease_name": "migraine",
  "disease_percentile": 0.887516254876463,
  "metapath_contribution": {
    "CbGaD": 0.2768862297695785,
    "CbGbCtD": 0.289013138975271,
    "CbGeAlD": 0.020661570177330408,
    "CbGpPWpGaD": 0.04165482571562445,
    "CcSEcCtD": 0.06986759863561844,
    "CrCbGaD": 0.002372017595816021,
    "CrCrCtD": 0.2995446191307611
  },
  "prediction": 0.00892330449090819,
  "status": 1,
  "training_prediction": 0.0267350313355683
}