{
  "compound_id": "DB08873",
  "compound_name": "Boceprevir",
  "compound_percentile": 0.11764705882352902,
  "disease_id": "DOID:11612",
  "disease_name": "polycystic ovary syndrome",
  "disease_percentile": 0.557867360208062,
  "metapath_contribution": {
    "CbGeAlD": 0.4454014767493824,
    "CbGpPWpGaD": 0.4033450609742132,
    "CcSEcCtD": 0.15125346227640443
  },
  "n_trials": 0.0,
  "prediction": 0.0015288259791640699,
  "status": 0
}