{
  "compound_id": "DB00448",
  "compound_name": "Lansoprazole",
  "compound_percentile": 0.875,
  "disease_id": "DOID:9352",
  "disease_name": "type 2 diabetes mellitus",
  "disease_percentile": 0.695058517555267,
  "metapath_contribution": {
    "CbGaD": 0.23254164015771092,
    "CbGbCtD": 0.4820121878329081,
    "CbGeAlD": 0.016305050784338856,
    "CbGpPWpGaD": 0.09182409666140134,
    "CcSEcCtD": 0.17394554490625017,
    "CrCbGaD": 0.0033714796573905853
  },
  "n_trials": 0.0,
  "prediction": 0.0037830977408196,
  "status": 0
}