{
  "compound_id": "DB00860",
  "compound_name": "Prednisolone",
  "compound_percentile": 0.625,
  "disease_id": "DOID:10976",
  "disease_name": "membranous glomerulonephritis",
  "disease_percentile": 0.10533159947984401,
  "metapath_contribution": {
    "CbGeAlD": 0.017104737873890927,
    "CrCbGaD": 0.0033427170465440826,
    "CtDrD": 0.979552545079565
  },
  "n_trials": 4.0,
  "prediction": 0.000785279316402846,
  "status": 0
}