{
  "compound_id": "DB00204",
  "compound_name": "Dofetilide",
  "compound_percentile": 0.566176470588235,
  "disease_id": "DOID:363",
  "disease_name": "uterine cancer",
  "disease_percentile": 0.47854356306892104,
  "metapath_contribution": {
    "CbGbCtD": 0.31933187974500993,
    "CbGpPWpGaD": 0.006818694106408596,
    "CcSEcCtD": 0.6738494261485816
  },
  "n_trials": 0.0,
  "prediction": 0.00162613077985237,
  "status": 0
}