{
  "compound_id": "DB00975",
  "compound_name": "Dipyridamole",
  "compound_percentile": 0.625,
  "disease_id": "DOID:11714",
  "disease_name": "gestational diabetes",
  "disease_percentile": 0.8003901170351109,
  "metapath_contribution": {
    "CbGeAlD": 0.7243199456131888,
    "CbGpPWpGaD": 0.2304297690665879,
    "CcSEcCtD": 0.0452502853202232
  },
  "n_trials": 0.0,
  "prediction": 0.00231840970818704,
  "status": 0
}