{
  "compound_id": "DB00904",
  "compound_name": "Ondansetron",
  "compound_percentile": 0.933823529411765,
  "disease_id": "DOID:12365",
  "disease_name": "malaria",
  "disease_percentile": 0.9206762028608578,
  "metapath_contribution": {
    "CbGbCtD": 0.7841459749598895,
    "CbGeAlD": 0.05098835497696935,
    "CcSEcCtD": 0.1648656700631411
  },
  "n_trials": 0.0,
  "prediction": 0.00466334811742815,
  "status": 0
}