{
  "compound_id": "DB01039",
  "compound_name": "Fenofibrate",
  "compound_percentile": 0.713235294117647,
  "disease_id": "DOID:1324",
  "disease_name": "lung cancer",
  "disease_percentile": 0.535760728218466,
  "metapath_contribution": {
    "CbGbCtD": 0.534617485084137,
    "CbGpPWpGaD": 0.1256095327347754,
    "CcSEcCtD": 0.33026190141987455,
    "CrCbGaD": 0.009511080761213073
  },
  "n_trials": 0.0,
  "prediction": 0.00195474683732652,
  "status": 0,
  "training_prediction": 0.00667356737394401
}