{
  "compound_id": "DB00731",
  "compound_name": "Nateglinide",
  "compound_percentile": 0.7647058823529409,
  "disease_id": "DOID:12365",
  "disease_name": "malaria",
  "disease_percentile": 0.413524057217165,
  "metapath_contribution": {
    "CbGbCtD": 0.7797221060968035,
    "CbGeAlD": 0.07494681929954701,
    "CbGpPWpGaD": 0.0241976652316907,
    "CcSEcCtD": 0.12113340937195881
  },
  "n_trials": 0.0,
  "prediction": 0.00187055108655039,
  "status": 0,
  "training_prediction": 0.00479139782354579
}