{
  "category": "DM",
  "compound_id": "DB00530",
  "compound_name": "Erlotinib",
  "compound_percentile": 0.9558823529411771,
  "disease_id": "DOID:1793",
  "disease_name": "pancreatic cancer",
  "disease_percentile": 0.9746423927178149,
  "metapath_contribution": {
    "CbGaD": 0.150952368643737,
    "CbGbCtD": 0.3636707715769846,
    "CbGdCrCtD": 0.0014698983408007289,
    "CbGeAlD": 0.007644529926042215,
    "CbGpPWpGaD": 0.051736052583825264,
    "CcSEcCtD": 0.07276418883653371,
    "CrCbGaD": 0.002090631121317567,
    "CtDrD": 0.34967155897075897
  },
  "prediction": 0.0111441597021075,
  "status": 1,
  "training_prediction": 0.057645607136815005
}