{
  "compound_id": "DB00663",
  "compound_name": "Flumethasone Pivalate",
  "compound_percentile": 0.904411764705882,
  "disease_id": "DOID:418",
  "disease_name": "systemic scleroderma",
  "disease_percentile": 0.94408322496749,
  "metapath_contribution": {
    "CbGbCtD": 0.20329970269725273,
    "CrCrCtD": 0.3450747608501167,
    "CrCtD": 0.45162553645263054
  },
  "n_trials": 0.0,
  "prediction": 0.00572295328383801,
  "status": 0
}