{
  "compound_id": "DB00834",
  "compound_name": "Mifepristone",
  "compound_percentile": 0.691176470588235,
  "disease_id": "DOID:1793",
  "disease_name": "pancreatic cancer",
  "disease_percentile": 0.8920676202860859,
  "metapath_contribution": {
    "CbGbCtD": 0.7904232376822212,
    "CbGpPWpGaD": 0.04828447876073013,
    "CcSEcCtD": 0.16129228355704864
  },
  "n_trials": 0.0,
  "prediction": 0.00380099492426092,
  "status": 0
}