{
  "compound_id": "DB01062",
  "compound_name": "Oxybutynin",
  "compound_percentile": 0.639705882352941,
  "disease_id": "DOID:12236",
  "disease_name": "primary biliary cirrhosis",
  "disease_percentile": 0.486345903771131,
  "metapath_contribution": {
    "CbGbCtD": 0.5071396534102106,
    "CbGpPWpGaD": 0.008337836415204556,
    "CcSEcCtD": 0.48452251017458475
  },
  "n_trials": 0.0,
  "prediction": 0.00157449188987622,
  "status": 0
}