{
  "compound_id": "DB00211",
  "compound_name": "Midodrine",
  "compound_percentile": 0.963235294117647,
  "disease_id": "DOID:10652",
  "disease_name": "Alzheimer's disease",
  "disease_percentile": 0.8068920676202859,
  "metapath_contribution": {
    "CbGaD": 0.441766441825959,
    "CbGbCtD": 0.3511098225198692,
    "CbGeAlD": 0.004026458688420546,
    "CbGpPWpGaD": 0.021824606973846597,
    "CcSEcCtD": 0.1742903643915058,
    "CrCbGaD": 0.006982305600398981
  },
  "n_trials": 0.0,
  "prediction": 0.0033629764476506303,
  "status": 0
}