{
  "compound_id": "DB00149",
  "compound_name": "L-Leucine",
  "compound_percentile": 0.25,
  "disease_id": "DOID:10763",
  "disease_name": "hypertension",
  "disease_percentile": 0.0611183355006502,
  "metapath_contribution": {
    "CbGeAlD": 0.5599856659915902,
    "CbGpPWpGaD": 0.4018616769100988,
    "CrCbGaD": 0.038152657098311143
  },
  "n_trials": 0.0,
  "prediction": 0.00109357034653621,
  "status": 0
}