{
  "compound_id": "DB01033",
  "compound_name": "Mercaptopurine",
  "compound_percentile": 0.411764705882353,
  "disease_id": "DOID:3277",
  "disease_name": "thymus cancer",
  "disease_percentile": 0.7392717815344599,
  "metapath_contribution": {
    "CbGeAlD": 0.5427796598257403,
    "CcSEcCtD": 0.4572203401742598
  },
  "n_trials": 0.0,
  "prediction": 0.0018139118157699397,
  "status": 0,
  "training_prediction": 0.00185705533249998
}