{
  "compound_id": "DB01024",
  "compound_name": "Mycophenolic acid",
  "compound_percentile": 0.007352941176470591,
  "disease_id": "DOID:2986",
  "disease_name": "IgA glomerulonephritis",
  "disease_percentile": 0.4148244473342,
  "metapath_contribution": {
    "CbGeAlD": 0.2701576934171444,
    "CbGpPWpGaD": 0.7280975068909283,
    "CrCbGaD": 0.001744799691927149
  },
  "n_trials": 9.0,
  "prediction": 0.000844116089535281,
  "status": 0
}