{
  "compound_id": "DB04938",
  "compound_name": "Ospemifene",
  "compound_percentile": 0.779411764705882,
  "disease_id": "DOID:1319",
  "disease_name": "brain cancer",
  "disease_percentile": 0.299089726918075,
  "metapath_contribution": {
    "CbGaD": 0.8494269312358476,
    "CbGbCtD": 0.1151327715708555,
    "CbGpPWpGaD": 0.0316539136974563,
    "CrCbGaD": 0.0037863834958407417
  },
  "n_trials": 0.0,
  "prediction": 0.0011796160383823599,
  "status": 0
}