{
  "compound_id": "DB00390",
  "compound_name": "Digoxin",
  "compound_percentile": 0.617647058823529,
  "disease_id": "DOID:11054",
  "disease_name": "urinary bladder cancer",
  "disease_percentile": 0.234720416124837,
  "metapath_contribution": {
    "CbGbCtD": 0.6353546969845665,
    "CbGdCrCtD": 0.00839638749637713,
    "CbGeAlD": 0.15108498344672075,
    "CbGpPWpGaD": 0.0781127415542045,
    "CcSEcCtD": 0.12705119051813113
  },
  "n_trials": 0.0,
  "prediction": 0.0010322835823747,
  "status": 0
}