{
  "compound_id": "DB06212",
  "compound_name": "Tolvaptan",
  "compound_percentile": 0.5735294117647061,
  "disease_id": "DOID:1319",
  "disease_name": "brain cancer",
  "disease_percentile": 0.720416124837451,
  "metapath_contribution": {
    "CbGbCtD": 0.6611273055122666,
    "CbGpPWpGaD": 0.008877230897987856,
    "CcSEcCtD": 0.2875708077581259,
    "CrCbGaD": 0.042424655831619626
  },
  "n_trials": 0.0,
  "prediction": 0.00213874936645918,
  "status": 0
}