{
  "compound_id": "DB00187",
  "compound_name": "Esmolol",
  "compound_percentile": 0.40441176470588197,
  "disease_id": "DOID:4159",
  "disease_name": "skin cancer",
  "disease_percentile": 0.13979193758127403,
  "metapath_contribution": {
    "CcSEcCtD": 0.9996714153890411,
    "CrCbGaD": 0.0003285846109589198
  },
  "n_trials": 0.0,
  "prediction": 0.0010177751208775901,
  "status": 0,
  "training_prediction": 0.0022441711982478397
}