{
  "compound_id": "DB00323",
  "compound_name": "Tolcapone",
  "compound_percentile": 0.897058823529412,
  "disease_id": "DOID:635",
  "disease_name": "acquired immunodeficiency syndrome",
  "disease_percentile": 0.542262678803641,
  "metapath_contribution": {
    "CbGbCtD": 0.6638728352804357,
    "CbGeAlD": 0.01902704216681803,
    "CcSEcCtD": 0.3171001225527462
  },
  "n_trials": 0.0,
  "prediction": 0.00258601267086387,
  "status": 0
}