{
  "compound_id": "DB05109",
  "compound_name": "Trabectedin",
  "compound_percentile": 0.933823529411765,
  "disease_id": "DOID:0060073",
  "disease_name": "lymphatic system cancer",
  "disease_percentile": 0.9811443433029909,
  "metapath_contribution": {
    "CbGbCtD": 0.08753728578005655,
    "CcSEcCtD": 0.05962282306115433,
    "CiPCiCtD": 0.8528398911587891
  },
  "n_trials": 0.0,
  "prediction": 0.012998058799586999,
  "status": 0
}