{
  "compound_id": "DB00982",
  "compound_name": "Isotretinoin",
  "compound_percentile": 0.125,
  "disease_id": "DOID:11612",
  "disease_name": "polycystic ovary syndrome",
  "disease_percentile": 0.0201560468140442,
  "metapath_contribution": {
    "CbGeAlD": 0.22723752180874268,
    "CbGpPWpGaD": 0.5376938937781867,
    "CcSEcCtD": 0.2153513363957401,
    "CrCbGaD": 0.019717248017330494
  },
  "n_trials": 0.0,
  "prediction": 0.0005505364017532679,
  "status": 0,
  "training_prediction": 0.00024807205189644104
}