{
  "compound_id": "DB01260",
  "compound_name": "Desonide",
  "compound_percentile": 0.183823529411765,
  "disease_id": "DOID:11054",
  "disease_name": "urinary bladder cancer",
  "disease_percentile": 0.0039011703511053295,
  "metapath_contribution": {
    "CbGeAlD": 0.08069507386231493,
    "CbGpPWpGaD": 0.023348796425761834,
    "CcSEcCtD": 0.8959561297119232
  },
  "n_trials": 0.0,
  "prediction": 0.000375343716671937,
  "status": 0,
  "training_prediction": 0.000963693361857751
}