{
  "compound_id": "DB00320",
  "compound_name": "Dihydroergotamine",
  "compound_percentile": 0.933823529411765,
  "disease_id": "DOID:8577",
  "disease_name": "ulcerative colitis",
  "disease_percentile": 0.841352405721717,
  "metapath_contribution": {
    "CbGaD": 0.1953016005014185,
    "CbGbCtD": 0.18054830052439502,
    "CbGpPWpGaD": 0.02145386809267392,
    "CcSEcCtD": 0.10646616814034832,
    "CpDpCtD": 0.49602581439007737,
    "CrCbGaD": 0.00020424835108670647
  },
  "n_trials": 0.0,
  "prediction": 0.00420870042614516,
  "status": 0
}