{
  "compound_id": "DB08906",
  "compound_name": "Fluticasone furoate",
  "compound_percentile": 0.0514705882352941,
  "disease_id": "DOID:4989",
  "disease_name": "pancreatitis",
  "disease_percentile": 0.0364109232769831,
  "metapath_contribution": {
    "CcSEcCtD": 0.8645844971639799,
    "CrCbGaD": 0.13541550283602008
  },
  "n_trials": 0.0,
  "prediction": 0.000639776542663999,
  "status": 0,
  "training_prediction": 0.000471739186209899
}