{
  "compound_id": "DB00243",
  "compound_name": "Ranolazine",
  "compound_percentile": 0.0441176470588235,
  "disease_id": "DOID:5041",
  "disease_name": "esophageal cancer",
  "disease_percentile": 0.0357607282184655,
  "metapath_contribution": {
    "CbGpPWpGaD": 0.2286546968059702,
    "CcSEcCtD": 0.7109662268541331,
    "CrCbGaD": 0.06037907633989666
  },
  "n_trials": 0.0,
  "prediction": 0.0005977436844061879,
  "status": 0
}