{
  "compound_id": "DB01203",
  "compound_name": "Nadolol",
  "compound_percentile": 1.0,
  "disease_id": "DOID:2841",
  "disease_name": "asthma",
  "disease_percentile": 0.9551365409622892,
  "metapath_contribution": {
    "CbGaD": 0.1043753614141842,
    "CbGbCtD": 0.24871243328181164,
    "CbGpPWpGaD": 0.01927653199855044,
    "CcSEcCtD": 0.04949858466856254,
    "CrCbGaD": 0.0010815317614929628,
    "CrCrCtD": 0.2231967559762479,
    "CrCtD": 0.3538588008991502
  },
  "n_trials": 1.0,
  "prediction": 0.0342518343321916,
  "status": 0,
  "training_prediction": 0.195064890074081
}