{
  "compound_id": "DB00477",
  "compound_name": "Chlorpromazine",
  "compound_percentile": 0.5220588235294121,
  "disease_id": "DOID:8893",
  "disease_name": "psoriasis",
  "disease_percentile": 0.0331599479843953,
  "metapath_contribution": {
    "CbGbCtD": 0.7023330720272772,
    "CbGpPWpGaD": 0.11329646741784852,
    "CcSEcCtD": 0.18437046055487422
  },
  "n_trials": 0.0,
  "prediction": 0.0008069965526753821,
  "status": 0
}