{
  "compound_id": "DB01165",
  "compound_name": "Ofloxacin",
  "compound_percentile": 0.647058823529412,
  "disease_id": "DOID:1686",
  "disease_name": "glaucoma",
  "disease_percentile": 0.320546163849155,
  "metapath_contribution": {
    "CbGbCtD": 0.5591884190706985,
    "CbGdCrCtD": 0.0029508942347327514,
    "CbGpPWpGaD": 0.02356805693076197,
    "CcSEcCtD": 0.4142926297638069
  },
  "n_trials": 0.0,
  "prediction": 0.00146200270565794,
  "status": 0
}