{
  "compound_id": "DB00588",
  "compound_name": "Fluticasone Propionate",
  "compound_percentile": 0.323529411764706,
  "disease_id": "DOID:3571",
  "disease_name": "liver cancer",
  "disease_percentile": 0.0396618985695709,
  "metapath_contribution": {
    "CbGbCtD": 0.7738611447379831,
    "CbGpPWpGaD": 0.12620071822384363,
    "CcSEcCtD": 0.09993813703817332
  },
  "n_trials": 0.0,
  "prediction": 0.000589042740802803,
  "status": 0,
  "training_prediction": 0.000581066097684257
}