{
  "compound_id": "DB06684",
  "compound_name": "Vilazodone",
  "compound_percentile": 0.904411764705882,
  "disease_id": "DOID:635",
  "disease_name": "acquired immunodeficiency syndrome",
  "disease_percentile": 0.7399219765929781,
  "metapath_contribution": {
    "CbGbCtD": 0.7243566327764822,
    "CbGeAlD": 0.026669239487205072,
    "CcSEcCtD": 0.2489741277363128
  },
  "n_trials": 0.0,
  "prediction": 0.00364700115555843,
  "status": 0
}