{
  "compound_id": "DB00389",
  "compound_name": "Carbimazole",
  "compound_percentile": 0.948529411764706,
  "disease_id": "DOID:14227",
  "disease_name": "azoospermia",
  "disease_percentile": 0.980494148244473,
  "metapath_contribution": {
    "CbGbCtD": 0.8870534136289497,
    "CbGeAlD": 0.08919862647687263,
    "CcSEcCtD": 0.023747959894177623
  },
  "n_trials": 0.0,
  "prediction": 0.0047549519476275,
  "status": 0
}