{
  "compound_id": "DB00143",
  "compound_name": "Glutathione",
  "compound_percentile": 0.566176470588235,
  "disease_id": "DOID:1115",
  "disease_name": "sarcoma",
  "disease_percentile": 0.802340702210663,
  "metapath_contribution": {
    "CbGbCtD": 0.7253354842753541,
    "CbGdCrCtD": 0.004756516264635757,
    "CbGeAlD": 0.2081403190581865,
    "CbGpPWpGaD": 0.06176768040182368
  },
  "n_trials": 0.0,
  "prediction": 0.0022655770576706,
  "status": 0
}