{
  "compound_id": "DB01294",
  "compound_name": "Bismuth Subsalicylate",
  "compound_percentile": 0.786764705882353,
  "disease_id": "DOID:10534",
  "disease_name": "stomach cancer",
  "disease_percentile": 0.9252275682704809,
  "metapath_contribution": {
    "CbGaD": 0.5661486449649427,
    "CbGbCtD": 0.1007629617404498,
    "CbGeAlD": 0.09181329141197526,
    "CbGpPWpGaD": 0.10486909592333181,
    "CcSEcCtD": 0.1364060059593005
  },
  "n_trials": 0.0,
  "prediction": 0.0039625820200707,
  "status": 0
}