{
  "compound_id": "DB00273",
  "compound_name": "Topiramate",
  "compound_percentile": 0.772058823529412,
  "disease_id": "DOID:1612",
  "disease_name": "breast cancer",
  "disease_percentile": 0.617685305591678,
  "metapath_contribution": {
    "CbGaD": 0.38328951462115407,
    "CbGbCtD": 0.18917879000156443,
    "CbGeAlD": 0.04111692031648732,
    "CbGpPWpGaD": 0.11460631873870888,
    "CcSEcCtD": 0.27180845632208517
  },
  "n_trials": 0.0,
  "prediction": 0.00302201575244912,
  "status": 0,
  "training_prediction": 0.036885487880226
}