{
  "compound_id": "DB00687",
  "compound_name": "Fludrocortisone",
  "compound_percentile": 0.360294117647059,
  "disease_id": "DOID:2994",
  "disease_name": "germ cell cancer",
  "disease_percentile": 0.029258777633290003,
  "metapath_contribution": {
    "CbGeAlD": 0.2817576977089313,
    "CbGpPWpGaD": 0.41364727612388924,
    "CcSEcCtD": 0.29196390014031287,
    "CrCbGaD": 0.012631126026866744
  },
  "n_trials": 0.0,
  "prediction": 0.000672524677461511,
  "status": 0
}