{
  "compound_id": "DB01088",
  "compound_name": "Iloprost",
  "compound_percentile": 0.948529411764706,
  "disease_id": "DOID:9352",
  "disease_name": "type 2 diabetes mellitus",
  "disease_percentile": 0.539661898569571,
  "metapath_contribution": {
    "CbGaD": 0.5662855175765451,
    "CbGbCtD": 0.2503535386566102,
    "CbGeAlD": 0.0468169847258093,
    "CbGpPWpGaD": 0.13622364702187517,
    "CrCbGaD": 0.00032031201916008455
  },
  "n_trials": 0.0,
  "prediction": 0.0026559646816113,
  "status": 0
}