{
  "compound_id": "DB01577",
  "compound_name": "Methamphetamine",
  "compound_percentile": 0.727941176470588,
  "disease_id": "DOID:2394",
  "disease_name": "ovarian cancer",
  "disease_percentile": 0.366710013003901,
  "metapath_contribution": {
    "CbGbCtD": 0.4816699800148047,
    "CbGeAlD": 0.08873797808369391,
    "CbGpPWpGaD": 0.06703812501638769,
    "CcSEcCtD": 0.006350466977739562,
    "CrCbGaD": 0.0011696020796952452,
    "CrCrCtD": 0.3550338478276789
  },
  "n_trials": 0.0,
  "prediction": 0.00122127944480043,
  "status": 0,
  "training_prediction": 0.00291172216995856
}