{
  "compound_id": "DB01157",
  "compound_name": "Trimetrexate",
  "compound_percentile": 0.926470588235294,
  "disease_id": "DOID:2994",
  "disease_name": "germ cell cancer",
  "disease_percentile": 0.9148244473342,
  "metapath_contribution": {
    "CbGbCtD": 0.8677528644971513,
    "CbGeAlD": 0.054666789748438235,
    "CcSEcCtD": 0.07758034575441054
  },
  "n_trials": 0.0,
  "prediction": 0.00319343677624959,
  "status": 0
}