{
  "compound_id": "DB08800",
  "compound_name": "Chloropyramine",
  "compound_percentile": 0.580882352941177,
  "disease_id": "DOID:1595",
  "disease_name": "endogenous depression",
  "disease_percentile": 0.171651495448635,
  "metapath_contribution": {
    "CbGeAlD": 0.47250997061342415,
    "CbGpPWpGaD": 0.44267966885730414,
    "CrCbGaD": 0.08481036052927172
  },
  "n_trials": 0.0,
  "prediction": 0.0010314849450283401,
  "status": 0
}