{
  "compound_id": "DB00279",
  "compound_name": "Liothyronine",
  "compound_percentile": 0.632352941176471,
  "disease_id": "DOID:363",
  "disease_name": "uterine cancer",
  "disease_percentile": 0.46098829648894707,
  "metapath_contribution": {
    "CbGbCtD": 0.7806525764422285,
    "CbGeAlD": 0.11953408629971755,
    "CbGpPWpGaD": 0.08579989521243274,
    "CcSEcCtD": 0.014013442045621194
  },
  "n_trials": 0.0,
  "prediction": 0.0015870396187881099,
  "status": 0,
  "training_prediction": 0.0028992059843299897
}