{
  "compound_id": "DB08918",
  "compound_name": "Levomilnacipran",
  "compound_percentile": 0.661764705882353,
  "disease_id": "DOID:11054",
  "disease_name": "urinary bladder cancer",
  "disease_percentile": 0.6410923276983089,
  "metapath_contribution": {
    "CbGbCtD": 0.5321268620417112,
    "CbGeAlD": 0.02915643201748687,
    "CbGpPWpGaD": 0.16936869343134192,
    "CcSEcCtD": 0.26934801250946
  },
  "n_trials": 0.0,
  "prediction": 0.0019517941817430602,
  "status": 0
}