{
  "compound_id": "DB04953",
  "compound_name": "Ezogabine",
  "compound_percentile": 0.838235294117647,
  "disease_id": "DOID:10763",
  "disease_name": "hypertension",
  "disease_percentile": 0.42912873862158596,
  "metapath_contribution": {
    "CbGbCtD": 0.5199241571944458,
    "CbGeAlD": 0.03617022351566184,
    "CbGpPWpGaD": 0.17237750821450518,
    "CcSEcCtD": 0.2667640097265178,
    "CrCbGaD": 0.004764101348869284
  },
  "n_trials": 0.0,
  "prediction": 0.00325379324963095,
  "status": 0
}