{
  "compound_id": "DB06803",
  "compound_name": "Niclosamide",
  "compound_percentile": 0.970588235294118,
  "disease_id": "DOID:9970",
  "disease_name": "obesity",
  "disease_percentile": 0.725617685305592,
  "metapath_contribution": {
    "CbGaD": 0.5275865402216084,
    "CbGbCtD": 0.2912084900358918,
    "CbGeAlD": 0.050633629171582976,
    "CbGpPWpGaD": 0.12726216560652104,
    "CrCbGaD": 0.003309174964395785
  },
  "n_trials": 0.0,
  "prediction": 0.00407824764753145,
  "status": 0
}