{
  "compound_id": "DB00213",
  "compound_name": "Pantoprazole",
  "compound_percentile": 0.742647058823529,
  "disease_id": "DOID:418",
  "disease_name": "systemic scleroderma",
  "disease_percentile": 0.849154746423927,
  "metapath_contribution": {
    "CbGbCtD": 0.651489124722996,
    "CbGeAlD": 0.018445181945099406,
    "CcSEcCtD": 0.33006569333190466
  },
  "n_trials": 0.0,
  "prediction": 0.0029273338386596897,
  "status": 0
}