{
  "compound_id": "DB00537",
  "compound_name": "Ciprofloxacin",
  "compound_percentile": 0.683823529411765,
  "disease_id": "DOID:1793",
  "disease_name": "pancreatic cancer",
  "disease_percentile": 0.298439531859558,
  "metapath_contribution": {
    "CbGbCtD": 0.7384461200380307,
    "CbGdCrCtD": 0.004623694628793283,
    "CcSEcCtD": 0.256930185333176
  },
  "n_trials": 0.0,
  "prediction": 0.00130788778492466,
  "status": 0
}