{
  "compound_id": "DB00490",
  "compound_name": "Buspirone",
  "compound_percentile": 0.426470588235294,
  "disease_id": "DOID:585",
  "disease_name": "nephrolithiasis",
  "disease_percentile": 0.874512353706112,
  "metapath_contribution": {
    "CbGeAlD": 0.08055374795975945,
    "CbGpPWpGaD": 0.12807660888189343,
    "CcSEcCtD": 0.7913696431583471
  },
  "n_trials": 0.0,
  "prediction": 0.00237277610345768,
  "status": 0
}