{
  "compound_id": "DB00521",
  "compound_name": "Carteolol",
  "compound_percentile": 0.43382352941176505,
  "disease_id": "DOID:1324",
  "disease_name": "lung cancer",
  "disease_percentile": 0.26853055916775,
  "metapath_contribution": {
    "CbGbCtD": 0.40953118146171696,
    "CbGpPWpGaD": 0.0724971808549933,
    "CcSEcCtD": 0.5174670714299485,
    "CrCbGaD": 0.0005045662533411339
  },
  "n_trials": 0.0,
  "prediction": 0.00118302243892169,
  "status": 0,
  "training_prediction": 0.00404642905870213
}