{
  "compound_id": "DB01656",
  "compound_name": "Roflumilast",
  "compound_percentile": 0.941176470588235,
  "disease_id": "DOID:10283",
  "disease_name": "prostate cancer",
  "disease_percentile": 0.7490247074122242,
  "metapath_contribution": {
    "CbGaD": 0.677821496303018,
    "CbGeAlD": 0.013105888127583348,
    "CbGpPWpGaD": 0.09387227916214769,
    "CcSEcCtD": 0.2152003364072509
  },
  "n_trials": 0.0,
  "prediction": 0.00407547706278919,
  "status": 0,
  "training_prediction": 0.0171254272139967
}