{
  "compound_id": "DB00925",
  "compound_name": "Phenoxybenzamine",
  "compound_percentile": 0.970588235294118,
  "disease_id": "DOID:4481",
  "disease_name": "allergic rhinitis",
  "disease_percentile": 0.8881664499349811,
  "metapath_contribution": {
    "CbGbCtD": 0.12978426562770426,
    "CbGeAlD": 0.0121499685339532,
    "CbGpPWpGaD": 0.0062197259370319925,
    "CcSEcCtD": 0.021365290507030715,
    "CrCrCtD": 0.38127254774921493,
    "CrCtD": 0.4492082016450649
  },
  "n_trials": 0.0,
  "prediction": 0.0073241451303924,
  "status": 0
}