{
  "compound_id": "DB06702",
  "compound_name": "Fesoterodine",
  "compound_percentile": 0.808823529411765,
  "disease_id": "DOID:9744",
  "disease_name": "type 1 diabetes mellitus",
  "disease_percentile": 0.933680104031209,
  "metapath_contribution": {
    "CbGaD": 0.9072014998453507,
    "CbGpPWpGaD": 0.08532545199220762,
    "CcSEcCtD": 0.0026210955597815383,
    "CrCbGaD": 0.004851952602660153
  },
  "n_trials": 0.0,
  "prediction": 0.0028922791607479898,
  "status": 0
}