{
  "compound_id": "DB01055",
  "compound_name": "Mimosine",
  "compound_percentile": 0.8308823529411771,
  "disease_id": "DOID:2986",
  "disease_name": "IgA glomerulonephritis",
  "disease_percentile": 0.9837451235370609,
  "metapath_contribution": {
    "CbGaD": 0.7688709793502656,
    "CbGeAlD": 0.0802405355621635,
    "CbGpPWpGaD": 0.14745224129859616,
    "CrCbGaD": 0.0034362437889746637
  },
  "n_trials": 0.0,
  "prediction": 0.0032813876627959104,
  "status": 0
}