{
  "compound_id": "DB00787",
  "compound_name": "Aciclovir",
  "compound_percentile": 0.977941176470588,
  "disease_id": "DOID:8577",
  "disease_name": "ulcerative colitis",
  "disease_percentile": 0.870611183355007,
  "metapath_contribution": {
    "CbGbCtD": 0.10582280550348823,
    "CbGeAlD": 0.054701019323025436,
    "CbGpPWpGaD": 0.0389601019184537,
    "CcSEcCtD": 0.09477186364513081,
    "CiPCiCtD": 0.7057442096099019
  },
  "n_trials": 0.0,
  "prediction": 0.0048852595703158105,
  "status": 0
}