{
  "compound_id": "DB00554",
  "compound_name": "Piroxicam",
  "compound_percentile": 0.992647058823529,
  "disease_id": "DOID:13378",
  "disease_name": "Kawasaki disease",
  "disease_percentile": 0.991547464239272,
  "metapath_contribution": {
    "CbGbCtD": 0.18811459459387966,
    "CiPCiCtD": 0.5289675727724796,
    "CpDpCtD": 0.28291783263364073
  },
  "n_trials": 0.0,
  "prediction": 0.0222753109203743,
  "status": 0
}