{
  "compound_id": "DB01200",
  "compound_name": "Bromocriptine",
  "compound_percentile": 0.6985294117647061,
  "disease_id": "DOID:8893",
  "disease_name": "psoriasis",
  "disease_percentile": 0.423927178153446,
  "metapath_contribution": {
    "CbGbCtD": 0.5131802084372088,
    "CbGpPWpGaD": 0.049303254588664386,
    "CcSEcCtD": 0.43751653697412685
  },
  "n_trials": 0.0,
  "prediction": 0.00168098697850033,
  "status": 0,
  "training_prediction": 0.0071184222692501
}