{
  "compound_id": "DB00843",
  "compound_name": "Donepezil",
  "compound_percentile": 0.852941176470588,
  "disease_id": "DOID:12365",
  "disease_name": "malaria",
  "disease_percentile": 0.803641092327698,
  "metapath_contribution": {
    "CbGbCtD": 0.7524145509518034,
    "CbGeAlD": 0.04396623097060445,
    "CcSEcCtD": 0.20361921807759217
  },
  "n_trials": 0.0,
  "prediction": 0.0033720185011896,
  "status": 0,
  "training_prediction": 0.00861715053016241
}