{
  "compound_id": "DB00328",
  "compound_name": "Indomethacin",
  "compound_percentile": 0.6985294117647061,
  "disease_id": "DOID:263",
  "disease_name": "kidney cancer",
  "disease_percentile": 0.788036410923277,
  "metapath_contribution": {
    "CbGaD": 0.251081021492338,
    "CbGbCtD": 0.47828131230065196,
    "CbGdCrCtD": 0.002032035553086541,
    "CbGeAlD": 0.054306097274178365,
    "CbGpPWpGaD": 0.07643255131920557,
    "CcSEcCtD": 0.1356116528627769,
    "CrCbGaD": 0.0022553291977627445
  },
  "n_trials": 0.0,
  "prediction": 0.0029869006295045603,
  "status": 0,
  "training_prediction": 0.008669019525094641
}