{
  "compound_id": "DB00318",
  "compound_name": "Codeine",
  "compound_percentile": 0.9852941176470591,
  "disease_id": "DOID:3393",
  "disease_name": "coronary artery disease",
  "disease_percentile": 0.905071521456437,
  "metapath_contribution": {
    "CbGaD": 0.2062065623172462,
    "CbGbCtD": 0.3374057621553818,
    "CbGeAlD": 0.011839575446978258,
    "CbGpPWpGaD": 0.055844697181849326,
    "CcSEcCtD": 0.095463027266133,
    "CpDpCtD": 0.29128229099142705,
    "CrCbGaD": 0.0019580846409842398
  },
  "n_trials": 0.0,
  "prediction": 0.0080251370628309,
  "status": 0
}