{
  "compound_id": "DB00149",
  "compound_name": "L-Leucine",
  "compound_percentile": 0.47058823529411803,
  "disease_id": "DOID:11476",
  "disease_name": "osteoporosis",
  "disease_percentile": 0.160598179453836,
  "metapath_contribution": {
    "CbGeAlD": 0.6903655706881164,
    "CbGpPWpGaD": 0.3073445745920137,
    "CrCbGaD": 0.0022898547198699024
  },
  "n_trials": 0.0,
  "prediction": 0.00114804020387769,
  "status": 0
}