{
  "compound_id": "DB01226",
  "compound_name": "Mivacurium",
  "compound_percentile": 0.926470588235294,
  "disease_id": "DOID:2377",
  "disease_name": "multiple sclerosis",
  "disease_percentile": 0.7951885565669699,
  "metapath_contribution": {
    "CbGaD": 0.8360515318953732,
    "CbGbCtD": 0.06925109306246509,
    "CcSEcCtD": 0.09116710143978707,
    "CrCbGaD": 0.003530273602374658
  },
  "n_trials": 0.0,
  "prediction": 0.00285850580614873,
  "status": 0
}