{
  "compound_id": "DB00199",
  "compound_name": "Erythromycin",
  "compound_percentile": 0.639705882352941,
  "disease_id": "DOID:4045",
  "disease_name": "muscle cancer",
  "disease_percentile": 0.53446033810143,
  "metapath_contribution": {
    "CbGbCtD": 0.9585221289856838,
    "CbGeAlD": 0.0020093622167606227,
    "CcSEcCtD": 0.03946850879755552
  },
  "n_trials": 0.0,
  "prediction": 0.00151225517869965,
  "status": 0
}