{
  "compound_id": "DB00844",
  "compound_name": "Nalbuphine",
  "compound_percentile": 0.6985294117647061,
  "disease_id": "DOID:1936",
  "disease_name": "atherosclerosis",
  "disease_percentile": 0.21976592977893397,
  "metapath_contribution": {
    "CbGpPWpGaD": 0.31076872292006685,
    "CcSEcCtD": 0.6705257869390016,
    "CrCbGaD": 0.01870549014093161
  },
  "n_trials": 0.0,
  "prediction": 0.00119145879813449,
  "status": 0
}