{
  "compound_id": "DB06813",
  "compound_name": "Pralatrexate",
  "compound_percentile": 0.7941176470588229,
  "disease_id": "DOID:263",
  "disease_name": "kidney cancer",
  "disease_percentile": 0.633289986996099,
  "metapath_contribution": {
    "CbGbCtD": 0.6919169915726803,
    "CbGdCrCtD": 0.006379491408408646,
    "CbGeAlD": 0.029807203735152978,
    "CbGpPWpGaD": 0.08793833003279099,
    "CcSEcCtD": 0.1839579832509672
  },
  "n_trials": 0.0,
  "prediction": 0.00221465503001395,
  "status": 0
}