{
  "compound_id": "DB01435",
  "compound_name": "Antipyrine",
  "compound_percentile": 0.897058823529412,
  "disease_id": "DOID:0050741",
  "disease_name": "alcohol dependence",
  "disease_percentile": 0.82704811443433,
  "metapath_contribution": {
    "CbGaD": 0.3948379590640657,
    "CbGbCtD": 0.453384674066606,
    "CbGeAlD": 0.034658175211835174,
    "CbGpPWpGaD": 0.11574604734690054,
    "CrCbGaD": 0.001373144310592576
  },
  "n_trials": 0.0,
  "prediction": 0.004451038317499001,
  "status": 0
}