{
  "compound_id": "DB00270",
  "compound_name": "Isradipine",
  "compound_percentile": 0.838235294117647,
  "disease_id": "DOID:0050742",
  "disease_name": "nicotine dependence",
  "disease_percentile": 0.321196358907672,
  "metapath_contribution": {
    "CbGeAlD": 0.16859574020678217,
    "CbGpPWpGaD": 0.3011998836742352,
    "CcSEcCtD": 0.5302043761189825
  },
  "n_trials": 0.0,
  "prediction": 0.00133077836329776,
  "status": 0,
  "training_prediction": 0.000599906875159706
}