{
  "compound_id": "DB00892",
  "compound_name": "Oxybuprocaine",
  "compound_percentile": 0.3970588235294121,
  "disease_id": "DOID:5419",
  "disease_name": "schizophrenia",
  "disease_percentile": 0.327698309492848,
  "metapath_contribution": {
    "CbGeAlD": 0.38541904536137805,
    "CbGpPWpGaD": 0.557822873318756,
    "CrCbGaD": 0.05675808131986592
  },
  "n_trials": 0.0,
  "prediction": 0.00122293601651797,
  "status": 0
}