{
  "compound_id": "DB00797",
  "compound_name": "Tolazoline",
  "compound_percentile": 0.316176470588235,
  "disease_id": "DOID:2355",
  "disease_name": "anemia",
  "disease_percentile": 0.41222366710013003,
  "metapath_contribution": {
    "CbGeAlD": 0.5177373723835667,
    "CbGpPWpGaD": 0.4371876722881577,
    "CrCbGaD": 0.045074955328275684
  },
  "n_trials": 0.0,
  "prediction": 0.00108237320106616,
  "status": 0
}