{
  "compound_id": "DB00640",
  "compound_name": "Adenosine",
  "compound_percentile": 0.941176470588235,
  "disease_id": "DOID:2841",
  "disease_name": "asthma",
  "disease_percentile": 0.414174252275683,
  "metapath_contribution": {
    "CbGbCtD": 0.6973953204489829,
    "CbGeAlD": 0.04177531052437133,
    "CbGpPWpGaD": 0.08798607516866785,
    "CcSEcCtD": 0.16900764282875597,
    "CrCbGaD": 0.0038356510292218956
  },
  "n_trials": 0.0,
  "prediction": 0.00216888386421557,
  "status": 0
}