{
  "compound_id": "DB01120",
  "compound_name": "Gliclazide",
  "compound_percentile": 0.720588235294118,
  "disease_id": "DOID:3571",
  "disease_name": "liver cancer",
  "disease_percentile": 0.801690507152146,
  "metapath_contribution": {
    "CbGaD": 0.7547200182487029,
    "CbGpPWpGaD": 0.12080012598191642,
    "CcSEcCtD": 0.12340264511597968,
    "CrCbGaD": 0.00107721065340092
  },
  "n_trials": 0.0,
  "prediction": 0.00219838622806498,
  "status": 0,
  "training_prediction": 0.00216866362004697
}