{
  "compound_id": "DB00590",
  "compound_name": "Doxazosin",
  "compound_percentile": 0.904411764705882,
  "disease_id": "DOID:12365",
  "disease_name": "malaria",
  "disease_percentile": 0.771781534460338,
  "metapath_contribution": {
    "CbGbCtD": 0.7726029511587185,
    "CbGeAlD": 0.04740273629735307,
    "CcSEcCtD": 0.17999431254392848
  },
  "n_trials": 0.0,
  "prediction": 0.00314898546587826,
  "status": 0,
  "training_prediction": 0.008049994629893259
}