{
  "compound_id": "DB00301",
  "compound_name": "Flucloxacillin",
  "compound_percentile": 0.9191176470588229,
  "disease_id": "DOID:10763",
  "disease_name": "hypertension",
  "disease_percentile": 0.157997399219766,
  "metapath_contribution": {
    "CbGbCtD": 0.6041603014604905,
    "CbGpPWpGaD": 0.012543285155569893,
    "CcSEcCtD": 0.3832964133839397
  },
  "n_trials": 0.0,
  "prediction": 0.00161769262078674,
  "status": 0
}