{
  "compound_id": "DB00091",
  "compound_name": "Cyclosporine",
  "compound_percentile": 0.632352941176471,
  "disease_id": "DOID:2043",
  "disease_name": "hepatitis B",
  "disease_percentile": 0.937581274382315,
  "metapath_contribution": {
    "CbGbCtD": 0.5430193105887113,
    "CbGeAlD": 0.12778229467746677,
    "CbGpPWpGaD": 0.12340968783750565,
    "CcSEcCtD": 0.20578870689631626
  },
  "n_trials": 1.0,
  "prediction": 0.00354479005185135,
  "status": 0,
  "training_prediction": 0.0121395251248709
}