{
  "compound_id": "DB00622",
  "compound_name": "Nicardipine",
  "compound_percentile": 0.448529411764706,
  "disease_id": "DOID:11934",
  "disease_name": "head and neck cancer",
  "disease_percentile": 0.293888166449935,
  "metapath_contribution": {
    "CbGbCtD": 0.42668682233222643,
    "CbGeAlD": 0.17633541868653202,
    "CbGpPWpGaD": 0.28209044439818326,
    "CcSEcCtD": 0.11264819628761871,
    "CrCbGaD": 0.002239118295439676
  },
  "n_trials": 0.0,
  "prediction": 0.0010839313518305699,
  "status": 0,
  "training_prediction": 0.00131578413498222
}