{
  "compound_id": "DB00530",
  "compound_name": "Erlotinib",
  "compound_percentile": 0.43382352941176505,
  "disease_id": "DOID:418",
  "disease_name": "systemic scleroderma",
  "disease_percentile": 0.7516254876462941,
  "metapath_contribution": {
    "CbGbCtD": 0.6463930042659468,
    "CbGeAlD": 0.050013806599585264,
    "CbGpPWpGaD": 0.06697669821350188,
    "CcSEcCtD": 0.23183260572116166,
    "CrCbGaD": 0.004783885199804303
  },
  "n_trials": 0.0,
  "prediction": 0.00236919569143311,
  "status": 0,
  "training_prediction": 0.0127264188698579
}