{
  "compound_id": "DB00224",
  "compound_name": "Indinavir",
  "compound_percentile": 0.625,
  "disease_id": "DOID:2377",
  "disease_name": "multiple sclerosis",
  "disease_percentile": 0.7262678803641089,
  "metapath_contribution": {
    "CbGbCtD": 0.7567986682413793,
    "CbGpPWpGaD": 0.03626947592492948,
    "CcSEcCtD": 0.20693185583369134
  },
  "n_trials": 0.0,
  "prediction": 0.00251126216344018,
  "status": 0,
  "training_prediction": 0.00642613165144546
}