{
  "compound_id": "DB06772",
  "compound_name": "Cabazitaxel",
  "compound_percentile": 0.23529411764705901,
  "disease_id": "DOID:1312",
  "disease_name": "focal segmental glomerulosclerosis",
  "disease_percentile": 0.161248374512354,
  "metapath_contribution": {
    "CbGbCtD": 0.8265708391318181,
    "CbGeAlD": 0.07652637177012012,
    "CcSEcCtD": 0.09690278909806187
  },
  "n_trials": 0.0,
  "prediction": 0.00092387706741636,
  "status": 0,
  "training_prediction": 0.00041638504577862
}