{
  "compound_id": "DB00921",
  "compound_name": "Buprenorphine",
  "compound_percentile": 0.9852941176470591,
  "disease_id": "DOID:10763",
  "disease_name": "hypertension",
  "disease_percentile": 0.6326397919375811,
  "metapath_contribution": {
    "CbGaD": 0.2547489368554812,
    "CbGbCtD": 0.46319937338063377,
    "CbGeAlD": 0.011120356854739378,
    "CbGpPWpGaD": 0.10030835439479509,
    "CcSEcCtD": 0.17062297851435054
  },
  "n_trials": 0.0,
  "prediction": 0.00538662004854835,
  "status": 0
}