{
  "compound_id": "DB01197",
  "compound_name": "Captopril",
  "compound_percentile": 0.8602941176470591,
  "disease_id": "DOID:7147",
  "disease_name": "ankylosing spondylitis",
  "disease_percentile": 0.952535760728218,
  "metapath_contribution": {
    "CbGbCtD": 0.12754039131003125,
    "CbGdCrCtD": 0.002460170184436009,
    "CbGeAlD": 0.05940466737185716,
    "CbGpPWpGaD": 0.005736002471161805,
    "CcSEcCtD": 0.06031840886105557,
    "CtDrD": 0.7445403598014583
  },
  "n_trials": 0.0,
  "prediction": 0.00620667645292912,
  "status": 0,
  "training_prediction": 0.027885948585351
}