{
  "compound_id": "DB00843",
  "compound_name": "Donepezil",
  "compound_percentile": 0.5514705882352939,
  "disease_id": "DOID:1459",
  "disease_name": "hypothyroidism",
  "disease_percentile": 0.583875162548765,
  "metapath_contribution": {
    "CbGeAlD": 0.2554101608906,
    "CcSEcCtD": 0.7445898391094
  },
  "n_trials": 0.0,
  "prediction": 0.0018133316910978199,
  "status": 0,
  "training_prediction": 0.00220085936962559
}