{
  "compound_id": "DB01045",
  "compound_name": "Rifampicin",
  "compound_percentile": 0.558823529411765,
  "disease_id": "DOID:14221",
  "disease_name": "metabolic syndrome X",
  "disease_percentile": 0.7425227568270479,
  "metapath_contribution": {
    "CbGaD": 0.7854726115270367,
    "CbGeAlD": 0.033826024128905036,
    "CbGpPWpGaD": 0.17318546752304548,
    "CrCbGaD": 0.007515896821012823
  },
  "n_trials": 0.0,
  "prediction": 0.00198001874741798,
  "status": 0,
  "training_prediction": 0.000892899334474974
}