{
  "compound_id": "DB01030",
  "compound_name": "Topotecan",
  "compound_percentile": 0.139705882352941,
  "disease_id": "DOID:9744",
  "disease_name": "type 1 diabetes mellitus",
  "disease_percentile": 0.0487646293888166,
  "metapath_contribution": {
    "CbGpPWpGaD": 0.17507743342340404,
    "CcSEcCtD": 0.7819121805734542,
    "CrCbGaD": 0.04301038600314164
  },
  "n_trials": 0.0,
  "prediction": 0.000678551683462704,
  "status": 0,
  "training_prediction": 0.000868851437332367
}