{
  "compound_id": "DB00650",
  "compound_name": "Leucovorin",
  "compound_percentile": 0.786764705882353,
  "disease_id": "DOID:1936",
  "disease_name": "atherosclerosis",
  "disease_percentile": 0.717165149544863,
  "metapath_contribution": {
    "CbGbCtD": 0.7902834270066879,
    "CbGdCrCtD": 0.005182680915473122,
    "CbGpPWpGaD": 0.09182511311497639,
    "CcSEcCtD": 0.1093438003204787,
    "CrCbGaD": 0.003364978642383951
  },
  "n_trials": 0.0,
  "prediction": 0.00251915302862641,
  "status": 0
}