{
  "compound_id": "DB09002",
  "compound_name": "Cloperastine",
  "compound_percentile": 0.977941176470588,
  "disease_id": "DOID:1612",
  "disease_name": "breast cancer",
  "disease_percentile": 0.609882964889467,
  "metapath_contribution": {
    "CrCbGaD": 0.002570173767328559,
    "CrCrCtD": 0.3606039326952909,
    "CrCtD": 0.6368258935373806
  },
  "n_trials": 0.0,
  "prediction": 0.00297116471951576,
  "status": 0
}