{
  "compound_id": "DB01032",
  "compound_name": "Probenecid",
  "compound_percentile": 0.595588235294118,
  "disease_id": "DOID:4159",
  "disease_name": "skin cancer",
  "disease_percentile": 0.8075422626788041,
  "metapath_contribution": {
    "CbGbCtD": 0.8759291907655041,
    "CbGeAlD": 0.052131491250737225,
    "CcSEcCtD": 0.06749878427722793,
    "CrCbGaD": 0.0044405337065307774
  },
  "n_trials": 0.0,
  "prediction": 0.00259234455701498,
  "status": 0,
  "training_prediction": 0.0057052256392167
}