{
  "compound_id": "DB01397",
  "compound_name": "Magnesium salicylate",
  "compound_percentile": 0.904411764705882,
  "disease_id": "DOID:635",
  "disease_name": "acquired immunodeficiency syndrome",
  "disease_percentile": 0.6573472041612479,
  "metapath_contribution": {
    "CbGaD": 0.567605484557712,
    "CbGbCtD": 0.20703912765419474,
    "CbGeAlD": 0.012738707143840781,
    "CcSEcCtD": 0.20783980626320625,
    "CrCbGaD": 0.004776874381046162
  },
  "n_trials": 0.0,
  "prediction": 0.0031195209650922,
  "status": 0
}