{
  "compound_id": "DB00897",
  "compound_name": "Triazolam",
  "compound_percentile": 0.823529411764706,
  "disease_id": "DOID:9074",
  "disease_name": "systemic lupus erythematosus",
  "disease_percentile": 0.41092327698309494,
  "metapath_contribution": {
    "CbGbCtD": 0.7172513888660049,
    "CbGeAlD": 0.08002361632768344,
    "CcSEcCtD": 0.2016096178403273,
    "CrCbGaD": 0.0011153769659843227
  },
  "n_trials": 0.0,
  "prediction": 0.0016474567721641,
  "status": 0
}