{
  "compound_id": "DB00724",
  "compound_name": "Imiquimod",
  "compound_percentile": 0.610294117647059,
  "disease_id": "DOID:1936",
  "disease_name": "atherosclerosis",
  "disease_percentile": 0.7990897269180749,
  "metapath_contribution": {
    "CbGbCtD": 0.32255765922706303,
    "CbGpPWpGaD": 0.25932570570736035,
    "CcSEcCtD": 0.41811663506557656
  },
  "n_trials": 0.0,
  "prediction": 0.00296103008585296,
  "status": 0,
  "training_prediction": 0.00482527038942038
}