{
  "compound_id": "DB00979",
  "compound_name": "Cyclopentolate",
  "compound_percentile": 0.0294117647058824,
  "disease_id": "DOID:1909",
  "disease_name": "melanoma",
  "disease_percentile": 0.36215864759427796,
  "metapath_contribution": {
    "CbGpPWpGaD": 0.8533061985530018,
    "CcSEcCtD": 0.09292728409735963,
    "CrCbGaD": 0.05376651734963856
  },
  "n_trials": 0.0,
  "prediction": 0.0011674105765168401,
  "status": 0
}