{
  "compound_id": "DB08807",
  "compound_name": "Bopindolol",
  "compound_percentile": 0.838235294117647,
  "disease_id": "DOID:14330",
  "disease_name": "Parkinson's disease",
  "disease_percentile": 0.520806241872562,
  "metapath_contribution": {
    "CbGaD": 0.8196354070785967,
    "CbGeAlD": 0.03162908363221261,
    "CbGpPWpGaD": 0.14361350908785908,
    "CrCbGaD": 0.005122000201331723
  },
  "n_trials": 0.0,
  "prediction": 0.0014378842157460698,
  "status": 0
}