{
  "compound_id": "DB00882",
  "compound_name": "Clomifene",
  "compound_percentile": 0.742647058823529,
  "disease_id": "DOID:1936",
  "disease_name": "atherosclerosis",
  "disease_percentile": 0.6801040312093629,
  "metapath_contribution": {
    "CbGaD": 0.4675202270461978,
    "CbGbCtD": 0.24859283379380828,
    "CbGpPWpGaD": 0.11214186599272301,
    "CcSEcCtD": 0.16854659960314283,
    "CrCbGaD": 0.0031984735641281373
  },
  "n_trials": 0.0,
  "prediction": 0.0023462278071661397,
  "status": 0,
  "training_prediction": 0.00382487853847997
}