{
  "compound_id": "DB00300",
  "compound_name": "Tenofovir",
  "compound_percentile": 0.610294117647059,
  "disease_id": "DOID:8778",
  "disease_name": "Crohn's disease",
  "disease_percentile": 0.6410923276983089,
  "metapath_contribution": {
    "CbGbCtD": 0.7302537250955374,
    "CbGdCrCtD": 0.006825956030281414,
    "CbGeAlD": 0.09549254651253512,
    "CbGpPWpGaD": 0.03654773088633351,
    "CcSEcCtD": 0.12436828145092219,
    "CrCbGaD": 0.006511760024390234
  },
  "n_trials": 0.0,
  "prediction": 0.0019097322620143199,
  "status": 0
}