{
  "category": "NOT",
  "compound_id": "DB01076",
  "compound_name": "Atorvastatin",
  "compound_percentile": 0.9852941176470591,
  "disease_id": "DOID:9352",
  "disease_name": "type 2 diabetes mellitus",
  "disease_percentile": 0.9310793237971391,
  "metapath_contribution": {
    "CbGaD": 0.24027162127829377,
    "CbGbCtD": 0.32704959666529215,
    "CbGeAlD": 0.01430320897654892,
    "CbGpPWpGaD": 0.05099779240724113,
    "CrCbGaD": 0.001787844690772003,
    "CtDrD": 0.36558993598185197
  },
  "prediction": 0.0109069896408326,
  "status": 0,
  "training_prediction": 0.0752671938882574
}