{
  "compound_id": "DB00834",
  "compound_name": "Mifepristone",
  "compound_percentile": 0.529411764705882,
  "disease_id": "DOID:2043",
  "disease_name": "hepatitis B",
  "disease_percentile": 0.9024707412223671,
  "metapath_contribution": {
    "CbGbCtD": 0.5414972299195282,
    "CbGeAlD": 0.0390526880185377,
    "CbGpPWpGaD": 0.08329875113500992,
    "CcSEcCtD": 0.33615133092692406
  },
  "n_trials": 0.0,
  "prediction": 0.00294482725018273,
  "status": 0
}