{
  "compound_id": "DB00860",
  "compound_name": "Prednisolone",
  "compound_percentile": 0.294117647058824,
  "disease_id": "DOID:784",
  "disease_name": "chronic kidney failure",
  "disease_percentile": 0.00650195058517555,
  "metapath_contribution": {
    "CbGaD": 0.8236046137141017,
    "CbGeAlD": 0.05371607187230208,
    "CbGpPWpGaD": 0.11250686666552938,
    "CrCbGaD": 0.010172447748066901
  },
  "n_trials": 7.0,
  "prediction": 0.0005163284142006941,
  "status": 0
}