{
  "compound_id": "DB00445",
  "compound_name": "Epirubicin",
  "compound_percentile": 0.43382352941176505,
  "disease_id": "DOID:5041",
  "disease_name": "esophageal cancer",
  "disease_percentile": 0.273732119635891,
  "metapath_contribution": {
    "CbGdCrCtD": 0.002391582980833113,
    "CbGeAlD": 0.038200143473553855,
    "CbGpPWpGaD": 0.09396928874706481,
    "CcSEcCtD": 0.1295996938908585,
    "CrCbGaD": 0.003954305706812338,
    "CtDrD": 0.7318849852008774
  },
  "n_trials": 20.0,
  "prediction": 0.00101479993511611,
  "status": 0,
  "training_prediction": 0.0104933060737677
}