{
  "compound_id": "DB00738",
  "compound_name": "Pentamidine",
  "compound_percentile": 0.823529411764706,
  "disease_id": "DOID:3312",
  "disease_name": "bipolar disorder",
  "disease_percentile": 0.975292587776333,
  "metapath_contribution": {
    "CbGaD": 0.9494719555959987,
    "CbGeAlD": 0.038794664418241386,
    "CbGpPWpGaD": 0.01173337998575979
  },
  "n_trials": 0.0,
  "prediction": 0.00384883785291317,
  "status": 0
}