{
  "compound_id": "DB00894",
  "compound_name": "Testolactone",
  "compound_percentile": 1.0,
  "disease_id": "DOID:1612",
  "disease_name": "breast cancer",
  "disease_percentile": 0.9596879063719119,
  "metapath_contribution": {
    "CbGaD": 0.14280384291517814,
    "CbGbCtD": 0.23513863172620328,
    "CbGeAlD": 0.008957525699459434,
    "CbGpPWpGaD": 0.01220163010937989,
    "CcSEcCtD": 0.028421225868669443,
    "CrCbGaD": 0.001961066733437472,
    "CrCrCtD": 0.21508168881766118,
    "CrCtD": 0.3554343881300111
  },
  "n_trials": 0.0,
  "prediction": 0.015956588496993,
  "status": 0
}