{
  "compound_id": "DB00844",
  "compound_name": "Nalbuphine",
  "compound_percentile": 0.7941176470588229,
  "disease_id": "DOID:9352",
  "disease_name": "type 2 diabetes mellitus",
  "disease_percentile": 0.15539661898569598,
  "metapath_contribution": {
    "CbGpPWpGaD": 0.2241768706460117,
    "CcSEcCtD": 0.7661086513972659,
    "CrCbGaD": 0.009714477956722397
  },
  "n_trials": 0.0,
  "prediction": 0.00123682618163935,
  "status": 0
}