{
  "compound_id": "DB00571",
  "compound_name": "Propranolol",
  "compound_percentile": 0.257352941176471,
  "disease_id": "DOID:5041",
  "disease_name": "esophageal cancer",
  "disease_percentile": 0.161898569570871,
  "metapath_contribution": {
    "CbGaD": 0.5347428876565167,
    "CbGbCtD": 0.08463161532934799,
    "CbGpPWpGaD": 0.2681851147967585,
    "CcSEcCtD": 0.09769199282977484,
    "CrCbGaD": 0.014748389387601988
  },
  "n_trials": 0.0,
  "prediction": 0.0008528081013681139,
  "status": 0,
  "training_prediction": 0.00172553667004408
}