{
  "compound_id": "DB00353",
  "compound_name": "Methylergometrine",
  "compound_percentile": 0.0882352941176471,
  "disease_id": "DOID:2394",
  "disease_name": "ovarian cancer",
  "disease_percentile": 0.21001300390117,
  "metapath_contribution": {
    "CbGeAlD": 0.1243147345412359,
    "CcSEcCtD": 0.8617768122005282,
    "CrCbGaD": 0.013908453258236043
  },
  "n_trials": 0.0,
  "prediction": 0.000941726725032086,
  "status": 0
}