{
  "compound_id": "DB00295",
  "compound_name": "Morphine",
  "compound_percentile": 0.580882352941177,
  "disease_id": "DOID:2377",
  "disease_name": "multiple sclerosis",
  "disease_percentile": 0.168400520156047,
  "metapath_contribution": {
    "CbGbCtD": 0.5200391374173446,
    "CbGeAlD": 0.02138374224184802,
    "CbGpPWpGaD": 0.16163125964657668,
    "CcSEcCtD": 0.29142715831365223,
    "CrCbGaD": 0.005518702380578421
  },
  "n_trials": 0.0,
  "prediction": 0.0011720569953325099,
  "status": 0
}