{
  "compound_id": "DB00476",
  "compound_name": "Duloxetine",
  "compound_percentile": 0.28676470588235303,
  "disease_id": "DOID:219",
  "disease_name": "colon cancer",
  "disease_percentile": 0.17295188556567,
  "metapath_contribution": {
    "CbGeAlD": 0.10181224224476236,
    "CcSEcCtD": 0.8936276820663144,
    "CrCbGaD": 0.004560075688923353
  },
  "n_trials": 0.0,
  "prediction": 0.000926511500850657,
  "status": 0
}