{
  "compound_id": "DB08819",
  "compound_name": "Tafluprost",
  "compound_percentile": 0.948529411764706,
  "disease_id": "DOID:4045",
  "disease_name": "muscle cancer",
  "disease_percentile": 0.812093628088427,
  "metapath_contribution": {
    "CbGaD": 0.9234276234971011,
    "CbGbCtD": 0.06281137931806363,
    "CbGeAlD": 0.013760997184835226
  },
  "n_trials": 0.0,
  "prediction": 0.00221722296921962,
  "status": 0
}