{
  "compound_id": "DB03147",
  "compound_name": "Flavin adenine dinucleotide",
  "compound_percentile": 0.977941176470588,
  "disease_id": "DOID:11054",
  "disease_name": "urinary bladder cancer",
  "disease_percentile": 0.958387516254877,
  "metapath_contribution": {
    "CbGaD": 0.4011265415359425,
    "CbGbCtD": 0.42395377158964703,
    "CbGdCrCtD": 0.0025071890076084923,
    "CbGeAlD": 0.08145044306820251,
    "CbGpPWpGaD": 0.08876573896863212,
    "CrCbGaD": 0.0021963158299673057
  },
  "n_trials": 0.0,
  "prediction": 0.0065683533540663395,
  "status": 0
}