{
  "compound_id": "DB00896",
  "compound_name": "Rimexolone",
  "compound_percentile": 0.970588235294118,
  "disease_id": "DOID:9074",
  "disease_name": "systemic lupus erythematosus",
  "disease_percentile": 0.988946684005202,
  "metapath_contribution": {
    "CbGaD": 0.0922822261205078,
    "CbGbCtD": 0.1334979301404868,
    "CbGeAlD": 0.0048395870743465986,
    "CcSEcCtD": 0.02433930401339942,
    "CiPCiCtD": 0.3280851035624877,
    "CrCbGaD": 0.0011089290475022743,
    "CrCrCtD": 0.17530369635784393,
    "CrCtD": 0.2405432236834254
  },
  "n_trials": 0.0,
  "prediction": 0.0649944913046454,
  "status": 0
}