{
  "compound_id": "DB00946",
  "compound_name": "Phenprocoumon",
  "compound_percentile": 0.610294117647059,
  "disease_id": "DOID:1686",
  "disease_name": "glaucoma",
  "disease_percentile": 0.176202860858257,
  "metapath_contribution": {
    "CbGbCtD": 0.9500570083742709,
    "CbGpPWpGaD": 0.04784233734879969,
    "CrCbGaD": 0.0021006542769293982
  },
  "n_trials": 0.0,
  "prediction": 0.0011510589870052,
  "status": 0
}