{
  "compound_id": "DB01130",
  "compound_name": "Prednicarbate",
  "compound_percentile": 0.963235294117647,
  "disease_id": "DOID:7147",
  "disease_name": "ankylosing spondylitis",
  "disease_percentile": 0.9908972691807539,
  "metapath_contribution": {
    "CbGbCtD": 0.13898258701691868,
    "CcSEcCtD": 0.03145209457456773,
    "CiPCiCtD": 0.366234697656328,
    "CrCrCtD": 0.18821031465479515,
    "CrCtD": 0.2751203060973904
  },
  "n_trials": 0.0,
  "prediction": 0.0656850974243757,
  "status": 0
}