{
  "compound_id": "DB00352",
  "compound_name": "Tioguanine",
  "compound_percentile": 0.7058823529411771,
  "disease_id": "DOID:363",
  "disease_name": "uterine cancer",
  "disease_percentile": 0.682704811443433,
  "metapath_contribution": {
    "CbGdCrCtD": 0.013506926302258783,
    "CbGeAlD": 0.4381746387149385,
    "CbGpPWpGaD": 0.19901736350599222,
    "CcSEcCtD": 0.3493010714768104
  },
  "n_trials": 0.0,
  "prediction": 0.0021768178971659697,
  "status": 0,
  "training_prediction": 0.00397467244167435
}