{
  "compound_id": "DB08804",
  "compound_name": "Nandrolone decanoate",
  "compound_percentile": 0.0588235294117647,
  "disease_id": "DOID:332",
  "disease_name": "amyotrophic lateral sclerosis",
  "disease_percentile": 0.133940182054616,
  "metapath_contribution": {
    "CbGeAlD": 0.2285802270647805,
    "CbGpPWpGaD": 0.2978063589553895,
    "CcSEcCtD": 0.46878363198070166,
    "CrCbGaD": 0.004829781999128367
  },
  "n_trials": 0.0,
  "prediction": 0.000755256435887442,
  "status": 0
}