{
  "compound_id": "DB01397",
  "compound_name": "Magnesium salicylate",
  "compound_percentile": 0.0808823529411765,
  "disease_id": "DOID:2394",
  "disease_name": "ovarian cancer",
  "disease_percentile": 0.308842652795839,
  "metapath_contribution": {
    "CbGeAlD": 0.20366127068619894,
    "CcSEcCtD": 0.7915181729896771,
    "CrCbGaD": 0.004820556324124041
  },
  "n_trials": 0.0,
  "prediction": 0.00112158598360089,
  "status": 0
}