{
  "compound_id": "DB00856",
  "compound_name": "Chlorphenesin",
  "compound_percentile": 0.926470588235294,
  "disease_id": "DOID:363",
  "disease_name": "uterine cancer",
  "disease_percentile": 0.9011703511053321,
  "metapath_contribution": {
    "CbGaD": 0.5250060844901853,
    "CbGbCtD": 0.39385310034826543,
    "CbGeAlD": 0.05374493045112231,
    "CbGpPWpGaD": 0.027395884710427018
  },
  "n_trials": 0.0,
  "prediction": 0.00357925138819871,
  "status": 0
}