{
  "compound_id": "DB00598",
  "compound_name": "Labetalol",
  "compound_percentile": 0.257352941176471,
  "disease_id": "DOID:7148",
  "disease_name": "rheumatoid arthritis",
  "disease_percentile": 0.14499349804941503,
  "metapath_contribution": {
    "CbGpPWpGaD": 0.029488677325217764,
    "CcSEcCtD": 0.9467511638833634,
    "CrCbGaD": 0.023760158791418733
  },
  "n_trials": 0.0,
  "prediction": 0.000987131636566224,
  "status": 0,
  "training_prediction": 0.00321210642545582
}