{
  "compound_id": "DB00146",
  "compound_name": "Calcidiol",
  "compound_percentile": 0.610294117647059,
  "disease_id": "DOID:3083",
  "disease_name": "chronic obstructive pulmonary disease",
  "disease_percentile": 0.133940182054616,
  "metapath_contribution": {
    "CbGeAlD": 0.2296966083996502,
    "CbGpPWpGaD": 0.716997171624265,
    "CrCbGaD": 0.053306219976084854
  },
  "n_trials": 0.0,
  "prediction": 0.00119651560496643,
  "status": 0
}