{
  "compound_id": "DB08828",
  "compound_name": "Vismodegib",
  "compound_percentile": 0.0367647058823529,
  "disease_id": "DOID:12849",
  "disease_name": "autistic disorder",
  "disease_percentile": 0.198959687906372,
  "metapath_contribution": {
    "CbGeAlD": 0.3993487306296183,
    "CbGpPWpGaD": 0.5704933113990472,
    "CrCbGaD": 0.030157957971334443
  },
  "n_trials": 0.0,
  "prediction": 0.000852710740454036,
  "status": 0
}