{
  "compound_id": "DB00620",
  "compound_name": "Triamcinolone",
  "compound_percentile": 0.7352941176470591,
  "disease_id": "DOID:1192",
  "disease_name": "peripheral nervous system neoplasm",
  "disease_percentile": 0.277633289986996,
  "metapath_contribution": {
    "CbGaD": 0.568562171210748,
    "CbGbCtD": 0.22236920362013987,
    "CcSEcCtD": 0.20838717750681365,
    "CrCbGaD": 0.0006814476622984203
  },
  "n_trials": 0.0,
  "prediction": 0.00122320903316254,
  "status": 0,
  "training_prediction": 0.0242631899940445
}