{
  "compound_id": "DB06147",
  "compound_name": "Sulfathiazole",
  "compound_percentile": 0.977941176470588,
  "disease_id": "DOID:1612",
  "disease_name": "breast cancer",
  "disease_percentile": 0.723667100130039,
  "metapath_contribution": {
    "CbGaD": 0.35700261933712774,
    "CbGbCtD": 0.5878350730621731,
    "CbGeAlD": 0.022393375921865796,
    "CbGpPWpGaD": 0.030503478199944152,
    "CrCbGaD": 0.002265453478889156
  },
  "n_trials": 0.0,
  "prediction": 0.00378882673822772,
  "status": 0
}