{
  "compound_id": "DB01064",
  "compound_name": "Isoprenaline",
  "compound_percentile": 0.786764705882353,
  "disease_id": "DOID:1192",
  "disease_name": "peripheral nervous system neoplasm",
  "disease_percentile": 0.41092327698309494,
  "metapath_contribution": {
    "CbGbCtD": 0.1626891783224894,
    "CbGpPWpGaD": 0.2959443332718095,
    "CcSEcCtD": 0.1015105374572915,
    "CrCbGaD": 0.0012872134050055408,
    "CrCrCtD": 0.4385687375434041
  },
  "n_trials": 0.0,
  "prediction": 0.00151102417669141,
  "status": 0,
  "training_prediction": 0.0041356236448999795
}