{
  "compound_id": "DB00650",
  "compound_name": "Leucovorin",
  "compound_percentile": 0.977941176470588,
  "disease_id": "DOID:11054",
  "disease_name": "urinary bladder cancer",
  "disease_percentile": 0.9895968790637191,
  "metapath_contribution": {
    "CbGaD": 0.1797197411471833,
    "CbGbCtD": 0.21940959087293202,
    "CbGdCrCtD": 0.0006299259362569186,
    "CbGeAlD": 0.004695565459250511,
    "CbGpPWpGaD": 0.01895500642704592,
    "CcSEcCtD": 0.03239100098272214,
    "CrCbGaD": 0.002255051309870193,
    "CrCrCtD": 0.21564051827515693,
    "CrCtD": 0.32630359958958205
  },
  "n_trials": 0.0,
  "prediction": 0.0292139285193997,
  "status": 0
}