{
  "compound_id": "DB00513",
  "compound_name": "Aminocaproic Acid",
  "compound_percentile": 0.40441176470588197,
  "disease_id": "DOID:10652",
  "disease_name": "Alzheimer's disease",
  "disease_percentile": 0.306241872561769,
  "metapath_contribution": {
    "CbGeAlD": 0.09124763124394565,
    "CbGpPWpGaD": 0.4989701187558365,
    "CcSEcCtD": 0.40067516494560085,
    "CrCbGaD": 0.009107085054616989
  },
  "n_trials": 0.0,
  "prediction": 0.00130152883068837,
  "status": 0
}