{
  "compound_id": "DB00143",
  "compound_name": "Glutathione",
  "compound_percentile": 0.191176470588235,
  "disease_id": "DOID:9296",
  "disease_name": "cleft lip",
  "disease_percentile": 0.70221066319896,
  "metapath_contribution": {
    "CbGeAlD": 0.39868447511996086,
    "CbGpPWpGaD": 0.5937085157006411,
    "CrCbGaD": 0.007607009179397911
  },
  "n_trials": 0.0,
  "prediction": 0.00145909007104069,
  "status": 0
}