{
  "compound_id": "DB00284",
  "compound_name": "Acarbose",
  "compound_percentile": 0.294117647058824,
  "disease_id": "DOID:2998",
  "disease_name": "testicular cancer",
  "disease_percentile": 0.379063719115735,
  "metapath_contribution": {
    "CbGeAlD": 0.5283879384067018,
    "CcSEcCtD": 0.4716120615932981
  },
  "n_trials": 0.0,
  "prediction": 0.00136990364445374,
  "status": 0,
  "training_prediction": 0.00351174490065304
}