{
  "compound_id": "DB00424",
  "compound_name": "Hyoscyamine",
  "compound_percentile": 0.625,
  "disease_id": "DOID:11054",
  "disease_name": "urinary bladder cancer",
  "disease_percentile": 0.29778933680103997,
  "metapath_contribution": {
    "CbGeAlD": 0.23430471155341778,
    "CcSEcCtD": 0.7656952884465822
  },
  "n_trials": 0.0,
  "prediction": 0.00112454652233075,
  "status": 0,
  "training_prediction": 0.00288388029009353
}