{
  "compound_id": "DB01128",
  "compound_name": "Bicalutamide",
  "compound_percentile": 0.757352941176471,
  "disease_id": "DOID:1595",
  "disease_name": "endogenous depression",
  "disease_percentile": 0.931729518855657,
  "metapath_contribution": {
    "CbGaD": 0.9842777111925664,
    "CbGpPWpGaD": 0.01000212214558849,
    "CrCbGaD": 0.005720166661845244
  },
  "n_trials": 0.0,
  "prediction": 0.00295290854263708,
  "status": 0
}