{
  "category": "DM",
  "compound_id": "DB01067",
  "compound_name": "Glipizide",
  "compound_percentile": 1.0,
  "disease_id": "DOID:9352",
  "disease_name": "type 2 diabetes mellitus",
  "disease_percentile": 0.9993498049414821,
  "metapath_contribution": {
    "CbGaD": 0.11081781909417548,
    "CbGbCtD": 0.15765125335802324,
    "CbGeAlD": 0.006507512946392638,
    "CbGpPWpGaD": 0.016350307021757264,
    "CcSEcCtD": 0.036468483705688004,
    "CiPCiCtD": 0.28915021421413567,
    "CrCbGaD": 0.0011210150879327491,
    "CrCrCtD": 0.15142200979465598,
    "CrCtD": 0.23051138477723898
  },
  "prediction": 0.555615201297852,
  "status": 1,
  "training_prediction": 0.846842134625262
}