{
  "compound_id": "DB00245",
  "compound_name": "Benzatropine",
  "compound_percentile": 0.977941176470588,
  "disease_id": "DOID:1826",
  "disease_name": "epilepsy syndrome",
  "disease_percentile": 0.861508452535761,
  "metapath_contribution": {
    "CbGaD": 0.23749275157015104,
    "CbGbCtD": 0.15111676156301565,
    "CbGeAlD": 0.008962787648346359,
    "CbGpPWpGaD": 0.033490913268003165,
    "CcSEcCtD": 0.0663914269833998,
    "CpDpCtD": 0.29611134083260554,
    "CrCbGaD": 0.00230823017108125,
    "CrCrCtD": 0.2041257879633972
  },
  "n_trials": 0.0,
  "prediction": 0.0128804012470894,
  "status": 0
}