{
  "compound_id": "DB00477",
  "compound_name": "Chlorpromazine",
  "compound_percentile": 0.49264705882352894,
  "disease_id": "DOID:418",
  "disease_name": "systemic scleroderma",
  "disease_percentile": 0.0325097529258778,
  "metapath_contribution": {
    "CbGbCtD": 0.5241238639110589,
    "CbGeAlD": 0.14621341062059617,
    "CbGpPWpGaD": 0.06126693368153079,
    "CcSEcCtD": 0.2683957917868141
  },
  "n_trials": 0.0,
  "prediction": 0.000788421397368445,
  "status": 0
}