{
  "compound_id": "DB01156",
  "compound_name": "Bupropion",
  "compound_percentile": 0.514705882352941,
  "disease_id": "DOID:11934",
  "disease_name": "head and neck cancer",
  "disease_percentile": 0.8660598179453841,
  "metapath_contribution": {
    "CbGbCtD": 0.6886104737624952,
    "CbGpPWpGaD": 0.05274711922448736,
    "CcSEcCtD": 0.2586424070130175
  },
  "n_trials": 5.0,
  "prediction": 0.00240400391501618,
  "status": 0,
  "training_prediction": 0.00291739539801321
}