{
  "compound_id": "DB00260",
  "compound_name": "Cycloserine",
  "compound_percentile": 1.0,
  "disease_id": "DOID:14330",
  "disease_name": "Parkinson's disease",
  "disease_percentile": 0.995448634590377,
  "metapath_contribution": {
    "CbGaD": 0.8294370055370016,
    "CbGeAlD": 0.031934260884906945,
    "CbGpPWpGaD": 0.1386287335780914
  },
  "n_trials": 0.0,
  "prediction": 0.005699646266223379,
  "status": 0
}