{
  "compound_id": "DB00385",
  "compound_name": "Valrubicin",
  "compound_percentile": 0.897058823529412,
  "disease_id": "DOID:2394",
  "disease_name": "ovarian cancer",
  "disease_percentile": 0.977243172951886,
  "metapath_contribution": {
    "CbGbCtD": 0.1369085814849197,
    "CbGdCrCtD": 0.0017051654293609962,
    "CbGeAlD": 0.00598748280943238,
    "CbGpPWpGaD": 0.0071592169554242115,
    "CcSEcCtD": 0.02419091754656445,
    "CrCbGaD": 0.001839773667355831,
    "CrCrCtD": 0.32102619488831385,
    "CrCtD": 0.5011826672186286
  },
  "n_trials": 0.0,
  "prediction": 0.0100660250010751,
  "status": 0,
  "training_prediction": 0.0237083806949446
}