{
  "compound_id": "DB00216",
  "compound_name": "Eletriptan",
  "compound_percentile": 0.455882352941176,
  "disease_id": "DOID:3953",
  "disease_name": "adrenal gland cancer",
  "disease_percentile": 0.40962288686605997,
  "metapath_contribution": {
    "CbGaD": 0.8752160671286988,
    "CbGeAlD": 0.04137049118238197,
    "CbGpPWpGaD": 0.08341344168891929
  },
  "n_trials": 0.0,
  "prediction": 0.00116198405071724,
  "status": 0
}