{
  "compound_id": "DB01356",
  "compound_name": "Lithium",
  "compound_percentile": 0.6985294117647061,
  "disease_id": "DOID:1115",
  "disease_name": "sarcoma",
  "disease_percentile": 0.8576072821846551,
  "metapath_contribution": {
    "CbGdCrCtD": 0.012514812023765075,
    "CbGeAlD": 0.2434640283105682,
    "CbGpPWpGaD": 0.5666327783316468,
    "CcSEcCtD": 0.1773883813340199
  },
  "n_trials": 0.0,
  "prediction": 0.00250091126926151,
  "status": 0
}