{
  "compound_id": "DB00586",
  "compound_name": "Diclofenac",
  "compound_percentile": 0.904411764705882,
  "disease_id": "DOID:3310",
  "disease_name": "atopic dermatitis",
  "disease_percentile": 0.892717815344603,
  "metapath_contribution": {
    "CbGaD": 0.2420877250206693,
    "CbGbCtD": 0.26609312278290626,
    "CbGdCrCtD": 0.0017740098583854675,
    "CbGpPWpGaD": 0.041084155038602854,
    "CcSEcCtD": 0.11813902822505584,
    "CpDpCtD": 0.33082195907438033
  },
  "n_trials": 0.0,
  "prediction": 0.005413935775907279,
  "status": 0
}