{
  "compound_id": "DB00661",
  "compound_name": "Verapamil",
  "compound_percentile": 0.5514705882352939,
  "disease_id": "DOID:7147",
  "disease_name": "ankylosing spondylitis",
  "disease_percentile": 0.7776332899869959,
  "metapath_contribution": {
    "CbGbCtD": 0.8630320121987073,
    "CcSEcCtD": 0.13696798780129266
  },
  "n_trials": 0.0,
  "prediction": 0.00229312254329006,
  "status": 0,
  "training_prediction": 0.00768205130997095
}