{
  "compound_id": "DB01252",
  "compound_name": "Mitiglinide",
  "compound_percentile": 0.926470588235294,
  "disease_id": "DOID:11054",
  "disease_name": "urinary bladder cancer",
  "disease_percentile": 0.864759427828348,
  "metapath_contribution": {
    "CbGaD": 0.8139002607381532,
    "CbGbCtD": 0.07868582771905286,
    "CbGdCrCtD": 0.002271017035540857,
    "CbGeAlD": 0.03710541581497578,
    "CbGpPWpGaD": 0.06539443037709028,
    "CrCbGaD": 0.0026430483151870282
  },
  "n_trials": 0.0,
  "prediction": 0.00296493447842986,
  "status": 0
}