{
  "compound_id": "DB00554",
  "compound_name": "Piroxicam",
  "compound_percentile": 0.7058823529411771,
  "disease_id": "DOID:1686",
  "disease_name": "glaucoma",
  "disease_percentile": 0.527958387516255,
  "metapath_contribution": {
    "CbGaD": 0.5530201792765266,
    "CbGbCtD": 0.3988673807586189,
    "CbGpPWpGaD": 0.04279491748700113,
    "CrCbGaD": 0.005317522477853369
  },
  "n_trials": 0.0,
  "prediction": 0.00197364378729845,
  "status": 0
}