{
  "compound_id": "DB00956",
  "compound_name": "Hydrocodone",
  "compound_percentile": 0.816176470588235,
  "disease_id": "DOID:1319",
  "disease_name": "brain cancer",
  "disease_percentile": 0.442782834850455,
  "metapath_contribution": {
    "CbGbCtD": 0.7508058903818298,
    "CbGeAlD": 0.06326277680596787,
    "CcSEcCtD": 0.1831692706996498,
    "CrCbGaD": 0.002762062112552654
  },
  "n_trials": 0.0,
  "prediction": 0.00144541739319095,
  "status": 0
}