{
  "compound_id": "DB00275",
  "compound_name": "Olmesartan",
  "compound_percentile": 0.34558823529411803,
  "disease_id": "DOID:1909",
  "disease_name": "melanoma",
  "disease_percentile": 0.42912873862158596,
  "metapath_contribution": {
    "CbGbCtD": 0.5158848787317918,
    "CbGpPWpGaD": 0.18083927909096434,
    "CcSEcCtD": 0.29711556347053314,
    "CrCbGaD": 0.006160278706710663
  },
  "n_trials": 0.0,
  "prediction": 0.00128750052442596,
  "status": 0,
  "training_prediction": 0.003917719162656871
}