{
  "compound_id": "DB00413",
  "compound_name": "Pramipexole",
  "compound_percentile": 0.9191176470588229,
  "disease_id": "DOID:3312",
  "disease_name": "bipolar disorder",
  "disease_percentile": 0.99739921976593,
  "metapath_contribution": {
    "CbGaD": 0.8018914521098384,
    "CbGeAlD": 0.054258607560779576,
    "CbGpPWpGaD": 0.14384994032938203
  },
  "n_trials": 4.0,
  "prediction": 0.0067649490831902795,
  "status": 0
}