{
  "compound_id": "DB00364",
  "compound_name": "Sucralfate",
  "compound_percentile": 0.845588235294118,
  "disease_id": "DOID:9074",
  "disease_name": "systemic lupus erythematosus",
  "disease_percentile": 0.862158647594278,
  "metapath_contribution": {
    "CbGaD": 0.4241451094383633,
    "CbGbCtD": 0.06673018496824591,
    "CbGeAlD": 0.1659253471719602,
    "CbGpPWpGaD": 0.34319935842143057
  },
  "n_trials": 0.0,
  "prediction": 0.00387696366094565,
  "status": 0
}