{
  "compound_id": "DB06210",
  "compound_name": "Eltrombopag",
  "compound_percentile": 0.38235294117647106,
  "disease_id": "DOID:11054",
  "disease_name": "urinary bladder cancer",
  "disease_percentile": 0.44018205461638504,
  "metapath_contribution": {
    "CbGbCtD": 0.6634521160233897,
    "CbGeAlD": 0.02808348733825622,
    "CbGpPWpGaD": 0.3084643966383541
  },
  "n_trials": 0.0,
  "prediction": 0.00139804973011195,
  "status": 0
}