{
  "compound_id": "DB01232",
  "compound_name": "Saquinavir",
  "compound_percentile": 0.808823529411765,
  "disease_id": "DOID:2377",
  "disease_name": "multiple sclerosis",
  "disease_percentile": 0.7750325097529259,
  "metapath_contribution": {
    "CbGaD": 0.16559776268184143,
    "CbGbCtD": 0.6193044576324321,
    "CbGpPWpGaD": 0.045684132290335806,
    "CcSEcCtD": 0.16941364739539064
  },
  "n_trials": 0.0,
  "prediction": 0.00273996659350119,
  "status": 0,
  "training_prediction": 0.00700886396313667
}