{
  "compound_id": "DB00352",
  "compound_name": "Tioguanine",
  "compound_percentile": 0.44117647058823495,
  "disease_id": "DOID:1686",
  "disease_name": "glaucoma",
  "disease_percentile": 0.484395318595579,
  "metapath_contribution": {
    "CbGpPWpGaD": 0.15836453619018154,
    "CcSEcCtD": 0.8416354638098185
  },
  "n_trials": 0.0,
  "prediction": 0.0018603113909565398,
  "status": 0,
  "training_prediction": 0.0078732270794476
}