{
  "compound_id": "DB00335",
  "compound_name": "Atenolol",
  "compound_percentile": 0.713235294117647,
  "disease_id": "DOID:12236",
  "disease_name": "primary biliary cirrhosis",
  "disease_percentile": 0.350455136540962,
  "metapath_contribution": {
    "CbGbCtD": 0.13158157091648431,
    "CbGpPWpGaD": 0.0602429121385659,
    "CcSEcCtD": 0.8081755169449498
  },
  "n_trials": 0.0,
  "prediction": 0.00130012443956165,
  "status": 0
}