{
  "compound_id": "DB08884",
  "compound_name": "Gadoxetate",
  "compound_percentile": 0.757352941176471,
  "disease_id": "DOID:1312",
  "disease_name": "focal segmental glomerulosclerosis",
  "disease_percentile": 0.9284785435630691,
  "metapath_contribution": {
    "CbGbCtD": 0.9222856373084707,
    "CcSEcCtD": 0.07240126650947347,
    "CrCbGaD": 0.005313096182055769
  },
  "n_trials": 0.0,
  "prediction": 0.0031658025251713397,
  "status": 0
}