{
  "compound_id": "DB01215",
  "compound_name": "Estazolam",
  "compound_percentile": 0.941176470588235,
  "disease_id": "DOID:6364",
  "disease_name": "migraine",
  "disease_percentile": 0.347854356306892,
  "metapath_contribution": {
    "CbGbCtD": 0.4558649373290054,
    "CbGeAlD": 0.10504388993699214,
    "CbGpPWpGaD": 0.11931215072977473,
    "CcSEcCtD": 0.3124563357596469,
    "CrCbGaD": 0.007322686244580856
  },
  "n_trials": 0.0,
  "prediction": 0.002031289458217,
  "status": 0
}