{
  "compound_id": "DB04552",
  "compound_name": "Niflumic Acid",
  "compound_percentile": 0.7941176470588229,
  "disease_id": "DOID:6364",
  "disease_name": "migraine",
  "disease_percentile": 0.48309492847854396,
  "metapath_contribution": {
    "CbGbCtD": 0.8400022288769835,
    "CbGdCrCtD": 0.0033970091836535575,
    "CbGeAlD": 0.06261478412542532,
    "CbGpPWpGaD": 0.0939859778139377
  },
  "n_trials": 0.0,
  "prediction": 0.00243194268873975,
  "status": 0
}