{
  "compound_id": "DB00294",
  "compound_name": "Etonogestrel",
  "compound_percentile": 0.7941176470588229,
  "disease_id": "DOID:7148",
  "disease_name": "rheumatoid arthritis",
  "disease_percentile": 0.420676202860858,
  "metapath_contribution": {
    "CbGbCtD": 0.43256673172164456,
    "CbGpPWpGaD": 0.01629911568966624,
    "CcSEcCtD": 0.12851305195891075,
    "CrCbGaD": 0.0011983733112693681,
    "CrCrCtD": 0.42142272731850905
  },
  "n_trials": 0.0,
  "prediction": 0.00157467840325085,
  "status": 0
}