{
  "compound_id": "DB00625",
  "compound_name": "Efavirenz",
  "compound_percentile": 0.580882352941177,
  "disease_id": "DOID:3571",
  "disease_name": "liver cancer",
  "disease_percentile": 0.730819245773732,
  "metapath_contribution": {
    "CbGbCtD": 0.6053758860685332,
    "CbGpPWpGaD": 0.12687995954146178,
    "CcSEcCtD": 0.267744154390005
  },
  "n_trials": 0.0,
  "prediction": 0.0019919921896457303,
  "status": 0,
  "training_prediction": 0.0019650545735006397
}