{
  "compound_id": "DB00376",
  "compound_name": "Trihexyphenidyl",
  "compound_percentile": 0.933823529411765,
  "disease_id": "DOID:2841",
  "disease_name": "asthma",
  "disease_percentile": 0.413524057217165,
  "metapath_contribution": {
    "CbGbCtD": 0.6900661885714328,
    "CbGpPWpGaD": 0.11528448026832966,
    "CcSEcCtD": 0.19464933116023767
  },
  "n_trials": 0.0,
  "prediction": 0.00216581381378107,
  "status": 0
}