{
  "compound_id": "DB00368",
  "compound_name": "Norepinephrine",
  "compound_percentile": 0.852941176470588,
  "disease_id": "DOID:3393",
  "disease_name": "coronary artery disease",
  "disease_percentile": 0.35955786736020795,
  "metapath_contribution": {
    "CbGaD": 0.42787050548740496,
    "CbGbCtD": 0.35778230805013045,
    "CbGeAlD": 0.003346958982135262,
    "CbGpPWpGaD": 0.13852423832577115,
    "CcSEcCtD": 0.06867539312711049,
    "CrCbGaD": 0.003800596027447803
  },
  "n_trials": 2.0,
  "prediction": 0.0018021782190285,
  "status": 0
}