{
  "compound_id": "DB01194",
  "compound_name": "Brinzolamide",
  "compound_percentile": 0.9191176470588229,
  "disease_id": "DOID:12930",
  "disease_name": "dilated cardiomyopathy",
  "disease_percentile": 0.9544863459037709,
  "metapath_contribution": {
    "CbGbCtD": 0.9095697910547547,
    "CbGeAlD": 0.036996669601818,
    "CcSEcCtD": 0.05343353934342737
  },
  "n_trials": 0.0,
  "prediction": 0.00459008349775913,
  "status": 0,
  "training_prediction": 0.0045281714254730605
}