{
  "compound_id": "DB00429",
  "compound_name": "Carboprost Tromethamine",
  "compound_percentile": 0.904411764705882,
  "disease_id": "DOID:2998",
  "disease_name": "testicular cancer",
  "disease_percentile": 0.48049414824447295,
  "metapath_contribution": {
    "CbGeAlD": 0.4187338752553817,
    "CcSEcCtD": 0.5438349197375895,
    "CrCbGaD": 0.0374312050070289
  },
  "n_trials": 0.0,
  "prediction": 0.00154677600442382,
  "status": 0
}