{
  "compound_id": "DB08981",
  "compound_name": "Fenbufen",
  "compound_percentile": 0.0367647058823529,
  "disease_id": "DOID:11612",
  "disease_name": "polycystic ovary syndrome",
  "disease_percentile": 0.134590377113134,
  "metapath_contribution": {
    "CbGeAlD": 0.39054652581891336,
    "CbGpPWpGaD": 0.5421337592432807,
    "CrCbGaD": 0.06731971493780597
  },
  "n_trials": 0.0,
  "prediction": 0.000809368464159535,
  "status": 0
}