{
  "compound_id": "DB01059",
  "compound_name": "Norfloxacin",
  "compound_percentile": 0.669117647058823,
  "disease_id": "DOID:2998",
  "disease_name": "testicular cancer",
  "disease_percentile": 0.431079323797139,
  "metapath_contribution": {
    "CbGbCtD": 0.7952628449940081,
    "CbGdCrCtD": 0.005434576681472095,
    "CcSEcCtD": 0.1993025783245198
  },
  "n_trials": 0.0,
  "prediction": 0.00145531206436795,
  "status": 0
}