{
  "compound_id": "DB00822",
  "compound_name": "Disulfiram",
  "compound_percentile": 0.654411764705882,
  "disease_id": "DOID:11476",
  "disease_name": "osteoporosis",
  "disease_percentile": 0.7860858257477241,
  "metapath_contribution": {
    "CbGbCtD": 0.7574773366338302,
    "CbGpPWpGaD": 0.041209760343997405,
    "CcSEcCtD": 0.20131290302217245
  },
  "n_trials": 0.0,
  "prediction": 0.0028129179823532698,
  "status": 0,
  "training_prediction": 0.00911562787179475
}