{
  "compound_id": "DB00626",
  "compound_name": "Bacitracin",
  "compound_percentile": 0.220588235294118,
  "disease_id": "DOID:12849",
  "disease_name": "autistic disorder",
  "disease_percentile": 0.42782834850455104,
  "metapath_contribution": {
    "CbGeAlD": 0.4882395515033972,
    "CbGpPWpGaD": 0.4610702416013712,
    "CrCbGaD": 0.05069020689523164
  },
  "n_trials": 0.0,
  "prediction": 0.00126380165689027,
  "status": 0
}