{
  "compound_id": "DB00454",
  "compound_name": "Pethidine",
  "compound_percentile": 0.5367647058823529,
  "disease_id": "DOID:9744",
  "disease_name": "type 1 diabetes mellitus",
  "disease_percentile": 0.5214564369310789,
  "metapath_contribution": {
    "CbGaD": 0.6662570595947802,
    "CbGeAlD": 0.07657070388472938,
    "CbGpPWpGaD": 0.24741083650945553,
    "CrCbGaD": 0.009761400011034928
  },
  "n_trials": 0.0,
  "prediction": 0.00146031890474074,
  "status": 0
}