{
  "compound_id": "DB00404",
  "compound_name": "Alprazolam",
  "compound_percentile": 0.742647058823529,
  "disease_id": "DOID:8577",
  "disease_name": "ulcerative colitis",
  "disease_percentile": 0.278933680104031,
  "metapath_contribution": {
    "CbGbCtD": 0.6558243391945277,
    "CcSEcCtD": 0.3422709709849096,
    "CrCbGaD": 0.0019046898205626447
  },
  "n_trials": 0.0,
  "prediction": 0.00150266006339639,
  "status": 0
}