{
  "compound_id": "DB00818",
  "compound_name": "Propofol",
  "compound_percentile": 0.875,
  "disease_id": "DOID:263",
  "disease_name": "kidney cancer",
  "disease_percentile": 0.9161248374512351,
  "metapath_contribution": {
    "CbGaD": 0.2065317276322024,
    "CbGbCtD": 0.5078645394354754,
    "CbGeAlD": 0.04452300500024582,
    "CbGpPWpGaD": 0.08887616335722218,
    "CcSEcCtD": 0.15220456457485415
  },
  "n_trials": 0.0,
  "prediction": 0.00509700382751671,
  "status": 0,
  "training_prediction": 0.0147339479900505
}