{
  "compound_id": "DB00708",
  "compound_name": "Sufentanil",
  "compound_percentile": 0.904411764705882,
  "disease_id": "DOID:2841",
  "disease_name": "asthma",
  "disease_percentile": 0.472691807542263,
  "metapath_contribution": {
    "CbGbCtD": 0.5981664970487708,
    "CbGpPWpGaD": 0.16516863603840656,
    "CcSEcCtD": 0.23666486691282274
  },
  "n_trials": 0.0,
  "prediction": 0.0023444317968532103,
  "status": 0
}