{
  "compound_id": "DB01216",
  "compound_name": "Finasteride",
  "compound_percentile": 0.7941176470588229,
  "disease_id": "DOID:12930",
  "disease_name": "dilated cardiomyopathy",
  "disease_percentile": 0.7152145643693109,
  "metapath_contribution": {
    "CcSEcCtD": 0.05173531576232305,
    "CrCbGaD": 0.0010473458484141771,
    "CrCrCtD": 0.9472173383892628
  },
  "n_trials": 0.0,
  "prediction": 0.0021477873005902,
  "status": 0
}