{
  "compound_id": "DB00694",
  "compound_name": "Daunorubicin",
  "compound_percentile": 0.625,
  "disease_id": "DOID:1936",
  "disease_name": "atherosclerosis",
  "disease_percentile": 0.12938881664499302,
  "metapath_contribution": {
    "CbGbCtD": 0.7136661520449982,
    "CbGdCrCtD": 0.004335562864956447,
    "CbGeAlD": 0.014270764628221544,
    "CbGpPWpGaD": 0.13262173155348783,
    "CcSEcCtD": 0.13255831628499248,
    "CrCbGaD": 0.0025474726233435073
  },
  "n_trials": 0.0,
  "prediction": 0.000975265087720589,
  "status": 0,
  "training_prediction": 0.0015912793634107198
}