{
  "category": "DM",
  "compound_id": "DB00347",
  "compound_name": "Trimethadione",
  "compound_percentile": 1.0,
  "disease_id": "DOID:1826",
  "disease_name": "epilepsy syndrome",
  "disease_percentile": 0.9596879063719119,
  "metapath_contribution": {
    "CbGaD": 0.173986408496659,
    "CbGbCtD": 0.2013527275132071,
    "CbGpPWpGaD": 0.01538405224259554,
    "CcSEcCtD": 0.05609366979969445,
    "CiPCiCtD": 0.5513513313551923,
    "CrCbGaD": 0.0018318105926516213
  },
  "prediction": 0.070139754856367,
  "status": 1,
  "training_prediction": 0.27025552194064
}