{
  "compound_id": "DB00625",
  "compound_name": "Efavirenz",
  "compound_percentile": 0.948529411764706,
  "disease_id": "DOID:13189",
  "disease_name": "gout",
  "disease_percentile": 0.9310793237971391,
  "metapath_contribution": {
    "CbGbCtD": 0.24852243813063768,
    "CcSEcCtD": 0.11402845630145818,
    "CiPCiCtD": 0.6374491055679041
  },
  "n_trials": 0.0,
  "prediction": 0.008645188669187221,
  "status": 0,
  "training_prediction": 0.0188886661493643
}