{
  "category": "DM",
  "compound_id": "DB00641",
  "compound_name": "Simvastatin",
  "compound_percentile": 1.0,
  "disease_id": "DOID:1936",
  "disease_name": "atherosclerosis",
  "disease_percentile": 0.9993498049414821,
  "metapath_contribution": {
    "CbGaD": 0.08936587875807517,
    "CbGbCtD": 0.1622448826719279,
    "CbGeAlD": 0.002607361323500912,
    "CbGpPWpGaD": 0.022454121058813205,
    "CcSEcCtD": 0.04890299270957041,
    "CrCbGaD": 0.0012704679934084928,
    "CrCrCtD": 0.18598048886809398,
    "CrCtD": 0.3128430770879847,
    "CtDrD": 0.17433072952862502
  },
  "prediction": 0.235992397675827,
  "status": 1,
  "training_prediction": 0.456679775886121
}