{
  "compound_id": "DB05271",
  "compound_name": "Rotigotine",
  "compound_percentile": 0.838235294117647,
  "disease_id": "DOID:1595",
  "disease_name": "endogenous depression",
  "disease_percentile": 0.9895968790637191,
  "metapath_contribution": {
    "CbGaD": 0.8597517201191158,
    "CbGeAlD": 0.03250875598656965,
    "CbGpPWpGaD": 0.10773952389431456
  },
  "n_trials": 0.0,
  "prediction": 0.00468076965279431,
  "status": 0
}