{
  "compound_id": "DB00380",
  "compound_name": "Dexrazoxane",
  "compound_percentile": 0.808823529411765,
  "disease_id": "DOID:4159",
  "disease_name": "skin cancer",
  "disease_percentile": 0.808192457737321,
  "metapath_contribution": {
    "CbGdCrCtD": 0.019273483335135646,
    "CbGeAlD": 0.10876889987393282,
    "CcSEcCtD": 0.8719576167909315
  },
  "n_trials": 0.0,
  "prediction": 0.00259523501107347,
  "status": 0
}