{
  "compound_id": "DB00716",
  "compound_name": "Nedocromil",
  "compound_percentile": 0.823529411764706,
  "disease_id": "DOID:0050742",
  "disease_name": "nicotine dependence",
  "disease_percentile": 0.9044213263979191,
  "metapath_contribution": {
    "CbGeAlD": 0.23175224002666703,
    "CbGpPWpGaD": 0.5790093798980572,
    "CcSEcCtD": 0.18923838007527571
  },
  "n_trials": 0.0,
  "prediction": 0.00250579646590518,
  "status": 0,
  "training_prediction": 0.00113032836588105
}