{
  "compound_id": "DB00603",
  "compound_name": "Medroxyprogesterone Acetate",
  "compound_percentile": 0.992647058823529,
  "disease_id": "DOID:2841",
  "disease_name": "asthma",
  "disease_percentile": 0.947334200260078,
  "metapath_contribution": {
    "CbGaD": 0.07923258576886193,
    "CbGbCtD": 0.21628546084357492,
    "CbGeAlD": 0.009319417437045934,
    "CbGpPWpGaD": 0.021592305281621087,
    "CcSEcCtD": 0.06359591470959093,
    "CpDpCtD": 0.1655919064449235,
    "CrCbGaD": 0.0010626443245132257,
    "CrCrCtD": 0.21408268225075647,
    "CrCtD": 0.2292370829391119
  },
  "n_trials": 0.0,
  "prediction": 0.0243173199749523,
  "status": 0,
  "training_prediction": 0.145515597503245
}