{
  "compound_id": "DB00754",
  "compound_name": "Ethotoin",
  "compound_percentile": 0.933823529411765,
  "disease_id": "DOID:4481",
  "disease_name": "allergic rhinitis",
  "disease_percentile": 0.45513654096228895,
  "metapath_contribution": {
    "CbGbCtD": 0.19259992912738885,
    "CbGpPWpGaD": 0.009967143334422723,
    "CcSEcCtD": 0.15970543262039802,
    "CrCrCtD": 0.6377274949177903
  },
  "n_trials": 0.0,
  "prediction": 0.00219125553455383,
  "status": 0
}