{
  "compound_id": "DB00905",
  "compound_name": "Bimatoprost",
  "compound_percentile": 0.816176470588235,
  "disease_id": "DOID:184",
  "disease_name": "bone cancer",
  "disease_percentile": 0.560468140442133,
  "metapath_contribution": {
    "CbGbCtD": 0.8706908936338438,
    "CbGpPWpGaD": 0.054967139816823475,
    "CcSEcCtD": 0.07266421233323724,
    "CrCbGaD": 0.001677754216095563
  },
  "n_trials": 0.0,
  "prediction": 0.00166085709381663,
  "status": 0,
  "training_prediction": 0.00236977211103548
}