{
  "compound_id": "DB00720",
  "compound_name": "Clodronate",
  "compound_percentile": 0.9191176470588229,
  "disease_id": "DOID:4045",
  "disease_name": "muscle cancer",
  "disease_percentile": 0.8699609882964889,
  "metapath_contribution": {
    "CbGaD": 0.7236314350556796,
    "CbGdCrCtD": 0.007181953904583887,
    "CbGeAlD": 0.10522963748554498,
    "CbGpPWpGaD": 0.10306621411497276,
    "CcSEcCtD": 0.06089075943921879
  },
  "n_trials": 0.0,
  "prediction": 0.0024398857494698396,
  "status": 0
}