{
  "compound_id": "DB00716",
  "compound_name": "Nedocromil",
  "compound_percentile": 0.970588235294118,
  "disease_id": "DOID:10763",
  "disease_name": "hypertension",
  "disease_percentile": 0.662548764629389,
  "metapath_contribution": {
    "CbGaD": 0.5437163772835408,
    "CbGeAlD": 0.050256959365450465,
    "CbGpPWpGaD": 0.20540230612536134,
    "CcSEcCtD": 0.20062435722564748
  },
  "n_trials": 0.0,
  "prediction": 0.0058946779004449106,
  "status": 0,
  "training_prediction": 0.0662311612308331
}