{
  "compound_id": "DB01113",
  "compound_name": "Papaverine",
  "compound_percentile": 0.0514705882352941,
  "disease_id": "DOID:5041",
  "disease_name": "esophageal cancer",
  "disease_percentile": 0.41157347204161204,
  "metapath_contribution": {
    "CbGeAlD": 0.13222315601674964,
    "CbGpPWpGaD": 0.8426002955251478,
    "CrCbGaD": 0.0251765484581025
  },
  "n_trials": 0.0,
  "prediction": 0.00125040867236864,
  "status": 0
}