{
  "compound_id": "DB00749",
  "compound_name": "Etodolac",
  "compound_percentile": 0.610294117647059,
  "disease_id": "DOID:585",
  "disease_name": "nephrolithiasis",
  "disease_percentile": 0.9369310793237969,
  "metapath_contribution": {
    "CbGbCtD": 0.4816624098731806,
    "CbGeAlD": 0.09542528601351019,
    "CbGpPWpGaD": 0.1366062734941175,
    "CcSEcCtD": 0.2863060306191918
  },
  "n_trials": 0.0,
  "prediction": 0.00296434878759828,
  "status": 0
}