{
  "compound_id": "DB00881",
  "compound_name": "Quinapril",
  "compound_percentile": 0.213235294117647,
  "disease_id": "DOID:4045",
  "disease_name": "muscle cancer",
  "disease_percentile": 0.332249674902471,
  "metapath_contribution": {
    "CbGeAlD": 0.46978923367669345,
    "CcSEcCtD": 0.5302107663233065
  },
  "n_trials": 0.0,
  "prediction": 0.0011431575416013,
  "status": 0,
  "training_prediction": 0.00186502106090245
}