{
  "compound_id": "DB01576",
  "compound_name": "Dextroamphetamine",
  "compound_percentile": 0.0147058823529412,
  "disease_id": "DOID:2355",
  "disease_name": "anemia",
  "disease_percentile": 0.0806241872561769,
  "metapath_contribution": {
    "CbGeAlD": 0.08612960615357212,
    "CbGpPWpGaD": 0.8296814723661072,
    "CrCbGaD": 0.08418892148032064
  },
  "n_trials": 0.0,
  "prediction": 0.000617459436612397,
  "status": 0
}