{
  "compound_id": "DB00823",
  "compound_name": "Ethynodiol",
  "compound_percentile": 0.867647058823529,
  "disease_id": "DOID:7148",
  "disease_name": "rheumatoid arthritis",
  "disease_percentile": 0.30494148244473307,
  "metapath_contribution": {
    "CbGbCtD": 0.4146349178874748,
    "CbGpPWpGaD": 0.03370066438370939,
    "CrCbGaD": 0.002154716243254306,
    "CrCrCtD": 0.5495097014855616
  },
  "n_trials": 0.0,
  "prediction": 0.00131076576413208,
  "status": 0
}