{
  "compound_id": "DB01151",
  "compound_name": "Desipramine",
  "compound_percentile": 0.110294117647059,
  "disease_id": "DOID:1312",
  "disease_name": "focal segmental glomerulosclerosis",
  "disease_percentile": 0.11508452535760699,
  "metapath_contribution": {
    "CbGbCtD": 0.4099076196675756,
    "CbGeAlD": 0.32136345196609833,
    "CbGpPWpGaD": 0.13992536118252993,
    "CcSEcCtD": 0.11496478255100798,
    "CrCbGaD": 0.01383878463278813
  },
  "n_trials": 0.0,
  "prediction": 0.000842017172004158,
  "status": 0
}