{
  "compound_id": "DB00125",
  "compound_name": "L-Arginine",
  "compound_percentile": 0.595588235294118,
  "disease_id": "DOID:2377",
  "disease_name": "multiple sclerosis",
  "disease_percentile": 0.550715214564369,
  "metapath_contribution": {
    "CbGbCtD": 0.5196170376348657,
    "CbGeAlD": 0.13219035845553764,
    "CbGpPWpGaD": 0.27357021661390074,
    "CcSEcCtD": 0.07462238729569588
  },
  "n_trials": 0.0,
  "prediction": 0.0020035468634357198,
  "status": 0
}