{
  "compound_id": "DB00800",
  "compound_name": "Fenoldopam",
  "compound_percentile": 0.5,
  "disease_id": "DOID:8577",
  "disease_name": "ulcerative colitis",
  "disease_percentile": 0.579973992197659,
  "metapath_contribution": {
    "CbGpPWpGaD": 0.4311630789545689,
    "CcSEcCtD": 0.5688369210454312
  },
  "n_trials": 0.0,
  "prediction": 0.00232628216897609,
  "status": 0,
  "training_prediction": 0.007934870010085459
}