{
  "compound_id": "DB06201",
  "compound_name": "Rufinamide",
  "compound_percentile": 0.8602941176470591,
  "disease_id": "DOID:12236",
  "disease_name": "primary biliary cirrhosis",
  "disease_percentile": 0.9479843953185959,
  "metapath_contribution": {
    "CbGaD": 0.3457844954181586,
    "CbGbCtD": 0.410594460401172,
    "CbGpPWpGaD": 0.06612235786431894,
    "CcSEcCtD": 0.17749868631635052
  },
  "n_trials": 0.0,
  "prediction": 0.0049064280090980895,
  "status": 0,
  "training_prediction": 0.00484026975963421
}