{
  "compound_id": "DB01124",
  "compound_name": "Tolbutamide",
  "compound_percentile": 0.8897058823529409,
  "disease_id": "DOID:14221",
  "disease_name": "metabolic syndrome X",
  "disease_percentile": 0.879713914174252,
  "metapath_contribution": {
    "CbGeAlD": 0.013255772332328924,
    "CbGpPWpGaD": 0.04654929650067801,
    "CcSEcCtD": 0.0038935921048212415,
    "CrCbGaD": 0.0017641996157866527,
    "CtDrD": 0.9345371394463853
  },
  "n_trials": 0.0,
  "prediction": 0.00242199267272835,
  "status": 0,
  "training_prediction": 0.00109247531147144
}