{
  "compound_id": "DB01018",
  "compound_name": "Guanfacine",
  "compound_percentile": 0.125,
  "disease_id": "DOID:12930",
  "disease_name": "dilated cardiomyopathy",
  "disease_percentile": 0.187906371911573,
  "metapath_contribution": {
    "CbGeAlD": 0.10677149436187372,
    "CcSEcCtD": 0.8932285056381263
  },
  "n_trials": 0.0,
  "prediction": 0.0011309351055092,
  "status": 0,
  "training_prediction": 0.00111562850723376
}