{
  "compound_id": "DB01073",
  "compound_name": "Fludarabine",
  "compound_percentile": 0.867647058823529,
  "disease_id": "DOID:13189",
  "disease_name": "gout",
  "disease_percentile": 0.233420026007802,
  "metapath_contribution": {
    "CbGdCrCtD": 0.010006379923167268,
    "CbGpPWpGaD": 0.44151152979361713,
    "CcSEcCtD": 0.5412294993951817,
    "CrCbGaD": 0.007252590888033822
  },
  "n_trials": 0.0,
  "prediction": 0.00150540189347676,
  "status": 0,
  "training_prediction": 0.0055170341871422
}