{
  "compound_id": "DB01080",
  "compound_name": "Vigabatrin",
  "compound_percentile": 0.6764705882352939,
  "disease_id": "DOID:4159",
  "disease_name": "skin cancer",
  "disease_percentile": 0.486996098829649,
  "metapath_contribution": {
    "CbGeAlD": 0.021199208373191763,
    "CcSEcCtD": 0.9414324183193179,
    "CrCbGaD": 0.03736837330749034
  },
  "n_trials": 0.0,
  "prediction": 0.00167335281200179,
  "status": 0,
  "training_prediction": 0.00368678985854559
}