{
  "compound_id": "DB00327",
  "compound_name": "Hydromorphone",
  "compound_percentile": 0.0147058823529412,
  "disease_id": "DOID:2355",
  "disease_name": "anemia",
  "disease_percentile": 0.100780234070221,
  "metapath_contribution": {
    "CbGeAlD": 0.40284753275736623,
    "CbGpPWpGaD": 0.5797689235374526,
    "CrCbGaD": 0.017383543705181307
  },
  "n_trials": 0.0,
  "prediction": 0.000666188103902211,
  "status": 0
}