{
  "compound_id": "DB00625",
  "compound_name": "Efavirenz",
  "compound_percentile": 0.720588235294118,
  "disease_id": "DOID:184",
  "disease_name": "bone cancer",
  "disease_percentile": 0.8101430429128741,
  "metapath_contribution": {
    "CbGaD": 0.6504211702168482,
    "CbGbCtD": 0.1273416552341221,
    "CbGpPWpGaD": 0.02490937686940639,
    "CcSEcCtD": 0.19732779767962338
  },
  "n_trials": 0.0,
  "prediction": 0.00243523303300667,
  "status": 0,
  "training_prediction": 0.00347353021651233
}