{
  "compound_id": "DB00692",
  "compound_name": "Phentolamine",
  "compound_percentile": 0.411764705882353,
  "disease_id": "DOID:2998",
  "disease_name": "testicular cancer",
  "disease_percentile": 0.472041612483745,
  "metapath_contribution": {
    "CbGdCrCtD": 0.03573467476100007,
    "CbGeAlD": 0.4139104453846629,
    "CcSEcCtD": 0.5503548798543371
  },
  "n_trials": 0.0,
  "prediction": 0.00152784167462681,
  "status": 0
}