{
  "compound_id": "DB00432",
  "compound_name": "Trifluridine",
  "compound_percentile": 0.139705882352941,
  "disease_id": "DOID:1115",
  "disease_name": "sarcoma",
  "disease_percentile": 0.0305591677503251,
  "metapath_contribution": {
    "CbGdCrCtD": 0.05780900939719602,
    "CbGeAlD": 0.9007649405286299,
    "CbGpPWpGaD": 0.04142605007417403
  },
  "n_trials": 0.0,
  "prediction": 0.000611946187574427,
  "status": 0
}