{
  "compound_id": "DB00500",
  "compound_name": "Tolmetin",
  "compound_percentile": 0.4779411764705879,
  "disease_id": "DOID:12930",
  "disease_name": "dilated cardiomyopathy",
  "disease_percentile": 0.16710013003901197,
  "metapath_contribution": {
    "CbGbCtD": 0.3151351280950004,
    "CbGpPWpGaD": 0.2878433285594581,
    "CcSEcCtD": 0.39151546068740883,
    "CrCbGaD": 0.0055060826581326845
  },
  "n_trials": 0.0,
  "prediction": 0.00109346816273177,
  "status": 0
}