{
  "compound_id": "DB06695",
  "compound_name": "Dabigatran etexilate",
  "compound_percentile": 0.897058823529412,
  "disease_id": "DOID:2043",
  "disease_name": "hepatitis B",
  "disease_percentile": 0.9694408322496751,
  "metapath_contribution": {
    "CbGaD": 0.7754536662961128,
    "CbGeAlD": 0.05455007144253084,
    "CbGpPWpGaD": 0.0437755744891425,
    "CcSEcCtD": 0.12622068777221385
  },
  "n_trials": 0.0,
  "prediction": 0.00570711522255649,
  "status": 0
}