{
  "compound_id": "DB00170",
  "compound_name": "Menadione",
  "compound_percentile": 0.595588235294118,
  "disease_id": "DOID:3312",
  "disease_name": "bipolar disorder",
  "disease_percentile": 0.8289986996098829,
  "metapath_contribution": {
    "CbGaD": 0.7046226592147087,
    "CbGeAlD": 0.16207926654933918,
    "CbGpPWpGaD": 0.13329807423595205
  },
  "n_trials": 0.0,
  "prediction": 0.00214701620268708,
  "status": 0
}