{
  "compound_id": "DB00352",
  "compound_name": "Tioguanine",
  "compound_percentile": 0.602941176470588,
  "disease_id": "DOID:12849",
  "disease_name": "autistic disorder",
  "disease_percentile": 0.7451235370611179,
  "metapath_contribution": {
    "CbGeAlD": 0.26381627334184365,
    "CbGpPWpGaD": 0.7177200007376173,
    "CrCbGaD": 0.018463725920539006
  },
  "n_trials": 0.0,
  "prediction": 0.00196764318338141,
  "status": 0
}