{
  "compound_id": "DB01144",
  "compound_name": "Diclofenamide",
  "compound_percentile": 0.0588235294117647,
  "disease_id": "DOID:332",
  "disease_name": "amyotrophic lateral sclerosis",
  "disease_percentile": 0.237321196358908,
  "metapath_contribution": {
    "CbGeAlD": 0.4622133019682175,
    "CcSEcCtD": 0.5377866980317824
  },
  "n_trials": 0.0,
  "prediction": 0.000887538237493637,
  "status": 0,
  "training_prediction": 0.000399999392999096
}