{
  "compound_id": "DB00972",
  "compound_name": "Azelastine",
  "compound_percentile": 0.139705882352941,
  "disease_id": "DOID:9744",
  "disease_name": "type 1 diabetes mellitus",
  "disease_percentile": 0.242522756827048,
  "metapath_contribution": {
    "CbGpPWpGaD": 0.49639305364029973,
    "CcSEcCtD": 0.4911637396075443,
    "CrCbGaD": 0.01244320675215594
  },
  "n_trials": 0.0,
  "prediction": 0.00103179055379139,
  "status": 0
}