{
  "compound_id": "DB08954",
  "compound_name": "Ifenprodil",
  "compound_percentile": 0.808823529411765,
  "disease_id": "DOID:2531",
  "disease_name": "hematologic cancer",
  "disease_percentile": 0.21001300390117,
  "metapath_contribution": {
    "CbGdCrCtD": 0.006563939756916689,
    "CbGpPWpGaD": 0.20811331121577004,
    "CrCrCtD": 0.7853227490273131
  },
  "n_trials": 0.0,
  "prediction": 0.00129367740068405,
  "status": 0
}