{
  "compound_id": "DB00715",
  "compound_name": "Paroxetine",
  "compound_percentile": 0.28676470588235303,
  "disease_id": "DOID:14221",
  "disease_name": "metabolic syndrome X",
  "disease_percentile": 0.7457737321196359,
  "metapath_contribution": {
    "CbGeAlD": 0.22449532016000606,
    "CbGpPWpGaD": 0.5152109965522743,
    "CcSEcCtD": 0.2602936832877196
  },
  "n_trials": 0.0,
  "prediction": 0.00198670647554765,
  "status": 0
}