{
  "compound_id": "DB01069",
  "compound_name": "Promethazine",
  "compound_percentile": 0.5735294117647061,
  "disease_id": "DOID:7147",
  "disease_name": "ankylosing spondylitis",
  "disease_percentile": 0.0513654096228869,
  "metapath_contribution": {
    "CbGbCtD": 0.5774279690520121,
    "CbGpPWpGaD": 0.11744222053123127,
    "CcSEcCtD": 0.30512981041675663
  },
  "n_trials": 0.0,
  "prediction": 0.000857257773321565,
  "status": 0
}