{
  "compound_id": "DB00135",
  "compound_name": "L-Tyrosine",
  "compound_percentile": 0.867647058823529,
  "disease_id": "DOID:10283",
  "disease_name": "prostate cancer",
  "disease_percentile": 0.3849154746423929,
  "metapath_contribution": {
    "CbGaD": 0.7436900796354082,
    "CbGeAlD": 0.09327903854028437,
    "CbGpPWpGaD": 0.1541484536717435,
    "CrCbGaD": 0.008882428152563774
  },
  "n_trials": 0.0,
  "prediction": 0.0018900020581253101,
  "status": 0
}