{
  "compound_id": "DB00865",
  "compound_name": "Benzphetamine",
  "compound_percentile": 0.683823529411765,
  "disease_id": "DOID:2994",
  "disease_name": "germ cell cancer",
  "disease_percentile": 0.10208062418725601,
  "metapath_contribution": {
    "CbGbCtD": 0.6691572017468523,
    "CbGeAlD": 0.3220337532155584,
    "CrCbGaD": 0.00880904503758936
  },
  "n_trials": 0.0,
  "prediction": 0.000895331757251151,
  "status": 0,
  "training_prediction": 0.00163653061504503
}