{
  "compound_id": "DB00849",
  "compound_name": "Methylphenobarbital",
  "compound_percentile": 0.9852941176470591,
  "disease_id": "DOID:9970",
  "disease_name": "obesity",
  "disease_percentile": 0.82704811443433,
  "metapath_contribution": {
    "CbGaD": 0.3153795965760523,
    "CbGbCtD": 0.2674218693428588,
    "CbGeAlD": 0.03266396739959213,
    "CbGpPWpGaD": 0.04720435010735737,
    "CrCbGaD": 0.002213431071665683,
    "CrCrCtD": 0.3351167855024737
  },
  "n_trials": 0.0,
  "prediction": 0.00587580083758818,
  "status": 0
}