{
  "compound_id": "DB01238",
  "compound_name": "Aripiprazole",
  "compound_percentile": 0.757352941176471,
  "disease_id": "DOID:1612",
  "disease_name": "breast cancer",
  "disease_percentile": 0.46749024707412196,
  "metapath_contribution": {
    "CbGaD": 0.21241102289377403,
    "CbGbCtD": 0.39079173887843843,
    "CbGeAlD": 0.035583385896861705,
    "CbGpPWpGaD": 0.11924713001130306,
    "CcSEcCtD": 0.23903363348898193,
    "CrCbGaD": 0.0029330888306409093
  },
  "n_trials": 0.0,
  "prediction": 0.00220916262152275,
  "status": 0
}