{
  "compound_id": "DB01380",
  "compound_name": "Cortisone acetate",
  "compound_percentile": 0.110294117647059,
  "disease_id": "DOID:1324",
  "disease_name": "lung cancer",
  "disease_percentile": 0.00910273081924577,
  "metapath_contribution": {
    "CbGbCtD": 0.8506925485493678,
    "CbGpPWpGaD": 0.13250073343072044,
    "CrCbGaD": 0.01680671801991171
  },
  "n_trials": 0.0,
  "prediction": 0.000438291135051345,
  "status": 0
}