{
  "compound_id": "DB00295",
  "compound_name": "Morphine",
  "compound_percentile": 0.0367647058823529,
  "disease_id": "DOID:14221",
  "disease_name": "metabolic syndrome X",
  "disease_percentile": 0.09362808842652802,
  "metapath_contribution": {
    "CbGeAlD": 0.2248762171540423,
    "CbGpPWpGaD": 0.4476258667944484,
    "CcSEcCtD": 0.3274979160515093
  },
  "n_trials": 0.0,
  "prediction": 0.000772300728745159,
  "status": 0
}