{
  "compound_id": "DB00548",
  "compound_name": "Azelaic Acid",
  "compound_percentile": 0.25,
  "disease_id": "DOID:3571",
  "disease_name": "liver cancer",
  "disease_percentile": 0.0552665799739922,
  "metapath_contribution": {
    "CbGpPWpGaD": 0.6724574455350498,
    "CcSEcCtD": 0.324284360767084,
    "CrCbGaD": 0.003258193697866128
  },
  "n_trials": 0.0,
  "prediction": 0.000644688658994414,
  "status": 0
}