{
  "compound_id": "DB00792",
  "compound_name": "Tripelennamine",
  "compound_percentile": 0.9852941176470591,
  "disease_id": "DOID:3310",
  "disease_name": "atopic dermatitis",
  "disease_percentile": 0.9219765929778929,
  "metapath_contribution": {
    "CbGbCtD": 0.21804446544844927,
    "CrCrCtD": 0.346544892311563,
    "CrCtD": 0.43541064223998777
  },
  "n_trials": 0.0,
  "prediction": 0.00722457901214513,
  "status": 0
}