{
  "compound_id": "DB08976",
  "compound_name": "Floctafenine",
  "compound_percentile": 0.544117647058823,
  "disease_id": "DOID:10283",
  "disease_name": "prostate cancer",
  "disease_percentile": 0.328998699609883,
  "metapath_contribution": {
    "CbGaD": 0.6563572044839009,
    "CbGbCtD": 0.1289182971469871,
    "CbGpPWpGaD": 0.2082422185017245,
    "CrCbGaD": 0.0064822798673874645
  },
  "n_trials": 0.0,
  "prediction": 0.0016536504675088801,
  "status": 0
}