{
  "compound_id": "DB00577",
  "compound_name": "Valaciclovir",
  "compound_percentile": 0.941176470588235,
  "disease_id": "DOID:8577",
  "disease_name": "ulcerative colitis",
  "disease_percentile": 0.7698309492847851,
  "metapath_contribution": {
    "CbGbCtD": 0.019261713037199257,
    "CbGeAlD": 0.06281384743866729,
    "CbGpPWpGaD": 0.03157024019055438,
    "CcSEcCtD": 0.09567625779457094,
    "CiPCiCtD": 0.7906779415390082
  },
  "n_trials": 0.0,
  "prediction": 0.00325118826648006,
  "status": 0
}