{
  "compound_id": "DB06684",
  "compound_name": "Vilazodone",
  "compound_percentile": 0.7058823529411771,
  "disease_id": "DOID:8893",
  "disease_name": "psoriasis",
  "disease_percentile": 0.655396618985696,
  "metapath_contribution": {
    "CbGbCtD": 0.6611824211583025,
    "CbGpPWpGaD": 0.01319870695774702,
    "CcSEcCtD": 0.3256188718839505
  },
  "n_trials": 0.0,
  "prediction": 0.0023099446706557197,
  "status": 0
}