{
  "compound_id": "DB00620",
  "compound_name": "Triamcinolone",
  "compound_percentile": 0.727941176470588,
  "disease_id": "DOID:10652",
  "disease_name": "Alzheimer's disease",
  "disease_percentile": 0.255526657997399,
  "metapath_contribution": {
    "CbGaD": 0.40324360118104247,
    "CbGbCtD": 0.42500201708843416,
    "CbGeAlD": 0.005105652827914132,
    "CbGpPWpGaD": 0.033872634110278,
    "CcSEcCtD": 0.13265858063972566,
    "CrCbGaD": 0.00011751415260559419
  },
  "n_trials": 0.0,
  "prediction": 0.00117501107015875,
  "status": 0,
  "training_prediction": 0.0104288050953807
}