{
  "compound_id": "DB01221",
  "compound_name": "Ketamine",
  "compound_percentile": 0.691176470588235,
  "disease_id": "DOID:2394",
  "disease_name": "ovarian cancer",
  "disease_percentile": 0.912873862158648,
  "metapath_contribution": {
    "CbGaD": 0.3972018449321809,
    "CbGbCtD": 0.35746391763565477,
    "CbGeAlD": 0.04365771540138067,
    "CbGpPWpGaD": 0.11143319469991281,
    "CcSEcCtD": 0.0902433273308708
  },
  "n_trials": 0.0,
  "prediction": 0.00313183007999975,
  "status": 0
}