{
  "compound_id": "DB00415",
  "compound_name": "Ampicillin",
  "compound_percentile": 0.20588235294117604,
  "disease_id": "DOID:2531",
  "disease_name": "hematologic cancer",
  "disease_percentile": 0.0448634590377113,
  "metapath_contribution": {
    "CbGaD": 0.33521789114919653,
    "CbGbCtD": 0.25739122362444494,
    "CbGpPWpGaD": 0.08640256295329017,
    "CcSEcCtD": 0.3207877266924247,
    "CrCbGaD": 0.00020059558064366873
  },
  "n_trials": 0.0,
  "prediction": 0.000797908018560584,
  "status": 0
}