{
  "compound_id": "DB00279",
  "compound_name": "Liothyronine",
  "compound_percentile": 0.926470588235294,
  "disease_id": "DOID:635",
  "disease_name": "acquired immunodeficiency syndrome",
  "disease_percentile": 0.7366710013003901,
  "metapath_contribution": {
    "CbGaD": 0.26168418691972944,
    "CbGbCtD": 0.6113543184826501,
    "CbGeAlD": 0.07592047937159728,
    "CbGpPWpGaD": 0.014386381008826086,
    "CcSEcCtD": 0.030276618025481955,
    "CrCbGaD": 0.006378016191715073
  },
  "n_trials": 0.0,
  "prediction": 0.0036301839540712,
  "status": 0,
  "training_prediction": 0.0111317465300463
}