{
  "compound_id": "DB00552",
  "compound_name": "Pentostatin",
  "compound_percentile": 0.44117647058823495,
  "disease_id": "DOID:12365",
  "disease_name": "malaria",
  "disease_percentile": 0.0403120936280884,
  "metapath_contribution": {
    "CbGeAlD": 0.05659612836750357,
    "CcSEcCtD": 0.9434038716324964
  },
  "n_trials": 0.0,
  "prediction": 0.000873007731528108,
  "status": 0,
  "training_prediction": 0.00223969574614582
}