{
  "compound_id": "DB00616",
  "compound_name": "Candoxatril",
  "compound_percentile": 0.8602941176470591,
  "disease_id": "DOID:1936",
  "disease_name": "atherosclerosis",
  "disease_percentile": 0.8959687906371909,
  "metapath_contribution": {
    "CbGaD": 0.7528492882487622,
    "CbGeAlD": 0.1522802277247489,
    "CbGpPWpGaD": 0.09487048402648897
  },
  "n_trials": 0.0,
  "prediction": 0.00417504629187726,
  "status": 0
}