{
  "compound_id": "DB00958",
  "compound_name": "Carboplatin",
  "compound_percentile": 0.272058823529412,
  "disease_id": "DOID:3310",
  "disease_name": "atopic dermatitis",
  "disease_percentile": 0.5858257477243171,
  "metapath_contribution": {
    "CbGbCtD": 0.14992647312820975,
    "CbGeAlD": 0.2885279655406819,
    "CbGpPWpGaD": 0.5310834499995731,
    "CcSEcCtD": 0.0304621113315352
  },
  "n_trials": 0.0,
  "prediction": 0.00233717079195184,
  "status": 0,
  "training_prediction": 0.0434689760466859
}