{
  "compound_id": "DB01227",
  "compound_name": "Levomethadyl Acetate",
  "compound_percentile": 0.904411764705882,
  "disease_id": "DOID:11476",
  "disease_name": "osteoporosis",
  "disease_percentile": 0.6638491547464239,
  "metapath_contribution": {
    "CbGaD": 0.5719002934492629,
    "CbGbCtD": 0.41973381510349006,
    "CbGpPWpGaD": 0.006023618079522051,
    "CrCbGaD": 0.00234227336772496
  },
  "n_trials": 0.0,
  "prediction": 0.0022979368435255302,
  "status": 0
}