{
  "compound_id": "DB00765",
  "compound_name": "Metyrosine",
  "compound_percentile": 0.426470588235294,
  "disease_id": "DOID:8893",
  "disease_name": "psoriasis",
  "disease_percentile": 0.193107932379714,
  "metapath_contribution": {
    "CbGpPWpGaD": 0.03330717670074901,
    "CcSEcCtD": 0.9455918091223258,
    "CrCbGaD": 0.021101014176925278
  },
  "n_trials": 0.0,
  "prediction": 0.00118680414623037,
  "status": 0
}