{
  "compound_id": "DB01005",
  "compound_name": "Hydroxyurea",
  "compound_percentile": 0.44117647058823495,
  "disease_id": "DOID:1459",
  "disease_name": "hypothyroidism",
  "disease_percentile": 0.6501950585175551,
  "metapath_contribution": {
    "CbGeAlD": 0.5563708323894223,
    "CcSEcCtD": 0.44362916761057763
  },
  "n_trials": 0.0,
  "prediction": 0.00197466346921037,
  "status": 0,
  "training_prediction": 0.00678838814769916
}