{
  "compound_id": "DB00644",
  "compound_name": "Gonadorelin",
  "compound_percentile": 0.882352941176471,
  "disease_id": "DOID:1793",
  "disease_name": "pancreatic cancer",
  "disease_percentile": 0.454486345903771,
  "metapath_contribution": {
    "CbGpPWpGaD": 0.37373000204831036,
    "CcSEcCtD": 0.5749806072864031,
    "CrCbGaD": 0.05128939066528667
  },
  "n_trials": 0.0,
  "prediction": 0.0016369325323976301,
  "status": 0
}