{
  "compound_id": "DB01623",
  "compound_name": "Thiothixene",
  "compound_percentile": 0.845588235294118,
  "disease_id": "DOID:12995",
  "disease_name": "conduct disorder",
  "disease_percentile": 0.6703511053315989,
  "metapath_contribution": {
    "CbGaD": 0.8742072184003808,
    "CbGpPWpGaD": 0.1152833794371777,
    "CrCbGaD": 0.010509402162441507
  },
  "n_trials": 0.0,
  "prediction": 0.00168709896431096,
  "status": 0
}