{
  "compound_id": "DB01244",
  "compound_name": "Bepridil",
  "compound_percentile": 0.220588235294118,
  "disease_id": "DOID:8778",
  "disease_name": "Crohn's disease",
  "disease_percentile": 0.28283485045513695,
  "metapath_contribution": {
    "CbGeAlD": 0.27699504139517467,
    "CbGpPWpGaD": 0.5403617722082833,
    "CcSEcCtD": 0.18264318639654195
  },
  "n_trials": 0.0,
  "prediction": 0.0011737201421768801,
  "status": 0,
  "training_prediction": 0.00191484586452592
}