{
  "compound_id": "DB00184",
  "compound_name": "Nicotine",
  "compound_percentile": 0.727941176470588,
  "disease_id": "DOID:14330",
  "disease_name": "Parkinson's disease",
  "disease_percentile": 0.9830949284785441,
  "metapath_contribution": {
    "CbGaD": 0.6872757499794492,
    "CbGeAlD": 0.12220947863176099,
    "CbGpPWpGaD": 0.1905147713887899
  },
  "n_trials": 5.0,
  "prediction": 0.0047899093665285,
  "status": 0
}