{
  "compound_id": "DB01303",
  "compound_name": "Oxtriphylline",
  "compound_percentile": 0.19852941176470604,
  "disease_id": "DOID:784",
  "disease_name": "chronic kidney failure",
  "disease_percentile": 0.44603381014304294,
  "metapath_contribution": {
    "CbGeAlD": 0.3093684874432838,
    "CbGpPWpGaD": 0.6744709033978474,
    "CrCbGaD": 0.016160609158868643
  },
  "n_trials": 0.0,
  "prediction": 0.0014491140443642,
  "status": 0
}