{
  "compound_id": "DB00831",
  "compound_name": "Trifluoperazine",
  "compound_percentile": 0.514705882352941,
  "disease_id": "DOID:9744",
  "disease_name": "type 1 diabetes mellitus",
  "disease_percentile": 0.0975292587776333,
  "metapath_contribution": {
    "CbGaD": 0.6835732268143482,
    "CbGeAlD": 0.09266791575789744,
    "CbGpPWpGaD": 0.18721817219168782,
    "CcSEcCtD": 0.02966327513597553,
    "CrCbGaD": 0.006877410100091143
  },
  "n_trials": 0.0,
  "prediction": 0.0008244183461925981,
  "status": 0
}