{
  "compound_id": "DB00488",
  "compound_name": "Altretamine",
  "compound_percentile": 0.941176470588235,
  "disease_id": "DOID:3070",
  "disease_name": "malignant glioma",
  "disease_percentile": 0.9908972691807539,
  "metapath_contribution": {
    "CcSEcCtD": 0.010789775164038515,
    "CiPCiCtD": 0.9892102248359615
  },
  "n_trials": 0.0,
  "prediction": 0.007376801018589341,
  "status": 0,
  "training_prediction": 0.00544893163105794
}