{
  "compound_id": "DB00436",
  "compound_name": "Bendroflumethiazide",
  "compound_percentile": 0.772058823529412,
  "disease_id": "DOID:13189",
  "disease_name": "gout",
  "disease_percentile": 0.0975292587776333,
  "metapath_contribution": {
    "CbGpPWpGaD": 0.053246483682796865,
    "CcSEcCtD": 0.9467535163172031
  },
  "n_trials": 0.0,
  "prediction": 0.0012015500748400198,
  "status": 0,
  "training_prediction": 0.00264880366790159
}