{
  "compound_id": "DB00862",
  "compound_name": "Vardenafil",
  "compound_percentile": 0.727941176470588,
  "disease_id": "DOID:7148",
  "disease_name": "rheumatoid arthritis",
  "disease_percentile": 0.655396618985696,
  "metapath_contribution": {
    "CbGbCtD": 0.44830567720686876,
    "CbGpPWpGaD": 0.25708644593618674,
    "CcSEcCtD": 0.2946078768569446
  },
  "n_trials": 0.0,
  "prediction": 0.00221645560001185,
  "status": 0
}