{
  "compound_id": "DB00652",
  "compound_name": "Pentazocine",
  "compound_percentile": 0.904411764705882,
  "disease_id": "DOID:1612",
  "disease_name": "breast cancer",
  "disease_percentile": 0.31924577373212,
  "metapath_contribution": {
    "CbGbCtD": 0.7588096089594095,
    "CbGdCrCtD": 0.001326753379824304,
    "CbGeAlD": 0.008560454491514607,
    "CbGpPWpGaD": 0.05624919187959623,
    "CcSEcCtD": 0.17505399128965526
  },
  "n_trials": 0.0,
  "prediction": 0.00167488771389023,
  "status": 0
}