{
  "compound_id": "DB00408",
  "compound_name": "Loxapine",
  "compound_percentile": 0.9558823529411771,
  "disease_id": "DOID:9970",
  "disease_name": "obesity",
  "disease_percentile": 0.822496749024707,
  "metapath_contribution": {
    "CbGaD": 0.30929024885812173,
    "CbGbCtD": 0.42072582113475543,
    "CbGeAlD": 0.031786978762327826,
    "CbGpPWpGaD": 0.09794224128525927,
    "CcSEcCtD": 0.07428516638911574,
    "CrCbGaD": 0.002748812269997971,
    "CrCrCtD": 0.06322073130042194
  },
  "n_trials": 0.0,
  "prediction": 0.00581942404313196,
  "status": 0
}