{
  "compound_id": "DB00969",
  "compound_name": "Alosetron",
  "compound_percentile": 0.9558823529411771,
  "disease_id": "DOID:1319",
  "disease_name": "brain cancer",
  "disease_percentile": 0.9434330299089729,
  "metapath_contribution": {
    "CbGaD": 0.6335420302911565,
    "CbGbCtD": 0.27498949731767636,
    "CbGeAlD": 0.033182333192319335,
    "CcSEcCtD": 0.054043670638571094,
    "CrCbGaD": 0.004242468560276709
  },
  "n_trials": 0.0,
  "prediction": 0.00391660898962569,
  "status": 0
}