{
  "compound_id": "DB00476",
  "compound_name": "Duloxetine",
  "compound_percentile": 0.823529411764706,
  "disease_id": "DOID:3310",
  "disease_name": "atopic dermatitis",
  "disease_percentile": 0.237971391417425,
  "metapath_contribution": {
    "CbGbCtD": 0.05419338961159913,
    "CbGpPWpGaD": 0.0717931760906745,
    "CcSEcCtD": 0.3321477540070169,
    "CrCrCtD": 0.5418656802907094
  },
  "n_trials": 0.0,
  "prediction": 0.00153518654637641,
  "status": 0
}