{
  "compound_id": "DB01195",
  "compound_name": "Flecainide",
  "compound_percentile": 0.786764705882353,
  "disease_id": "DOID:263",
  "disease_name": "kidney cancer",
  "disease_percentile": 0.702860858257477,
  "metapath_contribution": {
    "CbGbCtD": 0.5179398162328179,
    "CbGpPWpGaD": 0.05938364905733403,
    "CcSEcCtD": 0.408413552663725,
    "CrCbGaD": 0.014262982046123182
  },
  "n_trials": 0.0,
  "prediction": 0.00246075226215932,
  "status": 0
}