{
  "compound_id": "DB00931",
  "compound_name": "Methacycline",
  "compound_percentile": 0.992647058823529,
  "disease_id": "DOID:9352",
  "disease_name": "type 2 diabetes mellitus",
  "disease_percentile": 0.7080624187256179,
  "metapath_contribution": {
    "CbGaD": 0.35658266361025215,
    "CbGbCtD": 0.5846607237023044,
    "CbGpPWpGaD": 0.054035230436013944,
    "CrCbGaD": 0.004721382251429594
  },
  "n_trials": 0.0,
  "prediction": 0.0039512717820316895,
  "status": 0
}