{
  "compound_id": "DB00806",
  "compound_name": "Pentoxifylline",
  "compound_percentile": 0.808823529411765,
  "disease_id": "DOID:9352",
  "disease_name": "type 2 diabetes mellitus",
  "disease_percentile": 0.42912873862158596,
  "metapath_contribution": {
    "CbGaD": 0.38102364774202496,
    "CbGbCtD": 0.09404849203174545,
    "CbGeAlD": 0.08402339414763567,
    "CbGpPWpGaD": 0.15590792789023677,
    "CcSEcCtD": 0.2813465041018696,
    "CrCbGaD": 0.0036500340864874187
  },
  "n_trials": 1.0,
  "prediction": 0.0022246871779324604,
  "status": 0,
  "training_prediction": 0.0161908169043058
}