{
  "compound_id": "DB00642",
  "compound_name": "Pemetrexed",
  "compound_percentile": 0.0514705882352941,
  "disease_id": "DOID:14221",
  "disease_name": "metabolic syndrome X",
  "disease_percentile": 0.104681404421326,
  "metapath_contribution": {
    "CbGeAlD": 0.2966951183497232,
    "CbGpPWpGaD": 0.541255944650263,
    "CcSEcCtD": 0.16204893700001383
  },
  "n_trials": 0.0,
  "prediction": 0.000790339689684947,
  "status": 0,
  "training_prediction": 0.000356174516620401
}