{
  "compound_id": "DB00345",
  "compound_name": "Aminohippurate",
  "compound_percentile": 0.7352941176470591,
  "disease_id": "DOID:2841",
  "disease_name": "asthma",
  "disease_percentile": 0.408322496749025,
  "metapath_contribution": {
    "CbGbCtD": 0.7629875436106427,
    "CbGeAlD": 0.010128420803202884,
    "CbGpPWpGaD": 0.04265326974495373,
    "CcSEcCtD": 0.17835268154134526,
    "CrCbGaD": 0.00587808429985542
  },
  "n_trials": 0.0,
  "prediction": 0.00212901539601791,
  "status": 0
}