{
  "compound_id": "DB01259",
  "compound_name": "Lapatinib",
  "compound_percentile": 0.852941176470588,
  "disease_id": "DOID:1319",
  "disease_name": "brain cancer",
  "disease_percentile": 0.9479843953185959,
  "metapath_contribution": {
    "CbGaD": 0.6462300241296475,
    "CbGbCtD": 0.09148611785104037,
    "CbGdCrCtD": 0.002944449943301966,
    "CbGeAlD": 0.05133947293909988,
    "CbGpPWpGaD": 0.10873105678695137,
    "CcSEcCtD": 0.0967741379772466,
    "CrCbGaD": 0.002494740372712397
  },
  "n_trials": 7.0,
  "prediction": 0.00405471679623365,
  "status": 0,
  "training_prediction": 0.00739205594823639
}