{
  "compound_id": "DB00144",
  "compound_name": "Phosphatidylserine",
  "compound_percentile": 0.941176470588235,
  "disease_id": "DOID:1909",
  "disease_name": "melanoma",
  "disease_percentile": 0.9479843953185959,
  "metapath_contribution": {
    "CbGaD": 0.7347323658819688,
    "CbGeAlD": 0.0789896127513139,
    "CbGpPWpGaD": 0.1862780213667173
  },
  "n_trials": 0.0,
  "prediction": 0.00489200366213858,
  "status": 0
}