{
  "compound_id": "DB01029",
  "compound_name": "Irbesartan",
  "compound_percentile": 0.426470588235294,
  "disease_id": "DOID:1192",
  "disease_name": "peripheral nervous system neoplasm",
  "disease_percentile": 0.37126137841352397,
  "metapath_contribution": {
    "CbGbCtD": 0.4832740406139702,
    "CbGpPWpGaD": 0.14231650226859174,
    "CcSEcCtD": 0.37380088283766727,
    "CrCbGaD": 0.0006085742797707546
  },
  "n_trials": 0.0,
  "prediction": 0.0014160213295303199,
  "status": 0,
  "training_prediction": 0.00644397995858786
}