{
  "compound_id": "DB06729",
  "compound_name": "Sulfaphenazole",
  "compound_percentile": 0.34558823529411803,
  "disease_id": "DOID:184",
  "disease_name": "bone cancer",
  "disease_percentile": 0.237971391417425,
  "metapath_contribution": {
    "CbGbCtD": 0.802989074350354,
    "CbGpPWpGaD": 0.1690357623507358,
    "CrCbGaD": 0.027975163298910158
  },
  "n_trials": 0.0,
  "prediction": 0.0010371041963151198,
  "status": 0
}