{
  "compound_id": "DB00829",
  "compound_name": "Diazepam",
  "compound_percentile": 0.0147058823529412,
  "disease_id": "DOID:2986",
  "disease_name": "IgA glomerulonephritis",
  "disease_percentile": 0.230819245773732,
  "metapath_contribution": {
    "CbGaD": 0.46936960352916907,
    "CbGeAlD": 0.14569042058294462,
    "CbGpPWpGaD": 0.38493997588788637
  },
  "n_trials": 0.0,
  "prediction": 0.000651012117331239,
  "status": 0
}