{
  "compound_id": "DB00541",
  "compound_name": "Vincristine",
  "compound_percentile": 0.588235294117647,
  "disease_id": "DOID:12365",
  "disease_name": "malaria",
  "disease_percentile": 0.328348504551365,
  "metapath_contribution": {
    "CbGbCtD": 0.6885973338217521,
    "CbGeAlD": 0.12783887882739253,
    "CcSEcCtD": 0.18356378735085538
  },
  "n_trials": 0.0,
  "prediction": 0.0016333847148895801,
  "status": 0,
  "training_prediction": 0.018647429372735
}