{
  "compound_id": "DB01589",
  "compound_name": "Quazepam",
  "compound_percentile": 0.904411764705882,
  "disease_id": "DOID:1319",
  "disease_name": "brain cancer",
  "disease_percentile": 0.6131339401820551,
  "metapath_contribution": {
    "CbGaD": 0.89377169164021,
    "CbGbCtD": 0.0009920858810695116,
    "CbGeAlD": 0.10208326474085172,
    "CrCbGaD": 0.0031529577378687926
  },
  "n_trials": 0.0,
  "prediction": 0.00183565582353445,
  "status": 0
}