{
  "compound_id": "DB01296",
  "compound_name": "Glucosamine",
  "compound_percentile": 0.654411764705882,
  "disease_id": "DOID:13241",
  "disease_name": "Behcet's disease",
  "disease_percentile": 0.9024707412223671,
  "metapath_contribution": {
    "CbGaD": 0.7610461099326947,
    "CbGeAlD": 0.08055561408395248,
    "CbGpPWpGaD": 0.15839827598335277
  },
  "n_trials": 0.0,
  "prediction": 0.00211018717420749,
  "status": 0
}