{
  "compound_id": "DB00980",
  "compound_name": "Ramelteon",
  "compound_percentile": 0.970588235294118,
  "disease_id": "DOID:11714",
  "disease_name": "gestational diabetes",
  "disease_percentile": 0.9908972691807539,
  "metapath_contribution": {
    "CbGaD": 0.8909453767259039,
    "CbGbCtD": 0.09338545532971582,
    "CbGeAlD": 0.005577556396498119,
    "CbGpPWpGaD": 0.010091611547882311
  },
  "n_trials": 0.0,
  "prediction": 0.0066156335775827205,
  "status": 0
}