{
  "compound_id": "DB00672",
  "compound_name": "Chlorpropamide",
  "compound_percentile": 0.43382352941176505,
  "disease_id": "DOID:14330",
  "disease_name": "Parkinson's disease",
  "disease_percentile": 0.27438231469440805,
  "metapath_contribution": {
    "CbGaD": 0.813582962423511,
    "CbGeAlD": 0.03285571605701447,
    "CbGpPWpGaD": 0.15356132151947452
  },
  "n_trials": 0.0,
  "prediction": 0.00100935702486056,
  "status": 0
}