{
  "compound_id": "DB00359",
  "compound_name": "Sulfadiazine",
  "compound_percentile": 0.816176470588235,
  "disease_id": "DOID:9206",
  "disease_name": "Barrett's esophagus",
  "disease_percentile": 0.511703511053316,
  "metapath_contribution": {
    "CbGbCtD": 0.7399669054815443,
    "CcSEcCtD": 0.25640103693610067,
    "CrCbGaD": 0.00363205758235508
  },
  "n_trials": 0.0,
  "prediction": 0.0017166920631287801,
  "status": 0,
  "training_prediction": 0.00126616113063774
}