{
  "compound_id": "DB00780",
  "compound_name": "Phenelzine",
  "compound_percentile": 0.242647058823529,
  "disease_id": "DOID:3070",
  "disease_name": "malignant glioma",
  "disease_percentile": 0.32704811443433,
  "metapath_contribution": {
    "CbGeAlD": 0.3686657092535958,
    "CbGpPWpGaD": 0.5689406579011208,
    "CcSEcCtD": 0.04036881040719817,
    "CrCbGaD": 0.02202482243808514
  },
  "n_trials": 0.0,
  "prediction": 0.00110549074537784,
  "status": 0
}