{
  "compound_id": "DB00446",
  "compound_name": "Chloramphenicol",
  "compound_percentile": 0.963235294117647,
  "disease_id": "DOID:635",
  "disease_name": "acquired immunodeficiency syndrome",
  "disease_percentile": 0.933029908972692,
  "metapath_contribution": {
    "CbGbCtD": 0.8146683712905242,
    "CbGeAlD": 0.04572268692464612,
    "CcSEcCtD": 0.1396089417848298
  },
  "n_trials": 0.0,
  "prediction": 0.0067057746309285605,
  "status": 0
}