{
  "compound_id": "DB00233",
  "compound_name": "Aminosalicylic Acid",
  "compound_percentile": 0.948529411764706,
  "disease_id": "DOID:7148",
  "disease_name": "rheumatoid arthritis",
  "disease_percentile": 0.8868660598179449,
  "metapath_contribution": {
    "CbGaD": 0.4278386640612633,
    "CbGbCtD": 0.3899779698701379,
    "CbGdCrCtD": 0.0018945841331975053,
    "CbGeAlD": 0.012635137465718161,
    "CbGpPWpGaD": 0.09749261095986414,
    "CcSEcCtD": 0.06834904240811783,
    "CrCbGaD": 0.001811991101701207
  },
  "n_trials": 0.0,
  "prediction": 0.00449876563189507,
  "status": 0
}