{
  "compound_id": "DB02300",
  "compound_name": "Calcipotriol",
  "compound_percentile": 1.0,
  "disease_id": "DOID:11476",
  "disease_name": "osteoporosis",
  "disease_percentile": 0.9947984395318601,
  "metapath_contribution": {
    "CbGaD": 0.10419340198909915,
    "CbGbCtD": 0.16109292325497754,
    "CbGeAlD": 0.006180195038863068,
    "CbGpPWpGaD": 0.012743043921702567,
    "CcSEcCtD": 0.011750184776722931,
    "CiPCiCtD": 0.2948317464459001,
    "CrCbGaD": 0.0012644227354003277,
    "CrCrCtD": 0.1641894604442293,
    "CrCtD": 0.24375462139310508
  },
  "n_trials": 0.0,
  "prediction": 0.408172404922729,
  "status": 0,
  "training_prediction": 0.6922336693430601
}