{
  "compound_id": "DB00936",
  "compound_name": "Salicylic acid",
  "compound_percentile": 0.808823529411765,
  "disease_id": "DOID:9074",
  "disease_name": "systemic lupus erythematosus",
  "disease_percentile": 0.443433029908973,
  "metapath_contribution": {
    "CbGaD": 0.3374815805880866,
    "CbGbCtD": 0.5034342396529357,
    "CbGdCrCtD": 0.002854023804757148,
    "CbGeAlD": 0.05164904902411494,
    "CbGpPWpGaD": 0.02457434273367296,
    "CcSEcCtD": 0.07633560168289986,
    "CrCbGaD": 0.0036711625135328655
  },
  "n_trials": 3.0,
  "prediction": 0.00172180698338743,
  "status": 0
}