{
  "compound_id": "DB01018",
  "compound_name": "Guanfacine",
  "compound_percentile": 0.713235294117647,
  "disease_id": "DOID:8577",
  "disease_name": "ulcerative colitis",
  "disease_percentile": 0.390767230169051,
  "metapath_contribution": {
    "CbGbCtD": 0.7157764538225718,
    "CcSEcCtD": 0.2716220691545731,
    "CrCbGaD": 0.012601477022855039
  },
  "n_trials": 0.0,
  "prediction": 0.00180614643628203,
  "status": 0,
  "training_prediction": 0.006168458037042811
}