{
  "compound_id": "DB00238",
  "compound_name": "Nevirapine",
  "compound_percentile": 0.926470588235294,
  "disease_id": "DOID:1324",
  "disease_name": "lung cancer",
  "disease_percentile": 0.858257477243173,
  "metapath_contribution": {
    "CbGaD": 0.3547687107782876,
    "CbGbCtD": 0.4219327119619979,
    "CbGpPWpGaD": 0.07799622577035893,
    "CcSEcCtD": 0.14530235148935575
  },
  "n_trials": 0.0,
  "prediction": 0.004217595180023671,
  "status": 0,
  "training_prediction": 0.0143206221444056
}