{
  "compound_id": "DB01115",
  "compound_name": "Nifedipine",
  "compound_percentile": 0.4779411764705879,
  "disease_id": "DOID:11054",
  "disease_name": "urinary bladder cancer",
  "disease_percentile": 0.322496749024707,
  "metapath_contribution": {
    "CbGbCtD": 0.6161070894546647,
    "CbGeAlD": 0.07281178187313352,
    "CbGpPWpGaD": 0.12806675593461733,
    "CcSEcCtD": 0.18301437273758453
  },
  "n_trials": 0.0,
  "prediction": 0.0011532851169414,
  "status": 0,
  "training_prediction": 0.0029574468040252603
}