{
  "compound_id": "DB01222",
  "compound_name": "Budesonide",
  "compound_percentile": 0.0367647058823529,
  "disease_id": "DOID:10534",
  "disease_name": "stomach cancer",
  "disease_percentile": 0.00715214564369311,
  "metapath_contribution": {
    "CbGpPWpGaD": 0.10087520589661814,
    "CcSEcCtD": 0.8821137378593177,
    "CrCbGaD": 0.01701105624406414
  },
  "n_trials": 0.0,
  "prediction": 0.00031977209928926096,
  "status": 0,
  "training_prediction": 0.00117562871245831
}