{
  "compound_id": "DB00715",
  "compound_name": "Paroxetine",
  "compound_percentile": 0.926470588235294,
  "disease_id": "DOID:3393",
  "disease_name": "coronary artery disease",
  "disease_percentile": 0.858257477243173,
  "metapath_contribution": {
    "CbGaD": 0.1256019460324953,
    "CbGbCtD": 0.4956414092339986,
    "CbGeAlD": 0.03793269371200743,
    "CbGpPWpGaD": 0.11827912120917501,
    "CcSEcCtD": 0.22254482981232368
  },
  "n_trials": 0.0,
  "prediction": 0.00597586366856475,
  "status": 0
}