{
  "compound_id": "DB00273",
  "compound_name": "Topiramate",
  "compound_percentile": 0.25,
  "disease_id": "DOID:1312",
  "disease_name": "focal segmental glomerulosclerosis",
  "disease_percentile": 0.626137841352406,
  "metapath_contribution": {
    "CbGeAlD": 0.05918491075350996,
    "CcSEcCtD": 0.94081508924649
  },
  "n_trials": 0.0,
  "prediction": 0.0017118290654117199,
  "status": 0,
  "training_prediction": 0.0017525488280251901
}