{
  "compound_id": "DB00694",
  "compound_name": "Daunorubicin",
  "compound_percentile": 0.007352941176470591,
  "disease_id": "DOID:2986",
  "disease_name": "IgA glomerulonephritis",
  "disease_percentile": 0.0227568270481144,
  "metapath_contribution": {
    "CbGaD": 0.6547658695240152,
    "CbGeAlD": 0.11819178458796692,
    "CbGpPWpGaD": 0.21439672470615603,
    "CrCbGaD": 0.012645621181861934
  },
  "n_trials": 0.0,
  "prediction": 0.000291056097888348,
  "status": 0
}