{
  "compound_id": "DB00477",
  "compound_name": "Chlorpromazine",
  "compound_percentile": 0.330882352941176,
  "disease_id": "DOID:1312",
  "disease_name": "focal segmental glomerulosclerosis",
  "disease_percentile": 0.0604681404421326,
  "metapath_contribution": {
    "CbGaD": 0.41757273077165025,
    "CbGbCtD": 0.3853142418993796,
    "CbGeAlD": 0.06087121980496016,
    "CbGpPWpGaD": 0.13587212114039574,
    "CrCbGaD": 0.0003696863836143056
  },
  "n_trials": 0.0,
  "prediction": 0.000724599956736632,
  "status": 0
}