{
  "compound_id": "DB00394",
  "compound_name": "Beclomethasone",
  "compound_percentile": 0.419117647058824,
  "disease_id": "DOID:9206",
  "disease_name": "Barrett's esophagus",
  "disease_percentile": 0.0266579973992198,
  "metapath_contribution": {
    "CcSEcCtD": 0.9943152188538547,
    "CrCbGaD": 0.005684781146145355
  },
  "n_trials": 0.0,
  "prediction": 0.000771415105475299,
  "status": 0,
  "training_prediction": 0.000947047165769706
}