{
  "compound_id": "DB00502",
  "compound_name": "Haloperidol",
  "compound_percentile": 0.448529411764706,
  "disease_id": "DOID:585",
  "disease_name": "nephrolithiasis",
  "disease_percentile": 0.310143042912874,
  "metapath_contribution": {
    "CbGeAlD": 0.3131294668731994,
    "CbGpPWpGaD": 0.3051123984238818,
    "CcSEcCtD": 0.38175813470291875
  },
  "n_trials": 0.0,
  "prediction": 0.00127212423146075,
  "status": 0
}