{
  "compound_id": "DB01133",
  "compound_name": "Tiludronate",
  "compound_percentile": 0.691176470588235,
  "disease_id": "DOID:11934",
  "disease_name": "head and neck cancer",
  "disease_percentile": 0.864109232769831,
  "metapath_contribution": {
    "CbGeAlD": 0.37311883375024624,
    "CbGpPWpGaD": 0.5391298494366312,
    "CcSEcCtD": 0.08775131681312254
  },
  "n_trials": 0.0,
  "prediction": 0.00240178200184677,
  "status": 0,
  "training_prediction": 0.00291470036645734
}