{
  "compound_id": "DB01410",
  "compound_name": "Ciclesonide",
  "compound_percentile": 0.595588235294118,
  "disease_id": "DOID:3277",
  "disease_name": "thymus cancer",
  "disease_percentile": 0.26072821846554,
  "metapath_contribution": {
    "CbGeAlD": 0.17244964174746943,
    "CcSEcCtD": 0.8275503582525306
  },
  "n_trials": 0.0,
  "prediction": 0.0010744270980344698,
  "status": 0,
  "training_prediction": 0.00048427699591383497
}