{
  "compound_id": "DB00897",
  "compound_name": "Triazolam",
  "compound_percentile": 0.808823529411765,
  "disease_id": "DOID:3083",
  "disease_name": "chronic obstructive pulmonary disease",
  "disease_percentile": 0.30039011703511104,
  "metapath_contribution": {
    "CbGbCtD": 0.48234078822158116,
    "CbGpPWpGaD": 0.1513983788519344,
    "CcSEcCtD": 0.3653904513667012,
    "CrCbGaD": 0.0008703815597831418
  },
  "n_trials": 0.0,
  "prediction": 0.001593756935823,
  "status": 0
}