{
  "compound_id": "DB01250",
  "compound_name": "Olsalazine",
  "compound_percentile": 0.4779411764705879,
  "disease_id": "DOID:4362",
  "disease_name": "cervical cancer",
  "disease_percentile": 0.4089726918075421,
  "metapath_contribution": {
    "CbGdCrCtD": 0.03956203292241278,
    "CbGeAlD": 0.6158784835554476,
    "CbGpPWpGaD": 0.34455948352213966
  },
  "n_trials": 0.0,
  "prediction": 0.0012540420535964599,
  "status": 0,
  "training_prediction": 0.000565290753299156
}