{
  "compound_id": "DB00862",
  "compound_name": "Vardenafil",
  "compound_percentile": 0.7941176470588229,
  "disease_id": "DOID:1936",
  "disease_name": "atherosclerosis",
  "disease_percentile": 0.6638491547464239,
  "metapath_contribution": {
    "CbGbCtD": 0.5467038988134801,
    "CbGeAlD": 0.047213175149031915,
    "CbGpPWpGaD": 0.1442121237766588,
    "CcSEcCtD": 0.2618708022608291
  },
  "n_trials": 0.0,
  "prediction": 0.00229622807436888,
  "status": 0
}