{
  "compound_id": "DB01013",
  "compound_name": "Clobetasol propionate",
  "compound_percentile": 0.3529411764705879,
  "disease_id": "DOID:1115",
  "disease_name": "sarcoma",
  "disease_percentile": 0.0812743823146944,
  "metapath_contribution": {
    "CbGbCtD": 0.8863633083306465,
    "CcSEcCtD": 0.1136366916693536
  },
  "n_trials": 0.0,
  "prediction": 0.0007652155170818429,
  "status": 0,
  "training_prediction": 0.00154519305705355
}