{
  "compound_id": "DB01115",
  "compound_name": "Nifedipine",
  "compound_percentile": 0.558823529411765,
  "disease_id": "DOID:7147",
  "disease_name": "ankylosing spondylitis",
  "disease_percentile": 0.367360208062419,
  "metapath_contribution": {
    "CbGbCtD": 0.8262651900574992,
    "CbGpPWpGaD": 0.007629860084376261,
    "CcSEcCtD": 0.16610494985812463
  },
  "n_trials": 0.0,
  "prediction": 0.00141929674826023,
  "status": 0,
  "training_prediction": 0.00286406268349657
}