{
  "compound_id": "DB01059",
  "compound_name": "Norfloxacin",
  "compound_percentile": 0.8308823529411771,
  "disease_id": "DOID:3310",
  "disease_name": "atopic dermatitis",
  "disease_percentile": 0.420676202860858,
  "metapath_contribution": {
    "CbGbCtD": 0.7519184772460941,
    "CbGdCrCtD": 0.005508709670638372,
    "CcSEcCtD": 0.2425728130832677
  },
  "n_trials": 0.0,
  "prediction": 0.00192547419105617,
  "status": 0
}