{
  "compound_id": "DB00261",
  "compound_name": "Anagrelide",
  "compound_percentile": 0.801470588235294,
  "disease_id": "DOID:1024",
  "disease_name": "leprosy",
  "disease_percentile": 0.8368010403120941,
  "metapath_contribution": {
    "CbGbCtD": 0.7040556207358502,
    "CcSEcCtD": 0.2959443792641499
  },
  "n_trials": 0.0,
  "prediction": 0.00274335251737132,
  "status": 0,
  "training_prediction": 0.00270628184341802
}