{
  "compound_id": "DB01033",
  "compound_name": "Mercaptopurine",
  "compound_percentile": 0.713235294117647,
  "disease_id": "DOID:12236",
  "disease_name": "primary biliary cirrhosis",
  "disease_percentile": 0.854356306892068,
  "metapath_contribution": {
    "CbGbCtD": 0.6362912417546641,
    "CbGpPWpGaD": 0.11801431083225283,
    "CcSEcCtD": 0.24569444741308302
  },
  "n_trials": 0.0,
  "prediction": 0.00294751584928976,
  "status": 0,
  "training_prediction": 0.00657973957698604
}