{
  "compound_id": "DB00788",
  "compound_name": "Naproxen",
  "compound_percentile": 0.007352941176470591,
  "disease_id": "DOID:2986",
  "disease_name": "IgA glomerulonephritis",
  "disease_percentile": 0.1222366710013,
  "metapath_contribution": {
    "CbGaD": 0.5465364665817626,
    "CbGeAlD": 0.152396038715536,
    "CbGpPWpGaD": 0.30106749470270144
  },
  "n_trials": 0.0,
  "prediction": 0.0005251747470936509,
  "status": 0
}