{
  "compound_id": "DB00394",
  "compound_name": "Beclomethasone",
  "compound_percentile": 0.0661764705882353,
  "disease_id": "DOID:10652",
  "disease_name": "Alzheimer's disease",
  "disease_percentile": 0.0227568270481144,
  "metapath_contribution": {
    "CbGpPWpGaD": 0.12335870027057866,
    "CcSEcCtD": 0.8638473670403943,
    "CrCbGaD": 0.012793932689026954
  },
  "n_trials": 0.0,
  "prediction": 0.000545679796532021,
  "status": 0,
  "training_prediction": 0.00110445337875918
}