{
  "compound_id": "DB01065",
  "compound_name": "Melatonin",
  "compound_percentile": 0.852941176470588,
  "disease_id": "DOID:1826",
  "disease_name": "epilepsy syndrome",
  "disease_percentile": 0.55591677503251,
  "metapath_contribution": {
    "CbGaD": 0.14198592584724082,
    "CbGbCtD": 0.4379313110757904,
    "CbGeAlD": 0.08055116612739706,
    "CbGpPWpGaD": 0.14610737642165125,
    "CcSEcCtD": 0.1909835832040195,
    "CrCbGaD": 0.002440637323900971
  },
  "n_trials": 2.0,
  "prediction": 0.00379458152208175,
  "status": 0
}