{
  "compound_id": "DB01073",
  "compound_name": "Fludarabine",
  "compound_percentile": 0.389705882352941,
  "disease_id": "DOID:12930",
  "disease_name": "dilated cardiomyopathy",
  "disease_percentile": 0.0806241872561769,
  "metapath_contribution": {
    "CbGeAlD": 0.17494628431065667,
    "CcSEcCtD": 0.8065332772272387,
    "CrCbGaD": 0.018520438462104643
  },
  "n_trials": 0.0,
  "prediction": 0.0009391193146211881,
  "status": 0,
  "training_prediction": 0.00154419319355118
}