{
  "compound_id": "DB00126",
  "compound_name": "Vitamin C",
  "compound_percentile": 0.20588235294117604,
  "disease_id": "DOID:11476",
  "disease_name": "osteoporosis",
  "disease_percentile": 0.6053315994798439,
  "metapath_contribution": {
    "CbGdCrCtD": 0.010781320417760209,
    "CbGeAlD": 0.2836154911140842,
    "CbGpPWpGaD": 0.7056031884681556
  },
  "n_trials": 0.0,
  "prediction": 0.00215051999891902,
  "status": 0,
  "training_prediction": 0.00697942876142454
}