{
  "compound_id": "DB00253",
  "compound_name": "Medrysone",
  "compound_percentile": 0.838235294117647,
  "disease_id": "DOID:1595",
  "disease_name": "endogenous depression",
  "disease_percentile": 0.189856957087126,
  "metapath_contribution": {
    "CbGaD": 0.9735345526132009,
    "CbGeAlD": 0.017677743254375614,
    "CrCbGaD": 0.008787704132423512
  },
  "n_trials": 0.0,
  "prediction": 0.00105153337388128,
  "status": 0
}