{
  "compound_id": "DB01551",
  "compound_name": "Dihydrocodeine",
  "compound_percentile": 0.713235294117647,
  "disease_id": "DOID:3393",
  "disease_name": "coronary artery disease",
  "disease_percentile": 0.18855656697009102,
  "metapath_contribution": {
    "CbGbCtD": 0.6550937411301676,
    "CbGpPWpGaD": 0.07034613138111066,
    "CcSEcCtD": 0.26615476818502654,
    "CrCbGaD": 0.008405359303695138
  },
  "n_trials": 0.0,
  "prediction": 0.00122826281520887,
  "status": 0
}