{
  "compound_id": "DB06809",
  "compound_name": "Plerixafor",
  "compound_percentile": 0.911764705882353,
  "disease_id": "DOID:9352",
  "disease_name": "type 2 diabetes mellitus",
  "disease_percentile": 0.5221066319895971,
  "metapath_contribution": {
    "CbGeAlD": 0.13445753498227309,
    "CbGpPWpGaD": 0.3225562563457805,
    "CcSEcCtD": 0.5429862086719465
  },
  "n_trials": 0.0,
  "prediction": 0.00258756938056608,
  "status": 0
}