{
  "compound_id": "DB04552",
  "compound_name": "Niflumic Acid",
  "compound_percentile": 0.661764705882353,
  "disease_id": "DOID:1115",
  "disease_name": "sarcoma",
  "disease_percentile": 0.7126137841352409,
  "metapath_contribution": {
    "CbGbCtD": 0.861898247416655,
    "CbGeAlD": 0.11120384406002494,
    "CbGpPWpGaD": 0.026897908523319997
  },
  "n_trials": 0.0,
  "prediction": 0.00198449330924641,
  "status": 0
}