{
  "compound_id": "DB01067",
  "compound_name": "Glipizide",
  "compound_percentile": 0.0441176470588235,
  "disease_id": "DOID:3953",
  "disease_name": "adrenal gland cancer",
  "disease_percentile": 0.09362808842652802,
  "metapath_contribution": {
    "CbGeAlD": 0.15261905998084102,
    "CbGpPWpGaD": 0.7113186889463088,
    "CrCbGaD": 0.1360622510728502
  },
  "n_trials": 0.0,
  "prediction": 0.000706194220025251,
  "status": 0
}