{
  "compound_id": "DB06781",
  "compound_name": "Difluprednate",
  "compound_percentile": 0.911764705882353,
  "disease_id": "DOID:13189",
  "disease_name": "gout",
  "disease_percentile": 0.918075422626788,
  "metapath_contribution": {
    "CbGbCtD": 0.2499296297712943,
    "CcSEcCtD": 0.02515292856883814,
    "CrCrCtD": 0.3510875702610661,
    "CrCtD": 0.3738298713988014
  },
  "n_trials": 0.0,
  "prediction": 0.0076772654040952,
  "status": 0
}