{
  "compound_id": "DB00917",
  "compound_name": "Dinoprostone",
  "compound_percentile": 0.727941176470588,
  "disease_id": "DOID:219",
  "disease_name": "colon cancer",
  "disease_percentile": 0.690507152145644,
  "metapath_contribution": {
    "CbGbCtD": 0.7552391589925262,
    "CbGeAlD": 0.10467998560445058,
    "CbGpPWpGaD": 0.06029241290029286,
    "CcSEcCtD": 0.07920346757509736,
    "CrCbGaD": 0.0005849749276328533
  },
  "n_trials": 0.0,
  "prediction": 0.0020750719972159604,
  "status": 0
}