{
  "compound_id": "DB00104",
  "compound_name": "Octreotide",
  "compound_percentile": 0.904411764705882,
  "disease_id": "DOID:10763",
  "disease_name": "hypertension",
  "disease_percentile": 0.384265279583875,
  "metapath_contribution": {
    "CbGaD": 0.37255631387710686,
    "CbGeAlD": 0.06978227525697443,
    "CbGpPWpGaD": 0.23839626562911817,
    "CcSEcCtD": 0.3120185692831621,
    "CrCbGaD": 0.007246575953638493
  },
  "n_trials": 0.0,
  "prediction": 0.00294223722666242,
  "status": 0,
  "training_prediction": 0.0340947269287116
}