{
  "compound_id": "DB08901",
  "compound_name": "Ponatinib",
  "compound_percentile": 0.47058823529411803,
  "disease_id": "DOID:7148",
  "disease_name": "rheumatoid arthritis",
  "disease_percentile": 0.464889466840052,
  "metapath_contribution": {
    "CbGbCtD": 0.5185568896046829,
    "CbGeAlD": 0.06454166815876271,
    "CbGpPWpGaD": 0.2486733979761434,
    "CcSEcCtD": 0.16068562767883943,
    "CrCbGaD": 0.007542416581571452
  },
  "n_trials": 0.0,
  "prediction": 0.00167831382779182,
  "status": 0
}