{
  "compound_id": "DB00304",
  "compound_name": "Desogestrel",
  "compound_percentile": 0.169117647058824,
  "disease_id": "DOID:2994",
  "disease_name": "germ cell cancer",
  "disease_percentile": 0.0260078023407022,
  "metapath_contribution": {
    "CbGeAlD": 0.6529410210747039,
    "CbGpPWpGaD": 0.141043179524591,
    "CcSEcCtD": 0.20601579940070508
  },
  "n_trials": 0.0,
  "prediction": 0.000649678096343367,
  "status": 0
}