{
  "compound_id": "DB00014",
  "compound_name": "Goserelin",
  "compound_percentile": 0.757352941176471,
  "disease_id": "DOID:2377",
  "disease_name": "multiple sclerosis",
  "disease_percentile": 0.44603381014304294,
  "metapath_contribution": {
    "CbGpPWpGaD": 0.2940945778247181,
    "CcSEcCtD": 0.6985962019553358,
    "CrCbGaD": 0.007309220219946186
  },
  "n_trials": 0.0,
  "prediction": 0.0017220068770128199,
  "status": 0,
  "training_prediction": 0.007337013594492941
}