{
  "compound_id": "DB00286",
  "compound_name": "Conjugated Estrogens",
  "compound_percentile": 0.691176470588235,
  "disease_id": "DOID:3083",
  "disease_name": "chronic obstructive pulmonary disease",
  "disease_percentile": 0.335500650195059,
  "metapath_contribution": {
    "CbGaD": 0.24114859024120033,
    "CbGbCtD": 0.26997571606773935,
    "CbGeAlD": 0.0219165009003405,
    "CbGpPWpGaD": 0.05118575662511731,
    "CcSEcCtD": 0.14723275269661626,
    "CrCbGaD": 0.001970989180379207,
    "CrCrCtD": 0.266569694288607
  },
  "n_trials": 0.0,
  "prediction": 0.0016776244908895698,
  "status": 0,
  "training_prediction": 0.00614537520314087
}