{
  "compound_id": "DB00863",
  "compound_name": "Ranitidine",
  "compound_percentile": 0.9852941176470591,
  "disease_id": "DOID:635",
  "disease_name": "acquired immunodeficiency syndrome",
  "disease_percentile": 0.6820546163849152,
  "metapath_contribution": {
    "CbGbCtD": 0.7909882207332487,
    "CbGeAlD": 0.02413485594169905,
    "CcSEcCtD": 0.18487692332505223
  },
  "n_trials": 0.0,
  "prediction": 0.00325785333415637,
  "status": 0
}