{
  "compound_id": "DB00589",
  "compound_name": "Lisuride",
  "compound_percentile": 0.595588235294118,
  "disease_id": "DOID:1192",
  "disease_name": "peripheral nervous system neoplasm",
  "disease_percentile": 0.41807542262678793,
  "metapath_contribution": {
    "CbGeAlD": 0.3096970512061914,
    "CbGpPWpGaD": 0.1407593356354299,
    "CcSEcCtD": 0.5467072485520406,
    "CrCbGaD": 0.0028363646063382106
  },
  "n_trials": 0.0,
  "prediction": 0.00152077760711141,
  "status": 0
}