{
  "compound_id": "DB01340",
  "compound_name": "Cilazapril",
  "compound_percentile": 0.264705882352941,
  "disease_id": "DOID:4989",
  "disease_name": "pancreatitis",
  "disease_percentile": 0.34330299089726896,
  "metapath_contribution": {
    "CbGpPWpGaD": 0.06289395157328459,
    "CcSEcCtD": 0.9165254630649912,
    "CrCbGaD": 0.02058058536172417
  },
  "n_trials": 0.0,
  "prediction": 0.00122346800712035,
  "status": 0
}