{
  "compound_id": "DB01036",
  "compound_name": "Tolterodine",
  "compound_percentile": 0.933823529411765,
  "disease_id": "DOID:4989",
  "disease_name": "pancreatitis",
  "disease_percentile": 0.9135240572171651,
  "metapath_contribution": {
    "CbGbCtD": 0.8826830282198547,
    "CbGpPWpGaD": 0.045731005442230716,
    "CcSEcCtD": 0.07158596633791471
  },
  "n_trials": 0.0,
  "prediction": 0.00314854344943389,
  "status": 0
}