{
  "compound_id": "DB00864",
  "compound_name": "Tacrolimus",
  "compound_percentile": 0.757352941176471,
  "disease_id": "DOID:5041",
  "disease_name": "esophageal cancer",
  "disease_percentile": 0.568270481144343,
  "metapath_contribution": {
    "CbGaD": 0.7306556849198715,
    "CbGeAlD": 0.03707119279979434,
    "CbGpPWpGaD": 0.09650559832891491,
    "CcSEcCtD": 0.12770203460373653,
    "CrCbGaD": 0.008065489347682636
  },
  "n_trials": 0.0,
  "prediction": 0.00160734434193717,
  "status": 0,
  "training_prediction": 0.0019509364395425
}