{
  "compound_id": "DB01098",
  "compound_name": "Rosuvastatin",
  "compound_percentile": 0.882352941176471,
  "disease_id": "DOID:2043",
  "disease_name": "hepatitis B",
  "disease_percentile": 0.870611183355007,
  "metapath_contribution": {
    "CbGaD": 0.2544469618573438,
    "CbGbCtD": 0.5246321936450489,
    "CbGeAlD": 0.04920394143513081,
    "CbGpPWpGaD": 0.034674476584014825,
    "CcSEcCtD": 0.13648896980606465,
    "CrCbGaD": 0.0005534566723969318
  },
  "n_trials": 0.0,
  "prediction": 0.00255288784094712,
  "status": 0,
  "training_prediction": 0.005156428991652929
}