{
  "compound_id": "DB01039",
  "compound_name": "Fenofibrate",
  "compound_percentile": 0.691176470588235,
  "disease_id": "DOID:2998",
  "disease_name": "testicular cancer",
  "disease_percentile": 0.642392717815345,
  "metapath_contribution": {
    "CbGbCtD": 0.5563191949192596,
    "CcSEcCtD": 0.4436808050807405
  },
  "n_trials": 0.0,
  "prediction": 0.0019232054237885102,
  "status": 0,
  "training_prediction": 0.0049258656197923205
}