{
  "compound_id": "DB01179",
  "compound_name": "Podofilox",
  "compound_percentile": 0.0735294117647059,
  "disease_id": "DOID:2986",
  "disease_name": "IgA glomerulonephritis",
  "disease_percentile": 0.319895968790637,
  "metapath_contribution": {
    "CbGaD": 0.7509718762593282,
    "CbGeAlD": 0.054618698339985,
    "CbGpPWpGaD": 0.18872819042582012,
    "CrCbGaD": 0.005681234974866728
  },
  "n_trials": 0.0,
  "prediction": 0.000749250307159784,
  "status": 0
}