{
  "compound_id": "DB01431",
  "compound_name": "Allylestrenol",
  "compound_percentile": 0.948529411764706,
  "disease_id": "DOID:13223",
  "disease_name": "uterine fibroid",
  "disease_percentile": 0.980494148244473,
  "metapath_contribution": {
    "CbGaD": 0.9339411740038176,
    "CbGeAlD": 0.05780611061188072,
    "CrCbGaD": 0.008252715384301711
  },
  "n_trials": 0.0,
  "prediction": 0.0029176795413847698,
  "status": 0
}