{
  "compound_id": "DB00470",
  "compound_name": "Dronabinol",
  "compound_percentile": 0.8602941176470591,
  "disease_id": "DOID:635",
  "disease_name": "acquired immunodeficiency syndrome",
  "disease_percentile": 0.893368010403121,
  "metapath_contribution": {
    "CbGbCtD": 0.7605414067384608,
    "CbGeAlD": 0.04233454783479755,
    "CbGpPWpGaD": 0.023809967907778205,
    "CcSEcCtD": 0.17331407751896344
  },
  "n_trials": 0.0,
  "prediction": 0.0053022813274213,
  "status": 0
}