{
  "compound_id": "DB08896",
  "compound_name": "Regorafenib",
  "compound_percentile": 0.007352941176470591,
  "disease_id": "DOID:2986",
  "disease_name": "IgA glomerulonephritis",
  "disease_percentile": 0.05851755526658001,
  "metapath_contribution": {
    "CbGeAlD": 0.2654401583885674,
    "CbGpPWpGaD": 0.7165279442637125,
    "CrCbGaD": 0.01803189734772008
  },
  "n_trials": 0.0,
  "prediction": 0.00041682394560760603,
  "status": 0
}