{
  "compound_id": "DB00903",
  "compound_name": "Ethacrynic acid",
  "compound_percentile": 0.801470588235294,
  "disease_id": "DOID:1936",
  "disease_name": "atherosclerosis",
  "disease_percentile": 0.8348504551365409,
  "metapath_contribution": {
    "CbGaD": 0.4657244805646376,
    "CbGbCtD": 0.28442834854375604,
    "CbGpPWpGaD": 0.10843523768510661,
    "CcSEcCtD": 0.14141193320649986
  },
  "n_trials": 0.0,
  "prediction": 0.00328635520839158,
  "status": 0,
  "training_prediction": 0.0053543176068771
}