{
  "compound_id": "DB00132",
  "compound_name": "Alpha-Linolenic Acid",
  "compound_percentile": 0.948529411764706,
  "disease_id": "DOID:3070",
  "disease_name": "malignant glioma",
  "disease_percentile": 0.912873862158648,
  "metapath_contribution": {
    "CbGaD": 0.8497519276859797,
    "CbGeAlD": 0.0963399067848501,
    "CbGpPWpGaD": 0.046403384117268416,
    "CrCbGaD": 0.007504781411901671
  },
  "n_trials": 0.0,
  "prediction": 0.00271367320870515,
  "status": 0
}