{
  "compound_id": "DB00228",
  "compound_name": "Enflurane",
  "compound_percentile": 0.963235294117647,
  "disease_id": "DOID:1612",
  "disease_name": "breast cancer",
  "disease_percentile": 0.737971391417425,
  "metapath_contribution": {
    "CbGaD": 0.7503410615354736,
    "CbGbCtD": 0.0393725491345134,
    "CbGeAlD": 0.05632720396598369,
    "CbGpPWpGaD": 0.08700084133037919,
    "CcSEcCtD": 0.0669083644950297,
    "CrCbGaD": 4.9979538620385113e-05
  },
  "n_trials": 0.0,
  "prediction": 0.0040026877960993,
  "status": 0
}