{
  "compound_id": "DB00694",
  "compound_name": "Daunorubicin",
  "compound_percentile": 0.8897058823529409,
  "disease_id": "DOID:10534",
  "disease_name": "stomach cancer",
  "disease_percentile": 0.9947984395318601,
  "metapath_contribution": {
    "CbGbCtD": 0.16331596746828506,
    "CbGdCrCtD": 0.00073962549841843,
    "CbGeAlD": 0.012594560579380933,
    "CbGpPWpGaD": 0.0180221933209643,
    "CcSEcCtD": 0.034813105714019396,
    "CiPCiCtD": 0.339672947130267,
    "CrCbGaD": 0.0004420573522266183,
    "CrCrCtD": 0.16808467093186444,
    "CrCtD": 0.2623148720045739
  },
  "n_trials": 0.0,
  "prediction": 0.0468813769439421,
  "status": 0,
  "training_prediction": 0.0979535023891378
}