{
  "compound_id": "DB00887",
  "compound_name": "Bumetanide",
  "compound_percentile": 0.8897058823529409,
  "disease_id": "DOID:219",
  "disease_name": "colon cancer",
  "disease_percentile": 0.940832249674902,
  "metapath_contribution": {
    "CbGaD": 0.6351054256931072,
    "CbGbCtD": 0.19842139380183496,
    "CbGeAlD": 0.05076288588125745,
    "CbGpPWpGaD": 0.07535228880089671,
    "CcSEcCtD": 0.03511249958235392,
    "CrCbGaD": 0.005245506240549743
  },
  "n_trials": 0.0,
  "prediction": 0.00406737664591204,
  "status": 0,
  "training_prediction": 0.00579751783171882
}