{
  "compound_id": "DB00880",
  "compound_name": "Chlorothiazide",
  "compound_percentile": 0.926470588235294,
  "disease_id": "DOID:635",
  "disease_name": "acquired immunodeficiency syndrome",
  "disease_percentile": 0.30234070221066306,
  "metapath_contribution": {
    "CbGbCtD": 0.6686134197646937,
    "CbGeAlD": 0.057499651944059656,
    "CcSEcCtD": 0.27388692829124656
  },
  "n_trials": 0.0,
  "prediction": 0.0017786360911820301,
  "status": 0,
  "training_prediction": 0.005475108144037929
}