{
  "compound_id": "DB00833",
  "compound_name": "Cefaclor",
  "compound_percentile": 0.948529411764706,
  "disease_id": "DOID:3083",
  "disease_name": "chronic obstructive pulmonary disease",
  "disease_percentile": 0.45968790637191204,
  "metapath_contribution": {
    "CbGaD": 0.8078747234998863,
    "CbGpPWpGaD": 0.006009188082442972,
    "CcSEcCtD": 0.18380983577162577,
    "CrCbGaD": 0.0023062526460449775
  },
  "n_trials": 0.0,
  "prediction": 0.0020311822403281,
  "status": 0
}