{
  "compound_id": "DB01157",
  "compound_name": "Trimetrexate",
  "compound_percentile": 0.977941176470588,
  "disease_id": "DOID:2355",
  "disease_name": "anemia",
  "disease_percentile": 0.9843953185955792,
  "metapath_contribution": {
    "CbGaD": 0.8912847338750916,
    "CbGeAlD": 0.02518530470021263,
    "CbGpPWpGaD": 0.07909607304313748,
    "CrCbGaD": 0.004433888381558368
  },
  "n_trials": 0.0,
  "prediction": 0.00453171544703266,
  "status": 0
}