{
  "compound_id": "DB00761",
  "compound_name": "Potassium Chloride",
  "compound_percentile": 0.786764705882353,
  "disease_id": "DOID:1324",
  "disease_name": "lung cancer",
  "disease_percentile": 0.634590377113134,
  "metapath_contribution": {
    "CbGeAlD": 0.31962434720422883,
    "CbGpPWpGaD": 0.20658791207933078,
    "CcSEcCtD": 0.4737877407164404
  },
  "n_trials": 0.0,
  "prediction": 0.00228303170155314,
  "status": 0
}