{
  "compound_id": "DB00312",
  "compound_name": "Pentobarbital",
  "compound_percentile": 0.595588235294118,
  "disease_id": "DOID:2998",
  "disease_name": "testicular cancer",
  "disease_percentile": 0.49349804941482395,
  "metapath_contribution": {
    "CbGbCtD": 0.5251909803516015,
    "CbGeAlD": 0.2936380428686507,
    "CcSEcCtD": 0.1811709767797478
  },
  "n_trials": 0.0,
  "prediction": 0.0015854040486035599,
  "status": 0
}