{
  "compound_id": "DB01045",
  "compound_name": "Rifampicin",
  "compound_percentile": 0.8897058823529409,
  "disease_id": "DOID:3083",
  "disease_name": "chronic obstructive pulmonary disease",
  "disease_percentile": 0.7555266579973992,
  "metapath_contribution": {
    "CbGaD": 0.30897265086645326,
    "CbGbCtD": 0.59806441708255,
    "CbGpPWpGaD": 0.0908386502416626,
    "CrCbGaD": 0.0021242818093341804
  },
  "n_trials": 0.0,
  "prediction": 0.00345751144479143,
  "status": 0,
  "training_prediction": 0.0076013653263207
}