{
  "compound_id": "DB00286",
  "compound_name": "Conjugated Estrogens",
  "compound_percentile": 0.808823529411765,
  "disease_id": "DOID:1826",
  "disease_name": "epilepsy syndrome",
  "disease_percentile": 0.357607282184655,
  "metapath_contribution": {
    "CbGaD": 0.34512799800091787,
    "CbGbCtD": 0.36184693632409637,
    "CbGeAlD": 0.03489714034676808,
    "CbGpPWpGaD": 0.09762688125253283,
    "CcSEcCtD": 0.15781644971989933,
    "CrCbGaD": 0.002684594355785544
  },
  "n_trials": 0.0,
  "prediction": 0.0024390692047774197,
  "status": 0,
  "training_prediction": 0.0196561535340044
}