{
  "compound_id": "DB00629",
  "compound_name": "Guanabenz",
  "compound_percentile": 0.279411764705882,
  "disease_id": "DOID:12930",
  "disease_name": "dilated cardiomyopathy",
  "disease_percentile": 0.542262678803641,
  "metapath_contribution": {
    "CbGpPWpGaD": 0.14570871550237807,
    "CcSEcCtD": 0.8542912844976219
  },
  "n_trials": 0.0,
  "prediction": 0.00171116362767722,
  "status": 0,
  "training_prediction": 0.00168801721962822
}