{
  "compound_id": "DB00501",
  "compound_name": "Cimetidine",
  "compound_percentile": 0.566176470588235,
  "disease_id": "DOID:11054",
  "disease_name": "urinary bladder cancer",
  "disease_percentile": 0.842002600780234,
  "metapath_contribution": {
    "CbGbCtD": 0.5912106989663206,
    "CbGeAlD": 0.098989560511461,
    "CbGpPWpGaD": 0.1487338561592631,
    "CcSEcCtD": 0.16106588436295535
  },
  "n_trials": 0.0,
  "prediction": 0.0027296519466091396,
  "status": 0,
  "training_prediction": 0.006982591506503539
}