{
  "compound_id": "DB00275",
  "compound_name": "Olmesartan",
  "compound_percentile": 0.639705882352941,
  "disease_id": "DOID:4159",
  "disease_name": "skin cancer",
  "disease_percentile": 0.518855656697009,
  "metapath_contribution": {
    "CbGbCtD": 0.48225118024527414,
    "CbGeAlD": 0.012641729609354457,
    "CcSEcCtD": 0.5051070901453716
  },
  "n_trials": 0.0,
  "prediction": 0.0017571052265257698,
  "status": 0,
  "training_prediction": 0.00643515994251269
}