{
  "compound_id": "DB04953",
  "compound_name": "Ezogabine",
  "compound_percentile": 0.617647058823529,
  "disease_id": "DOID:3310",
  "disease_name": "atopic dermatitis",
  "disease_percentile": 0.4369310793237971,
  "metapath_contribution": {
    "CbGbCtD": 0.00942348008124626,
    "CbGeAlD": 0.121599171353434,
    "CcSEcCtD": 0.8689773485653198
  },
  "n_trials": 0.0,
  "prediction": 0.0019602014444410802,
  "status": 0
}