{
  "compound_id": "DB00674",
  "compound_name": "Galantamine",
  "compound_percentile": 0.6764705882352939,
  "disease_id": "DOID:1459",
  "disease_name": "hypothyroidism",
  "disease_percentile": 0.6931079323797139,
  "metapath_contribution": {
    "CbGeAlD": 0.40329617355128744,
    "CbGpPWpGaD": 0.20386920617815188,
    "CcSEcCtD": 0.39283462027056065
  },
  "n_trials": 0.0,
  "prediction": 0.00207949683260838,
  "status": 0,
  "training_prediction": 0.00252376292807509
}