{
  "compound_id": "DB08981",
  "compound_name": "Fenbufen",
  "compound_percentile": 0.6764705882352939,
  "disease_id": "DOID:14221",
  "disease_name": "metabolic syndrome X",
  "disease_percentile": 0.4882964889466839,
  "metapath_contribution": {
    "CbGaD": 0.8961559630915596,
    "CbGeAlD": 0.02361426627720851,
    "CbGpPWpGaD": 0.07066207875053197,
    "CrCbGaD": 0.009567691880699905
  },
  "n_trials": 0.0,
  "prediction": 0.00137492584422097,
  "status": 0
}