{
  "compound_id": "DB06702",
  "compound_name": "Fesoterodine",
  "compound_percentile": 0.7058823529411771,
  "disease_id": "DOID:9074",
  "disease_name": "systemic lupus erythematosus",
  "disease_percentile": 0.6918075422626789,
  "metapath_contribution": {
    "CbGbCtD": 0.7604653996811774,
    "CbGeAlD": 0.012848177750824226,
    "CcSEcCtD": 0.22668642256799834
  },
  "n_trials": 0.0,
  "prediction": 0.0025140423576547,
  "status": 0
}