{
  "compound_id": "DB00783",
  "compound_name": "Estradiol",
  "compound_percentile": 0.7352941176470591,
  "disease_id": "DOID:1024",
  "disease_name": "leprosy",
  "disease_percentile": 0.58777633289987,
  "metapath_contribution": {
    "CbGbCtD": 0.8475579345873798,
    "CbGeAlD": 0.03143618974511233,
    "CcSEcCtD": 0.12100587566750785
  },
  "n_trials": 0.0,
  "prediction": 0.0020190968760257604,
  "status": 0,
  "training_prediction": 0.0033176887847211197
}