{
  "compound_id": "DB06414",
  "compound_name": "Etravirine",
  "compound_percentile": 0.647058823529412,
  "disease_id": "DOID:11054",
  "disease_name": "urinary bladder cancer",
  "disease_percentile": 0.7399219765929781,
  "metapath_contribution": {
    "CbGbCtD": 0.605755450672533,
    "CbGeAlD": 0.023471235940550676,
    "CbGpPWpGaD": 0.09497208248226217,
    "CcSEcCtD": 0.2758012309046542
  },
  "n_trials": 0.0,
  "prediction": 0.00224264359136231,
  "status": 0
}