{
  "compound_id": "DB00407",
  "compound_name": "Ardeparin",
  "compound_percentile": 0.970588235294118,
  "disease_id": "DOID:2531",
  "disease_name": "hematologic cancer",
  "disease_percentile": 0.631339401820546,
  "metapath_contribution": {
    "CbGeAlD": 0.11535880725078687,
    "CbGpPWpGaD": 0.2290717090715482,
    "CcSEcCtD": 0.6555694836776649
  },
  "n_trials": 0.0,
  "prediction": 0.00290238882285822,
  "status": 0
}