{
  "compound_id": "DB00125",
  "compound_name": "L-Arginine",
  "compound_percentile": 0.25,
  "disease_id": "DOID:3312",
  "disease_name": "bipolar disorder",
  "disease_percentile": 0.46098829648894707,
  "metapath_contribution": {
    "CbGeAlD": 0.4734302261352334,
    "CbGpPWpGaD": 0.5242140389888703,
    "CrCbGaD": 0.0023557348758963103
  },
  "n_trials": 0.0,
  "prediction": 0.00134072603061927,
  "status": 0
}