{
  "compound_id": "DB00697",
  "compound_name": "Tizanidine",
  "compound_percentile": 0.11764705882352902,
  "disease_id": "DOID:12930",
  "disease_name": "dilated cardiomyopathy",
  "disease_percentile": 0.19180754226267901,
  "metapath_contribution": {
    "CbGpPWpGaD": 0.15602849917032904,
    "CcSEcCtD": 0.8263948894872342,
    "CrCbGaD": 0.017576611342436658
  },
  "n_trials": 0.0,
  "prediction": 0.00113425716301576,
  "status": 0
}