{
  "compound_id": "DB00126",
  "compound_name": "Vitamin C",
  "compound_percentile": 0.169117647058824,
  "disease_id": "DOID:9074",
  "disease_name": "systemic lupus erythematosus",
  "disease_percentile": 0.58257477243173,
  "metapath_contribution": {
    "CbGdCrCtD": 0.019698956003278957,
    "CbGeAlD": 0.692708731619488,
    "CbGpPWpGaD": 0.28759231237723293
  },
  "n_trials": 0.0,
  "prediction": 0.00212635152076428,
  "status": 0,
  "training_prediction": 0.00618155804975125
}