{
  "compound_id": "DB00135",
  "compound_name": "L-Tyrosine",
  "compound_percentile": 0.13235294117647098,
  "disease_id": "DOID:9074",
  "disease_name": "systemic lupus erythematosus",
  "disease_percentile": 0.19180754226267901,
  "metapath_contribution": {
    "CbGdCrCtD": 0.04892645919701643,
    "CbGeAlD": 0.6923641068033412,
    "CbGpPWpGaD": 0.21409109840567966,
    "CrCbGaD": 0.04461833559396286
  },
  "n_trials": 0.0,
  "prediction": 0.00113534461416822,
  "status": 0
}