{
  "compound_id": "DB00464",
  "compound_name": "Sodium Tetradecyl Sulfate",
  "compound_percentile": 0.0661764705882353,
  "disease_id": "DOID:11612",
  "disease_name": "polycystic ovary syndrome",
  "disease_percentile": 0.375162548764629,
  "metapath_contribution": {
    "CbGeAlD": 0.27170031622438867,
    "CbGpPWpGaD": 0.45387442040622,
    "CcSEcCtD": 0.2744252633693914
  },
  "n_trials": 0.0,
  "prediction": 0.00118234625026064,
  "status": 0
}