{
  "compound_id": "DB00391",
  "compound_name": "Sulpiride",
  "compound_percentile": 0.7941176470588229,
  "disease_id": "DOID:12849",
  "disease_name": "autistic disorder",
  "disease_percentile": 0.665149544863459,
  "metapath_contribution": {
    "CbGaD": 0.7668295966804944,
    "CbGeAlD": 0.10953221506345708,
    "CbGpPWpGaD": 0.11639532394680055,
    "CrCbGaD": 0.007242864309247914
  },
  "n_trials": 0.0,
  "prediction": 0.0017219973121746599,
  "status": 0
}