{
  "compound_id": "DB00495",
  "compound_name": "Zidovudine",
  "compound_percentile": 0.639705882352941,
  "disease_id": "DOID:2998",
  "disease_name": "testicular cancer",
  "disease_percentile": 0.65149544863459,
  "metapath_contribution": {
    "CbGbCtD": 0.7625076814258274,
    "CbGeAlD": 0.027215372500998,
    "CbGpPWpGaD": 0.022775363434239818,
    "CcSEcCtD": 0.18750158263893485
  },
  "n_trials": 0.0,
  "prediction": 0.0019358370956975301,
  "status": 0,
  "training_prediction": 0.00495812088517887
}