{
  "compound_id": "DB08804",
  "compound_name": "Nandrolone decanoate",
  "compound_percentile": 0.161764705882353,
  "disease_id": "DOID:1324",
  "disease_name": "lung cancer",
  "disease_percentile": 0.104031209362809,
  "metapath_contribution": {
    "CbGbCtD": 0.2085664227892762,
    "CbGpPWpGaD": 0.44351400168164606,
    "CcSEcCtD": 0.3376645955831828,
    "CrCbGaD": 0.010254979945895108
  },
  "n_trials": 0.0,
  "prediction": 0.0008210147648037911,
  "status": 0
}