{
  "compound_id": "DB00399",
  "compound_name": "Zoledronate",
  "compound_percentile": 0.38235294117647106,
  "disease_id": "DOID:11612",
  "disease_name": "polycystic ovary syndrome",
  "disease_percentile": 0.479193758127438,
  "metapath_contribution": {
    "CbGeAlD": 0.41297744228819416,
    "CbGpPWpGaD": 0.20788706436574414,
    "CcSEcCtD": 0.3791354933460616
  },
  "n_trials": 0.0,
  "prediction": 0.0013613926332897198,
  "status": 0,
  "training_prediction": 0.0010239151929172302
}