{
  "category": "DM",
  "compound_id": "DB00716",
  "compound_name": "Nedocromil",
  "compound_percentile": 0.992647058823529,
  "disease_id": "DOID:2841",
  "disease_name": "asthma",
  "disease_percentile": 0.9863459037711311,
  "metapath_contribution": {
    "CbGaD": 0.28009569205567997,
    "CbGbCtD": 0.21218496056792996,
    "CbGeAlD": 0.018919595984509124,
    "CbGpPWpGaD": 0.05310413085746333,
    "CcSEcCtD": 0.04886639450607546,
    "CiPCiCtD": 0.38682922602834213
  },
  "prediction": 0.12141178101075399,
  "status": 1,
  "training_prediction": 0.48565523347169304
}