{
  "compound_id": "DB00544",
  "compound_name": "Fluorouracil",
  "compound_percentile": 0.779411764705882,
  "disease_id": "DOID:12361",
  "disease_name": "Graves' disease",
  "disease_percentile": 0.992847854356307,
  "metapath_contribution": {
    "CbGbCtD": 0.2273233889829874,
    "CbGeAlD": 0.03617672422284158,
    "CcSEcCtD": 0.021178953334018442,
    "CtDrD": 0.7153209334601526
  },
  "n_trials": 0.0,
  "prediction": 0.006259496315380621,
  "status": 0,
  "training_prediction": 0.0205765397567881
}