{
  "compound_id": "DB01151",
  "compound_name": "Desipramine",
  "compound_percentile": 0.419117647058824,
  "disease_id": "DOID:4045",
  "disease_name": "muscle cancer",
  "disease_percentile": 0.291937581274382,
  "metapath_contribution": {
    "CbGbCtD": 0.7932057655913339,
    "CbGeAlD": 0.09294642095625552,
    "CcSEcCtD": 0.11384781345241043
  },
  "n_trials": 0.0,
  "prediction": 0.00108701486832254,
  "status": 0
}