{
  "compound_id": "DB00577",
  "compound_name": "Valaciclovir",
  "compound_percentile": 0.933823529411765,
  "disease_id": "DOID:12236",
  "disease_name": "primary biliary cirrhosis",
  "disease_percentile": 0.874512353706112,
  "metapath_contribution": {
    "CbGbCtD": 0.7820120439741431,
    "CbGeAlD": 0.07659222106088996,
    "CbGpPWpGaD": 0.012167851524093443,
    "CcSEcCtD": 0.12922788344087355
  },
  "n_trials": 0.0,
  "prediction": 0.00321438120087429,
  "status": 0
}