{
  "compound_id": "DB01227",
  "compound_name": "Levomethadyl Acetate",
  "compound_percentile": 0.713235294117647,
  "disease_id": "DOID:2531",
  "disease_name": "hematologic cancer",
  "disease_percentile": 0.205461638491547,
  "metapath_contribution": {
    "CbGbCtD": 0.8820200750896152,
    "CbGeAlD": 0.05619811764392014,
    "CbGpPWpGaD": 0.06055487416737971,
    "CrCbGaD": 0.0012269330990848642
  },
  "n_trials": 0.0,
  "prediction": 0.0012794084308533301,
  "status": 0
}