{
  "compound_id": "DB00746",
  "compound_name": "Deferoxamine",
  "compound_percentile": 0.941176470588235,
  "disease_id": "DOID:3393",
  "disease_name": "coronary artery disease",
  "disease_percentile": 0.791287386215865,
  "metapath_contribution": {
    "CbGpPWpGaD": 0.0680375945650907,
    "CcSEcCtD": 0.193783566548678,
    "CpDpCtD": 0.7381788388862313
  },
  "n_trials": 0.0,
  "prediction": 0.00465683969765449,
  "status": 0
}