{
  "compound_id": "DB01130",
  "compound_name": "Prednicarbate",
  "compound_percentile": 0.11764705882352902,
  "disease_id": "DOID:2394",
  "disease_name": "ovarian cancer",
  "disease_percentile": 0.0039011703511053295,
  "metapath_contribution": {
    "CbGeAlD": 0.15691662608430246,
    "CcSEcCtD": 0.5517490948939998,
    "CrCbGaD": 0.29133427902169773
  },
  "n_trials": 0.0,
  "prediction": 0.000352925492061755,
  "status": 0
}