{
  "compound_id": "DB00210",
  "compound_name": "Adapalene",
  "compound_percentile": 0.242647058823529,
  "disease_id": "DOID:363",
  "disease_name": "uterine cancer",
  "disease_percentile": 0.403120936280884,
  "metapath_contribution": {
    "CbGeAlD": 0.23174149810808523,
    "CbGpPWpGaD": 0.47030600657567356,
    "CcSEcCtD": 0.2979524953162412
  },
  "n_trials": 0.0,
  "prediction": 0.00147163511917589,
  "status": 0
}