{
  "compound_id": "DB08881",
  "compound_name": "Vemurafenib",
  "compound_percentile": 0.183823529411765,
  "disease_id": "DOID:3277",
  "disease_name": "thymus cancer",
  "disease_percentile": 0.36605981794538395,
  "metapath_contribution": {
    "CbGeAlD": 0.38761340016800727,
    "CbGpPWpGaD": 0.06311523679842965,
    "CcSEcCtD": 0.549271363033563
  },
  "n_trials": 0.0,
  "prediction": 0.00117871374769693,
  "status": 0,
  "training_prediction": 0.000886480621989732
}