{
  "compound_id": "DB00915",
  "compound_name": "Amantadine",
  "compound_percentile": 0.867647058823529,
  "disease_id": "DOID:4989",
  "disease_name": "pancreatitis",
  "disease_percentile": 0.9356306892067621,
  "metapath_contribution": {
    "CbGpPWpGaD": 0.04557907325867743,
    "CcSEcCtD": 0.12259144988061711,
    "CpDpCtD": 0.8318294768607055
  },
  "n_trials": 0.0,
  "prediction": 0.0036225547988993603,
  "status": 0
}