{
  "compound_id": "DB00495",
  "compound_name": "Zidovudine",
  "compound_percentile": 0.4779411764705879,
  "disease_id": "DOID:10652",
  "disease_name": "Alzheimer's disease",
  "disease_percentile": 0.33615084525357597,
  "metapath_contribution": {
    "CbGbCtD": 0.5778183289475969,
    "CbGeAlD": 0.05132400336492772,
    "CbGpPWpGaD": 0.13756120834175142,
    "CcSEcCtD": 0.23329645934572388
  },
  "n_trials": 0.0,
  "prediction": 0.00139763764283142,
  "status": 0,
  "training_prediction": 0.00169647820297506
}