{
  "compound_id": "DB01222",
  "compound_name": "Budesonide",
  "compound_percentile": 0.110294117647059,
  "disease_id": "DOID:3571",
  "disease_name": "liver cancer",
  "disease_percentile": 0.0104031209362809,
  "metapath_contribution": {
    "CbGpPWpGaD": 0.25569550408506264,
    "CcSEcCtD": 0.7443044959149373
  },
  "n_trials": 0.0,
  "prediction": 0.000381920860175785,
  "status": 0,
  "training_prediction": 0.0006282179313898981
}