{
  "compound_id": "DB00126",
  "compound_name": "Vitamin C",
  "compound_percentile": 0.7647058823529409,
  "disease_id": "DOID:3277",
  "disease_name": "thymus cancer",
  "disease_percentile": 0.956436931079324,
  "metapath_contribution": {
    "CbGeAlD": 0.7781615675909829,
    "CbGpPWpGaD": 0.22183843240901716
  },
  "n_trials": 0.0,
  "prediction": 0.00243260695753947,
  "status": 0,
  "training_prediction": 0.00109726944910886
}