{
  "compound_id": "DB00263",
  "compound_name": "Sulfisoxazole",
  "compound_percentile": 0.161764705882353,
  "disease_id": "DOID:263",
  "disease_name": "kidney cancer",
  "disease_percentile": 0.125487646293888,
  "metapath_contribution": {
    "CbGbCtD": 0.7531503339968415,
    "CbGpPWpGaD": 0.2228074478775063,
    "CrCbGaD": 0.02404221812565219
  },
  "n_trials": 0.0,
  "prediction": 0.000865711032277508,
  "status": 0
}