{
  "compound_id": "DB00727",
  "compound_name": "Nitroglycerin",
  "compound_percentile": 0.485294117647059,
  "disease_id": "DOID:7148",
  "disease_name": "rheumatoid arthritis",
  "disease_percentile": 0.36996098829648905,
  "metapath_contribution": {
    "CbGeAlD": 0.15995386282509041,
    "CbGpPWpGaD": 0.29777565594397687,
    "CcSEcCtD": 0.5422704812309327
  },
  "n_trials": 0.0,
  "prediction": 0.00143690863205604,
  "status": 0
}