{
  "compound_id": "DB01586",
  "compound_name": "Ursodeoxycholic acid",
  "compound_percentile": 0.639705882352941,
  "disease_id": "DOID:4481",
  "disease_name": "allergic rhinitis",
  "disease_percentile": 0.532509752925878,
  "metapath_contribution": {
    "CbGbCtD": 0.5485709127360366,
    "CcSEcCtD": 0.4514290872639634
  },
  "n_trials": 0.0,
  "prediction": 0.0024182418205793,
  "status": 0,
  "training_prediction": 0.00784358408688238
}