{
  "compound_id": "DB00959",
  "compound_name": "Methylprednisolone",
  "compound_percentile": 0.588235294117647,
  "disease_id": "DOID:9206",
  "disease_name": "Barrett's esophagus",
  "disease_percentile": 0.011703511053316002,
  "metapath_contribution": {
    "CbGbCtD": 0.6777710067159324,
    "CbGpPWpGaD": 0.014171004444965383,
    "CcSEcCtD": 0.3079212561896002,
    "CrCbGaD": 0.00013673264950204316
  },
  "n_trials": 1.0,
  "prediction": 0.000681383628055665,
  "status": 0,
  "training_prediction": 0.00310676374386225
}