{
  "compound_id": "DB00996",
  "compound_name": "Gabapentin",
  "compound_percentile": 0.875,
  "disease_id": "DOID:13378",
  "disease_name": "Kawasaki disease",
  "disease_percentile": 0.925877763328999,
  "metapath_contribution": {
    "CbGeAlD": 0.013370497497464735,
    "CcSEcCtD": 0.0415470420155595,
    "CpDpCtD": 0.9450824604869758
  },
  "n_trials": 0.0,
  "prediction": 0.00286355241286158,
  "status": 0,
  "training_prediction": 0.00215450594823379
}