{
  "compound_id": "DB00665",
  "compound_name": "Nilutamide",
  "compound_percentile": 0.772058823529412,
  "disease_id": "DOID:1324",
  "disease_name": "lung cancer",
  "disease_percentile": 0.624837451235371,
  "metapath_contribution": {
    "CbGbCtD": 0.5996818498157399,
    "CbGeAlD": 0.0035620544428348173,
    "CbGpPWpGaD": 0.11100946676342452,
    "CcSEcCtD": 0.27781515181192235,
    "CrCbGaD": 0.007931477166078461
  },
  "n_trials": 0.0,
  "prediction": 0.00225264932550696,
  "status": 0,
  "training_prediction": 0.0076850783494308295
}