{
  "compound_id": "DB00951",
  "compound_name": "Isoniazid",
  "compound_percentile": 0.6985294117647061,
  "disease_id": "DOID:11476",
  "disease_name": "osteoporosis",
  "disease_percentile": 0.8966189856957092,
  "metapath_contribution": {
    "CbGbCtD": 0.8271782472950503,
    "CbGpPWpGaD": 0.01895369087742448,
    "CcSEcCtD": 0.1538680618275252
  },
  "n_trials": 0.0,
  "prediction": 0.00382852632854685,
  "status": 0
}