{
  "compound_id": "DB01181",
  "compound_name": "Ifosfamide",
  "compound_percentile": 0.0808823529411765,
  "disease_id": "DOID:5419",
  "disease_name": "schizophrenia",
  "disease_percentile": 0.325747724317295,
  "metapath_contribution": {
    "CbGeAlD": 0.22430595729827266,
    "CbGpPWpGaD": 0.7491833486992269,
    "CrCbGaD": 0.026510694002500442
  },
  "n_trials": 0.0,
  "prediction": 0.001217764331168,
  "status": 0
}