{
  "compound_id": "DB00674",
  "compound_name": "Galantamine",
  "compound_percentile": 0.897058823529412,
  "disease_id": "DOID:1686",
  "disease_name": "glaucoma",
  "disease_percentile": 0.8810143042912869,
  "metapath_contribution": {
    "CbGbCtD": 0.7637507454856391,
    "CbGpPWpGaD": 0.0304309773171003,
    "CcSEcCtD": 0.2058182771972605
  },
  "n_trials": 0.0,
  "prediction": 0.003989797269869,
  "status": 0,
  "training_prediction": 0.0167700147151091
}