{
  "compound_id": "DB01166",
  "compound_name": "Cilostazol",
  "compound_percentile": 0.941176470588235,
  "disease_id": "DOID:12236",
  "disease_name": "primary biliary cirrhosis",
  "disease_percentile": 0.9603381014304291,
  "metapath_contribution": {
    "CbGbCtD": 0.04164284244967704,
    "CbGpPWpGaD": 0.012397882496171044,
    "CcSEcCtD": 0.15858998353636686,
    "CpDpCtD": 0.7873692915177851
  },
  "n_trials": 0.0,
  "prediction": 0.00579901222053704,
  "status": 0
}