{
  "compound_id": "DB00287",
  "compound_name": "Travoprost",
  "compound_percentile": 0.375,
  "disease_id": "DOID:4045",
  "disease_name": "muscle cancer",
  "disease_percentile": 0.429778933680104,
  "metapath_contribution": {
    "CcSEcCtD": 0.9483733594120511,
    "CrCbGaD": 0.05162664058794888
  },
  "n_trials": 0.0,
  "prediction": 0.0013108297536044199,
  "status": 0,
  "training_prediction": 0.00213834567396704
}