{
  "compound_id": "DB01104",
  "compound_name": "Sertraline",
  "compound_percentile": 0.595588235294118,
  "disease_id": "DOID:1459",
  "disease_name": "hypothyroidism",
  "disease_percentile": 0.782834850455137,
  "metapath_contribution": {
    "CbGbCtD": 0.44457337742883984,
    "CbGeAlD": 0.1696678728680859,
    "CbGpPWpGaD": 0.01801212830486692,
    "CcSEcCtD": 0.3677466213982073
  },
  "n_trials": 0.0,
  "prediction": 0.0022888071019476802,
  "status": 0
}