{
  "compound_id": "DB00322",
  "compound_name": "Floxuridine",
  "compound_percentile": 0.963235294117647,
  "disease_id": "DOID:2043",
  "disease_name": "hepatitis B",
  "disease_percentile": 0.9882964889466842,
  "metapath_contribution": {
    "CbGeAlD": 0.000786915913700035,
    "CcSEcCtD": 0.030697891906945756,
    "CrCbGaD": 0.00038130921994309816,
    "CrCrCtD": 0.40852581338821414,
    "CrCtD": 0.559608069571197
  },
  "n_trials": 0.0,
  "prediction": 0.0118674996631554,
  "status": 0,
  "training_prediction": 0.0143727681275267
}