{
  "compound_id": "DB06770",
  "compound_name": "Benzyl alcohol",
  "compound_percentile": 0.720588235294118,
  "disease_id": "DOID:8577",
  "disease_name": "ulcerative colitis",
  "disease_percentile": 0.338101430429129,
  "metapath_contribution": {
    "CbGbCtD": 0.9028317192782103,
    "CcSEcCtD": 0.09121176603227044,
    "CrCbGaD": 0.005956514689519248
  },
  "n_trials": 0.0,
  "prediction": 0.0016857330180872802,
  "status": 0
}