{
  "compound_id": "DB00343",
  "compound_name": "Diltiazem",
  "compound_percentile": 0.823529411764706,
  "disease_id": "DOID:1319",
  "disease_name": "brain cancer",
  "disease_percentile": 0.64889466840052,
  "metapath_contribution": {
    "CbGaD": 0.579008740621049,
    "CbGbCtD": 0.27232211631247294,
    "CbGpPWpGaD": 0.023121699970329715,
    "CcSEcCtD": 0.12554744309614826
  },
  "n_trials": 0.0,
  "prediction": 0.00192719567788273,
  "status": 0,
  "training_prediction": 0.0035196120693389
}