{
  "category": "SYM",
  "compound_id": "DB00443",
  "compound_name": "Betamethasone",
  "compound_percentile": 0.514705882352941,
  "disease_id": "DOID:263",
  "disease_name": "kidney cancer",
  "disease_percentile": 0.0611183355006502,
  "metapath_contribution": {
    "CbGaD": 0.3443988431100085,
    "CbGbCtD": 0.3574804309457893,
    "CbGeAlD": 0.06274883666938522,
    "CbGpPWpGaD": 0.05253965741546907,
    "CcSEcCtD": 0.17963127987099406,
    "CrCbGaD": 0.0032009519883538437
  },
  "prediction": 0.000726252884896399,
  "status": 0,
  "training_prediction": 0.0142335391256074
}