{
  "compound_id": "DB00179",
  "compound_name": "Masoprocol",
  "compound_percentile": 0.9852941176470591,
  "disease_id": "DOID:8778",
  "disease_name": "Crohn's disease",
  "disease_percentile": 0.933029908972692,
  "metapath_contribution": {
    "CbGbCtD": 0.5333406057002654,
    "CbGeAlD": 0.025773032615449738,
    "CbGpPWpGaD": 0.04541499647903202,
    "CrCbGaD": 0.00015054987768983442,
    "CrCrCtD": 0.39532081532756297
  },
  "n_trials": 0.0,
  "prediction": 0.00505096342627751,
  "status": 0
}