{
  "compound_id": "DB00492",
  "compound_name": "Fosinopril",
  "compound_percentile": 0.426470588235294,
  "disease_id": "DOID:1115",
  "disease_name": "sarcoma",
  "disease_percentile": 0.49674902470741206,
  "metapath_contribution": {
    "CbGeAlD": 0.28512724721847094,
    "CcSEcCtD": 0.7148727527815291
  },
  "n_trials": 0.0,
  "prediction": 0.00141483803552666,
  "status": 0,
  "training_prediction": 0.00285507822355226
}