{
  "compound_id": "DB01623",
  "compound_name": "Thiothixene",
  "compound_percentile": 0.720588235294118,
  "disease_id": "DOID:12849",
  "disease_name": "autistic disorder",
  "disease_percentile": 0.45578673602080605,
  "metapath_contribution": {
    "CbGaD": 0.7013575190347715,
    "CbGeAlD": 0.10880608926808423,
    "CbGpPWpGaD": 0.18020351724924782,
    "CrCbGaD": 0.009632874447896404
  },
  "n_trials": 0.0,
  "prediction": 0.00130100932247316,
  "status": 0
}