{
  "compound_id": "DB01003",
  "compound_name": "Cromoglicic acid",
  "compound_percentile": 0.9191176470588229,
  "disease_id": "DOID:635",
  "disease_name": "acquired immunodeficiency syndrome",
  "disease_percentile": 0.5351105331599479,
  "metapath_contribution": {
    "CbGeAlD": 0.1524502851105846,
    "CcSEcCtD": 0.8475497148894153
  },
  "n_trials": 0.0,
  "prediction": 0.0025669334993836898,
  "status": 0,
  "training_prediction": 0.007888747139298779
}