{
  "compound_id": "DB00180",
  "compound_name": "Flunisolide",
  "compound_percentile": 0.625,
  "disease_id": "DOID:3393",
  "disease_name": "coronary artery disease",
  "disease_percentile": 0.0890767230169051,
  "metapath_contribution": {
    "CbGbCtD": 0.43352186229926,
    "CbGpPWpGaD": 0.05389442936714435,
    "CcSEcCtD": 0.3266860933794658,
    "CrCbGaD": 0.004993899399525105,
    "CrCrCtD": 0.18090371555460472
  },
  "n_trials": 0.0,
  "prediction": 0.000863285028893293,
  "status": 0,
  "training_prediction": 0.007718491733315959
}