{
  "compound_id": "DB08976",
  "compound_name": "Floctafenine",
  "compound_percentile": 0.595588235294118,
  "disease_id": "DOID:10534",
  "disease_name": "stomach cancer",
  "disease_percentile": 0.6020806241872559,
  "metapath_contribution": {
    "CbGaD": 0.9093207260111676,
    "CbGeAlD": 0.011143629831670351,
    "CbGpPWpGaD": 0.07134324633601707,
    "CrCbGaD": 0.008192397821144998
  },
  "n_trials": 0.0,
  "prediction": 0.0018082852667503898,
  "status": 0
}