{
  "compound_id": "DB00709",
  "compound_name": "Lamivudine",
  "compound_percentile": 0.0735294117647059,
  "disease_id": "DOID:2986",
  "disease_name": "IgA glomerulonephritis",
  "disease_percentile": 0.27178153446033804,
  "metapath_contribution": {
    "CbGaD": 0.7731643705455994,
    "CbGeAlD": 0.059828483399195054,
    "CbGpPWpGaD": 0.16179101426765916,
    "CrCbGaD": 0.005216131787546426
  },
  "n_trials": 0.0,
  "prediction": 0.0007045002962471889,
  "status": 0
}