{
  "compound_id": "DB01171",
  "compound_name": "Moclobemide",
  "compound_percentile": 0.727941176470588,
  "disease_id": "DOID:4159",
  "disease_name": "skin cancer",
  "disease_percentile": 0.730819245773732,
  "metapath_contribution": {
    "CbGbCtD": 0.7997928887979894,
    "CcSEcCtD": 0.19776621799960473,
    "CrCbGaD": 0.002440893202405777
  },
  "n_trials": 0.0,
  "prediction": 0.00231996355669141,
  "status": 0
}