{
  "compound_id": "DB00151",
  "compound_name": "L-Cysteine",
  "compound_percentile": 0.279411764705882,
  "disease_id": "DOID:14330",
  "disease_name": "Parkinson's disease",
  "disease_percentile": 0.317945383615085,
  "metapath_contribution": {
    "CbGeAlD": 0.39447938948176064,
    "CbGpPWpGaD": 0.5984951274083247,
    "CrCbGaD": 0.007025483109914709
  },
  "n_trials": 0.0,
  "prediction": 0.00109283947659274,
  "status": 0
}