{
  "compound_id": "DB00741",
  "compound_name": "Hydrocortisone",
  "compound_percentile": 0.0955882352941176,
  "disease_id": "DOID:14330",
  "disease_name": "Parkinson's disease",
  "disease_percentile": 0.0110533159947984,
  "metapath_contribution": {
    "CbGaD": 0.6148406473573923,
    "CbGeAlD": 0.09383334872371686,
    "CbGpPWpGaD": 0.2842557287538691,
    "CrCbGaD": 0.0070702751650218165
  },
  "n_trials": 1.0,
  "prediction": 0.000358949874398274,
  "status": 0
}