{
  "compound_id": "DB00544",
  "compound_name": "Fluorouracil",
  "compound_percentile": 0.360294117647059,
  "disease_id": "DOID:12849",
  "disease_name": "autistic disorder",
  "disease_percentile": 0.893368010403121,
  "metapath_contribution": {
    "CbGaD": 0.7210656208234946,
    "CbGeAlD": 0.0774374934745188,
    "CbGpPWpGaD": 0.2014968857019867
  },
  "n_trials": 0.0,
  "prediction": 0.0028046219462754,
  "status": 0
}