{
  "compound_id": "DB00333",
  "compound_name": "Methadone",
  "compound_percentile": 0.507352941176471,
  "disease_id": "DOID:2043",
  "disease_name": "hepatitis B",
  "disease_percentile": 0.12288686605981801,
  "metapath_contribution": {
    "CbGeAlD": 0.17831269370607547,
    "CbGpPWpGaD": 0.21364086122504813,
    "CcSEcCtD": 0.6080464450688763
  },
  "n_trials": 0.0,
  "prediction": 0.0009482327116410471,
  "status": 0
}