{
  "compound_id": "DB00247",
  "compound_name": "Methysergide",
  "compound_percentile": 0.808823529411765,
  "disease_id": "DOID:635",
  "disease_name": "acquired immunodeficiency syndrome",
  "disease_percentile": 0.30494148244473307,
  "metapath_contribution": {
    "CbGeAlD": 0.16472819215226675,
    "CbGpPWpGaD": 0.19527215187611174,
    "CcSEcCtD": 0.6399996559716216
  },
  "n_trials": 0.0,
  "prediction": 0.00178951363356998,
  "status": 0
}