{
  "compound_id": "DB00982",
  "compound_name": "Isotretinoin",
  "compound_percentile": 0.786764705882353,
  "disease_id": "DOID:184",
  "disease_name": "bone cancer",
  "disease_percentile": 0.37126137841352397,
  "metapath_contribution": {
    "CbGpPWpGaD": 0.07382695097152601,
    "CcSEcCtD": 0.11998841679145808,
    "CtDrD": 0.8061846322370158
  },
  "n_trials": 0.0,
  "prediction": 0.00124033739228193,
  "status": 0,
  "training_prediction": 0.0017700773485605
}