{
  "compound_id": "DB00264",
  "compound_name": "Metoprolol",
  "compound_percentile": 0.713235294117647,
  "disease_id": "DOID:363",
  "disease_name": "uterine cancer",
  "disease_percentile": 0.44603381014304294,
  "metapath_contribution": {
    "CbGbCtD": 0.728056455565995,
    "CcSEcCtD": 0.27085303315428766,
    "CrCbGaD": 0.0010905112797173187
  },
  "n_trials": 0.0,
  "prediction": 0.0015457787205844901,
  "status": 0,
  "training_prediction": 0.00282392701343672
}