{
  "compound_id": "DB00400",
  "compound_name": "Griseofulvin",
  "compound_percentile": 0.911764705882353,
  "disease_id": "DOID:12365",
  "disease_name": "malaria",
  "disease_percentile": 0.873211963589077,
  "metapath_contribution": {
    "CbGbCtD": 0.7271957308212693,
    "CbGeAlD": 0.08360168641070428,
    "CcSEcCtD": 0.18920258276802632
  },
  "n_trials": 0.0,
  "prediction": 0.00399826195642223,
  "status": 0
}