{
  "compound_id": "DB00127",
  "compound_name": "Spermine",
  "compound_percentile": 0.7647058823529409,
  "disease_id": "DOID:2043",
  "disease_name": "hepatitis B",
  "disease_percentile": 0.859557867360208,
  "metapath_contribution": {
    "CbGbCtD": 0.33479980131887666,
    "CbGeAlD": 0.30795593360987705,
    "CbGpPWpGaD": 0.3572442650712464
  },
  "n_trials": 0.0,
  "prediction": 0.00247857632953642,
  "status": 0
}