{
  "compound_id": "DB00686",
  "compound_name": "Pentosan Polysulfate",
  "compound_percentile": 0.669117647058823,
  "disease_id": "DOID:184",
  "disease_name": "bone cancer",
  "disease_percentile": 0.808192457737321,
  "metapath_contribution": {
    "CbGeAlD": 0.30896281470396425,
    "CbGpPWpGaD": 0.46629930461309427,
    "CcSEcCtD": 0.22473788068294148
  },
  "n_trials": 0.0,
  "prediction": 0.00242742445556328,
  "status": 0
}