{
  "compound_id": "DB01255",
  "compound_name": "Lisdexamfetamine",
  "compound_percentile": 0.757352941176471,
  "disease_id": "DOID:10652",
  "disease_name": "Alzheimer's disease",
  "disease_percentile": 0.261378413524057,
  "metapath_contribution": {
    "CbGeAlD": 0.21134538823721097,
    "CbGpPWpGaD": 0.22355330590389172,
    "CcSEcCtD": 0.5482061261285204,
    "CrCbGaD": 0.01689517973037689
  },
  "n_trials": 0.0,
  "prediction": 0.00119463725886289,
  "status": 0
}