{
  "compound_id": "DB02300",
  "compound_name": "Calcipotriol",
  "compound_percentile": 0.786764705882353,
  "disease_id": "DOID:1909",
  "disease_name": "melanoma",
  "disease_percentile": 0.640442132639792,
  "metapath_contribution": {
    "CbGaD": 0.7857808749411181,
    "CbGeAlD": 0.0691963171744112,
    "CbGpPWpGaD": 0.09916598678245564,
    "CcSEcCtD": 0.037703393601574445,
    "CrCbGaD": 0.008153427500440681
  },
  "n_trials": 0.0,
  "prediction": 0.0017866235493891399,
  "status": 0,
  "training_prediction": 0.00326326681335949
}