{
  "compound_id": "DB06697",
  "compound_name": "Artemether",
  "compound_percentile": 0.580882352941177,
  "disease_id": "DOID:418",
  "disease_name": "systemic scleroderma",
  "disease_percentile": 0.817295188556567,
  "metapath_contribution": {
    "CbGbCtD": 0.9927449531885286,
    "CbGeAlD": 0.007255046811471407
  },
  "n_trials": 0.0,
  "prediction": 0.00267043157626986,
  "status": 0,
  "training_prediction": 0.0063539679258006205
}