{
  "compound_id": "DB00345",
  "compound_name": "Aminohippurate",
  "compound_percentile": 0.911764705882353,
  "disease_id": "DOID:263",
  "disease_name": "kidney cancer",
  "disease_percentile": 0.8348504551365409,
  "metapath_contribution": {
    "CbGaD": 0.10342238017166001,
    "CbGbCtD": 0.40016893957399896,
    "CbGdCrCtD": 0.002058655140173335,
    "CbGeAlD": 0.05325092325897785,
    "CbGpPWpGaD": 0.034097107890045227,
    "CcSEcCtD": 0.015128788541193578,
    "CrCbGaD": 0.003896353907698099,
    "CrCrCtD": 0.38797685151625294
  },
  "n_trials": 0.0,
  "prediction": 0.00354562110673569,
  "status": 0
}