{
  "compound_id": "DB00978",
  "compound_name": "Lomefloxacin",
  "compound_percentile": 0.757352941176471,
  "disease_id": "DOID:1936",
  "disease_name": "atherosclerosis",
  "disease_percentile": 0.45253576072821794,
  "metapath_contribution": {
    "CbGbCtD": 0.7707185271548871,
    "CbGdCrCtD": 0.005207535152808409,
    "CbGpPWpGaD": 0.02719076762210517,
    "CcSEcCtD": 0.1968831700701994
  },
  "n_trials": 0.0,
  "prediction": 0.00171463178571469,
  "status": 0
}