{
  "compound_id": "DB00264",
  "compound_name": "Metoprolol",
  "compound_percentile": 0.669117647058823,
  "disease_id": "DOID:2394",
  "disease_name": "ovarian cancer",
  "disease_percentile": 0.5,
  "metapath_contribution": {
    "CbGaD": 0.5040248337316682,
    "CbGbCtD": 0.25494330560468365,
    "CcSEcCtD": 0.240827542039699,
    "CrCbGaD": 0.00020431862394900769
  },
  "n_trials": 0.0,
  "prediction": 0.0014726279506608198,
  "status": 0,
  "training_prediction": 0.00350975396054318
}