{
  "compound_id": "DB00148",
  "compound_name": "Creatine",
  "compound_percentile": 0.933823529411765,
  "disease_id": "DOID:9970",
  "disease_name": "obesity",
  "disease_percentile": 0.630039011703511,
  "metapath_contribution": {
    "CbGbCtD": 0.4684514565193857,
    "CbGeAlD": 0.20256104263819255,
    "CbGpPWpGaD": 0.3289875008424219
  },
  "n_trials": 0.0,
  "prediction": 0.0032236929753225604,
  "status": 0
}