{
  "compound_id": "DB00588",
  "compound_name": "Fluticasone Propionate",
  "compound_percentile": 0.8308823529411771,
  "disease_id": "DOID:13223",
  "disease_name": "uterine fibroid",
  "disease_percentile": 0.6924577373211961,
  "metapath_contribution": {
    "CbGaD": 0.9055517725743252,
    "CbGeAlD": 0.08289513009254204,
    "CbGpPWpGaD": 0.008275396945112154,
    "CrCbGaD": 0.0032777003880205837
  },
  "n_trials": 0.0,
  "prediction": 0.00161450893122028,
  "status": 0
}