{
  "compound_id": "DB00377",
  "compound_name": "Palonosetron",
  "compound_percentile": 0.75,
  "disease_id": "DOID:10283",
  "disease_name": "prostate cancer",
  "disease_percentile": 0.461638491547464,
  "metapath_contribution": {
    "CbGaD": 0.21045759234852873,
    "CbGbCtD": 0.49173884922264793,
    "CbGpPWpGaD": 0.0870413015095993,
    "CcSEcCtD": 0.20333380295441073,
    "CrCbGaD": 0.0074284539648132135
  },
  "n_trials": 0.0,
  "prediction": 0.00215011326822672,
  "status": 0
}