{
  "compound_id": "DB00403",
  "compound_name": "Ceruletide",
  "compound_percentile": 0.8308823529411771,
  "disease_id": "DOID:3070",
  "disease_name": "malignant glioma",
  "disease_percentile": 0.639791937581274,
  "metapath_contribution": {
    "CbGeAlD": 0.606975327290892,
    "CbGpPWpGaD": 0.3794916160290659,
    "CrCbGaD": 0.013533056680042012
  },
  "n_trials": 0.0,
  "prediction": 0.00169380193624753,
  "status": 0
}