{
  "compound_id": "DB01065",
  "compound_name": "Melatonin",
  "compound_percentile": 0.7941176470588229,
  "disease_id": "DOID:8778",
  "disease_name": "Crohn's disease",
  "disease_percentile": 0.884915474642393,
  "metapath_contribution": {
    "CbGaD": 0.4057987229106582,
    "CbGbCtD": 0.35358391664138417,
    "CbGeAlD": 0.08072595529991008,
    "CbGpPWpGaD": 0.09983325554711366,
    "CcSEcCtD": 0.05763257429444948,
    "CrCbGaD": 0.0024255753064845176
  },
  "n_trials": 0.0,
  "prediction": 0.00331809089169965,
  "status": 0
}