{
  "compound_id": "DB04842",
  "compound_name": "Fluspirilene",
  "compound_percentile": 0.0735294117647059,
  "disease_id": "DOID:1612",
  "disease_name": "breast cancer",
  "disease_percentile": 0.0754226267880364,
  "metapath_contribution": {
    "CbGbCtD": 0.3102896634840478,
    "CbGeAlD": 0.11352307911694536,
    "CbGpPWpGaD": 0.5493224132947546,
    "CrCbGaD": 0.026864844104252158
  },
  "n_trials": 0.0,
  "prediction": 0.0008957499404357221,
  "status": 0
}