{
  "compound_id": "DB00334",
  "compound_name": "Olanzapine",
  "compound_percentile": 0.5735294117647061,
  "disease_id": "DOID:8778",
  "disease_name": "Crohn's disease",
  "disease_percentile": 0.4661898569570871,
  "metapath_contribution": {
    "CbGaD": 0.438072943138645,
    "CbGeAlD": 0.2458396703622848,
    "CbGpPWpGaD": 0.31608738649907037
  },
  "n_trials": 0.0,
  "prediction": 0.00149887861165433,
  "status": 0
}