{
  "compound_id": "DB00706",
  "compound_name": "Tamsulosin",
  "compound_percentile": 0.742647058823529,
  "disease_id": "DOID:12365",
  "disease_name": "malaria",
  "disease_percentile": 0.7301690507152149,
  "metapath_contribution": {
    "CbGbCtD": 0.7338631186743576,
    "CbGeAlD": 0.061138705046644023,
    "CcSEcCtD": 0.20499817627899836
  },
  "n_trials": 0.0,
  "prediction": 0.0029117987839157302,
  "status": 0
}