{
  "compound_id": "DB00233",
  "compound_name": "Aminosalicylic Acid",
  "compound_percentile": 0.661764705882353,
  "disease_id": "DOID:1826",
  "disease_name": "epilepsy syndrome",
  "disease_percentile": 0.22431729518855703,
  "metapath_contribution": {
    "CbGaD": 0.32142800469325133,
    "CbGbCtD": 0.09670801795939482,
    "CbGeAlD": 0.01321406499024817,
    "CbGpPWpGaD": 0.2191839392241418,
    "CcSEcCtD": 0.3453343569555291,
    "CrCbGaD": 0.004131616177434746
  },
  "n_trials": 0.0,
  "prediction": 0.00183102660266028,
  "status": 0
}