{
  "compound_id": "DB00423",
  "compound_name": "Methocarbamol",
  "compound_percentile": 0.926470588235294,
  "disease_id": "DOID:9970",
  "disease_name": "obesity",
  "disease_percentile": 0.312093628088427,
  "metapath_contribution": {
    "CbGbCtD": 0.69042555510183,
    "CbGpPWpGaD": 0.040726337638005025,
    "CcSEcCtD": 0.255697562202086,
    "CrCbGaD": 0.013150545058078984
  },
  "n_trials": 0.0,
  "prediction": 0.0017113086953438302,
  "status": 0
}