{
  "compound_id": "DB00938",
  "compound_name": "Salmeterol",
  "compound_percentile": 0.6985294117647061,
  "disease_id": "DOID:0060073",
  "disease_name": "lymphatic system cancer",
  "disease_percentile": 0.659297789336801,
  "metapath_contribution": {
    "CbGbCtD": 0.7631132575702688,
    "CcSEcCtD": 0.2368867424297312
  },
  "n_trials": 0.0,
  "prediction": 0.00188262267401152,
  "status": 0,
  "training_prediction": 0.00414681466823275
}