{
  "compound_id": "DB00351",
  "compound_name": "Megestrol acetate",
  "compound_percentile": 0.845588235294118,
  "disease_id": "DOID:418",
  "disease_name": "systemic scleroderma",
  "disease_percentile": 0.42327698309492895,
  "metapath_contribution": {
    "CbGbCtD": 0.4720648848661988,
    "CbGeAlD": 0.0036243713094325286,
    "CrCrCtD": 0.5243107438243687
  },
  "n_trials": 0.0,
  "prediction": 0.0015379193583836802,
  "status": 0
}