{
  "compound_id": "DB00214",
  "compound_name": "Torasemide",
  "compound_percentile": 0.7647058823529409,
  "disease_id": "DOID:3310",
  "disease_name": "atopic dermatitis",
  "disease_percentile": 0.7392717815344599,
  "metapath_contribution": {
    "CbGbCtD": 0.8112381906178986,
    "CcSEcCtD": 0.18876180938210144
  },
  "n_trials": 0.0,
  "prediction": 0.0029886853263504302,
  "status": 0,
  "training_prediction": 0.0101780123272502
}