{
  "compound_id": "DB01137",
  "compound_name": "Levofloxacin",
  "compound_percentile": 0.7058823529411771,
  "disease_id": "DOID:9008",
  "disease_name": "psoriatic arthritis",
  "disease_percentile": 0.420676202860858,
  "metapath_contribution": {
    "CbGbCtD": 0.5812111701405683,
    "CbGdCrCtD": 0.0021319728794733446,
    "CcSEcCtD": 0.4166568569799583
  },
  "n_trials": 0.0,
  "prediction": 0.00156530461342963,
  "status": 0
}