{
  "compound_id": "DB00651",
  "compound_name": "Dyphylline",
  "compound_percentile": 0.8897058823529409,
  "disease_id": "DOID:14330",
  "disease_name": "Parkinson's disease",
  "disease_percentile": 0.812743823146944,
  "metapath_contribution": {
    "CbGaD": 0.8032916846625091,
    "CbGeAlD": 0.06462740407121602,
    "CbGpPWpGaD": 0.12342511989343652,
    "CrCbGaD": 0.008655791372838449
  },
  "n_trials": 0.0,
  "prediction": 0.00217681922855413,
  "status": 0
}