{
  "compound_id": "DB00678",
  "compound_name": "Losartan",
  "compound_percentile": 0.588235294117647,
  "disease_id": "DOID:12361",
  "disease_name": "Graves' disease",
  "disease_percentile": 0.5994798439531861,
  "metapath_contribution": {
    "CbGbCtD": 0.8040224240158786,
    "CbGeAlD": 0.005448169066639689,
    "CcSEcCtD": 0.19052940691748177
  },
  "n_trials": 0.0,
  "prediction": 0.0017026388992585802,
  "status": 0,
  "training_prediction": 0.00284964628625012
}