{
  "compound_id": "DB00570",
  "compound_name": "Vinblastine",
  "compound_percentile": 0.330882352941176,
  "disease_id": "DOID:0050741",
  "disease_name": "alcohol dependence",
  "disease_percentile": 0.064369310793238,
  "metapath_contribution": {
    "CbGbCtD": 0.3606715899751484,
    "CbGeAlD": 0.2747048331576191,
    "CbGpPWpGaD": 0.1284998257019023,
    "CcSEcCtD": 0.23612375116533016
  },
  "n_trials": 0.0,
  "prediction": 0.000990347462993249,
  "status": 0,
  "training_prediction": 0.00540843565073754
}