{
  "compound_id": "DB01067",
  "compound_name": "Glipizide",
  "compound_percentile": 0.602941176470588,
  "disease_id": "DOID:184",
  "disease_name": "bone cancer",
  "disease_percentile": 0.35630689206762,
  "metapath_contribution": {
    "CbGaD": 0.8642202170151722,
    "CbGeAlD": 0.025982433723909723,
    "CcSEcCtD": 0.10979734926091819
  },
  "n_trials": 0.0,
  "prediction": 0.00121906891168174,
  "status": 0,
  "training_prediction": 0.00173974106233022
}