{
  "compound_id": "DB06663",
  "compound_name": "Pasireotide",
  "compound_percentile": 0.661764705882353,
  "disease_id": "DOID:3312",
  "disease_name": "bipolar disorder",
  "disease_percentile": 0.634590377113134,
  "metapath_contribution": {
    "CbGeAlD": 0.19134458217967823,
    "CbGpPWpGaD": 0.7845713186119014,
    "CrCbGaD": 0.02408409920842023
  },
  "n_trials": 0.0,
  "prediction": 0.0016732638042101901,
  "status": 0
}