{
  "compound_id": "DB00264",
  "compound_name": "Metoprolol",
  "compound_percentile": 0.757352941176471,
  "disease_id": "DOID:1024",
  "disease_name": "leprosy",
  "disease_percentile": 0.45123537061118296,
  "metapath_contribution": {
    "CbGbCtD": 0.8369993303602311,
    "CcSEcCtD": 0.163000669639769
  },
  "n_trials": 0.0,
  "prediction": 0.0017278216986626599,
  "status": 0,
  "training_prediction": 0.0017044503464978401
}