{
  "compound_id": "DB00373",
  "compound_name": "Timolol",
  "compound_percentile": 0.661764705882353,
  "disease_id": "DOID:1459",
  "disease_name": "hypothyroidism",
  "disease_percentile": 0.7737321196358911,
  "metapath_contribution": {
    "CbGbCtD": 0.5579562310214378,
    "CbGeAlD": 0.10580276298818315,
    "CcSEcCtD": 0.33624100599037915
  },
  "n_trials": 0.0,
  "prediction": 0.00226688284927936,
  "status": 0,
  "training_prediction": 0.00778740528317567
}