{
  "category": "DM",
  "compound_id": "DB00178",
  "compound_name": "Ramipril",
  "compound_percentile": 0.992647058823529,
  "disease_id": "DOID:3393",
  "disease_name": "coronary artery disease",
  "disease_percentile": 0.991547464239272,
  "metapath_contribution": {
    "CbGaD": 0.07258012829851117,
    "CbGbCtD": 0.18121737011931352,
    "CbGeAlD": 0.014856731173143711,
    "CbGpPWpGaD": 0.011499111519030837,
    "CcSEcCtD": 0.05403192510216393,
    "CrCbGaD": 0.001135538180146488,
    "CrCrCtD": 0.19617762888973178,
    "CrCtD": 0.28631469904703777,
    "CtDrD": 0.18218686767092077
  },
  "prediction": 0.14255825885853798,
  "status": 1,
  "training_prediction": 0.7189854319498008
}