{
  "compound_id": "DB00768",
  "compound_name": "Olopatadine",
  "compound_percentile": 0.279411764705882,
  "disease_id": "DOID:12930",
  "disease_name": "dilated cardiomyopathy",
  "disease_percentile": 0.0968790637191157,
  "metapath_contribution": {
    "CbGeAlD": 0.4391937778391677,
    "CcSEcCtD": 0.5608062221608323
  },
  "n_trials": 0.0,
  "prediction": 0.000969365510088267,
  "status": 0,
  "training_prediction": 0.0009562435759313449
}