{
  "compound_id": "DB04920",
  "compound_name": "Clevidipine",
  "compound_percentile": 0.713235294117647,
  "disease_id": "DOID:11476",
  "disease_name": "osteoporosis",
  "disease_percentile": 0.22366710013003896,
  "metapath_contribution": {
    "CbGbCtD": 0.8311256970809863,
    "CbGpPWpGaD": 0.08448015371471868,
    "CcSEcCtD": 0.08439414920429515
  },
  "n_trials": 0.0,
  "prediction": 0.00127422459553191,
  "status": 0
}