{
  "compound_id": "DB01018",
  "compound_name": "Guanfacine",
  "compound_percentile": 0.33823529411764697,
  "disease_id": "DOID:3571",
  "disease_name": "liver cancer",
  "disease_percentile": 0.439531859557867,
  "metapath_contribution": {
    "CbGbCtD": 0.30785152229378904,
    "CbGpPWpGaD": 0.1866116981919639,
    "CcSEcCtD": 0.4974758291532415,
    "CrCbGaD": 0.008060950361005471
  },
  "n_trials": 0.0,
  "prediction": 0.0013059033531036,
  "status": 0,
  "training_prediction": 0.0012882317078367
}