{
  "compound_id": "DB00943",
  "compound_name": "Zalcitabine",
  "compound_percentile": 0.610294117647059,
  "disease_id": "DOID:1192",
  "disease_name": "peripheral nervous system neoplasm",
  "disease_percentile": 0.3485045513654099,
  "metapath_contribution": {
    "CbGbCtD": 0.5878615538298391,
    "CbGdCrCtD": 0.0032142093687475017,
    "CcSEcCtD": 0.3998804594128969,
    "CrCbGaD": 0.009043777388516498
  },
  "n_trials": 0.0,
  "prediction": 0.00137084684407542,
  "status": 0
}