{
  "compound_id": "DB01165",
  "compound_name": "Ofloxacin",
  "compound_percentile": 0.8602941176470591,
  "disease_id": "DOID:2994",
  "disease_name": "germ cell cancer",
  "disease_percentile": 0.660598179453836,
  "metapath_contribution": {
    "CbGbCtD": 0.7638970399766788,
    "CbGdCrCtD": 0.004538701444757409,
    "CbGeAlD": 0.0076333527363474105,
    "CbGpPWpGaD": 0.032490924516708555,
    "CcSEcCtD": 0.19143998132550777
  },
  "n_trials": 1.0,
  "prediction": 0.0019833945685996802,
  "status": 0
}