{
  "compound_id": "DB01014",
  "compound_name": "Balsalazide",
  "compound_percentile": 0.852941176470588,
  "disease_id": "DOID:1936",
  "disease_name": "atherosclerosis",
  "disease_percentile": 0.6762028608582571,
  "metapath_contribution": {
    "CbGaD": 0.8049226003870517,
    "CbGeAlD": 0.05879291382137313,
    "CbGpPWpGaD": 0.1290415331820855,
    "CrCbGaD": 0.007242952609489726
  },
  "n_trials": 0.0,
  "prediction": 0.0023349740603191803,
  "status": 0,
  "training_prediction": 0.00632842669224305
}