{
  "compound_id": "DB00262",
  "compound_name": "Carmustine",
  "compound_percentile": 0.647058823529412,
  "disease_id": "DOID:12361",
  "disease_name": "Graves' disease",
  "disease_percentile": 0.823146944083225,
  "metapath_contribution": {
    "CbGbCtD": 0.8052751019610529,
    "CbGeAlD": 0.045943690341111725,
    "CcSEcCtD": 0.1487812076978354
  },
  "n_trials": 0.0,
  "prediction": 0.0022696322820159602,
  "status": 0,
  "training_prediction": 0.00569363923304988
}