{
  "compound_id": "DB00517",
  "compound_name": "Anisotropine Methylbromide",
  "compound_percentile": 0.9852941176470591,
  "disease_id": "DOID:6364",
  "disease_name": "migraine",
  "disease_percentile": 0.9239271781534458,
  "metapath_contribution": {
    "CbGbCtD": 0.15824241939543313,
    "CbGpPWpGaD": 0.033703506001978745,
    "CrCtD": 0.808054074602588
  },
  "n_trials": 0.0,
  "prediction": 0.0120264839893701,
  "status": 0
}