{
  "compound_id": "DB00858",
  "compound_name": "Drostanolone",
  "compound_percentile": 0.10294117647058802,
  "disease_id": "DOID:11054",
  "disease_name": "urinary bladder cancer",
  "disease_percentile": 0.11898569570871301,
  "metapath_contribution": {
    "CbGeAlD": 0.5972212596948633,
    "CbGpPWpGaD": 0.34171158586849,
    "CrCbGaD": 0.061067154436646745
  },
  "n_trials": 0.0,
  "prediction": 0.000807117120278386,
  "status": 0
}