{
  "compound_id": "DB01202",
  "compound_name": "Levetiracetam",
  "compound_percentile": 0.544117647058823,
  "disease_id": "DOID:4362",
  "disease_name": "cervical cancer",
  "disease_percentile": 0.918075422626788,
  "metapath_contribution": {
    "CbGbCtD": 0.5796422249766093,
    "CbGeAlD": 0.29914622973005534,
    "CcSEcCtD": 0.12121154529333533
  },
  "n_trials": 0.0,
  "prediction": 0.00235984379980535,
  "status": 0,
  "training_prediction": 0.00106440574985608
}