{
  "compound_id": "DB08881",
  "compound_name": "Vemurafenib",
  "compound_percentile": 0.5367647058823529,
  "disease_id": "DOID:1459",
  "disease_name": "hypothyroidism",
  "disease_percentile": 0.530559167750325,
  "metapath_contribution": {
    "CbGbCtD": 0.743287565561057,
    "CbGeAlD": 0.13924263802923043,
    "CbGpPWpGaD": 0.06907489204682023,
    "CcSEcCtD": 0.04839490436289236
  },
  "n_trials": 0.0,
  "prediction": 0.0017194126503794,
  "status": 0,
  "training_prediction": 0.0034759032756293603
}