{
  "compound_id": "DB01206",
  "compound_name": "Lomustine",
  "compound_percentile": 0.713235294117647,
  "disease_id": "DOID:5419",
  "disease_name": "schizophrenia",
  "disease_percentile": 0.7321196358907671,
  "metapath_contribution": {
    "CbGaD": 0.8429242517450056,
    "CbGeAlD": 0.14771991258270495,
    "CrCbGaD": 0.0093558356722895
  },
  "n_trials": 0.0,
  "prediction": 0.0021155746792825103,
  "status": 0
}