{
  "compound_id": "DB00361",
  "compound_name": "Vinorelbine",
  "compound_percentile": 0.7941176470588229,
  "disease_id": "DOID:3277",
  "disease_name": "thymus cancer",
  "disease_percentile": 0.7555266579973992,
  "metapath_contribution": {
    "CbGeAlD": 0.04971281775046711,
    "CcSEcCtD": 0.07551535598772736,
    "CtDrD": 0.8747718262618055
  },
  "n_trials": 0.0,
  "prediction": 0.0018462686154552,
  "status": 0,
  "training_prediction": 0.00236328000287229
}