{
  "compound_id": "DB00445",
  "compound_name": "Epirubicin",
  "compound_percentile": 0.330882352941176,
  "disease_id": "DOID:824",
  "disease_name": "periodontitis",
  "disease_percentile": 0.0734720416124837,
  "metapath_contribution": {
    "CbGeAlD": 0.6204595997261,
    "CbGpPWpGaD": 0.3265084822302522,
    "CrCbGaD": 0.05303191804364779
  },
  "n_trials": 0.0,
  "prediction": 0.0007994399699920519,
  "status": 0
}