{
  "compound_id": "DB00201",
  "compound_name": "Caffeine",
  "compound_percentile": 0.933823529411765,
  "disease_id": "DOID:3310",
  "disease_name": "atopic dermatitis",
  "disease_percentile": 0.910273081924577,
  "metapath_contribution": {
    "CbGbCtD": 0.26223189737897473,
    "CbGdCrCtD": 0.0015547277261920044,
    "CbGeAlD": 0.021436952106095992,
    "CbGpPWpGaD": 0.0739730548484458,
    "CcSEcCtD": 0.05884266091039105,
    "CpDpCtD": 0.2989378940796548,
    "CrCrCtD": 0.28302281295024556
  },
  "n_trials": 0.0,
  "prediction": 0.006501413310674511,
  "status": 0
}