{
  "compound_id": "DB01656",
  "compound_name": "Roflumilast",
  "compound_percentile": 0.9558823529411771,
  "disease_id": "DOID:12365",
  "disease_name": "malaria",
  "disease_percentile": 0.882314694408322,
  "metapath_contribution": {
    "CbGbCtD": 0.8397386982213253,
    "CcSEcCtD": 0.16026130177867462
  },
  "n_trials": 0.0,
  "prediction": 0.004116552508536471,
  "status": 0,
  "training_prediction": 0.0105075875980728
}