{
  "compound_id": "DB00327",
  "compound_name": "Hydromorphone",
  "compound_percentile": 0.0441176470588235,
  "disease_id": "DOID:1909",
  "disease_name": "melanoma",
  "disease_percentile": 0.14694408322496696,
  "metapath_contribution": {
    "CbGbCtD": 0.3441223075903077,
    "CbGpPWpGaD": 0.24151746940457366,
    "CcSEcCtD": 0.40664940476027783,
    "CrCbGaD": 0.007710818244840851
  },
  "n_trials": 0.0,
  "prediction": 0.000787445520681373,
  "status": 0
}