{
  "compound_id": "DB00735",
  "compound_name": "Naftifine",
  "compound_percentile": 0.970588235294118,
  "disease_id": "DOID:9970",
  "disease_name": "obesity",
  "disease_percentile": 0.5988296488946679,
  "metapath_contribution": {
    "CbGeAlD": 0.015373537714299178,
    "CbGpPWpGaD": 0.06322254372698147,
    "CcSEcCtD": 0.017925104826403363,
    "CrCbGaD": 0.002276614493693969,
    "CrCrCtD": 0.33351355739773797,
    "CrCtD": 0.5676886418408841
  },
  "n_trials": 0.0,
  "prediction": 0.00303953894597818,
  "status": 0
}