{
  "compound_id": "DB00622",
  "compound_name": "Nicardipine",
  "compound_percentile": 0.49264705882352894,
  "disease_id": "DOID:3277",
  "disease_name": "thymus cancer",
  "disease_percentile": 0.30234070221066306,
  "metapath_contribution": {
    "CbGeAlD": 0.32603566735496514,
    "CbGpPWpGaD": 0.04395854279634723,
    "CcSEcCtD": 0.6300057898486876
  },
  "n_trials": 0.0,
  "prediction": 0.0011167495916064901,
  "status": 0,
  "training_prediction": 0.000503364745988928
}