{
  "compound_id": "DB00790",
  "compound_name": "Perindopril",
  "compound_percentile": 0.911764705882353,
  "disease_id": "DOID:13378",
  "disease_name": "Kawasaki disease",
  "disease_percentile": 0.962288686605982,
  "metapath_contribution": {
    "CbGbCtD": 0.026867126618002533,
    "CbGeAlD": 0.02668963458324853,
    "CcSEcCtD": 0.021586655593408124,
    "CtDrD": 0.9248565832053408
  },
  "n_trials": 0.0,
  "prediction": 0.00475775838444398,
  "status": 0,
  "training_prediction": 0.0035813706689654
}