{
  "compound_id": "DB01042",
  "compound_name": "Melphalan",
  "compound_percentile": 0.875,
  "disease_id": "DOID:1793",
  "disease_name": "pancreatic cancer",
  "disease_percentile": 0.9011703511053321,
  "metapath_contribution": {
    "CbGbCtD": 0.10357037041927461,
    "CcSEcCtD": 0.09405747247494069,
    "CiPCiCtD": 0.8015193424788537,
    "CrCbGaD": 0.000852814626931009
  },
  "n_trials": 0.0,
  "prediction": 0.004048238706263079,
  "status": 0,
  "training_prediction": 0.0269306059008666
}