{
  "compound_id": "DB08918",
  "compound_name": "Levomilnacipran",
  "compound_percentile": 0.602941176470588,
  "disease_id": "DOID:2394",
  "disease_name": "ovarian cancer",
  "disease_percentile": 0.624187256176853,
  "metapath_contribution": {
    "CbGaD": 0.4037871591372318,
    "CbGbCtD": 0.38552580721571506,
    "CbGeAlD": 0.008326925589024684,
    "CbGpPWpGaD": 0.013489046662507748,
    "CcSEcCtD": 0.18887106139552076
  },
  "n_trials": 0.0,
  "prediction": 0.00178552137311515,
  "status": 0
}