{
  "compound_id": "DB00769",
  "compound_name": "Hydrocortamate",
  "compound_percentile": 0.8308823529411771,
  "disease_id": "DOID:1826",
  "disease_name": "epilepsy syndrome",
  "disease_percentile": 0.17685305591677497,
  "metapath_contribution": {
    "CbGaD": 0.4895486304342403,
    "CbGbCtD": 0.4957568076550082,
    "CbGpPWpGaD": 0.008020545885071055,
    "CrCbGaD": 0.006674016025680371
  },
  "n_trials": 0.0,
  "prediction": 0.00161928878850039,
  "status": 0
}