{
  "compound_id": "DB00774",
  "compound_name": "Hydroflumethiazide",
  "compound_percentile": 0.279411764705882,
  "disease_id": "DOID:2377",
  "disease_name": "multiple sclerosis",
  "disease_percentile": 0.0728218465539662,
  "metapath_contribution": {
    "CbGeAlD": 0.4024118674125383,
    "CcSEcCtD": 0.5975881325874618
  },
  "n_trials": 0.0,
  "prediction": 0.0009543353343101099,
  "status": 0,
  "training_prediction": 0.00244802924028133
}