{
  "compound_id": "DB01037",
  "compound_name": "Selegiline",
  "compound_percentile": 0.808823529411765,
  "disease_id": "DOID:9206",
  "disease_name": "Barrett's esophagus",
  "disease_percentile": 0.710663198959688,
  "metapath_contribution": {
    "CbGbCtD": 0.7112757545707707,
    "CbGpPWpGaD": 0.02844689022966859,
    "CcSEcCtD": 0.2602773551995607
  },
  "n_trials": 0.0,
  "prediction": 0.0022002269070481102,
  "status": 0
}