{
  "compound_id": "DB00743",
  "compound_name": "Gadobenate Dimeglumine",
  "compound_percentile": 0.911764705882353,
  "disease_id": "DOID:1612",
  "disease_name": "breast cancer",
  "disease_percentile": 0.7139141742522759,
  "metapath_contribution": {
    "CbGaD": 0.4582692693062456,
    "CbGbCtD": 0.13370542340974909,
    "CbGpPWpGaD": 0.033290401945588875,
    "CcSEcCtD": 0.37473490533841647
  },
  "n_trials": 0.0,
  "prediction": 0.0036940967151081203,
  "status": 0
}