{
  "compound_id": "DB01020",
  "compound_name": "Isosorbide Mononitrate",
  "compound_percentile": 0.875,
  "disease_id": "DOID:1826",
  "disease_name": "epilepsy syndrome",
  "disease_percentile": 0.257477243172952,
  "metapath_contribution": {
    "CbGbCtD": 0.4605544812748671,
    "CbGeAlD": 0.04905328400259512,
    "CbGpPWpGaD": 0.09891149868021173,
    "CcSEcCtD": 0.3914807360423261
  },
  "n_trials": 0.0,
  "prediction": 0.00197482109166805,
  "status": 0
}