{
  "compound_id": "DB01101",
  "compound_name": "Capecitabine",
  "compound_percentile": 0.7058823529411771,
  "disease_id": "DOID:3571",
  "disease_name": "liver cancer",
  "disease_percentile": 0.9596879063719119,
  "metapath_contribution": {
    "CbGpPWpGaD": 0.03408490692717522,
    "CcSEcCtD": 0.1477577686402089,
    "CtDrD": 0.8181573244326159
  },
  "n_trials": 0.0,
  "prediction": 0.00434850888391022,
  "status": 0,
  "training_prediction": 0.0167838962797734
}