{
  "compound_id": "DB00685",
  "compound_name": "Trovafloxacin",
  "compound_percentile": 0.5220588235294121,
  "disease_id": "DOID:9352",
  "disease_name": "type 2 diabetes mellitus",
  "disease_percentile": 0.22886866059817898,
  "metapath_contribution": {
    "CbGdCrCtD": 0.012555039416392424,
    "CbGpPWpGaD": 0.02543282281434961,
    "CcSEcCtD": 0.9488498509307791,
    "CrCbGaD": 0.013162286838478929
  },
  "n_trials": 0.0,
  "prediction": 0.0014876936109778699,
  "status": 0
}