{
  "compound_id": "DB00232",
  "compound_name": "Methyclothiazide",
  "compound_percentile": 0.9191176470588229,
  "disease_id": "DOID:10534",
  "disease_name": "stomach cancer",
  "disease_percentile": 0.407672301690507,
  "metapath_contribution": {
    "CbGaD": 0.8307927705963615,
    "CbGeAlD": 0.016935943690263328,
    "CbGpPWpGaD": 0.05812102510629066,
    "CcSEcCtD": 0.08614061266026643,
    "CrCbGaD": 0.00800964794681809
  },
  "n_trials": 0.0,
  "prediction": 0.00134711183763082,
  "status": 0
}