{
  "compound_id": "DB08882",
  "compound_name": "Linagliptin",
  "compound_percentile": 0.904411764705882,
  "disease_id": "DOID:11612",
  "disease_name": "polycystic ovary syndrome",
  "disease_percentile": 0.952535760728218,
  "metapath_contribution": {
    "CbGeAlD": 0.01337287750338098,
    "CbGpPWpGaD": 0.022682051967788178,
    "CcSEcCtD": 0.0038358049618243215,
    "CtDrD": 0.9601092655670065
  },
  "n_trials": 0.0,
  "prediction": 0.0036352156655742296,
  "status": 0,
  "training_prediction": 0.00164081273638305
}