{
  "compound_id": "DB00914",
  "compound_name": "Phenformin",
  "compound_percentile": 0.845588235294118,
  "disease_id": "DOID:14221",
  "disease_name": "metabolic syndrome X",
  "disease_percentile": 0.694408322496749,
  "metapath_contribution": {
    "CbGbCtD": 0.7827003219794407,
    "CbGeAlD": 0.03881194021751533,
    "CbGpPWpGaD": 0.17848773780304397
  },
  "n_trials": 0.0,
  "prediction": 0.00183358238455945,
  "status": 0
}