{
  "compound_id": "DB00654",
  "compound_name": "Latanoprost",
  "compound_percentile": 0.161764705882353,
  "disease_id": "DOID:1909",
  "disease_name": "melanoma",
  "disease_percentile": 0.13979193758127403,
  "metapath_contribution": {
    "CbGeAlD": 0.4170251416441361,
    "CbGpPWpGaD": 0.2361783362832814,
    "CcSEcCtD": 0.3467965220725825
  },
  "n_trials": 0.0,
  "prediction": 0.000773324022723035,
  "status": 0,
  "training_prediction": 0.00141366190030803
}