{
  "compound_id": "DB00909",
  "compound_name": "Zonisamide",
  "compound_percentile": 0.588235294117647,
  "disease_id": "DOID:784",
  "disease_name": "chronic kidney failure",
  "disease_percentile": 0.661248374512354,
  "metapath_contribution": {
    "CbGaD": 0.646905088497597,
    "CbGeAlD": 0.13556247744067831,
    "CbGpPWpGaD": 0.21753243406172462
  },
  "n_trials": 0.0,
  "prediction": 0.00197815385816136,
  "status": 0
}