{
  "compound_id": "DB01544",
  "compound_name": "Flunitrazepam",
  "compound_percentile": 0.933823529411765,
  "disease_id": "DOID:3393",
  "disease_name": "coronary artery disease",
  "disease_percentile": 0.6788036410923279,
  "metapath_contribution": {
    "CbGaD": 0.14371264000499293,
    "CbGbCtD": 0.6517777469722197,
    "CbGeAlD": 0.003914358782730932,
    "CbGpPWpGaD": 0.08445979350590546,
    "CcSEcCtD": 0.11359220985918643,
    "CrCbGaD": 0.0025432508749646345
  },
  "n_trials": 0.0,
  "prediction": 0.0033289758716945,
  "status": 0
}