{
  "compound_id": "DB00589",
  "compound_name": "Lisuride",
  "compound_percentile": 0.36764705882352894,
  "disease_id": "DOID:11934",
  "disease_name": "head and neck cancer",
  "disease_percentile": 0.481144343302991,
  "metapath_contribution": {
    "CbGbCtD": 0.12242725034529033,
    "CbGeAlD": 0.4284977353374763,
    "CbGpPWpGaD": 0.19772446120957915,
    "CcSEcCtD": 0.25135055310765414
  },
  "n_trials": 0.0,
  "prediction": 0.00136148381675556,
  "status": 0
}