{
  "compound_id": "DB00938",
  "compound_name": "Salmeterol",
  "compound_percentile": 0.8308823529411771,
  "disease_id": "DOID:2531",
  "disease_name": "hematologic cancer",
  "disease_percentile": 0.50520156046814,
  "metapath_contribution": {
    "CbGbCtD": 0.6911988877323179,
    "CbGpPWpGaD": 0.0021936872207050633,
    "CcSEcCtD": 0.306607425046977
  },
  "n_trials": 0.0,
  "prediction": 0.00230384262361166,
  "status": 0,
  "training_prediction": 0.0205903288211019
}