{
  "compound_id": "DB00481",
  "compound_name": "Raloxifene",
  "compound_percentile": 0.654411764705882,
  "disease_id": "DOID:2377",
  "disease_name": "multiple sclerosis",
  "disease_percentile": 0.7113133940182049,
  "metapath_contribution": {
    "CbGbCtD": 0.7060769609570827,
    "CbGdCrCtD": 0.0026283379164350387,
    "CbGpPWpGaD": 0.09526362335222964,
    "CcSEcCtD": 0.19603107777425252
  },
  "n_trials": 0.0,
  "prediction": 0.00245519374956286,
  "status": 0,
  "training_prediction": 0.0104359354624771
}