{
  "compound_id": "DB00170",
  "compound_name": "Menadione",
  "compound_percentile": 0.588235294117647,
  "disease_id": "DOID:12361",
  "disease_name": "Graves' disease",
  "disease_percentile": 0.7678803641092329,
  "metapath_contribution": {
    "CbGbCtD": 0.7924365376240743,
    "CbGeAlD": 0.1543796285971974,
    "CbGpPWpGaD": 0.04809108802711527,
    "CrCbGaD": 0.005092745751612965
  },
  "n_trials": 0.0,
  "prediction": 0.00211315177690363,
  "status": 0
}