{
  "compound_id": "DB00154",
  "compound_name": "Dihomo-gamma-linolenic acid",
  "compound_percentile": 0.617647058823529,
  "disease_id": "DOID:2377",
  "disease_name": "multiple sclerosis",
  "disease_percentile": 0.321196358907672,
  "metapath_contribution": {
    "CbGbCtD": 0.8928440972122098,
    "CbGdCrCtD": 0.01476985903428065,
    "CbGeAlD": 0.08423677057202902,
    "CrCbGaD": 0.00814927318148053
  },
  "n_trials": 0.0,
  "prediction": 0.00147582878162491,
  "status": 0
}