{
  "compound_id": "DB01113",
  "compound_name": "Papaverine",
  "compound_percentile": 0.544117647058823,
  "disease_id": "DOID:4989",
  "disease_name": "pancreatitis",
  "disease_percentile": 0.49674902470741206,
  "metapath_contribution": {
    "CbGeAlD": 0.11398818240838052,
    "CbGpPWpGaD": 0.7813467984850679,
    "CcSEcCtD": 0.1046650191065515
  },
  "n_trials": 0.0,
  "prediction": 0.00145896808998189,
  "status": 0
}