{
  "compound_id": "DB00464",
  "compound_name": "Sodium Tetradecyl Sulfate",
  "compound_percentile": 0.7352941176470591,
  "disease_id": "DOID:0050741",
  "disease_name": "alcohol dependence",
  "disease_percentile": 0.260078023407022,
  "metapath_contribution": {
    "CbGeAlD": 0.39677325240546935,
    "CcSEcCtD": 0.5944550187802438,
    "CrCbGaD": 0.00877172881428694
  },
  "n_trials": 0.0,
  "prediction": 0.0014595424053288199,
  "status": 0
}