{
  "category": "SYM",
  "compound_id": "DB00991",
  "compound_name": "Oxaprozin",
  "compound_percentile": 0.904411764705882,
  "disease_id": "DOID:7148",
  "disease_name": "rheumatoid arthritis",
  "disease_percentile": 0.7906371911573471,
  "metapath_contribution": {
    "CbGaD": 0.18768085349087194,
    "CbGbCtD": 0.2586421887882395,
    "CbGdCrCtD": 0.0023102229695184866,
    "CbGpPWpGaD": 0.018664298632823352,
    "CcSEcCtD": 0.10301542692504449,
    "CpDpCtD": 0.42926827648324833,
    "CrCbGaD": 0.00041873271025377843
  },
  "prediction": 0.0028945636754015604,
  "status": 0
}