{
  "compound_id": "DB00185",
  "compound_name": "Cevimeline",
  "compound_percentile": 0.904411764705882,
  "disease_id": "DOID:0050741",
  "disease_name": "alcohol dependence",
  "disease_percentile": 0.838101430429129,
  "metapath_contribution": {
    "CbGbCtD": 0.46501923250197996,
    "CbGeAlD": 0.024127029264040922,
    "CbGpPWpGaD": 0.15088419361475647,
    "CcSEcCtD": 0.3599695446192227
  },
  "n_trials": 0.0,
  "prediction": 0.00469243781057375,
  "status": 0
}