{
  "compound_id": "DB00240",
  "compound_name": "Alclometasone",
  "compound_percentile": 0.36764705882352894,
  "disease_id": "DOID:12236",
  "disease_name": "primary biliary cirrhosis",
  "disease_percentile": 0.00975292587776333,
  "metapath_contribution": {
    "CbGbCtD": 0.8882270474691413,
    "CcSEcCtD": 0.10552696297353753,
    "CrCbGaD": 0.006245989557321244
  },
  "n_trials": 0.0,
  "prediction": 0.0005470519570227929,
  "status": 0
}