{
  "compound_id": "DB01179",
  "compound_name": "Podofilox",
  "compound_percentile": 0.911764705882353,
  "disease_id": "DOID:12930",
  "disease_name": "dilated cardiomyopathy",
  "disease_percentile": 0.899869960988297,
  "metapath_contribution": {
    "CbGaD": 0.7246077342265742,
    "CbGbCtD": 0.20237707676484545,
    "CbGdCrCtD": 0.001227964680577086,
    "CbGeAlD": 0.009579090274298697,
    "CbGpPWpGaD": 0.051307988524064305,
    "CcSEcCtD": 0.010900145529640247
  },
  "n_trials": 0.0,
  "prediction": 0.00312836655189125,
  "status": 0
}