{
  "compound_id": "DB00718",
  "compound_name": "Adefovir Dipivoxil",
  "compound_percentile": 0.0514705882352941,
  "disease_id": "DOID:2174",
  "disease_name": "ocular cancer",
  "disease_percentile": 0.6638491547464239,
  "metapath_contribution": {
    "CbGeAlD": 0.8031392655554888,
    "CbGpPWpGaD": 0.19686073444451127
  },
  "n_trials": 0.0,
  "prediction": 0.00139966257790205,
  "status": 0,
  "training_prediction": 0.00103224724990135
}