{
  "compound_id": "DB01035",
  "compound_name": "Procainamide",
  "compound_percentile": 0.5514705882352939,
  "disease_id": "DOID:1115",
  "disease_name": "sarcoma",
  "disease_percentile": 0.41222366710013003,
  "metapath_contribution": {
    "CbGbCtD": 0.4748028829641507,
    "CbGdCrCtD": 0.007378948984694105,
    "CbGeAlD": 0.15526118426934638,
    "CbGpPWpGaD": 0.1603786903220809,
    "CcSEcCtD": 0.18473637426840178,
    "CrCbGaD": 0.017441919191326035
  },
  "n_trials": 0.0,
  "prediction": 0.0012602145683187301,
  "status": 0
}