{
  "compound_id": "DB00612",
  "compound_name": "Bisoprolol",
  "compound_percentile": 0.5735294117647061,
  "disease_id": "DOID:1793",
  "disease_name": "pancreatic cancer",
  "disease_percentile": 0.269180754226268,
  "metapath_contribution": {
    "CbGbCtD": 0.4025595980300566,
    "CbGpPWpGaD": 0.010064876565779566,
    "CcSEcCtD": 0.5873755254041639
  },
  "n_trials": 0.0,
  "prediction": 0.0012479700746316,
  "status": 0
}