{
  "compound_id": "DB01576",
  "compound_name": "Dextroamphetamine",
  "compound_percentile": 0.8308823529411771,
  "disease_id": "DOID:1459",
  "disease_name": "hypothyroidism",
  "disease_percentile": 0.358907672301691,
  "metapath_contribution": {
    "CbGeAlD": 0.03664655839033123,
    "CbGpPWpGaD": 0.0750931320626811,
    "CcSEcCtD": 0.23094315340073676,
    "CrCrCtD": 0.6573171561462509
  },
  "n_trials": 0.0,
  "prediction": 0.00142130051879528,
  "status": 0
}