{
  "compound_id": "DB01129",
  "compound_name": "Rabeprazole",
  "compound_percentile": 0.610294117647059,
  "disease_id": "DOID:4045",
  "disease_name": "muscle cancer",
  "disease_percentile": 0.817295188556567,
  "metapath_contribution": {
    "CbGbCtD": 0.768853936106209,
    "CbGeAlD": 0.013535919961311985,
    "CcSEcCtD": 0.21761014393247904
  },
  "n_trials": 0.0,
  "prediction": 0.0022238595178255198,
  "status": 0
}