{
  "compound_id": "DB08981",
  "compound_name": "Fenbufen",
  "compound_percentile": 0.926470588235294,
  "disease_id": "DOID:3310",
  "disease_name": "atopic dermatitis",
  "disease_percentile": 0.492847854356307,
  "metapath_contribution": {
    "CbGbCtD": 0.4548234912663745,
    "CbGdCrCtD": 0.006464245728541321,
    "CrCbGaD": 0.0024259835138042193,
    "CrCrCtD": 0.5362862794912798
  },
  "n_trials": 0.0,
  "prediction": 0.0020977935774091397,
  "status": 0
}