{
  "compound_id": "DB01140",
  "compound_name": "Cefadroxil",
  "compound_percentile": 0.9558823529411771,
  "disease_id": "DOID:9352",
  "disease_name": "type 2 diabetes mellitus",
  "disease_percentile": 0.401170351105332,
  "metapath_contribution": {
    "CbGbCtD": 0.7893589180509035,
    "CbGeAlD": 0.0019267486578346395,
    "CbGpPWpGaD": 0.016894256714465122,
    "CcSEcCtD": 0.18944937434682357,
    "CrCbGaD": 0.0023707022299730763
  },
  "n_trials": 0.0,
  "prediction": 0.0021009015523441197,
  "status": 0
}