{
  "compound_id": "DB02638",
  "compound_name": "Terlipressin",
  "compound_percentile": 0.911764705882353,
  "disease_id": "DOID:2531",
  "disease_name": "hematologic cancer",
  "disease_percentile": 0.35500650195058503,
  "metapath_contribution": {
    "CbGpPWpGaD": 0.3462994369459229,
    "CcSEcCtD": 0.653576135743637,
    "CrCbGaD": 0.0001244273104398916
  },
  "n_trials": 0.0,
  "prediction": 0.0017418347427612,
  "status": 0
}