{
  "compound_id": "DB00953",
  "compound_name": "Rizatriptan",
  "compound_percentile": 0.867647058823529,
  "disease_id": "DOID:2841",
  "disease_name": "asthma",
  "disease_percentile": 0.49804941482444703,
  "metapath_contribution": {
    "CbGbCtD": 0.09270928154529237,
    "CbGpPWpGaD": 0.10961671916740513,
    "CcSEcCtD": 0.24800130765685768,
    "CpDpCtD": 0.5454650727056685,
    "CrCbGaD": 0.00420761892477623
  },
  "n_trials": 0.0,
  "prediction": 0.0024595917909836897,
  "status": 0
}