{
  "compound_id": "DB00718",
  "compound_name": "Adefovir Dipivoxil",
  "compound_percentile": 0.845588235294118,
  "disease_id": "DOID:219",
  "disease_name": "colon cancer",
  "disease_percentile": 0.849804941482445,
  "metapath_contribution": {
    "CbGbCtD": 0.7977081181169429,
    "CbGeAlD": 0.08404841992689088,
    "CbGpPWpGaD": 0.06116386054166431,
    "CcSEcCtD": 0.057079601414501864
  },
  "n_trials": 0.0,
  "prediction": 0.0026816653292503,
  "status": 0,
  "training_prediction": 0.0038246296878731703
}