{
  "compound_id": "DB00264",
  "compound_name": "Metoprolol",
  "compound_percentile": 0.727941176470588,
  "disease_id": "DOID:1936",
  "disease_name": "atherosclerosis",
  "disease_percentile": 0.43888166449934995,
  "metapath_contribution": {
    "CbGbCtD": 0.6964974744261342,
    "CbGpPWpGaD": 0.04117382262878469,
    "CcSEcCtD": 0.2623287029450811
  },
  "n_trials": 1.0,
  "prediction": 0.00166770866361381,
  "status": 0,
  "training_prediction": 0.00271990568684722
}