{
  "compound_id": "DB00642",
  "compound_name": "Pemetrexed",
  "compound_percentile": 0.720588235294118,
  "disease_id": "DOID:1781",
  "disease_name": "thyroid cancer",
  "disease_percentile": 0.7191157347204159,
  "metapath_contribution": {
    "CbGdCrCtD": 0.003545614234824146,
    "CbGeAlD": 0.04144395096410528,
    "CbGpPWpGaD": 0.04235005327978966,
    "CcSEcCtD": 0.12558865321529442,
    "CtDrD": 0.7870717283059865
  },
  "n_trials": 0.0,
  "prediction": 0.00203450540036128,
  "status": 0,
  "training_prediction": 0.0024691832577863
}