{
  "compound_id": "DB00970",
  "compound_name": "Dactinomycin",
  "compound_percentile": 0.463235294117647,
  "disease_id": "DOID:2841",
  "disease_name": "asthma",
  "disease_percentile": 0.715864759427828,
  "metapath_contribution": {
    "CbGbCtD": 0.7188382076181351,
    "CbGeAlD": 0.00799799011746374,
    "CbGpPWpGaD": 0.008081563811781517,
    "CcSEcCtD": 0.2650822384526197
  },
  "n_trials": 0.0,
  "prediction": 0.00377714890155635,
  "status": 0,
  "training_prediction": 0.138293364664522
}