{
  "compound_id": "DB01375",
  "compound_name": "Dihydroxyaluminium",
  "compound_percentile": 0.926470588235294,
  "disease_id": "DOID:1781",
  "disease_name": "thyroid cancer",
  "disease_percentile": 0.8777633289986999,
  "metapath_contribution": {
    "CbGeAlD": 0.7935983398614535,
    "CbGpPWpGaD": 0.02942375479969117,
    "CcSEcCtD": 0.17697790533885527
  },
  "n_trials": 0.0,
  "prediction": 0.00255609896614378,
  "status": 0
}