{
  "compound_id": "DB08881",
  "compound_name": "Vemurafenib",
  "compound_percentile": 0.6764705882352939,
  "disease_id": "DOID:1936",
  "disease_name": "atherosclerosis",
  "disease_percentile": 0.631989596879064,
  "metapath_contribution": {
    "CbGaD": 0.20548199086742794,
    "CbGbCtD": 0.5246809141227518,
    "CbGpPWpGaD": 0.12978102043379516,
    "CcSEcCtD": 0.13912810792600225,
    "CrCbGaD": 0.0009279666500228863
  },
  "n_trials": 0.0,
  "prediction": 0.00220155190983122,
  "status": 0,
  "training_prediction": 0.00596818075466431
}