{
  "compound_id": "DB00882",
  "compound_name": "Clomifene",
  "compound_percentile": 0.647058823529412,
  "disease_id": "DOID:7147",
  "disease_name": "ankylosing spondylitis",
  "disease_percentile": 0.595578673602081,
  "metapath_contribution": {
    "CbGbCtD": 0.8656960558434302,
    "CcSEcCtD": 0.1343039441565698
  },
  "n_trials": 0.0,
  "prediction": 0.00188360546239577,
  "status": 0,
  "training_prediction": 0.00379921388583767
}