{
  "compound_id": "DB00531",
  "compound_name": "Cyclophosphamide",
  "compound_percentile": 0.227941176470588,
  "disease_id": "DOID:11612",
  "disease_name": "polycystic ovary syndrome",
  "disease_percentile": 0.594928478543563,
  "metapath_contribution": {
    "CbGeAlD": 0.21399404038956069,
    "CbGpPWpGaD": 0.6087914328802616,
    "CcSEcCtD": 0.17721452673017785
  },
  "n_trials": 0.0,
  "prediction": 0.00159257830786316,
  "status": 0
}