{
  "compound_id": "DB01028",
  "compound_name": "Methoxyflurane",
  "compound_percentile": 0.639705882352941,
  "disease_id": "DOID:9206",
  "disease_name": "Barrett's esophagus",
  "disease_percentile": 0.8920676202860859,
  "metapath_contribution": {
    "CbGbCtD": 0.9066106336108432,
    "CbGeAlD": 0.004557629376802804,
    "CbGpPWpGaD": 0.08883173701235406
  },
  "n_trials": 0.0,
  "prediction": 0.00307601706398445,
  "status": 0
}