{
  "compound_id": "DB00539",
  "compound_name": "Toremifene",
  "compound_percentile": 0.264705882352941,
  "disease_id": "DOID:1595",
  "disease_name": "endogenous depression",
  "disease_percentile": 0.18075422626788,
  "metapath_contribution": {
    "CbGeAlD": 0.080875773754195,
    "CbGpPWpGaD": 0.7171427065822633,
    "CrCbGaD": 0.20198151966354175
  },
  "n_trials": 0.0,
  "prediction": 0.0010414341116311199,
  "status": 0
}