{
  "compound_id": "DB00176",
  "compound_name": "Fluvoxamine",
  "compound_percentile": 0.911764705882353,
  "disease_id": "DOID:635",
  "disease_name": "acquired immunodeficiency syndrome",
  "disease_percentile": 0.9239271781534458,
  "metapath_contribution": {
    "CbGbCtD": 0.7464158045555819,
    "CbGeAlD": 0.031825208263454294,
    "CcSEcCtD": 0.22175898718096373
  },
  "n_trials": 0.0,
  "prediction": 0.00625401603202479,
  "status": 0
}