{
  "compound_id": "DB00293",
  "compound_name": "Raltitrexed",
  "compound_percentile": 0.823529411764706,
  "disease_id": "DOID:2394",
  "disease_name": "ovarian cancer",
  "disease_percentile": 0.8400520156046809,
  "metapath_contribution": {
    "CbGaD": 0.7706591618301467,
    "CbGdCrCtD": 0.004767015636249306,
    "CbGeAlD": 0.04529184390109713,
    "CbGpPWpGaD": 0.037016194598245684,
    "CcSEcCtD": 0.13534733648447955,
    "CrCbGaD": 0.006918447549781679
  },
  "n_trials": 0.0,
  "prediction": 0.00247661787354115,
  "status": 0
}