{
  "compound_id": "DB00731",
  "compound_name": "Nateglinide",
  "compound_percentile": 0.602941176470588,
  "disease_id": "DOID:3070",
  "disease_name": "malignant glioma",
  "disease_percentile": 0.489596879063719,
  "metapath_contribution": {
    "CbGaD": 0.8234128174904429,
    "CbGeAlD": 0.05913885537556395,
    "CbGpPWpGaD": 0.10545566598237147,
    "CcSEcCtD": 0.007478193463485924,
    "CrCbGaD": 0.004514467688135786
  },
  "n_trials": 0.0,
  "prediction": 0.00139174521902795,
  "status": 0,
  "training_prediction": 0.00102640608360063
}