{
  "compound_id": "DB00953",
  "compound_name": "Rizatriptan",
  "compound_percentile": 0.20588235294117604,
  "disease_id": "DOID:12236",
  "disease_name": "primary biliary cirrhosis",
  "disease_percentile": 0.23407022106632003,
  "metapath_contribution": {
    "CbGpPWpGaD": 0.0018377408230291514,
    "CcSEcCtD": 0.9890747132880444,
    "CrCbGaD": 0.009087545888926525
  },
  "n_trials": 0.0,
  "prediction": 0.00111883913237533,
  "status": 0
}