{
  "compound_id": "DB00286",
  "compound_name": "Conjugated Estrogens",
  "compound_percentile": 0.455882352941176,
  "disease_id": "DOID:13378",
  "disease_name": "Kawasaki disease",
  "disease_percentile": 0.14369310793238002,
  "metapath_contribution": {
    "CbGbCtD": 0.7138819243024542,
    "CbGeAlD": 0.06554119574538035,
    "CcSEcCtD": 0.22057687995216538
  },
  "n_trials": 0.0,
  "prediction": 0.000955860549244937,
  "status": 0,
  "training_prediction": 0.000718838637634512
}