{
  "compound_id": "DB00347",
  "compound_name": "Trimethadione",
  "compound_percentile": 0.720588235294118,
  "disease_id": "DOID:14330",
  "disease_name": "Parkinson's disease",
  "disease_percentile": 0.88556566970091,
  "metapath_contribution": {
    "CbGaD": 0.8946924039630054,
    "CbGpPWpGaD": 0.09818857053697241,
    "CrCbGaD": 0.007119025500022194
  },
  "n_trials": 0.0,
  "prediction": 0.0024983823493316603,
  "status": 0
}