{
  "compound_id": "DB00819",
  "compound_name": "Acetazolamide",
  "compound_percentile": 0.0147058823529412,
  "disease_id": "DOID:5419",
  "disease_name": "schizophrenia",
  "disease_percentile": 0.28283485045513695,
  "metapath_contribution": {
    "CbGeAlD": 0.6043107989730019,
    "CbGpPWpGaD": 0.3855915441419165,
    "CrCbGaD": 0.010097656885081678
  },
  "n_trials": 0.0,
  "prediction": 0.00113192088918658,
  "status": 0
}