{
  "compound_id": "DB01015",
  "compound_name": "Sulfamethoxazole",
  "compound_percentile": 0.823529411764706,
  "disease_id": "DOID:1324",
  "disease_name": "lung cancer",
  "disease_percentile": 0.544863459037711,
  "metapath_contribution": {
    "CbGaD": 0.19700917731741185,
    "CbGbCtD": 0.461470767172007,
    "CbGeAlD": 0.01953427442162172,
    "CbGpPWpGaD": 0.1360327863346014,
    "CcSEcCtD": 0.18366659609298025,
    "CrCbGaD": 0.002286398661377827
  },
  "n_trials": 0.0,
  "prediction": 0.0019821785705883897,
  "status": 0
}