{
  "compound_id": "DB00653",
  "compound_name": "Magnesium Sulfate",
  "compound_percentile": 0.9852941176470591,
  "disease_id": "DOID:1595",
  "disease_name": "endogenous depression",
  "disease_percentile": 0.995448634590377,
  "metapath_contribution": {
    "CbGaD": 0.8774377297337251,
    "CbGeAlD": 0.055832452881403045,
    "CbGpPWpGaD": 0.06672981738487194
  },
  "n_trials": 2.0,
  "prediction": 0.00585241228772713,
  "status": 0
}