{
  "compound_id": "DB01261",
  "compound_name": "Sitagliptin",
  "compound_percentile": 0.852941176470588,
  "disease_id": "DOID:219",
  "disease_name": "colon cancer",
  "disease_percentile": 0.9362808842652801,
  "metapath_contribution": {
    "CbGaD": 0.6234228851764178,
    "CbGbCtD": 0.2131302657102211,
    "CbGeAlD": 0.034780632002729545,
    "CbGpPWpGaD": 0.010825759602823884,
    "CcSEcCtD": 0.11784045750780774
  },
  "n_trials": 0.0,
  "prediction": 0.003961704292389999,
  "status": 0,
  "training_prediction": 0.005647150473880739
}