{
  "compound_id": "DB01213",
  "compound_name": "Fomepizole",
  "compound_percentile": 0.875,
  "disease_id": "DOID:9744",
  "disease_name": "type 1 diabetes mellitus",
  "disease_percentile": 0.9765929778933679,
  "metapath_contribution": {
    "CbGaD": 0.9032755121868543,
    "CbGeAlD": 0.05898749087721329,
    "CbGpPWpGaD": 0.03773699693593242
  },
  "n_trials": 0.0,
  "prediction": 0.00462029279318064,
  "status": 0
}