{
  "compound_id": "DB00749",
  "compound_name": "Etodolac",
  "compound_percentile": 0.727941176470588,
  "disease_id": "DOID:184",
  "disease_name": "bone cancer",
  "disease_percentile": 0.927178153446034,
  "metapath_contribution": {
    "CbGaD": 0.4454587259384656,
    "CbGbCtD": 0.3476907495588482,
    "CbGpPWpGaD": 0.07669902138429192,
    "CcSEcCtD": 0.13015150311839432
  },
  "n_trials": 0.0,
  "prediction": 0.0035626768864290897,
  "status": 0
}