{
  "compound_id": "DB08881",
  "compound_name": "Vemurafenib",
  "compound_percentile": 0.5735294117647061,
  "disease_id": "DOID:2998",
  "disease_name": "testicular cancer",
  "disease_percentile": 0.611833550065019,
  "metapath_contribution": {
    "CbGbCtD": 0.8179270029985373,
    "CbGeAlD": 0.02054134240755904,
    "CbGpPWpGaD": 0.019167965132874287,
    "CcSEcCtD": 0.1423636894610295
  },
  "n_trials": 0.0,
  "prediction": 0.00183436395228228,
  "status": 0,
  "training_prediction": 0.007812869915978841
}