{
  "compound_id": "DB01232",
  "compound_name": "Saquinavir",
  "compound_percentile": 0.588235294117647,
  "disease_id": "DOID:10652",
  "disease_name": "Alzheimer's disease",
  "disease_percentile": 0.50260078023407,
  "metapath_contribution": {
    "CbGaD": 0.22777981146940485,
    "CbGbCtD": 0.39557844457347335,
    "CbGeAlD": 0.0021541652534330263,
    "CbGpPWpGaD": 0.0846375996481549,
    "CcSEcCtD": 0.28699606039579284,
    "CrCbGaD": 0.002853918659741057
  },
  "n_trials": 0.0,
  "prediction": 0.00186827683428391,
  "status": 0,
  "training_prediction": 0.00226752018204531
}