{
  "compound_id": "DB01137",
  "compound_name": "Levofloxacin",
  "compound_percentile": 0.588235294117647,
  "disease_id": "DOID:5419",
  "disease_name": "schizophrenia",
  "disease_percentile": 0.366710013003901,
  "metapath_contribution": {
    "CbGaD": 0.8851550420526769,
    "CbGpPWpGaD": 0.10848458392545202,
    "CrCbGaD": 0.006360374021871143
  },
  "n_trials": 0.0,
  "prediction": 0.00129184931727386,
  "status": 0
}