{
  "compound_id": "DB00201",
  "compound_name": "Caffeine",
  "compound_percentile": 0.632352941176471,
  "disease_id": "DOID:14227",
  "disease_name": "azoospermia",
  "disease_percentile": 0.695708712613784,
  "metapath_contribution": {
    "CbGbCtD": 0.8930615963057446,
    "CbGeAlD": 0.066014775488839,
    "CbGpPWpGaD": 0.04092362820541641
  },
  "n_trials": 0.0,
  "prediction": 0.0020604611017161698,
  "status": 0
}