{
  "compound_id": "DB00829",
  "compound_name": "Diazepam",
  "compound_percentile": 0.588235294117647,
  "disease_id": "DOID:2394",
  "disease_name": "ovarian cancer",
  "disease_percentile": 0.392717815344603,
  "metapath_contribution": {
    "CbGaD": 0.21257291182439922,
    "CbGbCtD": 0.40452544974410654,
    "CbGeAlD": 0.06852614006179687,
    "CbGpPWpGaD": 0.04629945350149536,
    "CcSEcCtD": 0.2674237458510867,
    "CrCbGaD": 0.0006522990171153252
  },
  "n_trials": 0.0,
  "prediction": 0.0012705429479872,
  "status": 0,
  "training_prediction": 0.0030289673122273803
}