{
  "compound_id": "DB00349",
  "compound_name": "Clobazam",
  "compound_percentile": 0.0147058823529412,
  "disease_id": "DOID:2355",
  "disease_name": "anemia",
  "disease_percentile": 0.0429128738621586,
  "metapath_contribution": {
    "CbGeAlD": 0.13485855065133548,
    "CbGpPWpGaD": 0.8542684210461483,
    "CrCbGaD": 0.010873028302516179
  },
  "n_trials": 0.0,
  "prediction": 0.000532956394076151,
  "status": 0
}