{
  "compound_id": "DB00897",
  "compound_name": "Triazolam",
  "compound_percentile": 0.529411764705882,
  "disease_id": "DOID:3070",
  "disease_name": "malignant glioma",
  "disease_percentile": 0.31924577373212,
  "metapath_contribution": {
    "CbGeAlD": 0.3903969953940297,
    "CbGpPWpGaD": 0.32743707618460616,
    "CcSEcCtD": 0.26310270214716674,
    "CrCbGaD": 0.019063226274197268
  },
  "n_trials": 0.0,
  "prediction": 0.0010995705920249,
  "status": 0
}