{
  "compound_id": "DB02703",
  "compound_name": "Fusidic Acid",
  "compound_percentile": 0.963235294117647,
  "disease_id": "DOID:3393",
  "disease_name": "coronary artery disease",
  "disease_percentile": 0.8289986996098829,
  "metapath_contribution": {
    "CbGbCtD": 0.7676520448006728,
    "CbGpPWpGaD": 0.005451806764292101,
    "CcSEcCtD": 0.22689614843503514
  },
  "n_trials": 0.0,
  "prediction": 0.0053219267253629,
  "status": 0
}