{
  "compound_id": "DB01009",
  "compound_name": "Ketoprofen",
  "compound_percentile": 0.308823529411765,
  "disease_id": "DOID:3571",
  "disease_name": "liver cancer",
  "disease_percentile": 0.11508452535760699,
  "metapath_contribution": {
    "CbGaD": 0.33362290800743966,
    "CbGbCtD": 0.2638476844035019,
    "CbGpPWpGaD": 0.20629205129856767,
    "CcSEcCtD": 0.19335341239115011,
    "CrCbGaD": 0.0028839438993405564
  },
  "n_trials": 0.0,
  "prediction": 0.000786693883880782,
  "status": 0
}