{
  "compound_id": "DB01001",
  "compound_name": "Salbutamol",
  "compound_percentile": 0.139705882352941,
  "disease_id": "DOID:11054",
  "disease_name": "urinary bladder cancer",
  "disease_percentile": 0.0799739921976593,
  "metapath_contribution": {
    "CcSEcCtD": 0.9924802884555034,
    "CrCbGaD": 0.0075197115444965365
  },
  "n_trials": 0.0,
  "prediction": 0.000734651511230279,
  "status": 0,
  "training_prediction": 0.00314028240909543
}