{
  "compound_id": "DB01253",
  "compound_name": "Ergonovine",
  "compound_percentile": 0.0220588235294118,
  "disease_id": "DOID:332",
  "disease_name": "amyotrophic lateral sclerosis",
  "disease_percentile": 0.32964889466840097,
  "metapath_contribution": {
    "CbGeAlD": 0.2294109558639779,
    "CcSEcCtD": 0.5668439936196509,
    "CrCbGaD": 0.2037450505163712
  },
  "n_trials": 0.0,
  "prediction": 0.00101876341102324,
  "status": 0
}