{
  "compound_id": "DB00374",
  "compound_name": "Treprostinil",
  "compound_percentile": 0.720588235294118,
  "disease_id": "DOID:1324",
  "disease_name": "lung cancer",
  "disease_percentile": 0.42327698309492895,
  "metapath_contribution": {
    "CbGbCtD": 0.1770169993128868,
    "CbGeAlD": 0.10715183978833094,
    "CbGpPWpGaD": 0.25194316805174943,
    "CcSEcCtD": 0.4638879928470329
  },
  "n_trials": 0.0,
  "prediction": 0.00159495424338919,
  "status": 0
}