{
  "compound_id": "DB01628",
  "compound_name": "Etoricoxib",
  "compound_percentile": 0.8308823529411771,
  "disease_id": "DOID:10652",
  "disease_name": "Alzheimer's disease",
  "disease_percentile": 0.743823146944083,
  "metapath_contribution": {
    "CbGaD": 0.34004250515032,
    "CbGbCtD": 0.35649478579435634,
    "CbGeAlD": 0.01582926892668131,
    "CbGpPWpGaD": 0.09830284462438454,
    "CcSEcCtD": 0.18564727213877882,
    "CrCbGaD": 0.0036833233654790178
  },
  "n_trials": 0.0,
  "prediction": 0.0027382937478841,
  "status": 0
}