{
  "compound_id": "DB01118",
  "compound_name": "Amiodarone",
  "compound_percentile": 0.610294117647059,
  "disease_id": "DOID:219",
  "disease_name": "colon cancer",
  "disease_percentile": 0.489596879063719,
  "metapath_contribution": {
    "CbGaD": 0.29743969995210073,
    "CbGbCtD": 0.4587027538843519,
    "CbGeAlD": 0.032147345986451276,
    "CbGpPWpGaD": 0.02829653297504954,
    "CcSEcCtD": 0.17540422131200648,
    "CrCbGaD": 0.008009445890040007
  },
  "n_trials": 0.0,
  "prediction": 0.00153168389186162,
  "status": 0
}