{
  "compound_id": "DB00544",
  "compound_name": "Fluorouracil",
  "compound_percentile": 0.316176470588235,
  "disease_id": "DOID:13378",
  "disease_name": "Kawasaki disease",
  "disease_percentile": 0.8751625487646291,
  "metapath_contribution": {
    "CbGbCtD": 0.9025679505494975,
    "CbGeAlD": 0.09116404411599159,
    "CcSEcCtD": 0.006268005334511035
  },
  "n_trials": 0.0,
  "prediction": 0.0023767668801413,
  "status": 0,
  "training_prediction": 0.00482171855737907
}