{
  "compound_id": "DB00975",
  "compound_name": "Dipyridamole",
  "compound_percentile": 0.272058823529412,
  "disease_id": "DOID:3070",
  "disease_name": "malignant glioma",
  "disease_percentile": 0.7405721716514949,
  "metapath_contribution": {
    "CbGeAlD": 0.3404053451158367,
    "CbGpPWpGaD": 0.4883378079411385,
    "CcSEcCtD": 0.17125684694302473
  },
  "n_trials": 0.0,
  "prediction": 0.00195728875173597,
  "status": 0
}