{
  "compound_id": "DB01075",
  "compound_name": "Diphenhydramine",
  "compound_percentile": 0.9191176470588229,
  "disease_id": "DOID:10652",
  "disease_name": "Alzheimer's disease",
  "disease_percentile": 0.779583875162549,
  "metapath_contribution": {
    "CbGaD": 0.21621736133571104,
    "CbGbCtD": 0.24263256504148778,
    "CbGeAlD": 0.0003222769605374865,
    "CbGpPWpGaD": 0.030462287462565036,
    "CcSEcCtD": 0.05434337355740971,
    "CpDpCtD": 0.45332950161296753,
    "CrCbGaD": 0.0026926340293214153
  },
  "n_trials": 0.0,
  "prediction": 0.0030196081366703,
  "status": 0,
  "training_prediction": 0.00609622093727958
}