{
  "compound_id": "DB01384",
  "compound_name": "Paramethasone",
  "compound_percentile": 0.191176470588235,
  "disease_id": "DOID:263",
  "disease_name": "kidney cancer",
  "disease_percentile": 0.0331599479843953,
  "metapath_contribution": {
    "CbGbCtD": 0.9120244570527962,
    "CbGeAlD": 0.07608308737366118,
    "CrCbGaD": 0.011892455573542715
  },
  "n_trials": 0.0,
  "prediction": 0.000621017542522442,
  "status": 0
}