{
  "compound_id": "DB00687",
  "compound_name": "Fludrocortisone",
  "compound_percentile": 0.0220588235294118,
  "disease_id": "DOID:5419",
  "disease_name": "schizophrenia",
  "disease_percentile": 0.0208062418725618,
  "metapath_contribution": {
    "CbGeAlD": 0.43179986783062224,
    "CbGpPWpGaD": 0.5223229519555724,
    "CrCbGaD": 0.04587718021380534
  },
  "n_trials": 0.0,
  "prediction": 0.0004898348466872219,
  "status": 0
}