{
  "compound_id": "DB00807",
  "compound_name": "Proparacaine",
  "compound_percentile": 0.0147058823529412,
  "disease_id": "DOID:10283",
  "disease_name": "prostate cancer",
  "disease_percentile": 0.04681404421326401,
  "metapath_contribution": {
    "CbGpPWpGaD": 0.49179516395442485,
    "CcSEcCtD": 0.4509700469799529,
    "CrCbGaD": 0.057234789065622224
  },
  "n_trials": 0.0,
  "prediction": 0.0007381085532103769,
  "status": 0
}