{
  "compound_id": "DB01621",
  "compound_name": "Pipotiazine",
  "compound_percentile": 0.0735294117647059,
  "disease_id": "DOID:11054",
  "disease_name": "urinary bladder cancer",
  "disease_percentile": 0.10728218465539699,
  "metapath_contribution": {
    "CbGbCtD": 0.7107804933437339,
    "CbGeAlD": 0.056756610440689734,
    "CbGpPWpGaD": 0.23246289621557625
  },
  "n_trials": 0.0,
  "prediction": 0.0007854549198306269,
  "status": 0
}