{
  "compound_id": "DB00337",
  "compound_name": "Pimecrolimus",
  "compound_percentile": 0.904411764705882,
  "disease_id": "DOID:9970",
  "disease_name": "obesity",
  "disease_percentile": 0.368010403120936,
  "metapath_contribution": {
    "CbGaD": 0.5534381210714672,
    "CbGbCtD": 0.1716011090471529,
    "CbGeAlD": 0.028556881594902425,
    "CbGpPWpGaD": 0.12227957713875849,
    "CcSEcCtD": 0.11916704004839387,
    "CrCbGaD": 0.004957271099325138
  },
  "n_trials": 0.0,
  "prediction": 0.0019265376242940302,
  "status": 0,
  "training_prediction": 0.00493437459437018
}