{
  "compound_id": "DB00820",
  "compound_name": "Tadalafil",
  "compound_percentile": 0.977941176470588,
  "disease_id": "DOID:9206",
  "disease_name": "Barrett's esophagus",
  "disease_percentile": 0.9895968790637191,
  "metapath_contribution": {
    "CbGbCtD": 0.12339331846725912,
    "CbGeAlD": 0.01084202213662868,
    "CcSEcCtD": 0.10844079094157319,
    "CpDpCtD": 0.7573238684545389
  },
  "n_trials": 0.0,
  "prediction": 0.00838452601513682,
  "status": 0
}