{
  "compound_id": "DB00903",
  "compound_name": "Ethacrynic acid",
  "compound_percentile": 0.808823529411765,
  "disease_id": "DOID:3083",
  "disease_name": "chronic obstructive pulmonary disease",
  "disease_percentile": 0.7392717815344599,
  "metapath_contribution": {
    "CbGaD": 0.725153338527361,
    "CbGeAlD": 0.008482922578317823,
    "CbGpPWpGaD": 0.10098839015821433,
    "CcSEcCtD": 0.16537534873610688
  },
  "n_trials": 0.0,
  "prediction": 0.00332125251671086,
  "status": 0,
  "training_prediction": 0.0073029958027943705
}