{
  "compound_id": "DB00850",
  "compound_name": "Perphenazine",
  "compound_percentile": 0.779411764705882,
  "disease_id": "DOID:11476",
  "disease_name": "osteoporosis",
  "disease_percentile": 0.166449934980494,
  "metapath_contribution": {
    "CbGbCtD": 0.7246727387524875,
    "CbGpPWpGaD": 0.1307153338513911,
    "CcSEcCtD": 0.14461192739612153
  },
  "n_trials": 0.0,
  "prediction": 0.00116321067885921,
  "status": 0
}