{
  "compound_id": "DB00888",
  "compound_name": "Mechlorethamine",
  "compound_percentile": 0.0294117647058824,
  "disease_id": "DOID:5041",
  "disease_name": "esophageal cancer",
  "disease_percentile": 0.305591677503251,
  "metapath_contribution": {
    "CcSEcCtD": 0.8803399387783027,
    "CrCbGaD": 0.11966006122169728
  },
  "n_trials": 0.0,
  "prediction": 0.00108105120857983,
  "status": 0,
  "training_prediction": 0.0021868431141331803
}