{
  "compound_id": "DB00367",
  "compound_name": "Levonorgestrel",
  "compound_percentile": 0.0588235294117647,
  "disease_id": "DOID:14330",
  "disease_name": "Parkinson's disease",
  "disease_percentile": 0.0448634590377113,
  "metapath_contribution": {
    "CbGeAlD": 0.3943904785556743,
    "CbGpPWpGaD": 0.5617957557186894,
    "CrCbGaD": 0.043813765725636326
  },
  "n_trials": 0.0,
  "prediction": 0.000572896327401563,
  "status": 0
}