{
  "compound_id": "DB00709",
  "compound_name": "Lamivudine",
  "compound_percentile": 0.7352941176470591,
  "disease_id": "DOID:6364",
  "disease_name": "migraine",
  "disease_percentile": 0.217165149544863,
  "metapath_contribution": {
    "CbGbCtD": 0.6563673028303242,
    "CbGdCrCtD": 0.003619642660422863,
    "CbGeAlD": 0.09065396436875199,
    "CcSEcCtD": 0.24935909014050103
  },
  "n_trials": 0.0,
  "prediction": 0.00161257153960128,
  "status": 0,
  "training_prediction": 0.00490361306227049
}