{
  "compound_id": "DB00740",
  "compound_name": "Riluzole",
  "compound_percentile": 0.529411764705882,
  "disease_id": "DOID:2355",
  "disease_name": "anemia",
  "disease_percentile": 0.9388816644993501,
  "metapath_contribution": {
    "CbGaD": 0.7816396307001741,
    "CbGeAlD": 0.014074251079451061,
    "CbGpPWpGaD": 0.20428611822037487
  },
  "n_trials": 0.0,
  "prediction": 0.0027404255448133,
  "status": 0
}