{
  "compound_id": "DB00526",
  "compound_name": "Oxaliplatin",
  "compound_percentile": 0.8897058823529409,
  "disease_id": "DOID:1686",
  "disease_name": "glaucoma",
  "disease_percentile": 0.949284785435631,
  "metapath_contribution": {
    "CbGaD": 0.5304029181722554,
    "CbGbCtD": 0.39245698980154003,
    "CbGeAlD": 0.007322740213317645,
    "CbGpPWpGaD": 0.06981735181288691
  },
  "n_trials": 0.0,
  "prediction": 0.009002095434328691,
  "status": 0
}