{
  "compound_id": "DB08868",
  "compound_name": "Fingolimod",
  "compound_percentile": 0.558823529411765,
  "disease_id": "DOID:1312",
  "disease_name": "focal segmental glomerulosclerosis",
  "disease_percentile": 0.8686605981794541,
  "metapath_contribution": {
    "CbGeAlD": 0.2599411444872385,
    "CbGpPWpGaD": 0.4244999658363394,
    "CcSEcCtD": 0.31555888967642215
  },
  "n_trials": 0.0,
  "prediction": 0.00244531592224605,
  "status": 0,
  "training_prediction": 0.0011030097612529
}