{
  "compound_id": "DB00327",
  "compound_name": "Hydromorphone",
  "compound_percentile": 0.9852941176470591,
  "disease_id": "DOID:1826",
  "disease_name": "epilepsy syndrome",
  "disease_percentile": 0.5773732119635889,
  "metapath_contribution": {
    "CbGaD": 0.38511250354089854,
    "CbGbCtD": 0.33469895140132444,
    "CbGeAlD": 0.02008880802422935,
    "CbGpPWpGaD": 0.06437144422847081,
    "CcSEcCtD": 0.19100817645764326,
    "CrCbGaD": 0.004720116347433454
  },
  "n_trials": 0.0,
  "prediction": 0.00404062348837922,
  "status": 0
}