{
  "category": "DM",
  "compound_id": "DB01076",
  "compound_name": "Atorvastatin",
  "compound_percentile": 0.992647058823529,
  "disease_id": "DOID:3393",
  "disease_name": "coronary artery disease",
  "disease_percentile": 0.9674902470741221,
  "metapath_contribution": {
    "CbGaD": 0.11141866332176356,
    "CbGbCtD": 0.2600641110323253,
    "CbGeAlD": 0.005136576099918554,
    "CbGpPWpGaD": 0.03452728430280318,
    "CrCbGaD": 0.0013635253013084263,
    "CrCrCtD": 0.23396862668252702,
    "CrCtD": 0.3535212132593539
  },
  "prediction": 0.0322982460451248,
  "status": 1,
  "training_prediction": 0.231049097057935
}