{
  "compound_id": "DB00999",
  "compound_name": "Hydrochlorothiazide",
  "compound_percentile": 0.801470588235294,
  "disease_id": "DOID:13378",
  "disease_name": "Kawasaki disease",
  "disease_percentile": 0.37581274382314706,
  "metapath_contribution": {
    "CbGbCtD": 0.6575533704585995,
    "CbGeAlD": 0.10603194480209702,
    "CcSEcCtD": 0.2364146847393035
  },
  "n_trials": 0.0,
  "prediction": 0.0012868484580751199,
  "status": 0,
  "training_prediction": 0.000967831964172185
}