{
  "compound_id": "DB01024",
  "compound_name": "Mycophenolic acid",
  "compound_percentile": 0.19852941176470604,
  "disease_id": "DOID:9744",
  "disease_name": "type 1 diabetes mellitus",
  "disease_percentile": 0.40507152145643704,
  "metapath_contribution": {
    "CbGeAlD": 0.2535176100313989,
    "CbGpPWpGaD": 0.1442812979279882,
    "CcSEcCtD": 0.5902371690987696,
    "CrCbGaD": 0.011963922941843298
  },
  "n_trials": 9.0,
  "prediction": 0.0012604684172693099,
  "status": 0,
  "training_prediction": 0.000947985466506927
}