{
  "compound_id": "DB08865",
  "compound_name": "Crizotinib",
  "compound_percentile": 0.8308823529411771,
  "disease_id": "DOID:1612",
  "disease_name": "breast cancer",
  "disease_percentile": 0.862158647594278,
  "metapath_contribution": {
    "CbGaD": 0.461837971254773,
    "CbGbCtD": 0.19882646339523083,
    "CbGdCrCtD": 0.0026150453158527744,
    "CbGeAlD": 0.08336846845203456,
    "CbGpPWpGaD": 0.14659398224459738,
    "CcSEcCtD": 0.10675806933751157
  },
  "n_trials": 6.0,
  "prediction": 0.00567298092281297,
  "status": 0,
  "training_prediction": 0.0306994378047465
}