{
  "compound_id": "DB01016",
  "compound_name": "Glyburide",
  "compound_percentile": 0.9852941176470591,
  "disease_id": "DOID:10763",
  "disease_name": "hypertension",
  "disease_percentile": 0.875812743823147,
  "metapath_contribution": {
    "CbGaD": 0.24106797091546858,
    "CbGbCtD": 0.30611545184446376,
    "CbGeAlD": 0.035234771950146355,
    "CbGpPWpGaD": 0.05844092109945044,
    "CcSEcCtD": 0.07803008000139079,
    "CrCbGaD": 0.002469133864357933,
    "CtDrD": 0.2786416703247222
  },
  "n_trials": 1.0,
  "prediction": 0.0158545146001979,
  "status": 0,
  "training_prediction": 0.242328844035995
}