{
  "compound_id": "DB00631",
  "compound_name": "Clofarabine",
  "compound_percentile": 0.0588235294117647,
  "disease_id": "DOID:14330",
  "disease_name": "Parkinson's disease",
  "disease_percentile": 0.029258777633290003,
  "metapath_contribution": {
    "CbGeAlD": 0.6292966718657297,
    "CbGpPWpGaD": 0.20636257913239792,
    "CrCbGaD": 0.16434074900187226
  },
  "n_trials": 0.0,
  "prediction": 0.000515271834680371,
  "status": 0
}