{
  "compound_id": "DB00710",
  "compound_name": "Ibandronate",
  "compound_percentile": 0.5367647058823529,
  "disease_id": "DOID:7148",
  "disease_name": "rheumatoid arthritis",
  "disease_percentile": 0.252925877763329,
  "metapath_contribution": {
    "CcSEcCtD": 0.9991626113338034,
    "CrCbGaD": 0.0008373886661965555
  },
  "n_trials": 1.0,
  "prediction": 0.0012078545909738302,
  "status": 0,
  "training_prediction": 0.00392837814574675
}