{
  "compound_id": "DB00295",
  "compound_name": "Morphine",
  "compound_percentile": 0.514705882352941,
  "disease_id": "DOID:3571",
  "disease_name": "liver cancer",
  "disease_percentile": 0.323797139141743,
  "metapath_contribution": {
    "CbGbCtD": 0.5900684361500343,
    "CbGpPWpGaD": 0.24752264153696638,
    "CcSEcCtD": 0.16219991818680854,
    "CrCbGaD": 0.00020900412619090228
  },
  "n_trials": 0.0,
  "prediction": 0.00110338218345942,
  "status": 0
}