{
  "compound_id": "DB08827",
  "compound_name": "Lomitapide",
  "compound_percentile": 0.904411764705882,
  "disease_id": "DOID:10763",
  "disease_name": "hypertension",
  "disease_percentile": 0.5494148244473339,
  "metapath_contribution": {
    "CbGbCtD": 0.3779038103275332,
    "CbGeAlD": 0.01795467006905041,
    "CbGpPWpGaD": 0.0627818739046146,
    "CcSEcCtD": 0.15602155131393317,
    "CrCbGaD": 0.004178725214272017,
    "CrCrCtD": 0.38115936917059673
  },
  "n_trials": 0.0,
  "prediction": 0.00443220455926846,
  "status": 0
}