{
  "compound_id": "DB06268",
  "compound_name": "Sitaxentan",
  "compound_percentile": 0.588235294117647,
  "disease_id": "DOID:585",
  "disease_name": "nephrolithiasis",
  "disease_percentile": 0.9213263979193761,
  "metapath_contribution": {
    "CbGeAlD": 0.038103255091303426,
    "CbGpPWpGaD": 0.2901691976825767,
    "CcSEcCtD": 0.6717275472261198
  },
  "n_trials": 0.0,
  "prediction": 0.00270908381727337,
  "status": 0
}