{
  "compound_id": "DB01364",
  "compound_name": "Ephedrine",
  "compound_percentile": 0.44117647058823495,
  "disease_id": "DOID:7148",
  "disease_name": "rheumatoid arthritis",
  "disease_percentile": 0.193107932379714,
  "metapath_contribution": {
    "CbGbCtD": 0.30431800081584165,
    "CbGpPWpGaD": 0.1355342172947119,
    "CcSEcCtD": 0.5233736227018894,
    "CrCbGaD": 0.036774159187557054
  },
  "n_trials": 0.0,
  "prediction": 0.00109087345435346,
  "status": 0
}