{
  "compound_id": "DB01047",
  "compound_name": "Fluocinonide",
  "compound_percentile": 0.3529411764705879,
  "disease_id": "DOID:9206",
  "disease_name": "Barrett's esophagus",
  "disease_percentile": 0.00520156046814044,
  "metapath_contribution": {
    "CbGpPWpGaD": 0.11465919769090088,
    "CcSEcCtD": 0.8783705062888658,
    "CrCbGaD": 0.00697029602023335
  },
  "n_trials": 0.0,
  "prediction": 0.000520887501684479,
  "status": 0,
  "training_prediction": 0.0006395171543394929
}