{
  "compound_id": "DB06803",
  "compound_name": "Niclosamide",
  "compound_percentile": 0.941176470588235,
  "disease_id": "DOID:1319",
  "disease_name": "brain cancer",
  "disease_percentile": 0.9369310793237969,
  "metapath_contribution": {
    "CbGaD": 0.8013056041642103,
    "CbGbCtD": 0.06702923787443621,
    "CbGeAlD": 0.039318928278884696,
    "CbGpPWpGaD": 0.0897314371100207,
    "CrCbGaD": 0.0026147925724480377
  },
  "n_trials": 0.0,
  "prediction": 0.00383284314532481,
  "status": 0
}