{
  "compound_id": "DB06725",
  "compound_name": "Lornoxicam",
  "compound_percentile": 0.6985294117647061,
  "disease_id": "DOID:14221",
  "disease_name": "metabolic syndrome X",
  "disease_percentile": 0.893368010403121,
  "metapath_contribution": {
    "CbGaD": 0.8722181123276095,
    "CbGeAlD": 0.017901982613471912,
    "CbGpPWpGaD": 0.10227074645204853,
    "CrCbGaD": 0.007609158606870089
  },
  "n_trials": 0.0,
  "prediction": 0.00256725959332754,
  "status": 0
}