{
  "compound_id": "DB00307",
  "compound_name": "Bexarotene",
  "compound_percentile": 0.23529411764705901,
  "disease_id": "DOID:1793",
  "disease_name": "pancreatic cancer",
  "disease_percentile": 0.255526657997399,
  "metapath_contribution": {
    "CbGbCtD": 0.23967291112083688,
    "CbGpPWpGaD": 0.12922374026269298,
    "CcSEcCtD": 0.6311033486164702
  },
  "n_trials": 0.0,
  "prediction": 0.00121143399656692,
  "status": 0,
  "training_prediction": 0.0028882884824664103
}