{
  "compound_id": "DB00410",
  "compound_name": "Mupirocin",
  "compound_percentile": 0.911764705882353,
  "disease_id": "DOID:263",
  "disease_name": "kidney cancer",
  "disease_percentile": 0.657997399219766,
  "metapath_contribution": {
    "CbGeAlD": 0.14941167651808143,
    "CbGpPWpGaD": 0.2066335277488769,
    "CcSEcCtD": 0.6439547957330417
  },
  "n_trials": 0.0,
  "prediction": 0.00230197281273345,
  "status": 0
}