{
  "compound_id": "DB00668",
  "compound_name": "Epinephrine",
  "compound_percentile": 0.558823529411765,
  "disease_id": "DOID:2998",
  "disease_name": "testicular cancer",
  "disease_percentile": 0.24447334200260104,
  "metapath_contribution": {
    "CbGbCtD": 0.5891526133493689,
    "CbGeAlD": 0.10433942611777924,
    "CbGpPWpGaD": 0.05285338893809404,
    "CcSEcCtD": 0.25365457159475774
  },
  "n_trials": 0.0,
  "prediction": 0.00116673142538479,
  "status": 0
}