{
  "compound_id": "DB00363",
  "compound_name": "Clozapine",
  "compound_percentile": 0.0441176470588235,
  "disease_id": "DOID:10976",
  "disease_name": "membranous glomerulonephritis",
  "disease_percentile": 0.11833550065019502,
  "metapath_contribution": {
    "CbGeAlD": 0.6064982737608305,
    "CbGpPWpGaD": 0.3815065851346895,
    "CrCbGaD": 0.011995141104480023
  },
  "n_trials": 0.0,
  "prediction": 0.000802487171985733,
  "status": 0
}