{
  "compound_id": "DB00449",
  "compound_name": "Dipivefrin",
  "compound_percentile": 0.632352941176471,
  "disease_id": "DOID:9008",
  "disease_name": "psoriatic arthritis",
  "disease_percentile": 0.489596879063719,
  "metapath_contribution": {
    "CbGbCtD": 0.9779300638427677,
    "CrCbGaD": 0.022069936157232302
  },
  "n_trials": 0.0,
  "prediction": 0.0017008929118343301,
  "status": 0,
  "training_prediction": 0.00343132325061815
}