{
  "compound_id": "DB01466",
  "compound_name": "Ethylmorphine",
  "compound_percentile": 0.926470588235294,
  "disease_id": "DOID:184",
  "disease_name": "bone cancer",
  "disease_percentile": 0.858257477243173,
  "metapath_contribution": {
    "CbGaD": 0.5346960147294979,
    "CbGbCtD": 0.43837219969013197,
    "CbGpPWpGaD": 0.022238558268908488,
    "CrCbGaD": 0.00469322731146163
  },
  "n_trials": 0.0,
  "prediction": 0.00276257799337124,
  "status": 0
}