{
  "compound_id": "DB01411",
  "compound_name": "Pranlukast",
  "compound_percentile": 0.9191176470588229,
  "disease_id": "DOID:1793",
  "disease_name": "pancreatic cancer",
  "disease_percentile": 0.9544863459037709,
  "metapath_contribution": {
    "CbGaD": 0.2843103146354754,
    "CbGbCtD": 0.1992790762522799,
    "CbGeAlD": 0.035104222891270104,
    "CbGpPWpGaD": 0.11074610428547084,
    "CrCbGaD": 0.0016589516348319464,
    "CrCrCtD": 0.36890133030067174
  },
  "n_trials": 0.0,
  "prediction": 0.00678444645249617,
  "status": 0
}