{
  "compound_id": "DB08896",
  "compound_name": "Regorafenib",
  "compound_percentile": 0.669117647058823,
  "disease_id": "DOID:10534",
  "disease_name": "stomach cancer",
  "disease_percentile": 0.46814044213264006,
  "metapath_contribution": {
    "CbGaD": 0.3832322734266924,
    "CbGbCtD": 0.27055347927477275,
    "CbGdCrCtD": 0.0033031228274620116,
    "CbGeAlD": 0.08225918448776365,
    "CbGpPWpGaD": 0.16600091700876898,
    "CcSEcCtD": 0.09465102297454037
  },
  "n_trials": 0.0,
  "prediction": 0.00147988724749843,
  "status": 0
}