{
  "compound_id": "DB01087",
  "compound_name": "Primaquine",
  "compound_percentile": 0.720588235294118,
  "disease_id": "DOID:0050741",
  "disease_name": "alcohol dependence",
  "disease_percentile": 0.5851755526658001,
  "metapath_contribution": {
    "CbGbCtD": 0.5788215456763056,
    "CbGeAlD": 0.1621103594084432,
    "CbGpPWpGaD": 0.2590680949152511
  },
  "n_trials": 0.0,
  "prediction": 0.0024399049593717397,
  "status": 0
}