{
  "compound_id": "DB04855",
  "compound_name": "Dronedarone",
  "compound_percentile": 0.772058823529412,
  "disease_id": "DOID:1936",
  "disease_name": "atherosclerosis",
  "disease_percentile": 0.639791937581274,
  "metapath_contribution": {
    "CbGaD": 0.21745533540604356,
    "CbGbCtD": 0.4596588190076482,
    "CbGeAlD": 0.038568946577981746,
    "CbGpPWpGaD": 0.16476498295094952,
    "CcSEcCtD": 0.11955191605737701
  },
  "n_trials": 0.0,
  "prediction": 0.0022248223929867803,
  "status": 0
}