{
  "compound_id": "DB00571",
  "compound_name": "Propranolol",
  "compound_percentile": 0.639705882352941,
  "disease_id": "DOID:9008",
  "disease_name": "psoriatic arthritis",
  "disease_percentile": 0.215214564369311,
  "metapath_contribution": {
    "CbGbCtD": 0.8102996148657655,
    "CcSEcCtD": 0.18970038513423457
  },
  "n_trials": 0.0,
  "prediction": 0.00125259943877517,
  "status": 0,
  "training_prediction": 0.00420656755038918
}