{
  "compound_id": "DB01026",
  "compound_name": "Ketoconazole",
  "compound_percentile": 0.786764705882353,
  "disease_id": "DOID:1024",
  "disease_name": "leprosy",
  "disease_percentile": 0.825097529258778,
  "metapath_contribution": {
    "CbGbCtD": 0.9173185530313763,
    "CbGeAlD": 0.003080376985713986,
    "CcSEcCtD": 0.07960106998290958
  },
  "n_trials": 0.0,
  "prediction": 0.00268593337100301,
  "status": 0
}