{
  "compound_id": "DB00661",
  "compound_name": "Verapamil",
  "compound_percentile": 0.588235294117647,
  "disease_id": "DOID:1686",
  "disease_name": "glaucoma",
  "disease_percentile": 0.656046814044213,
  "metapath_contribution": {
    "CbGbCtD": 0.6235527240140288,
    "CbGpPWpGaD": 0.09889030208089974,
    "CcSEcCtD": 0.2775569739050714
  },
  "n_trials": 0.0,
  "prediction": 0.0024188231797083,
  "status": 0,
  "training_prediction": 0.0169512005539253
}