{
  "compound_id": "DB04794",
  "compound_name": "Bifonazole",
  "compound_percentile": 0.7941176470588229,
  "disease_id": "DOID:3070",
  "disease_name": "malignant glioma",
  "disease_percentile": 0.6840052015604681,
  "metapath_contribution": {
    "CbGaD": 0.8534935951936473,
    "CbGbCtD": 0.03634852217776448,
    "CbGpPWpGaD": 0.10193243910440532,
    "CrCbGaD": 0.008225443524182844
  },
  "n_trials": 0.0,
  "prediction": 0.00179895949404538,
  "status": 0
}