{
  "compound_id": "DB00726",
  "compound_name": "Trimipramine",
  "compound_percentile": 0.6985294117647061,
  "disease_id": "DOID:11612",
  "disease_name": "polycystic ovary syndrome",
  "disease_percentile": 0.608582574772432,
  "metapath_contribution": {
    "CbGaD": 0.8146655216813928,
    "CbGeAlD": 0.01982909487614497,
    "CbGpPWpGaD": 0.1582113666016767,
    "CrCbGaD": 0.007294016840785405
  },
  "n_trials": 0.0,
  "prediction": 0.0016154754049003699,
  "status": 0
}