{
  "compound_id": "DB01204",
  "compound_name": "Mitoxantrone",
  "compound_percentile": 0.389705882352941,
  "disease_id": "DOID:8893",
  "disease_name": "psoriasis",
  "disease_percentile": 0.644343302990897,
  "metapath_contribution": {
    "CbGbCtD": 0.6459155306332879,
    "CbGdCrCtD": 0.0016268474596240273,
    "CbGpPWpGaD": 0.06278358009001989,
    "CcSEcCtD": 0.2896740418170682
  },
  "n_trials": 0.0,
  "prediction": 0.00226987938090422,
  "status": 0,
  "training_prediction": 0.03706241237799
}