{
  "compound_id": "DB00202",
  "compound_name": "Succinylcholine",
  "compound_percentile": 0.926470588235294,
  "disease_id": "DOID:4481",
  "disease_name": "allergic rhinitis",
  "disease_percentile": 0.6690507152145639,
  "metapath_contribution": {
    "CbGbCtD": 0.8137819839172968,
    "CbGeAlD": 0.038621308518136555,
    "CcSEcCtD": 0.14759670756456672
  },
  "n_trials": 0.0,
  "prediction": 0.00298283341464848,
  "status": 0
}