{
  "compound_id": "DB00481",
  "compound_name": "Raloxifene",
  "compound_percentile": 0.75,
  "disease_id": "DOID:8577",
  "disease_name": "ulcerative colitis",
  "disease_percentile": 0.7080624187256179,
  "metapath_contribution": {
    "CbGbCtD": 0.7970241205180155,
    "CbGdCrCtD": 0.001235290546436282,
    "CbGeAlD": 0.006620607551587624,
    "CbGpPWpGaD": 0.0387986092736702,
    "CcSEcCtD": 0.15632137211029037
  },
  "n_trials": 0.0,
  "prediction": 0.00284440208867632,
  "status": 0,
  "training_prediction": 0.0160691123142126
}