{
  "compound_id": "DB00909",
  "compound_name": "Zonisamide",
  "compound_percentile": 0.183823529411765,
  "disease_id": "DOID:1793",
  "disease_name": "pancreatic cancer",
  "disease_percentile": 0.391417425227568,
  "metapath_contribution": {
    "CbGeAlD": 0.131202733502005,
    "CbGpPWpGaD": 0.2960045578454939,
    "CcSEcCtD": 0.5727927086525012
  },
  "n_trials": 0.0,
  "prediction": 0.00148674131628873,
  "status": 0,
  "training_prediction": 0.00354332144624647
}