{
  "compound_id": "DB00704",
  "compound_name": "Naltrexone",
  "compound_percentile": 0.6764705882352939,
  "disease_id": "DOID:1781",
  "disease_name": "thyroid cancer",
  "disease_percentile": 0.550065019505852,
  "metapath_contribution": {
    "CbGbCtD": 0.5943210611391196,
    "CcSEcCtD": 0.40567893886088024
  },
  "n_trials": 0.0,
  "prediction": 0.0016086680862788698,
  "status": 0,
  "training_prediction": 0.00195254259915904
}