{
  "compound_id": "DB06155",
  "compound_name": "Rimonabant",
  "compound_percentile": 0.647058823529412,
  "disease_id": "DOID:7148",
  "disease_name": "rheumatoid arthritis",
  "disease_percentile": 0.797139141742523,
  "metapath_contribution": {
    "CbGbCtD": 0.6464938384012885,
    "CbGpPWpGaD": 0.12265960651276936,
    "CcSEcCtD": 0.23084655508594223
  },
  "n_trials": 0.0,
  "prediction": 0.0029427405877987,
  "status": 0
}