{
  "compound_id": "DB01544",
  "compound_name": "Flunitrazepam",
  "compound_percentile": 0.904411764705882,
  "disease_id": "DOID:635",
  "disease_name": "acquired immunodeficiency syndrome",
  "disease_percentile": 0.648244473342003,
  "metapath_contribution": {
    "CbGbCtD": 0.8251278920933136,
    "CbGeAlD": 0.04610023428948723,
    "CcSEcCtD": 0.1279814668623521,
    "CrCbGaD": 0.0007904067548469793
  },
  "n_trials": 0.0,
  "prediction": 0.00308919005627415,
  "status": 0
}