{
  "compound_id": "DB00359",
  "compound_name": "Sulfadiazine",
  "compound_percentile": 0.720588235294118,
  "disease_id": "DOID:2377",
  "disease_name": "multiple sclerosis",
  "disease_percentile": 0.283485045513654,
  "metapath_contribution": {
    "CbGbCtD": 0.8308594845013143,
    "CcSEcCtD": 0.1667750353056655,
    "CrCbGaD": 0.0023654801930203307
  },
  "n_trials": 0.0,
  "prediction": 0.001386162134337,
  "status": 0,
  "training_prediction": 0.00355333305274014
}