{
  "compound_id": "DB00294",
  "compound_name": "Etonogestrel",
  "compound_percentile": 0.7058823529411771,
  "disease_id": "DOID:1826",
  "disease_name": "epilepsy syndrome",
  "disease_percentile": 0.0897269180754226,
  "metapath_contribution": {
    "CbGbCtD": 0.5251536315945362,
    "CbGeAlD": 0.012655117455157001,
    "CbGpPWpGaD": 0.06310622124323838,
    "CcSEcCtD": 0.39409333238438693,
    "CrCbGaD": 0.004991697322681501
  },
  "n_trials": 0.0,
  "prediction": 0.0011574086020150099,
  "status": 0
}