{
  "compound_id": "DB00549",
  "compound_name": "Zafirlukast",
  "compound_percentile": 0.882352941176471,
  "disease_id": "DOID:3393",
  "disease_name": "coronary artery disease",
  "disease_percentile": 0.661248374512354,
  "metapath_contribution": {
    "CbGaD": 0.16735217641020625,
    "CbGbCtD": 0.55219415486586,
    "CbGeAlD": 0.008692845092409422,
    "CbGpPWpGaD": 0.10248830254355626,
    "CcSEcCtD": 0.16513681176624187,
    "CrCbGaD": 0.004135709321726341
  },
  "n_trials": 0.0,
  "prediction": 0.0032143978336402397,
  "status": 0,
  "training_prediction": 0.0170963580659177
}