{
  "compound_id": "DB01348",
  "compound_name": "Spirapril",
  "compound_percentile": 0.823529411764706,
  "disease_id": "DOID:5419",
  "disease_name": "schizophrenia",
  "disease_percentile": 0.596879063719116,
  "metapath_contribution": {
    "CbGaD": 0.9423034627688159,
    "CbGeAlD": 0.04723493963234412,
    "CrCbGaD": 0.010461597598839963
  },
  "n_trials": 0.0,
  "prediction": 0.00177749918310517,
  "status": 0
}