{
  "compound_id": "DB00920",
  "compound_name": "Ketotifen",
  "compound_percentile": 0.75,
  "disease_id": "DOID:0060073",
  "disease_name": "lymphatic system cancer",
  "disease_percentile": 0.38296488946684004,
  "metapath_contribution": {
    "CbGbCtD": 0.8168748845493501,
    "CcSEcCtD": 0.18312511545065
  },
  "n_trials": 0.0,
  "prediction": 0.0013954522684740099,
  "status": 0,
  "training_prediction": 0.00307553971399105
}