{
  "compound_id": "DB00620",
  "compound_name": "Triamcinolone",
  "compound_percentile": 0.169117647058824,
  "disease_id": "DOID:2986",
  "disease_name": "IgA glomerulonephritis",
  "disease_percentile": 0.13719115734720402,
  "metapath_contribution": {
    "CbGeAlD": 0.021209273587144743,
    "CbGpPWpGaD": 0.028051415978957668,
    "CtDrD": 0.9507393104338977
  },
  "n_trials": 0.0,
  "prediction": 0.000547928305232525,
  "status": 0
}