{
  "compound_id": "DB00312",
  "compound_name": "Pentobarbital",
  "compound_percentile": 0.7352941176470591,
  "disease_id": "DOID:5041",
  "disease_name": "esophageal cancer",
  "disease_percentile": 0.669700910273082,
  "metapath_contribution": {
    "CbGaD": 0.8782638279508002,
    "CbGpPWpGaD": 0.11789577950744719,
    "CrCbGaD": 0.003840392541752733
  },
  "n_trials": 0.0,
  "prediction": 0.0018781052293991801,
  "status": 0
}