{
  "compound_id": "DB00939",
  "compound_name": "Meclofenamic acid",
  "compound_percentile": 0.5514705882352939,
  "disease_id": "DOID:14221",
  "disease_name": "metabolic syndrome X",
  "disease_percentile": 0.532509752925878,
  "metapath_contribution": {
    "CbGaD": 0.7601629580717729,
    "CbGeAlD": 0.044576620224412195,
    "CbGpPWpGaD": 0.18719877737941146,
    "CrCbGaD": 0.00806164432440337
  },
  "n_trials": 0.0,
  "prediction": 0.00144695048179264,
  "status": 0
}