{
  "compound_id": "DB01222",
  "compound_name": "Budesonide",
  "compound_percentile": 0.75,
  "disease_id": "DOID:9352",
  "disease_name": "type 2 diabetes mellitus",
  "disease_percentile": 0.0942782834850455,
  "metapath_contribution": {
    "CbGaD": 0.47835117451538106,
    "CbGbCtD": 0.288455885879634,
    "CbGpPWpGaD": 0.0425388458087069,
    "CcSEcCtD": 0.1853485693653968,
    "CrCbGaD": 0.0053055244308813625
  },
  "n_trials": 0.0,
  "prediction": 0.0009615081640238609,
  "status": 0,
  "training_prediction": 0.0070537197367132294
}