{
  "compound_id": "DB00648",
  "compound_name": "Mitotane",
  "compound_percentile": 0.0808823529411765,
  "disease_id": "DOID:184",
  "disease_name": "bone cancer",
  "disease_percentile": 0.180104031209363,
  "metapath_contribution": {
    "CbGpPWpGaD": 0.0950952799635747,
    "CcSEcCtD": 0.8942226593897881,
    "CrCbGaD": 0.010682060646637296
  },
  "n_trials": 0.0,
  "prediction": 0.0009453200659174391,
  "status": 0
}