{
  "compound_id": "DB00222",
  "compound_name": "Glimepiride",
  "compound_percentile": 0.242647058823529,
  "disease_id": "DOID:8577",
  "disease_name": "ulcerative colitis",
  "disease_percentile": 0.04681404421326401,
  "metapath_contribution": {
    "CbGbCtD": 0.08801708312268791,
    "CcSEcCtD": 0.8892557041620438,
    "CrCbGaD": 0.022727212715268306
  },
  "n_trials": 0.0,
  "prediction": 0.000852353570568085,
  "status": 0,
  "training_prediction": 0.00291774191924471
}