{
  "compound_id": "DB00755",
  "compound_name": "Tretinoin",
  "compound_percentile": 0.713235294117647,
  "disease_id": "DOID:4362",
  "disease_name": "cervical cancer",
  "disease_percentile": 0.652795838751626,
  "metapath_contribution": {
    "CbGaD": 0.7601510114552212,
    "CbGeAlD": 0.11472361209630878,
    "CbGpPWpGaD": 0.08679014314504722,
    "CcSEcCtD": 0.030187909565866287,
    "CrCbGaD": 0.008147323737556425
  },
  "n_trials": 3.0,
  "prediction": 0.00165789557521561,
  "status": 0,
  "training_prediction": 0.000747503816670367
}