{
  "compound_id": "DB00202",
  "compound_name": "Succinylcholine",
  "compound_percentile": 0.8897058823529409,
  "disease_id": "DOID:10763",
  "disease_name": "hypertension",
  "disease_percentile": 0.33615084525357597,
  "metapath_contribution": {
    "CbGbCtD": 0.4291097009846551,
    "CbGeAlD": 0.008020923952193839,
    "CbGpPWpGaD": 0.2120868697585903,
    "CcSEcCtD": 0.3457758214605288,
    "CrCbGaD": 0.005006683844031857
  },
  "n_trials": 0.0,
  "prediction": 0.0025762054842992698,
  "status": 0
}