{
  "compound_id": "DB00668",
  "compound_name": "Epinephrine",
  "compound_percentile": 0.9191176470588229,
  "disease_id": "DOID:8778",
  "disease_name": "Crohn's disease",
  "disease_percentile": 0.8686605981794541,
  "metapath_contribution": {
    "CbGaD": 0.4131241694289086,
    "CbGeAlD": 0.007099602889873773,
    "CbGpPWpGaD": 0.06627862476015607,
    "CcSEcCtD": 0.002743785006301814,
    "CrCbGaD": 0.0005273850846735658,
    "CrCrCtD": 0.5102264328300862
  },
  "n_trials": 0.0,
  "prediction": 0.00310209469430915,
  "status": 0
}