{
  "compound_id": "DB01586",
  "compound_name": "Ursodeoxycholic acid",
  "compound_percentile": 0.566176470588235,
  "disease_id": "DOID:14227",
  "disease_name": "azoospermia",
  "disease_percentile": 0.771781534460338,
  "metapath_contribution": {
    "CbGbCtD": 0.7643102436400115,
    "CbGeAlD": 0.015466889073490536,
    "CcSEcCtD": 0.2084383275324659,
    "CrCbGaD": 0.011784539754031991
  },
  "n_trials": 0.0,
  "prediction": 0.00220358524216859,
  "status": 0,
  "training_prediction": 0.000993839994848476
}