{
  "compound_id": "DB00138",
  "compound_name": "L-Cystine",
  "compound_percentile": 0.257352941176471,
  "disease_id": "DOID:2355",
  "disease_name": "anemia",
  "disease_percentile": 0.547464239271782,
  "metapath_contribution": {
    "CbGeAlD": 0.458486265565685,
    "CbGpPWpGaD": 0.5098796534945341,
    "CrCbGaD": 0.031634080939780984
  },
  "n_trials": 0.0,
  "prediction": 0.00131475525486166,
  "status": 0
}