{
  "compound_id": "DB01016",
  "compound_name": "Glyburide",
  "compound_percentile": 0.9558823529411771,
  "disease_id": "DOID:9970",
  "disease_name": "obesity",
  "disease_percentile": 0.929778933680104,
  "metapath_contribution": {
    "CbGaD": 0.2109652360420417,
    "CbGbCtD": 0.14692045064856743,
    "CbGeAlD": 0.0320482629841338,
    "CbGpPWpGaD": 0.07022027482094334,
    "CcSEcCtD": 0.05322799466813966,
    "CrCbGaD": 0.0017223203428912467,
    "CtDrD": 0.48489546049328275
  },
  "n_trials": 0.0,
  "prediction": 0.0107859089401771,
  "status": 0,
  "training_prediction": 0.0446344456228457
}