{
  "compound_id": "DB00177",
  "compound_name": "Valsartan",
  "compound_percentile": 0.0808823529411765,
  "disease_id": "DOID:1192",
  "disease_name": "peripheral nervous system neoplasm",
  "disease_percentile": 0.14239271781534502,
  "metapath_contribution": {
    "CcSEcCtD": 0.9977870717794695,
    "CrCbGaD": 0.002212928220530499
  },
  "n_trials": 0.0,
  "prediction": 0.0009658527816408679,
  "status": 0,
  "training_prediction": 0.005993761306911221
}