{
  "compound_id": "DB00989",
  "compound_name": "Rivastigmine",
  "compound_percentile": 0.823529411764706,
  "disease_id": "DOID:184",
  "disease_name": "bone cancer",
  "disease_percentile": 0.8751625487646291,
  "metapath_contribution": {
    "CbGaD": 0.6398541361512848,
    "CbGbCtD": 0.13985612353365598,
    "CcSEcCtD": 0.2172744867709783,
    "CrCbGaD": 0.0030152535440808024
  },
  "n_trials": 0.0,
  "prediction": 0.00293897635966443,
  "status": 0,
  "training_prediction": 0.0041911495048638295
}