{
  "compound_id": "DB06262",
  "compound_name": "Droxidopa",
  "compound_percentile": 0.904411764705882,
  "disease_id": "DOID:12930",
  "disease_name": "dilated cardiomyopathy",
  "disease_percentile": 0.56371911573472,
  "metapath_contribution": {
    "CbGaD": 0.881439711362215,
    "CbGpPWpGaD": 0.11059260362260522,
    "CrCbGaD": 0.007967685015179886
  },
  "n_trials": 0.0,
  "prediction": 0.0017684334554914601,
  "status": 0
}