{
  "compound_id": "DB00617",
  "compound_name": "Paramethadione",
  "compound_percentile": 0.933823529411765,
  "disease_id": "DOID:9970",
  "disease_name": "obesity",
  "disease_percentile": 0.6449934980494151,
  "metapath_contribution": {
    "CbGaD": 0.36204759908480777,
    "CbGbCtD": 0.562963743851556,
    "CbGpPWpGaD": 0.07200516341074105,
    "CrCbGaD": 0.002983493652895105
  },
  "n_trials": 0.0,
  "prediction": 0.0033500022471028104,
  "status": 0
}