{
  "compound_id": "DB00143",
  "compound_name": "Glutathione",
  "compound_percentile": 0.5735294117647061,
  "disease_id": "DOID:219",
  "disease_name": "colon cancer",
  "disease_percentile": 0.798439531859558,
  "metapath_contribution": {
    "CbGbCtD": 0.6111360987971381,
    "CbGdCrCtD": 0.003753567945938354,
    "CbGeAlD": 0.20384216927926013,
    "CbGpPWpGaD": 0.18126816397766332
  },
  "n_trials": 0.0,
  "prediction": 0.00237525813066013,
  "status": 0
}