{
  "compound_id": "DB00602",
  "compound_name": "Ivermectin",
  "compound_percentile": 0.816176470588235,
  "disease_id": "DOID:2841",
  "disease_name": "asthma",
  "disease_percentile": 0.76853055916775,
  "metapath_contribution": {
    "CbGbCtD": 0.6669975338556559,
    "CbGeAlD": 0.005472854686829122,
    "CbGpPWpGaD": 0.050240593241220016,
    "CcSEcCtD": 0.2772890182162949
  },
  "n_trials": 0.0,
  "prediction": 0.00440290146234596,
  "status": 0
}