{
  "compound_id": "DB00384",
  "compound_name": "Triamterene",
  "compound_percentile": 0.0367647058823529,
  "disease_id": "DOID:1612",
  "disease_name": "breast cancer",
  "disease_percentile": 0.149544863459038,
  "metapath_contribution": {
    "CbGbCtD": 0.33893487930637095,
    "CbGeAlD": 0.21300561873003704,
    "CbGpPWpGaD": 0.15781687565655667,
    "CcSEcCtD": 0.2812546305662014,
    "CrCbGaD": 0.008987995740833966
  },
  "n_trials": 0.0,
  "prediction": 0.00113281144910019,
  "status": 0,
  "training_prediction": 0.006256251046832821
}