{
  "category": "NOT",
  "compound_id": "DB00988",
  "compound_name": "Dopamine",
  "compound_percentile": 0.786764705882353,
  "disease_id": "DOID:3393",
  "disease_name": "coronary artery disease",
  "disease_percentile": 0.333550065019506,
  "metapath_contribution": {
    "CbGaD": 0.4051037301674073,
    "CbGbCtD": 0.37333886638752783,
    "CbGeAlD": 0.043058637276481806,
    "CbGpPWpGaD": 0.11470739519120468,
    "CcSEcCtD": 0.06012538551691171,
    "CrCbGaD": 0.003665985460466798
  },
  "prediction": 0.00172297460690892,
  "status": 0
}