{
  "compound_id": "DB00514",
  "compound_name": "Dextromethorphan",
  "compound_percentile": 0.757352941176471,
  "disease_id": "DOID:1595",
  "disease_name": "endogenous depression",
  "disease_percentile": 0.5481144343302989,
  "metapath_contribution": {
    "CbGaD": 0.7484735459836968,
    "CbGeAlD": 0.13240253342391112,
    "CbGpPWpGaD": 0.11197225348181887,
    "CrCbGaD": 0.0071516671105732055
  },
  "n_trials": 2.0,
  "prediction": 0.00158961440323446,
  "status": 0
}