{
  "compound_id": "DB00134",
  "compound_name": "L-Methionine",
  "compound_percentile": 0.514705882352941,
  "disease_id": "DOID:7693",
  "disease_name": "abdominal aortic aneurysm",
  "disease_percentile": 0.631339401820546,
  "metapath_contribution": {
    "CbGeAlD": 0.4242152604282119,
    "CbGpPWpGaD": 0.5515687506683815,
    "CrCbGaD": 0.02421598890340669
  },
  "n_trials": 0.0,
  "prediction": 0.00145420567612502,
  "status": 0
}