{
  "compound_id": "DB01329",
  "compound_name": "Cefoperazone",
  "compound_percentile": 0.823529411764706,
  "disease_id": "DOID:10976",
  "disease_name": "membranous glomerulonephritis",
  "disease_percentile": 0.6079323797139139,
  "metapath_contribution": {
    "CbGaD": 0.9366450271660957,
    "CbGeAlD": 0.05604734941238132,
    "CrCbGaD": 0.007307623421523071
  },
  "n_trials": 0.0,
  "prediction": 0.00137913401636905,
  "status": 0
}