{
  "compound_id": "DB01590",
  "compound_name": "Everolimus",
  "compound_percentile": 0.272058823529412,
  "disease_id": "DOID:1936",
  "disease_name": "atherosclerosis",
  "disease_percentile": 0.0208062418725618,
  "metapath_contribution": {
    "CbGbCtD": 0.2905578937596499,
    "CbGeAlD": 0.10669274522783957,
    "CbGpPWpGaD": 0.222184144300912,
    "CcSEcCtD": 0.3805652167115985
  },
  "n_trials": 0.0,
  "prediction": 0.0006009509568314321,
  "status": 0,
  "training_prediction": 0.000980766395464565
}