{
  "compound_id": "DB01418",
  "compound_name": "Acenocoumarol",
  "compound_percentile": 0.5514705882352939,
  "disease_id": "DOID:2994",
  "disease_name": "germ cell cancer",
  "disease_percentile": 0.638491547464239,
  "metapath_contribution": {
    "CbGbCtD": 0.672299097438301,
    "CbGeAlD": 0.0701797119165785,
    "CcSEcCtD": 0.2575211906451204
  },
  "n_trials": 0.0,
  "prediction": 0.00192815332676459,
  "status": 0
}