{
  "compound_id": "DB00586",
  "compound_name": "Diclofenac",
  "compound_percentile": 0.0514705882352941,
  "disease_id": "DOID:12849",
  "disease_name": "autistic disorder",
  "disease_percentile": 0.14759427828348498,
  "metapath_contribution": {
    "CbGaD": 0.3168015868930094,
    "CbGeAlD": 0.23004118038540525,
    "CbGpPWpGaD": 0.4438852659331891,
    "CrCbGaD": 0.009271966788396266
  },
  "n_trials": 0.0,
  "prediction": 0.000783277499956508,
  "status": 0
}