{
  "compound_id": "DB00968",
  "compound_name": "Methyldopa",
  "compound_percentile": 0.3529411764705879,
  "disease_id": "DOID:363",
  "disease_name": "uterine cancer",
  "disease_percentile": 0.165149544863459,
  "metapath_contribution": {
    "CbGeAlD": 0.2439730958135461,
    "CcSEcCtD": 0.7560269041864539
  },
  "n_trials": 0.0,
  "prediction": 0.0010400026314437301,
  "status": 0,
  "training_prediction": 0.0019007391769692
}