{
  "compound_id": "DB01086",
  "compound_name": "Benzocaine",
  "compound_percentile": 0.639705882352941,
  "disease_id": "DOID:1094",
  "disease_name": "attention deficit hyperactivity disorder",
  "disease_percentile": 0.38231469440832205,
  "metapath_contribution": {
    "CbGeAlD": 0.446066965283101,
    "CbGpPWpGaD": 0.5432957908164361,
    "CrCbGaD": 0.010637243900462869
  },
  "n_trials": 0.0,
  "prediction": 0.00123828406319362,
  "status": 0
}