{
  "compound_id": "DB01622",
  "compound_name": "Thioproperazine",
  "compound_percentile": 0.911764705882353,
  "disease_id": "DOID:8986",
  "disease_name": "narcolepsy",
  "disease_percentile": 0.8133940182054621,
  "metapath_contribution": {
    "CbGaD": 0.7959315090251549,
    "CbGeAlD": 0.07524751533536217,
    "CbGpPWpGaD": 0.12205912973358532,
    "CrCbGaD": 0.0067618459058977325
  },
  "n_trials": 0.0,
  "prediction": 0.0018502581308820101,
  "status": 0
}