{
  "compound_id": "DB00502",
  "compound_name": "Haloperidol",
  "compound_percentile": 0.272058823529412,
  "disease_id": "DOID:2355",
  "disease_name": "anemia",
  "disease_percentile": 0.391417425227568,
  "metapath_contribution": {
    "CbGaD": 0.5262630888341907,
    "CbGeAlD": 0.20660486253405738,
    "CbGpPWpGaD": 0.2621485908370206,
    "CrCbGaD": 0.004983457794731351
  },
  "n_trials": 0.0,
  "prediction": 0.00106254330037429,
  "status": 0
}