{
  "compound_id": "DB00814",
  "compound_name": "Meloxicam",
  "compound_percentile": 0.7941176470588229,
  "disease_id": "DOID:184",
  "disease_name": "bone cancer",
  "disease_percentile": 0.826397919375813,
  "metapath_contribution": {
    "CbGaD": 0.5191915059678167,
    "CbGbCtD": 0.36980941226416314,
    "CbGpPWpGaD": 0.010448105408072792,
    "CcSEcCtD": 0.09724065111455517,
    "CrCbGaD": 0.003310325245392068
  },
  "n_trials": 0.0,
  "prediction": 0.00254528652054571,
  "status": 0
}