{
  "compound_id": "DB00988",
  "compound_name": "Dopamine",
  "compound_percentile": 0.867647058823529,
  "disease_id": "DOID:10652",
  "disease_name": "Alzheimer's disease",
  "disease_percentile": 0.6781534460338101,
  "metapath_contribution": {
    "CbGaD": 0.4457382696733275,
    "CbGbCtD": 0.3349927820530684,
    "CbGeAlD": 0.07742812681244236,
    "CbGpPWpGaD": 0.11005248176791546,
    "CcSEcCtD": 0.028612464235859305,
    "CrCbGaD": 0.003175875457386821
  },
  "n_trials": 1.0,
  "prediction": 0.00242042711047895,
  "status": 0
}