{
  "compound_id": "DB00779",
  "compound_name": "Nalidixic Acid",
  "compound_percentile": 0.610294117647059,
  "disease_id": "DOID:1612",
  "disease_name": "breast cancer",
  "disease_percentile": 0.267880364109233,
  "metapath_contribution": {
    "CbGeAlD": 0.11723977406294657,
    "CbGpPWpGaD": 0.15840379188567077,
    "CcSEcCtD": 0.706375515901977,
    "CrCbGaD": 0.017980918149405674
  },
  "n_trials": 0.0,
  "prediction": 0.00151230392817449,
  "status": 0
}