{
  "compound_id": "DB00411",
  "compound_name": "Carbachol",
  "compound_percentile": 0.485294117647059,
  "disease_id": "DOID:219",
  "disease_name": "colon cancer",
  "disease_percentile": 0.545513654096229,
  "metapath_contribution": {
    "CbGdCrCtD": 0.03826895102593867,
    "CbGeAlD": 0.3056015867525917,
    "CcSEcCtD": 0.6561294622214696
  },
  "n_trials": 0.0,
  "prediction": 0.00166375080153552,
  "status": 0,
  "training_prediction": 0.0023738980228772
}