{
  "compound_id": "DB00690",
  "compound_name": "Flurazepam",
  "compound_percentile": 0.5735294117647061,
  "disease_id": "DOID:263",
  "disease_name": "kidney cancer",
  "disease_percentile": 0.13979193758127403,
  "metapath_contribution": {
    "CbGaD": 0.2157292272990077,
    "CbGbCtD": 0.48764459308852953,
    "CbGeAlD": 0.008601679983785951,
    "CbGpPWpGaD": 0.0768193206177099,
    "CcSEcCtD": 0.2071967346115986,
    "CrCbGaD": 0.004008444399368272
  },
  "n_trials": 0.0,
  "prediction": 0.0008978155382326779,
  "status": 0
}