{
  "compound_id": "DB00847",
  "compound_name": "Cysteamine",
  "compound_percentile": 0.757352941176471,
  "disease_id": "DOID:2174",
  "disease_name": "ocular cancer",
  "disease_percentile": 0.9811443433029909,
  "metapath_contribution": {
    "CbGbCtD": 0.9205227035474269,
    "CbGeAlD": 0.050736922435537964,
    "CbGpPWpGaD": 0.028740374017035185
  },
  "n_trials": 0.0,
  "prediction": 0.00335614409925021,
  "status": 0
}