{
  "compound_id": "DB06775",
  "compound_name": "Carglumic Acid",
  "compound_percentile": 0.43382352941176505,
  "disease_id": "DOID:3393",
  "disease_name": "coronary artery disease",
  "disease_percentile": 0.156697009102731,
  "metapath_contribution": {
    "CbGpPWpGaD": 0.39710666587905846,
    "CcSEcCtD": 0.5737568283546103,
    "CrCbGaD": 0.029136505766331304
  },
  "n_trials": 0.0,
  "prediction": 0.00110878815878669,
  "status": 0
}