{
  "compound_id": "DB05812",
  "compound_name": "Abiraterone",
  "compound_percentile": 0.44117647058823495,
  "disease_id": "DOID:2355",
  "disease_name": "anemia",
  "disease_percentile": 0.843953185955787,
  "metapath_contribution": {
    "CbGaD": 0.5256728306865658,
    "CbGeAlD": 0.16503346921637732,
    "CbGpPWpGaD": 0.30929370009705687
  },
  "n_trials": 0.0,
  "prediction": 0.0020966459056426,
  "status": 0
}