{
  "compound_id": "DB01262",
  "compound_name": "Decitabine",
  "compound_percentile": 0.0441176470588235,
  "disease_id": "DOID:11612",
  "disease_name": "polycystic ovary syndrome",
  "disease_percentile": 0.000650195058517555,
  "metapath_contribution": {
    "CbGeAlD": 0.38096152328778743,
    "CbGpPWpGaD": 0.2870876604731215,
    "CcSEcCtD": 0.31115513658549054,
    "CrCbGaD": 0.02079567965360055
  },
  "n_trials": 0.0,
  "prediction": 0.000342850067261629,
  "status": 0
}