{
  "compound_id": "DB08798",
  "compound_name": "Sulfamoxole",
  "compound_percentile": 0.977941176470588,
  "disease_id": "DOID:9352",
  "disease_name": "type 2 diabetes mellitus",
  "disease_percentile": 0.61443433029909,
  "metapath_contribution": {
    "CbGbCtD": 0.5171881431362221,
    "CrCbGaD": 0.003108339228147228,
    "CrCrCtD": 0.4797035176356307
  },
  "n_trials": 0.0,
  "prediction": 0.00303603845022908,
  "status": 0
}