{
  "compound_id": "DB00704",
  "compound_name": "Naltrexone",
  "compound_percentile": 0.926470588235294,
  "disease_id": "DOID:2531",
  "disease_name": "hematologic cancer",
  "disease_percentile": 0.697659297789337,
  "metapath_contribution": {
    "CbGaD": 0.41652790977334503,
    "CbGbCtD": 0.3102553433874773,
    "CbGpPWpGaD": 0.054086868330601896,
    "CcSEcCtD": 0.21669607605049926,
    "CrCbGaD": 0.0024338024580765633
  },
  "n_trials": 0.0,
  "prediction": 0.00343425310120503,
  "status": 0,
  "training_prediction": 0.0304196717515821
}