{
  "compound_id": "DB00616",
  "compound_name": "Candoxatril",
  "compound_percentile": 0.867647058823529,
  "disease_id": "DOID:784",
  "disease_name": "chronic kidney failure",
  "disease_percentile": 0.962288686605982,
  "metapath_contribution": {
    "CbGaD": 0.7267321226232403,
    "CbGeAlD": 0.15382001826953415,
    "CbGpPWpGaD": 0.11944785910722559
  },
  "n_trials": 0.0,
  "prediction": 0.0043129115351697,
  "status": 0
}