{
  "compound_id": "DB00759",
  "compound_name": "Tetracycline",
  "compound_percentile": 0.882352941176471,
  "disease_id": "DOID:2043",
  "disease_name": "hepatitis B",
  "disease_percentile": 0.8985695708712611,
  "metapath_contribution": {
    "CbGaD": 0.4264257826035495,
    "CbGbCtD": 0.5727261724715704,
    "CrCbGaD": 0.0008480449248800226
  },
  "n_trials": 0.0,
  "prediction": 0.0028675811866959396,
  "status": 0
}