{
  "compound_id": "DB01204",
  "compound_name": "Mitoxantrone",
  "compound_percentile": 0.610294117647059,
  "disease_id": "DOID:9206",
  "disease_name": "Barrett's esophagus",
  "disease_percentile": 0.9115734720416121,
  "metapath_contribution": {
    "CbGbCtD": 0.7488140102448021,
    "CbGpPWpGaD": 0.033655383318355075,
    "CcSEcCtD": 0.2175306064368428
  },
  "n_trials": 0.0,
  "prediction": 0.00326521599317215,
  "status": 0,
  "training_prediction": 0.00949152862014732
}