{
  "compound_id": "DB00670",
  "compound_name": "Pirenzepine",
  "compound_percentile": 1.0,
  "disease_id": "DOID:1826",
  "disease_name": "epilepsy syndrome",
  "disease_percentile": 0.834200260078023,
  "metapath_contribution": {
    "CbGaD": 0.23502394904368373,
    "CbGpPWpGaD": 0.03446380051254591,
    "CrCbGaD": 0.002337412649530635,
    "CrCrCtD": 0.26093446445198315,
    "CrCtD": 0.46724037334225665
  },
  "n_trials": 0.0,
  "prediction": 0.0102200810387929,
  "status": 0
}