{
  "compound_id": "DB01194",
  "compound_name": "Brinzolamide",
  "compound_percentile": 0.279411764705882,
  "disease_id": "DOID:9744",
  "disease_name": "type 1 diabetes mellitus",
  "disease_percentile": 0.6449934980494151,
  "metapath_contribution": {
    "CbGeAlD": 0.31077753219446363,
    "CbGpPWpGaD": 0.3029700743076999,
    "CcSEcCtD": 0.3862523934978366
  },
  "n_trials": 0.0,
  "prediction": 0.00169595819651562,
  "status": 0,
  "training_prediction": 0.000764681313722166
}