{
  "compound_id": "DB00788",
  "compound_name": "Naproxen",
  "compound_percentile": 0.47058823529411803,
  "disease_id": "DOID:12361",
  "disease_name": "Graves' disease",
  "disease_percentile": 0.321196358907672,
  "metapath_contribution": {
    "CbGbCtD": 0.6434142673964806,
    "CcSEcCtD": 0.3565857326035195
  },
  "n_trials": 0.0,
  "prediction": 0.00124929282570131,
  "status": 0,
  "training_prediction": 0.000921313559278861
}