{
  "compound_id": "DB01501",
  "compound_name": "Difenoxin",
  "compound_percentile": 0.926470588235294,
  "disease_id": "DOID:10763",
  "disease_name": "hypertension",
  "disease_percentile": 0.0988296488946684,
  "metapath_contribution": {
    "CbGpPWpGaD": 0.1664695776629928,
    "CrCbGaD": 0.009632691997360025,
    "CrCrCtD": 0.8238977303396471
  },
  "n_trials": 0.0,
  "prediction": 0.00129138818691235,
  "status": 0
}