{
  "compound_id": "DB00131",
  "compound_name": "Adenosine monophosphate",
  "compound_percentile": 0.727941176470588,
  "disease_id": "DOID:2986",
  "disease_name": "IgA glomerulonephritis",
  "disease_percentile": 0.635240572171652,
  "metapath_contribution": {
    "CbGaD": 0.6899033037615294,
    "CbGeAlD": 0.09301611111355514,
    "CbGpPWpGaD": 0.21131558917753016,
    "CrCbGaD": 0.005764995947385311
  },
  "n_trials": 0.0,
  "prediction": 0.00118285951875179,
  "status": 0
}