{
  "compound_id": "DB04894",
  "compound_name": "Vapreotide",
  "compound_percentile": 0.264705882352941,
  "disease_id": "DOID:3070",
  "disease_name": "malignant glioma",
  "disease_percentile": 0.405721716514954,
  "metapath_contribution": {
    "CbGeAlD": 0.3298259352943363,
    "CbGpPWpGaD": 0.6656026239423011,
    "CrCbGaD": 0.004571440763362715
  },
  "n_trials": 0.0,
  "prediction": 0.00124228744713358,
  "status": 0
}