{
  "compound_id": "DB01582",
  "compound_name": "Sulfamethazine",
  "compound_percentile": 0.786764705882353,
  "disease_id": "DOID:9744",
  "disease_name": "type 1 diabetes mellitus",
  "disease_percentile": 0.568270481144343,
  "metapath_contribution": {
    "CbGaD": 0.9749924730610734,
    "CbGpPWpGaD": 0.023787644643661225,
    "CrCbGaD": 0.0012198822952653287
  },
  "n_trials": 0.0,
  "prediction": 0.0015434735921073198,
  "status": 0
}