{
  "compound_id": "DB00394",
  "compound_name": "Beclomethasone",
  "compound_percentile": 0.13235294117647098,
  "disease_id": "DOID:4989",
  "disease_name": "pancreatitis",
  "disease_percentile": 0.0286085825747724,
  "metapath_contribution": {
    "CcSEcCtD": 0.6567755907569679,
    "CrCbGaD": 0.3432244092430321
  },
  "n_trials": 0.0,
  "prediction": 0.000604055510940479,
  "status": 0,
  "training_prediction": 0.000741612228107954
}