{
  "compound_id": "DB00323",
  "compound_name": "Tolcapone",
  "compound_percentile": 0.308823529411765,
  "disease_id": "DOID:10534",
  "disease_name": "stomach cancer",
  "disease_percentile": 0.28283485045513695,
  "metapath_contribution": {
    "CbGbCtD": 0.1291850037440913,
    "CcSEcCtD": 0.8440522862952309,
    "CrCbGaD": 0.02676270996067777
  },
  "n_trials": 0.0,
  "prediction": 0.00107658550281279,
  "status": 0
}