{
  "compound_id": "DB01400",
  "compound_name": "Neostigmine",
  "compound_percentile": 0.34558823529411803,
  "disease_id": "DOID:332",
  "disease_name": "amyotrophic lateral sclerosis",
  "disease_percentile": 0.5793237971391421,
  "metapath_contribution": {
    "CbGeAlD": 0.10624076634399052,
    "CbGpPWpGaD": 0.4217363538055274,
    "CcSEcCtD": 0.4720228798504822
  },
  "n_trials": 0.0,
  "prediction": 0.00144018528053293,
  "status": 0
}