{
  "compound_id": "DB00291",
  "compound_name": "Chlorambucil",
  "compound_percentile": 0.566176470588235,
  "disease_id": "DOID:3571",
  "disease_name": "liver cancer",
  "disease_percentile": 0.7919375812743821,
  "metapath_contribution": {
    "CbGaD": 0.8099402485639383,
    "CbGpPWpGaD": 0.07845376940097441,
    "CcSEcCtD": 0.11160598203508727
  },
  "n_trials": 0.0,
  "prediction": 0.0021793149804469397,
  "status": 0,
  "training_prediction": 0.00608801349433148
}