{
  "compound_id": "DB01431",
  "compound_name": "Allylestrenol",
  "compound_percentile": 0.139705882352941,
  "disease_id": "DOID:14221",
  "disease_name": "metabolic syndrome X",
  "disease_percentile": 0.22041612483745102,
  "metapath_contribution": {
    "CbGeAlD": 0.13430558642828216,
    "CbGpPWpGaD": 0.8093216832043082,
    "CrCbGaD": 0.056372730367409696
  },
  "n_trials": 0.0,
  "prediction": 0.000947165940939798,
  "status": 0
}