{
  "compound_id": "DB01085",
  "compound_name": "Pilocarpine",
  "compound_percentile": 0.7352941176470591,
  "disease_id": "DOID:1793",
  "disease_name": "pancreatic cancer",
  "disease_percentile": 0.8654096228868661,
  "metapath_contribution": {
    "CbGbCtD": 0.611499328390035,
    "CbGpPWpGaD": 0.07303304064532988,
    "CcSEcCtD": 0.3154676309646351
  },
  "n_trials": 0.0,
  "prediction": 0.00331302574194191,
  "status": 0,
  "training_prediction": 0.007875942999343659
}