{
  "compound_id": "DB01361",
  "compound_name": "Troleandomycin",
  "compound_percentile": 0.529411764705882,
  "disease_id": "DOID:11054",
  "disease_name": "urinary bladder cancer",
  "disease_percentile": 0.415474642392718,
  "metapath_contribution": {
    "CbGbCtD": 0.7625407381385001,
    "CbGeAlD": 0.029602751189591287,
    "CbGpPWpGaD": 0.20785651067190863
  },
  "n_trials": 0.0,
  "prediction": 0.00135039855419606,
  "status": 0
}