{
  "compound_id": "DB00939",
  "compound_name": "Meclofenamic acid",
  "compound_percentile": 0.5367647058823529,
  "disease_id": "DOID:418",
  "disease_name": "systemic scleroderma",
  "disease_percentile": 0.367360208062419,
  "metapath_contribution": {
    "CbGbCtD": 0.565096888403288,
    "CbGdCrCtD": 0.007998870180092306,
    "CbGeAlD": 0.06898130712481859,
    "CcSEcCtD": 0.3579229342918012
  },
  "n_trials": 0.0,
  "prediction": 0.00143468181582198,
  "status": 0
}