{
  "compound_id": "DB00334",
  "compound_name": "Olanzapine",
  "compound_percentile": 0.720588235294118,
  "disease_id": "DOID:4159",
  "disease_name": "skin cancer",
  "disease_percentile": 0.595578673602081,
  "metapath_contribution": {
    "CbGbCtD": 0.8239521474872935,
    "CbGeAlD": 0.10070785034103806,
    "CbGpPWpGaD": 0.0753400021716684
  },
  "n_trials": 0.0,
  "prediction": 0.0019413694739282,
  "status": 0
}