{
  "compound_id": "DB00934",
  "compound_name": "Maprotiline",
  "compound_percentile": 0.742647058823529,
  "disease_id": "DOID:263",
  "disease_name": "kidney cancer",
  "disease_percentile": 0.47984395318595596,
  "metapath_contribution": {
    "CbGaD": 0.19223468562696808,
    "CbGbCtD": 0.4995102897568922,
    "CbGeAlD": 0.01873062385103237,
    "CbGpPWpGaD": 0.04351413155035671,
    "CcSEcCtD": 0.2426182390077859,
    "CrCbGaD": 0.0033920302069646844
  },
  "n_trials": 0.0,
  "prediction": 0.0017653150060776802,
  "status": 0
}