{
  "compound_id": "DB01340",
  "compound_name": "Cilazapril",
  "compound_percentile": 0.580882352941177,
  "disease_id": "DOID:1793",
  "disease_name": "pancreatic cancer",
  "disease_percentile": 0.39596879063719104,
  "metapath_contribution": {
    "CbGbCtD": 0.45676710109700447,
    "CcSEcCtD": 0.5394411378673298,
    "CrCbGaD": 0.00379176103566564
  },
  "n_trials": 0.0,
  "prediction": 0.00149798125557183,
  "status": 0
}