{
  "compound_id": "DB00935",
  "compound_name": "Oxymetazoline",
  "compound_percentile": 0.5735294117647061,
  "disease_id": "DOID:1612",
  "disease_name": "breast cancer",
  "disease_percentile": 0.365409622886866,
  "metapath_contribution": {
    "CbGbCtD": 0.22656182044888432,
    "CbGdCrCtD": 0.02580869235453076,
    "CbGeAlD": 0.1806074482279136,
    "CbGpPWpGaD": 0.5670220389686713
  },
  "n_trials": 0.0,
  "prediction": 0.0018471245321081899,
  "status": 0
}