{
  "compound_id": "DB00579",
  "compound_name": "Mazindol",
  "compound_percentile": 0.823529411764706,
  "disease_id": "DOID:1686",
  "disease_name": "glaucoma",
  "disease_percentile": 0.22236671001300398,
  "metapath_contribution": {
    "CbGbCtD": 0.5548316104508323,
    "CbGpPWpGaD": 0.3680131891420014,
    "CrCbGaD": 0.07715520040716628
  },
  "n_trials": 0.0,
  "prediction": 0.00124831950368892,
  "status": 0
}