{
  "compound_id": "DB00187",
  "compound_name": "Esmolol",
  "compound_percentile": 0.757352941176471,
  "disease_id": "DOID:0050741",
  "disease_name": "alcohol dependence",
  "disease_percentile": 0.139141742522757,
  "metapath_contribution": {
    "CbGpPWpGaD": 0.2844686496829072,
    "CcSEcCtD": 0.7094274786928545,
    "CrCbGaD": 0.006103871624238229
  },
  "n_trials": 0.0,
  "prediction": 0.00118953405335549,
  "status": 0,
  "training_prediction": 0.0014439425896531199
}