{
  "compound_id": "DB01016",
  "compound_name": "Glyburide",
  "compound_percentile": 0.632352941176471,
  "disease_id": "DOID:11054",
  "disease_name": "urinary bladder cancer",
  "disease_percentile": 0.695708712613784,
  "metapath_contribution": {
    "CbGbCtD": 0.6804006862878312,
    "CbGeAlD": 0.1009630157002591,
    "CbGpPWpGaD": 0.09380506435123348,
    "CcSEcCtD": 0.1229153795991436,
    "CrCbGaD": 0.0019158540615326655
  },
  "n_trials": 0.0,
  "prediction": 0.00211543843676156,
  "status": 0,
  "training_prediction": 0.00900175284606666
}