{
  "compound_id": "DB00582",
  "compound_name": "Voriconazole",
  "compound_percentile": 0.242647058823529,
  "disease_id": "DOID:11934",
  "disease_name": "head and neck cancer",
  "disease_percentile": 0.40507152145643704,
  "metapath_contribution": {
    "CbGbCtD": 0.465539393962501,
    "CbGpPWpGaD": 0.07015244190623736,
    "CcSEcCtD": 0.4643081641312617
  },
  "n_trials": 0.0,
  "prediction": 0.00124682750929431,
  "status": 0
}