{
  "compound_id": "DB00401",
  "compound_name": "Nisoldipine",
  "compound_percentile": 0.580882352941177,
  "disease_id": "DOID:11714",
  "disease_name": "gestational diabetes",
  "disease_percentile": 0.13849154746423903,
  "metapath_contribution": {
    "CbGbCtD": 0.9314828498781953,
    "CbGeAlD": 0.06851715012180473
  },
  "n_trials": 0.0,
  "prediction": 0.00103402236068954,
  "status": 0,
  "training_prediction": 0.0004660549966484
}