{
  "compound_id": "DB00724",
  "compound_name": "Imiquimod",
  "compound_percentile": 0.544117647058823,
  "disease_id": "DOID:0060073",
  "disease_name": "lymphatic system cancer",
  "disease_percentile": 0.900520156046814,
  "metapath_contribution": {
    "CbGbCtD": 0.5172624851111771,
    "CcSEcCtD": 0.4827375148888229
  },
  "n_trials": 0.0,
  "prediction": 0.00260876886611075,
  "status": 0,
  "training_prediction": 0.00574125869404756
}