{
  "compound_id": "DB00213",
  "compound_name": "Pantoprazole",
  "compound_percentile": 0.5735294117647061,
  "disease_id": "DOID:10652",
  "disease_name": "Alzheimer's disease",
  "disease_percentile": 0.625487646293888,
  "metapath_contribution": {
    "CbGbCtD": 0.4803469152731184,
    "CbGpPWpGaD": 0.054476662068271016,
    "CcSEcCtD": 0.457332128170975,
    "CrCbGaD": 0.007844294487635656
  },
  "n_trials": 0.0,
  "prediction": 0.0022105115531606103,
  "status": 0
}