{
  "compound_id": "DB00947",
  "compound_name": "Fulvestrant",
  "compound_percentile": 0.595588235294118,
  "disease_id": "DOID:1686",
  "disease_name": "glaucoma",
  "disease_percentile": 0.31924577373212,
  "metapath_contribution": {
    "CbGbCtD": 0.2608137925495249,
    "CbGpPWpGaD": 0.18812360488694566,
    "CcSEcCtD": 0.5482448079218061,
    "CrCbGaD": 0.0028177946417233973
  },
  "n_trials": 0.0,
  "prediction": 0.00146071929492711,
  "status": 0,
  "training_prediction": 0.00619007950622631
}