{
  "compound_id": "DB06718",
  "compound_name": "Stanozolol",
  "compound_percentile": 0.772058823529412,
  "disease_id": "DOID:3393",
  "disease_name": "coronary artery disease",
  "disease_percentile": 0.20221066319895997,
  "metapath_contribution": {
    "CbGpPWpGaD": 0.07036005573254399,
    "CrCbGaD": 0.007176160307083594,
    "CrCrCtD": 0.9224637839603724
  },
  "n_trials": 0.0,
  "prediction": 0.00127340431269827,
  "status": 0
}