{
  "compound_id": "DB01149",
  "compound_name": "Nefazodone",
  "compound_percentile": 0.544117647058823,
  "disease_id": "DOID:0050742",
  "disease_name": "nicotine dependence",
  "disease_percentile": 0.312743823146944,
  "metapath_contribution": {
    "CbGeAlD": 0.010396429493076662,
    "CbGpPWpGaD": 0.21318224038064812,
    "CcSEcCtD": 0.752050423943732,
    "CrCbGaD": 0.024370906182543343
  },
  "n_trials": 0.0,
  "prediction": 0.00132034471692928,
  "status": 0
}