{
  "compound_id": "DB01248",
  "compound_name": "Docetaxel",
  "compound_percentile": 0.8897058823529409,
  "disease_id": "DOID:3121",
  "disease_name": "gallbladder cancer",
  "disease_percentile": 0.9993498049414821,
  "metapath_contribution": {
    "CbGaD": 0.4338699430859608,
    "CbGeAlD": 0.023414315852480855,
    "CbGpPWpGaD": 0.02701019296628029,
    "CrCbGaD": 0.002636373813902821,
    "CtDrD": 0.5130691742813753
  },
  "n_trials": 1.0,
  "prediction": 0.00587620478462099,
  "status": 0
}