{
  "category": "DM",
  "compound_id": "DB00864",
  "compound_name": "Tacrolimus",
  "compound_percentile": 0.992647058823529,
  "disease_id": "DOID:3310",
  "disease_name": "atopic dermatitis",
  "disease_percentile": 0.97334200260078,
  "metapath_contribution": {
    "CbGbCtD": 0.24643872458360766,
    "CbGpPWpGaD": 0.016823716659925547,
    "CcSEcCtD": 0.06432482304482083,
    "CrCrCtD": 0.2629374551657055,
    "CrCtD": 0.4094752805459405
  },
  "prediction": 0.0259730451806938,
  "status": 1,
  "training_prediction": 0.0838042315907956
}