{
  "compound_id": "DB00127",
  "compound_name": "Spermine",
  "compound_percentile": 0.9852941176470591,
  "disease_id": "DOID:9970",
  "disease_name": "obesity",
  "disease_percentile": 0.9057217165149541,
  "metapath_contribution": {
    "CbGaD": 0.49299947837388197,
    "CbGbCtD": 0.344720446564643,
    "CbGeAlD": 0.05622697634561183,
    "CbGpPWpGaD": 0.10605309871586308
  },
  "n_trials": 0.0,
  "prediction": 0.00886537157774084,
  "status": 0
}