{
  "compound_id": "DB06697",
  "compound_name": "Artemether",
  "compound_percentile": 0.992647058823529,
  "disease_id": "DOID:10283",
  "disease_name": "prostate cancer",
  "disease_percentile": 0.919375812743823,
  "metapath_contribution": {
    "CbGaD": 0.4111464961984236,
    "CbGbCtD": 0.49686446713120747,
    "CbGeAlD": 0.0015503672784941411,
    "CbGpPWpGaD": 0.09043866939187481
  },
  "n_trials": 0.0,
  "prediction": 0.007805773623619541,
  "status": 0,
  "training_prediction": 0.0324116524693829
}