{
  "compound_id": "DB00642",
  "compound_name": "Pemetrexed",
  "compound_percentile": 0.0147058823529412,
  "disease_id": "DOID:2986",
  "disease_name": "IgA glomerulonephritis",
  "disease_percentile": 0.21976592977893397,
  "metapath_contribution": {
    "CbGaD": 0.677974886828469,
    "CbGeAlD": 0.08418285533203311,
    "CbGpPWpGaD": 0.23149795593261063,
    "CrCbGaD": 0.006344301906887261
  },
  "n_trials": 0.0,
  "prediction": 0.000638213122549663,
  "status": 0
}