{
  "compound_id": "DB08820",
  "compound_name": "Ivacaftor",
  "compound_percentile": 0.566176470588235,
  "disease_id": "DOID:9744",
  "disease_name": "type 1 diabetes mellitus",
  "disease_percentile": 0.7210663198959691,
  "metapath_contribution": {
    "CbGaD": 0.8105497451347744,
    "CbGeAlD": 0.15175915381853877,
    "CbGpPWpGaD": 0.037691101046686874
  },
  "n_trials": 0.0,
  "prediction": 0.0018579800964168898,
  "status": 0
}