{
  "compound_id": "DB00485",
  "compound_name": "Dicloxacillin",
  "compound_percentile": 0.625,
  "disease_id": "DOID:1324",
  "disease_name": "lung cancer",
  "disease_percentile": 0.19375812743823104,
  "metapath_contribution": {
    "CbGbCtD": 0.5743406469091705,
    "CbGpPWpGaD": 0.06597014516530258,
    "CcSEcCtD": 0.35968920792552683
  },
  "n_trials": 0.0,
  "prediction": 0.0010136547544218099,
  "status": 0
}