{
  "compound_id": "DB08970",
  "compound_name": "Fluprednidene Acetate",
  "compound_percentile": 0.904411764705882,
  "disease_id": "DOID:2531",
  "disease_name": "hematologic cancer",
  "disease_percentile": 0.6762028608582571,
  "metapath_contribution": {
    "CrCbGaD": 0.002707980372225549,
    "CrCrCtD": 0.4262390232817865,
    "CrCtD": 0.5710529963459879
  },
  "n_trials": 0.0,
  "prediction": 0.0032417149020115103,
  "status": 0
}