{
  "compound_id": "DB00413",
  "compound_name": "Pramipexole",
  "compound_percentile": 0.426470588235294,
  "disease_id": "DOID:4362",
  "disease_name": "cervical cancer",
  "disease_percentile": 0.9187256176853059,
  "metapath_contribution": {
    "CbGeAlD": 0.17583451167168115,
    "CbGpPWpGaD": 0.44014379301295825,
    "CcSEcCtD": 0.38402169531536057
  },
  "n_trials": 0.0,
  "prediction": 0.00236836235218475,
  "status": 0
}