{
  "compound_id": "DB00899",
  "compound_name": "Remifentanil",
  "compound_percentile": 0.0735294117647059,
  "disease_id": "DOID:1612",
  "disease_name": "breast cancer",
  "disease_percentile": 0.16905071521456397,
  "metapath_contribution": {
    "CbGpPWpGaD": 0.18325599757218222,
    "CcSEcCtD": 0.8074892447456259,
    "CrCbGaD": 0.009254757682191994
  },
  "n_trials": 0.0,
  "prediction": 0.00121231706797539,
  "status": 0
}