{
  "compound_id": "DB01352",
  "compound_name": "Aprobarbital",
  "compound_percentile": 0.485294117647059,
  "disease_id": "DOID:9352",
  "disease_name": "type 2 diabetes mellitus",
  "disease_percentile": 0.15604681404421303,
  "metapath_contribution": {
    "CbGeAlD": 0.10552274439224207,
    "CbGpPWpGaD": 0.8607954395614542,
    "CrCbGaD": 0.03368181604630375
  },
  "n_trials": 0.0,
  "prediction": 0.00123799445032014,
  "status": 0
}