{
  "compound_id": "DB06594",
  "compound_name": "Agomelatine",
  "compound_percentile": 0.875,
  "disease_id": "DOID:0050741",
  "disease_name": "alcohol dependence",
  "disease_percentile": 0.5884265279583879,
  "metapath_contribution": {
    "CbGbCtD": 0.5398106953044742,
    "CbGeAlD": 0.04351605024331411,
    "CbGpPWpGaD": 0.20999659511102078,
    "CcSEcCtD": 0.20667665934119078
  },
  "n_trials": 0.0,
  "prediction": 0.0024525498799871,
  "status": 0
}