{
  "compound_id": "DB00655",
  "compound_name": "Estrone",
  "compound_percentile": 0.514705882352941,
  "disease_id": "DOID:1781",
  "disease_name": "thyroid cancer",
  "disease_percentile": 0.299089726918075,
  "metapath_contribution": {
    "CbGbCtD": 0.7888183463014651,
    "CbGeAlD": 0.009216348435608868,
    "CbGpPWpGaD": 0.11085304970448788,
    "CcSEcCtD": 0.09111225555843815
  },
  "n_trials": 0.0,
  "prediction": 0.0011705895573202699,
  "status": 0,
  "training_prediction": 0.0014209521523878199
}