{
  "compound_id": "DB01075",
  "compound_name": "Diphenhydramine",
  "compound_percentile": 0.602941176470588,
  "disease_id": "DOID:11054",
  "disease_name": "urinary bladder cancer",
  "disease_percentile": 0.11118335500650199,
  "metapath_contribution": {
    "CbGbCtD": 0.6179249128333284,
    "CbGeAlD": 0.06664675268335976,
    "CbGpPWpGaD": 0.14088755230595376,
    "CcSEcCtD": 0.16929336340787834,
    "CrCbGaD": 0.0052474187694797995
  },
  "n_trials": 0.0,
  "prediction": 0.000792299143476088,
  "status": 0,
  "training_prediction": 0.0033860587023418
}