{
  "compound_id": "DB00744",
  "compound_name": "Zileuton",
  "compound_percentile": 0.8308823529411771,
  "disease_id": "DOID:418",
  "disease_name": "systemic scleroderma",
  "disease_percentile": 0.8133940182054621,
  "metapath_contribution": {
    "CbGbCtD": 0.7518905297414116,
    "CbGeAlD": 0.053602666168410126,
    "CcSEcCtD": 0.19450680409017834
  },
  "n_trials": 0.0,
  "prediction": 0.00263836158743858,
  "status": 0,
  "training_prediction": 0.0062779397371869
}