{
  "compound_id": "DB00207",
  "compound_name": "Azithromycin",
  "compound_percentile": 0.904411764705882,
  "disease_id": "DOID:2043",
  "disease_name": "hepatitis B",
  "disease_percentile": 0.7321196358907671,
  "metapath_contribution": {
    "CbGaD": 0.8210128041950742,
    "CcSEcCtD": 0.1775079234504844,
    "CrCbGaD": 0.0014792723544413686
  },
  "n_trials": 0.0,
  "prediction": 0.00209321845292258,
  "status": 0
}