{
  "compound_id": "DB00716",
  "compound_name": "Nedocromil",
  "compound_percentile": 0.933823529411765,
  "disease_id": "DOID:635",
  "disease_name": "acquired immunodeficiency syndrome",
  "disease_percentile": 0.583224967490247,
  "metapath_contribution": {
    "CbGdCrCtD": 0.008744083760613875,
    "CbGeAlD": 0.27670888904500357,
    "CbGpPWpGaD": 0.3085300728058033,
    "CcSEcCtD": 0.4060169543885792
  },
  "n_trials": 0.0,
  "prediction": 0.0027726338797792603,
  "status": 0,
  "training_prediction": 0.00851726768621374
}