{
  "compound_id": "DB00322",
  "compound_name": "Floxuridine",
  "compound_percentile": 0.897058823529412,
  "disease_id": "DOID:0060073",
  "disease_name": "lymphatic system cancer",
  "disease_percentile": 0.927178153446034,
  "metapath_contribution": {
    "CbGbCtD": 0.24040574187390773,
    "CbGdCrCtD": 0.004460778956228321,
    "CcSEcCtD": 0.14456331341771791,
    "CrCrCtD": 0.6105701657521461
  },
  "n_trials": 0.0,
  "prediction": 0.0028920035058236,
  "status": 0,
  "training_prediction": 0.0063624189920319
}