{
  "compound_id": "DB00450",
  "compound_name": "Droperidol",
  "compound_percentile": 0.904411764705882,
  "disease_id": "DOID:12995",
  "disease_name": "conduct disorder",
  "disease_percentile": 0.923276983094928,
  "metapath_contribution": {
    "CbGaD": 0.9674681832288266,
    "CbGpPWpGaD": 0.024935365125172578,
    "CrCbGaD": 0.0075964516460007925
  },
  "n_trials": 0.0,
  "prediction": 0.0025017593354481104,
  "status": 0
}