{
  "compound_id": "DB00496",
  "compound_name": "Darifenacin",
  "compound_percentile": 0.8308823529411771,
  "disease_id": "DOID:2531",
  "disease_name": "hematologic cancer",
  "disease_percentile": 0.322496749024707,
  "metapath_contribution": {
    "CbGbCtD": 0.5612711834777212,
    "CbGpPWpGaD": 0.0843665165807178,
    "CcSEcCtD": 0.3536333852658796,
    "CrCbGaD": 0.0007289146756813983
  },
  "n_trials": 0.0,
  "prediction": 0.00163657276466677,
  "status": 0
}