{
  "compound_id": "DB00586",
  "compound_name": "Diclofenac",
  "compound_percentile": 0.426470588235294,
  "disease_id": "DOID:12306",
  "disease_name": "vitiligo",
  "disease_percentile": 0.333550065019506,
  "metapath_contribution": {
    "CbGbCtD": 0.952231072464109,
    "CbGpPWpGaD": 0.036058533244233,
    "CcSEcCtD": 0.011710394291658016
  },
  "n_trials": 0.0,
  "prediction": 0.0011367818006882099,
  "status": 0
}