{
  "compound_id": "DB01047",
  "compound_name": "Fluocinonide",
  "compound_percentile": 0.786764705882353,
  "disease_id": "DOID:635",
  "disease_name": "acquired immunodeficiency syndrome",
  "disease_percentile": 0.0156046814044213,
  "metapath_contribution": {
    "CbGeAlD": 0.2770574651554155,
    "CbGpPWpGaD": 0.016034737235131696,
    "CcSEcCtD": 0.7069077976094528
  },
  "n_trials": 0.0,
  "prediction": 0.0008633634658260901,
  "status": 0,
  "training_prediction": 0.00443947359712515
}