{
  "compound_id": "DB01102",
  "compound_name": "Arbutamine",
  "compound_percentile": 0.9558823529411771,
  "disease_id": "DOID:12930",
  "disease_name": "dilated cardiomyopathy",
  "disease_percentile": 0.809492847854356,
  "metapath_contribution": {
    "CbGaD": 0.9484017432107912,
    "CbGpPWpGaD": 0.04275372430687483,
    "CrCbGaD": 0.008844532482333967
  },
  "n_trials": 0.0,
  "prediction": 0.00242753147830918,
  "status": 0
}