{
  "compound_id": "DB06777",
  "compound_name": "Chenodeoxycholic acid",
  "compound_percentile": 0.610294117647059,
  "disease_id": "DOID:1024",
  "disease_name": "leprosy",
  "disease_percentile": 0.636540962288687,
  "metapath_contribution": {
    "CbGbCtD": 0.07728699787438481,
    "CbGeAlD": 0.19269927977330628,
    "CcSEcCtD": 0.7300137223523089
  },
  "n_trials": 0.0,
  "prediction": 0.00211787833376507,
  "status": 0,
  "training_prediction": 0.00208924192897323
}