{
  "compound_id": "DB00443",
  "compound_name": "Betamethasone",
  "compound_percentile": 0.742647058823529,
  "disease_id": "DOID:14221",
  "disease_name": "metabolic syndrome X",
  "disease_percentile": 0.46749024707412196,
  "metapath_contribution": {
    "CbGaD": 0.3397286636670616,
    "CbGeAlD": 0.02144343051509433,
    "CbGpPWpGaD": 0.06495025773147191,
    "CcSEcCtD": 0.002000300043592551,
    "CrCbGaD": 0.004677909801611345,
    "CtDrD": 0.5671994382411683
  },
  "n_trials": 0.0,
  "prediction": 0.00133640675142589,
  "status": 0,
  "training_prediction": 0.00407751128945542
}