{
  "compound_id": "DB08912",
  "compound_name": "Dabrafenib",
  "compound_percentile": 0.558823529411765,
  "disease_id": "DOID:3083",
  "disease_name": "chronic obstructive pulmonary disease",
  "disease_percentile": 0.503250975292588,
  "metapath_contribution": {
    "CbGbCtD": 0.4135625082802379,
    "CbGeAlD": 0.04223588690071876,
    "CbGpPWpGaD": 0.2092831400945589,
    "CcSEcCtD": 0.3349184647244846
  },
  "n_trials": 0.0,
  "prediction": 0.00214657408552411,
  "status": 0
}