{
  "compound_id": "DB08824",
  "compound_name": "Ioflupane I 123",
  "compound_percentile": 0.779411764705882,
  "disease_id": "DOID:1319",
  "disease_name": "brain cancer",
  "disease_percentile": 0.6918075422626789,
  "metapath_contribution": {
    "CbGeAlD": 0.8132491538305103,
    "CcSEcCtD": 0.07472667853171419,
    "CrCbGaD": 0.11202416763777563
  },
  "n_trials": 0.0,
  "prediction": 0.00206680383163866,
  "status": 0
}