{
  "compound_id": "DB00550",
  "compound_name": "Propylthiouracil",
  "compound_percentile": 0.801470588235294,
  "disease_id": "DOID:3393",
  "disease_name": "coronary artery disease",
  "disease_percentile": 0.6215864759427829,
  "metapath_contribution": {
    "CbGaD": 0.5345174958975832,
    "CbGeAlD": 0.057898448044307646,
    "CbGpPWpGaD": 0.17368506124545308,
    "CcSEcCtD": 0.2338989948126561
  },
  "n_trials": 0.0,
  "prediction": 0.0029843450766234,
  "status": 0,
  "training_prediction": 0.0158886173762796
}