{
  "compound_id": "DB01589",
  "compound_name": "Quazepam",
  "compound_percentile": 0.852941176470588,
  "disease_id": "DOID:9970",
  "disease_name": "obesity",
  "disease_percentile": 0.26527958387516304,
  "metapath_contribution": {
    "CbGbCtD": 0.669327364666854,
    "CbGeAlD": 0.002285445237927551,
    "CbGpPWpGaD": 0.19045085726529065,
    "CcSEcCtD": 0.1302308500718986,
    "CrCbGaD": 0.007705482758029131
  },
  "n_trials": 0.0,
  "prediction": 0.0015439740151381599,
  "status": 0
}