{
  "compound_id": "DB00433",
  "compound_name": "Prochlorperazine",
  "compound_percentile": 0.0661764705882353,
  "disease_id": "DOID:332",
  "disease_name": "amyotrophic lateral sclerosis",
  "disease_percentile": 0.0149544863459038,
  "metapath_contribution": {
    "CbGeAlD": 0.02953191840664129,
    "CcSEcCtD": 0.952409384663322,
    "CrCbGaD": 0.018058696930036658
  },
  "n_trials": 0.0,
  "prediction": 0.00041068803251999303,
  "status": 0
}