{
  "compound_id": "DB00970",
  "compound_name": "Dactinomycin",
  "compound_percentile": 0.8602941176470591,
  "disease_id": "DOID:1781",
  "disease_name": "thyroid cancer",
  "disease_percentile": 0.9837451235370609,
  "metapath_contribution": {
    "CbGbCtD": 0.36142600362044935,
    "CcSEcCtD": 0.07460197901515482,
    "CtDrD": 0.5639720173643957
  },
  "n_trials": 0.0,
  "prediction": 0.0103658214639876,
  "status": 0,
  "training_prediction": 0.0732270569810773
}