{
  "compound_id": "DB00316",
  "compound_name": "Acetaminophen",
  "compound_percentile": 0.610294117647059,
  "disease_id": "DOID:14221",
  "disease_name": "metabolic syndrome X",
  "disease_percentile": 0.9109232769830949,
  "metapath_contribution": {
    "CbGaD": 0.7444428528145889,
    "CbGeAlD": 0.04828990559904187,
    "CbGpPWpGaD": 0.16958824162881436,
    "CcSEcCtD": 0.037678999957554915
  },
  "n_trials": 0.0,
  "prediction": 0.00284794635603352,
  "status": 0
}