{
  "compound_id": "DB01049",
  "compound_name": "Ergoloid mesylate",
  "compound_percentile": 0.911764705882353,
  "disease_id": "DOID:784",
  "disease_name": "chronic kidney failure",
  "disease_percentile": 0.8400520156046809,
  "metapath_contribution": {
    "CbGaD": 0.9429485514193189,
    "CbGpPWpGaD": 0.051556171338615744,
    "CrCbGaD": 0.005495277242065274
  },
  "n_trials": 0.0,
  "prediction": 0.00267361248490878,
  "status": 0
}