{
  "compound_id": "DB06770",
  "compound_name": "Benzyl alcohol",
  "compound_percentile": 0.801470588235294,
  "disease_id": "DOID:3571",
  "disease_name": "liver cancer",
  "disease_percentile": 0.7457737321196359,
  "metapath_contribution": {
    "CbGaD": 0.6551131626263087,
    "CbGbCtD": 0.24740744413471671,
    "CbGpPWpGaD": 0.09331330960982476,
    "CrCbGaD": 0.004166083629149793
  },
  "n_trials": 0.0,
  "prediction": 0.00204919403547793,
  "status": 0
}