{
  "compound_id": "DB00671",
  "compound_name": "Cefixime",
  "compound_percentile": 0.867647058823529,
  "disease_id": "DOID:2994",
  "disease_name": "germ cell cancer",
  "disease_percentile": 0.3524057217165151,
  "metapath_contribution": {
    "CbGbCtD": 0.6953066661412903,
    "CbGeAlD": 0.061239376147683156,
    "CcSEcCtD": 0.24345395771102663
  },
  "n_trials": 0.0,
  "prediction": 0.00134116953411824,
  "status": 0
}