{
  "compound_id": "DB06210",
  "compound_name": "Eltrombopag",
  "compound_percentile": 0.882352941176471,
  "disease_id": "DOID:3083",
  "disease_name": "chronic obstructive pulmonary disease",
  "disease_percentile": 0.522756827048114,
  "metapath_contribution": {
    "CbGaD": 0.7674787732997025,
    "CbGbCtD": 0.10500665135798065,
    "CbGpPWpGaD": 0.1275145753423168
  },
  "n_trials": 0.0,
  "prediction": 0.00222180920583485,
  "status": 0
}