{
  "compound_id": "DB00134",
  "compound_name": "L-Methionine",
  "compound_percentile": 0.323529411764706,
  "disease_id": "DOID:2394",
  "disease_name": "ovarian cancer",
  "disease_percentile": 0.44928478543563105,
  "metapath_contribution": {
    "CbGdCrCtD": 0.020804743862868295,
    "CbGeAlD": 0.534747711553722,
    "CbGpPWpGaD": 0.4444475445834097
  },
  "n_trials": 0.0,
  "prediction": 0.00134910417844052,
  "status": 0
}