{
  "compound_id": "DB00651",
  "compound_name": "Dyphylline",
  "compound_percentile": 0.845588235294118,
  "disease_id": "DOID:0050742",
  "disease_name": "nicotine dependence",
  "disease_percentile": 0.5370611183355011,
  "metapath_contribution": {
    "CbGeAlD": 0.40539626315549504,
    "CbGpPWpGaD": 0.478897094645272,
    "CcSEcCtD": 0.11570664219923296
  },
  "n_trials": 0.0,
  "prediction": 0.00161381168706775,
  "status": 0,
  "training_prediction": 0.0007276098467246281
}