{
  "compound_id": "DB01120",
  "compound_name": "Gliclazide",
  "compound_percentile": 0.463235294117647,
  "disease_id": "DOID:11054",
  "disease_name": "urinary bladder cancer",
  "disease_percentile": 0.41157347204161204,
  "metapath_contribution": {
    "CbGbCtD": 0.10558157963627196,
    "CbGeAlD": 0.13999019000553245,
    "CbGpPWpGaD": 0.254900830393079,
    "CcSEcCtD": 0.49658419423851224,
    "CrCbGaD": 0.0029432057266043756
  },
  "n_trials": 0.0,
  "prediction": 0.00134679160815306,
  "status": 0,
  "training_prediction": 0.00345262218153928
}