{
  "compound_id": "DB00490",
  "compound_name": "Buspirone",
  "compound_percentile": 0.926470588235294,
  "disease_id": "DOID:9352",
  "disease_name": "type 2 diabetes mellitus",
  "disease_percentile": 0.843953185955787,
  "metapath_contribution": {
    "CbGaD": 0.15876666244292056,
    "CbGbCtD": 0.5555169162437967,
    "CbGeAlD": 0.02494133416223844,
    "CbGpPWpGaD": 0.07858358904512014,
    "CcSEcCtD": 0.18219149810592414
  },
  "n_trials": 0.0,
  "prediction": 0.00602129778474911,
  "status": 0
}