{
  "compound_id": "DB01595",
  "compound_name": "Nitrazepam",
  "compound_percentile": 0.926470588235294,
  "disease_id": "DOID:12995",
  "disease_name": "conduct disorder",
  "disease_percentile": 0.9349804941482439,
  "metapath_contribution": {
    "CbGaD": 0.8442736508984002,
    "CbGeAlD": 0.002284775908725813,
    "CbGpPWpGaD": 0.14511966781739163,
    "CrCbGaD": 0.008321905375482328
  },
  "n_trials": 0.0,
  "prediction": 0.00271516632755465,
  "status": 0
}