{
  "compound_id": "DB00559",
  "compound_name": "Bosentan",
  "compound_percentile": 0.948529411764706,
  "disease_id": "DOID:635",
  "disease_name": "acquired immunodeficiency syndrome",
  "disease_percentile": 0.9115734720416121,
  "metapath_contribution": {
    "CbGbCtD": 0.6398013193090798,
    "CbGeAlD": 0.017875138477786705,
    "CbGpPWpGaD": 0.06215938088584235,
    "CcSEcCtD": 0.2801641613272912
  },
  "n_trials": 0.0,
  "prediction": 0.00581808281874025,
  "status": 0
}