{
  "compound_id": "DB01132",
  "compound_name": "Pioglitazone",
  "compound_percentile": 0.625,
  "disease_id": "DOID:1312",
  "disease_name": "focal segmental glomerulosclerosis",
  "disease_percentile": 0.636540962288687,
  "metapath_contribution": {
    "CbGbCtD": 0.8677119341979298,
    "CbGeAlD": 0.020377763998222696,
    "CcSEcCtD": 0.10912220803146248,
    "CrCbGaD": 0.0027880937723850615
  },
  "n_trials": 0.0,
  "prediction": 0.00172891450349811,
  "status": 0,
  "training_prediction": 0.000779554934124667
}