{
  "compound_id": "DB00268",
  "compound_name": "Ropinirole",
  "compound_percentile": 0.897058823529412,
  "disease_id": "DOID:3310",
  "disease_name": "atopic dermatitis",
  "disease_percentile": 0.9057217165149541,
  "metapath_contribution": {
    "CbGbCtD": 0.14269588132854996,
    "CbGeAlD": 0.014251169595040317,
    "CbGpPWpGaD": 0.05199372773858996,
    "CcSEcCtD": 0.21621062271800748,
    "CpDpCtD": 0.5748485986198122
  },
  "n_trials": 0.0,
  "prediction": 0.00597209874617361,
  "status": 0
}