{
  "compound_id": "DB00220",
  "compound_name": "Nelfinavir",
  "compound_percentile": 0.808823529411765,
  "disease_id": "DOID:1024",
  "disease_name": "leprosy",
  "disease_percentile": 0.923276983094928,
  "metapath_contribution": {
    "CbGbCtD": 0.9376176858901808,
    "CcSEcCtD": 0.062382314109819204
  },
  "n_trials": 0.0,
  "prediction": 0.0033803681011687,
  "status": 0,
  "training_prediction": 0.00333471827735954
}