{
  "compound_id": "DB01551",
  "compound_name": "Dihydrocodeine",
  "compound_percentile": 0.0882352941176471,
  "disease_id": "DOID:1909",
  "disease_name": "melanoma",
  "disease_percentile": 0.195708712613784,
  "metapath_contribution": {
    "CbGbCtD": 0.8465052854828986,
    "CbGpPWpGaD": 0.020206022103423496,
    "CcSEcCtD": 0.13328869241367794
  },
  "n_trials": 0.0,
  "prediction": 0.0008632800670712361,
  "status": 0
}