{
  "compound_id": "DB01083",
  "compound_name": "Orlistat",
  "compound_percentile": 0.941176470588235,
  "disease_id": "DOID:11714",
  "disease_name": "gestational diabetes",
  "disease_percentile": 0.981794538361508,
  "metapath_contribution": {
    "CbGeAlD": 0.04211197062246802,
    "CbGpPWpGaD": 0.018677899780085654,
    "CcSEcCtD": 0.022381304510480208,
    "CtDrD": 0.9168288250869661
  },
  "n_trials": 0.0,
  "prediction": 0.0057038725671829296,
  "status": 0,
  "training_prediction": 0.00429456120819874
}