{
  "compound_id": "DB01007",
  "compound_name": "Tioconazole",
  "compound_percentile": 0.602941176470588,
  "disease_id": "DOID:2355",
  "disease_name": "anemia",
  "disease_percentile": 0.630039011703511,
  "metapath_contribution": {
    "CbGaD": 0.6653191319309479,
    "CbGeAlD": 0.12474666405332015,
    "CbGpPWpGaD": 0.20993420401573185
  },
  "n_trials": 0.0,
  "prediction": 0.0014486702607211,
  "status": 0
}