{
  "compound_id": "DB00864",
  "compound_name": "Tacrolimus",
  "compound_percentile": 0.580882352941177,
  "disease_id": "DOID:363",
  "disease_name": "uterine cancer",
  "disease_percentile": 0.256176853055917,
  "metapath_contribution": {
    "CbGbCtD": 0.4609687980511538,
    "CbGeAlD": 0.11203585625690227,
    "CbGpPWpGaD": 0.12371375608824683,
    "CcSEcCtD": 0.3032815896036971
  },
  "n_trials": 0.0,
  "prediction": 0.001200439344398,
  "status": 0,
  "training_prediction": 0.00219366641536629
}