{
  "compound_id": "DB00753",
  "compound_name": "Isoflurane",
  "compound_percentile": 0.375,
  "disease_id": "DOID:9206",
  "disease_name": "Barrett's esophagus",
  "disease_percentile": 0.45058517555266603,
  "metapath_contribution": {
    "CbGeAlD": 0.1704096265138957,
    "CbGpPWpGaD": 0.20187516420538462,
    "CcSEcCtD": 0.6277152092807197
  },
  "n_trials": 0.0,
  "prediction": 0.00158524277491845,
  "status": 0
}