{
  "compound_id": "DB01062",
  "compound_name": "Oxybutynin",
  "compound_percentile": 1.0,
  "disease_id": "DOID:1826",
  "disease_name": "epilepsy syndrome",
  "disease_percentile": 0.683355006501951,
  "metapath_contribution": {
    "CbGaD": 0.4188240393689578,
    "CbGbCtD": 0.3421532994273812,
    "CbGeAlD": 0.001441426017134943,
    "CbGpPWpGaD": 0.06266398559945895,
    "CcSEcCtD": 0.17036628179800584,
    "CrCbGaD": 0.004550967789061107
  },
  "n_trials": 0.0,
  "prediction": 0.00541431090581345,
  "status": 0
}