{
  "compound_id": "DB08868",
  "compound_name": "Fingolimod",
  "compound_percentile": 0.5,
  "disease_id": "DOID:10534",
  "disease_name": "stomach cancer",
  "disease_percentile": 0.782834850455137,
  "metapath_contribution": {
    "CbGeAlD": 0.31651441912357403,
    "CbGpPWpGaD": 0.45432825128838006,
    "CcSEcCtD": 0.229157329588046
  },
  "n_trials": 0.0,
  "prediction": 0.0023450977984353603,
  "status": 0,
  "training_prediction": 0.00516262230192851
}