{
  "compound_id": "DB00282",
  "compound_name": "Pamidronate",
  "compound_percentile": 0.875,
  "disease_id": "DOID:2841",
  "disease_name": "asthma",
  "disease_percentile": 0.13784135240572198,
  "metapath_contribution": {
    "CbGeAlD": 0.0713443953919688,
    "CcSEcCtD": 0.9067033413597763,
    "CrCbGaD": 0.021952263248254972
  },
  "n_trials": 0.0,
  "prediction": 0.00130526972688847,
  "status": 0,
  "training_prediction": 0.0146965042989228
}