{
  "compound_id": "DB01127",
  "compound_name": "Econazole",
  "compound_percentile": 0.375,
  "disease_id": "DOID:3070",
  "disease_name": "malignant glioma",
  "disease_percentile": 0.28543563068920697,
  "metapath_contribution": {
    "CbGbCtD": 0.4507623725316775,
    "CbGpPWpGaD": 0.5375686705023277,
    "CrCbGaD": 0.01166895696599474
  },
  "n_trials": 0.0,
  "prediction": 0.0010373893367109901,
  "status": 0
}