{
  "compound_id": "DB00946",
  "compound_name": "Phenprocoumon",
  "compound_percentile": 0.9852941176470591,
  "disease_id": "DOID:3310",
  "disease_name": "atopic dermatitis",
  "disease_percentile": 0.933029908972692,
  "metapath_contribution": {
    "CbGbCtD": 0.23856424258825198,
    "CrCrCtD": 0.31973576777307827,
    "CrCtD": 0.44169998963866974
  },
  "n_trials": 0.0,
  "prediction": 0.007910263737617171,
  "status": 0
}