{
  "compound_id": "DB01146",
  "compound_name": "Diphenylpyraline",
  "compound_percentile": 0.8897058823529409,
  "disease_id": "DOID:3070",
  "disease_name": "malignant glioma",
  "disease_percentile": 0.470091027308192,
  "metapath_contribution": {
    "CbGaD": 0.9902876254939016,
    "CbGeAlD": 0.002888025526342334,
    "CrCbGaD": 0.006824348979756185
  },
  "n_trials": 0.0,
  "prediction": 0.00135658386683081,
  "status": 0
}