{
  "compound_id": "DB00952",
  "compound_name": "Naratriptan",
  "compound_percentile": 0.779411764705882,
  "disease_id": "DOID:7148",
  "disease_name": "rheumatoid arthritis",
  "disease_percentile": 0.580624187256177,
  "metapath_contribution": {
    "CbGpPWpGaD": 0.04123443253293922,
    "CcSEcCtD": 0.17617661656187,
    "CpDpCtD": 0.7825889509051908
  },
  "n_trials": 0.0,
  "prediction": 0.00199915731715598,
  "status": 0
}