{
  "compound_id": "DB00697",
  "compound_name": "Tizanidine",
  "compound_percentile": 0.125,
  "disease_id": "DOID:184",
  "disease_name": "bone cancer",
  "disease_percentile": 0.30039011703511104,
  "metapath_contribution": {
    "CbGpPWpGaD": 0.03741032498430581,
    "CcSEcCtD": 0.9620839902355532,
    "CrCbGaD": 0.0005056847801409421
  },
  "n_trials": 0.0,
  "prediction": 0.00113624462881288,
  "status": 0
}