{
  "compound_id": "DB00977",
  "compound_name": "Ethinyl Estradiol",
  "compound_percentile": 0.227941176470588,
  "disease_id": "DOID:4989",
  "disease_name": "pancreatitis",
  "disease_percentile": 0.0390117035110533,
  "metapath_contribution": {
    "CbGeAlD": 0.6074638765530667,
    "CbGpPWpGaD": 0.25337841014637846,
    "CcSEcCtD": 0.12576155662263241,
    "CrCbGaD": 0.013396156677922494
  },
  "n_trials": 0.0,
  "prediction": 0.000656343021960053,
  "status": 0,
  "training_prediction": 0.0008057971542438481
}