{
  "compound_id": "DB00323",
  "compound_name": "Tolcapone",
  "compound_percentile": 0.7058823529411771,
  "disease_id": "DOID:1936",
  "disease_name": "atherosclerosis",
  "disease_percentile": 0.323797139141743,
  "metapath_contribution": {
    "CbGbCtD": 0.5887160106817898,
    "CcSEcCtD": 0.39634173328198563,
    "CrCbGaD": 0.014942256036224628
  },
  "n_trials": 0.0,
  "prediction": 0.00138943402190551,
  "status": 0
}