{
  "compound_id": "DB01624",
  "compound_name": "Zuclopenthixol",
  "compound_percentile": 0.11764705882352902,
  "disease_id": "DOID:3571",
  "disease_name": "liver cancer",
  "disease_percentile": 0.133940182054616,
  "metapath_contribution": {
    "CbGpPWpGaD": 0.013973653085651003,
    "CcSEcCtD": 0.9773246860959982,
    "CrCbGaD": 0.008701660818350748
  },
  "n_trials": 0.0,
  "prediction": 0.000808639140283505,
  "status": 0
}