{
  "compound_id": "DB01028",
  "compound_name": "Methoxyflurane",
  "compound_percentile": 0.566176470588235,
  "disease_id": "DOID:332",
  "disease_name": "amyotrophic lateral sclerosis",
  "disease_percentile": 0.9310793237971391,
  "metapath_contribution": {
    "CbGbCtD": 0.2544075784430704,
    "CbGeAlD": 0.3315348068428091,
    "CbGpPWpGaD": 0.4140576147141206
  },
  "n_trials": 0.0,
  "prediction": 0.00273983441128159,
  "status": 0
}