{
  "compound_id": "DB00758",
  "compound_name": "Clopidogrel",
  "compound_percentile": 0.661764705882353,
  "disease_id": "DOID:1909",
  "disease_name": "melanoma",
  "disease_percentile": 0.8589076723016908,
  "metapath_contribution": {
    "CbGaD": 0.2455224511870842,
    "CbGbCtD": 0.46902856697507983,
    "CbGpPWpGaD": 0.09763664337233904,
    "CcSEcCtD": 0.18667214042061053,
    "CrCbGaD": 0.0011401980448862137
  },
  "n_trials": 0.0,
  "prediction": 0.00258716828110848,
  "status": 0,
  "training_prediction": 0.004722331151668579
}