{
  "compound_id": "DB08909",
  "compound_name": "Glycerol Phenylbutyrate",
  "compound_percentile": 0.904411764705882,
  "disease_id": "DOID:0050742",
  "disease_name": "nicotine dependence",
  "disease_percentile": 0.753576072821847,
  "metapath_contribution": {
    "CbGeAlD": 0.013762258503969569,
    "CbGpPWpGaD": 0.884553866523959,
    "CcSEcCtD": 0.10168387497207154
  },
  "n_trials": 0.0,
  "prediction": 0.0020831792814436302,
  "status": 0
}