{
  "compound_id": "DB00190",
  "compound_name": "Carbidopa",
  "compound_percentile": 0.272058823529412,
  "disease_id": "DOID:263",
  "disease_name": "kidney cancer",
  "disease_percentile": 0.0975292587776333,
  "metapath_contribution": {
    "CbGeAlD": 0.020984598015923332,
    "CbGpPWpGaD": 0.09871503237439763,
    "CcSEcCtD": 0.8688727469671014,
    "CrCbGaD": 0.011427622642577613
  },
  "n_trials": 0.0,
  "prediction": 0.0007964135771423071,
  "status": 0
}