{
  "compound_id": "DB04572",
  "compound_name": "Thiotepa",
  "compound_percentile": 0.654411764705882,
  "disease_id": "DOID:3310",
  "disease_name": "atopic dermatitis",
  "disease_percentile": 0.7964889466840049,
  "metapath_contribution": {
    "CbGbCtD": 0.6539568543022767,
    "CcSEcCtD": 0.3460431456977233
  },
  "n_trials": 0.0,
  "prediction": 0.00337252616785555,
  "status": 0,
  "training_prediction": 0.0320558465195705
}