{
  "compound_id": "DB01263",
  "compound_name": "Posaconazole",
  "compound_percentile": 0.845588235294118,
  "disease_id": "DOID:11476",
  "disease_name": "osteoporosis",
  "disease_percentile": 0.695708712613784,
  "metapath_contribution": {
    "CbGbCtD": 0.5915884488988444,
    "CcSEcCtD": 0.40693546700401517,
    "CrCbGaD": 0.0014760840971402643
  },
  "n_trials": 0.0,
  "prediction": 0.00238788337235088,
  "status": 0
}