{
  "compound_id": "DB08912",
  "compound_name": "Dabrafenib",
  "compound_percentile": 0.757352941176471,
  "disease_id": "DOID:1936",
  "disease_name": "atherosclerosis",
  "disease_percentile": 0.802340702210663,
  "metapath_contribution": {
    "CbGbCtD": 0.7533803265607284,
    "CbGpPWpGaD": 0.11673067894165515,
    "CcSEcCtD": 0.1298889944976164
  },
  "n_trials": 0.0,
  "prediction": 0.0029789541547350002,
  "status": 0
}