{
  "compound_id": "DB00818",
  "compound_name": "Propofol",
  "compound_percentile": 0.7647058823529409,
  "disease_id": "DOID:12236",
  "disease_name": "primary biliary cirrhosis",
  "disease_percentile": 0.9174252275682699,
  "metapath_contribution": {
    "CbGaD": 0.2654222120442009,
    "CbGbCtD": 0.5046385087830711,
    "CbGeAlD": 0.00019403975348014329,
    "CbGpPWpGaD": 0.07288879304576931,
    "CcSEcCtD": 0.14706729636147733,
    "CrCbGaD": 0.009789150012001212
  },
  "n_trials": 0.0,
  "prediction": 0.00395310374962201,
  "status": 0,
  "training_prediction": 0.0038997497424885603
}