{
  "compound_id": "DB00373",
  "compound_name": "Timolol",
  "compound_percentile": 0.455882352941176,
  "disease_id": "DOID:4362",
  "disease_name": "cervical cancer",
  "disease_percentile": 0.725617685305592,
  "metapath_contribution": {
    "CbGbCtD": 0.9887990264380208,
    "CcSEcCtD": 0.011200973561979324
  },
  "n_trials": 0.0,
  "prediction": 0.0018196092968371898,
  "status": 0,
  "training_prediction": 0.0023291726843132302
}