{
  "compound_id": "DB00321",
  "compound_name": "Amitriptyline",
  "compound_percentile": 0.558823529411765,
  "disease_id": "DOID:784",
  "disease_name": "chronic kidney failure",
  "disease_percentile": 0.415474642392718,
  "metapath_contribution": {
    "CbGaD": 0.6965150175994642,
    "CbGeAlD": 0.10420382643681488,
    "CbGpPWpGaD": 0.19227136183586652,
    "CrCbGaD": 0.007009794127854463
  },
  "n_trials": 0.0,
  "prediction": 0.00139629241778097,
  "status": 0
}