{
  "compound_id": "DB04841",
  "compound_name": "Flunarizine",
  "compound_percentile": 0.9852941176470591,
  "disease_id": "DOID:3393",
  "disease_name": "coronary artery disease",
  "disease_percentile": 0.897269180754226,
  "metapath_contribution": {
    "CbGbCtD": 0.17005341327541293,
    "CbGeAlD": 0.026606096320541252,
    "CbGpPWpGaD": 0.06947730967382265,
    "CrCbGaD": 0.00232265105165256,
    "CrCrCtD": 0.23356299008459672,
    "CrCtD": 0.49797753959397384
  },
  "n_trials": 0.0,
  "prediction": 0.007617147284445659,
  "status": 0
}