{
  "compound_id": "DB00360",
  "compound_name": "Tetrahydrobiopterin",
  "compound_percentile": 0.43382352941176505,
  "disease_id": "DOID:0050742",
  "disease_name": "nicotine dependence",
  "disease_percentile": 0.8816644993498051,
  "metapath_contribution": {
    "CbGeAlD": 0.22247465620882978,
    "CbGpPWpGaD": 0.4170444088805226,
    "CcSEcCtD": 0.3604809349106476
  },
  "n_trials": 0.0,
  "prediction": 0.00236776248860192,
  "status": 0
}