{
  "compound_id": "DB00340",
  "compound_name": "Metixene",
  "compound_percentile": 0.897058823529412,
  "disease_id": "DOID:3083",
  "disease_name": "chronic obstructive pulmonary disease",
  "disease_percentile": 0.280234070221066,
  "metapath_contribution": {
    "CbGbCtD": 0.9668301918652794,
    "CbGpPWpGaD": 0.024900000989026526,
    "CrCbGaD": 0.008269807145694058
  },
  "n_trials": 0.0,
  "prediction": 0.00154648915220621,
  "status": 0
}