{
  "compound_id": "DB06287",
  "compound_name": "Temsirolimus",
  "compound_percentile": 0.779411764705882,
  "disease_id": "DOID:9008",
  "disease_name": "psoriatic arthritis",
  "disease_percentile": 0.341352405721716,
  "metapath_contribution": {
    "CbGbCtD": 0.696660553259874,
    "CcSEcCtD": 0.30333944674012603
  },
  "n_trials": 0.0,
  "prediction": 0.00144439864497044,
  "status": 0,
  "training_prediction": 0.00291464234699459
}