{
  "compound_id": "DB00422",
  "compound_name": "Methylphenidate",
  "compound_percentile": 0.867647058823529,
  "disease_id": "DOID:5419",
  "disease_name": "schizophrenia",
  "disease_percentile": 0.7964889466840049,
  "metapath_contribution": {
    "CbGaD": 0.8359329214945689,
    "CbGeAlD": 0.06176086400872427,
    "CbGpPWpGaD": 0.09576852222365692,
    "CrCbGaD": 0.006537692273049859
  },
  "n_trials": 0.0,
  "prediction": 0.00234447941383024,
  "status": 0
}