{
  "compound_id": "DB04786",
  "compound_name": "Suramin",
  "compound_percentile": 0.911764705882353,
  "disease_id": "DOID:10763",
  "disease_name": "hypertension",
  "disease_percentile": 0.620286085825748,
  "metapath_contribution": {
    "CbGaD": 0.43226676937617325,
    "CbGbCtD": 0.20833728057834722,
    "CbGdCrCtD": 0.0042712753574076,
    "CbGeAlD": 0.11387360660859193,
    "CbGpPWpGaD": 0.24125106807948007
  },
  "n_trials": 0.0,
  "prediction": 0.00519389213072002,
  "status": 0
}