{
  "compound_id": "DB00359",
  "compound_name": "Sulfadiazine",
  "compound_percentile": 0.9852941176470591,
  "disease_id": "DOID:1826",
  "disease_name": "epilepsy syndrome",
  "disease_percentile": 0.8472041612483739,
  "metapath_contribution": {
    "CbGbCtD": 0.2796931495824094,
    "CbGpPWpGaD": 0.0072451597577359505,
    "CcSEcCtD": 0.08499023595342889,
    "CiPCiCtD": 0.6272337870302681,
    "CrCbGaD": 0.000837667676157664
  },
  "n_trials": 0.0,
  "prediction": 0.0114616283078929,
  "status": 0,
  "training_prediction": 0.0538598872319365
}