{
  "compound_id": "DB01400",
  "compound_name": "Neostigmine",
  "compound_percentile": 0.948529411764706,
  "disease_id": "DOID:2377",
  "disease_name": "multiple sclerosis",
  "disease_percentile": 0.85370611183355,
  "metapath_contribution": {
    "CbGaD": 0.592258208323727,
    "CbGbCtD": 0.32998100240668804,
    "CcSEcCtD": 0.07086855735353392,
    "CrCbGaD": 0.006892231916051078
  },
  "n_trials": 0.0,
  "prediction": 0.00330210336961213,
  "status": 0
}