{
  "compound_id": "DB01595",
  "compound_name": "Nitrazepam",
  "compound_percentile": 0.713235294117647,
  "disease_id": "DOID:3571",
  "disease_name": "liver cancer",
  "disease_percentile": 0.5663198959687911,
  "metapath_contribution": {
    "CbGaD": 0.7968265013300894,
    "CbGpPWpGaD": 0.15326237800697348,
    "CcSEcCtD": 0.043154627358770785,
    "CrCbGaD": 0.006756493304166416
  },
  "n_trials": 0.0,
  "prediction": 0.0015544788580037,
  "status": 0
}