{
  "compound_id": "DB00651",
  "compound_name": "Dyphylline",
  "compound_percentile": 0.948529411764706,
  "disease_id": "DOID:2531",
  "disease_name": "hematologic cancer",
  "disease_percentile": 0.633940182054616,
  "metapath_contribution": {
    "CbGaD": 0.37668416885253025,
    "CbGbCtD": 0.3477559328817191,
    "CbGeAlD": 0.04372264025935268,
    "CbGpPWpGaD": 0.10000635293662352,
    "CcSEcCtD": 0.1256008009101949,
    "CrCbGaD": 0.006230104159579575
  },
  "n_trials": 0.0,
  "prediction": 0.0029234975855759,
  "status": 0,
  "training_prediction": 0.0260002479091498
}