{
  "compound_id": "DB00692",
  "compound_name": "Phentolamine",
  "compound_percentile": 0.11764705882352902,
  "disease_id": "DOID:4045",
  "disease_name": "muscle cancer",
  "disease_percentile": 0.49544863459037697,
  "metapath_contribution": {
    "CbGdCrCtD": 0.3521602788054612,
    "CbGeAlD": 0.20746710804980545,
    "CcSEcCtD": 0.44037261314473336
  },
  "n_trials": 0.0,
  "prediction": 0.00143653683630702,
  "status": 0
}