{
  "compound_id": "DB00705",
  "compound_name": "Delavirdine",
  "compound_percentile": 0.933823529411765,
  "disease_id": "DOID:1612",
  "disease_name": "breast cancer",
  "disease_percentile": 0.8699609882964889,
  "metapath_contribution": {
    "CbGaD": 0.24082919664694252,
    "CbGbCtD": 0.501610935561519,
    "CbGpPWpGaD": 0.06420420863593645,
    "CcSEcCtD": 0.19335565915560185
  },
  "n_trials": 0.0,
  "prediction": 0.00599044202978815,
  "status": 0,
  "training_prediction": 0.0323717893915529
}