{
  "compound_id": "DB08889",
  "compound_name": "Carfilzomib",
  "compound_percentile": 0.852941176470588,
  "disease_id": "DOID:14227",
  "disease_name": "azoospermia",
  "disease_percentile": 0.5481144343302989,
  "metapath_contribution": {
    "CbGbCtD": 0.6193949266383773,
    "CbGdCrCtD": 0.03726030781426252,
    "CbGeAlD": 0.3433447655473602
  },
  "n_trials": 0.0,
  "prediction": 0.00174926332898207,
  "status": 0
}