{
  "compound_id": "DB08976",
  "compound_name": "Floctafenine",
  "compound_percentile": 0.904411764705882,
  "disease_id": "DOID:4045",
  "disease_name": "muscle cancer",
  "disease_percentile": 0.912873862158648,
  "metapath_contribution": {
    "CbGaD": 0.7750464332754143,
    "CbGbCtD": 0.22052360864871157,
    "CrCbGaD": 0.004429958075873998
  },
  "n_trials": 0.0,
  "prediction": 0.00279452686448384,
  "status": 0
}