{
  "compound_id": "DB06772",
  "compound_name": "Cabazitaxel",
  "compound_percentile": 0.0735294117647059,
  "disease_id": "DOID:14221",
  "disease_name": "metabolic syndrome X",
  "disease_percentile": 0.0591677503250975,
  "metapath_contribution": {
    "CbGeAlD": 0.19223624570048914,
    "CbGpPWpGaD": 0.48112798117961614,
    "CcSEcCtD": 0.27999948514644635,
    "CrCbGaD": 0.04663628797344836
  },
  "n_trials": 0.0,
  "prediction": 0.000686976688691458,
  "status": 0,
  "training_prediction": 0.00030957535036509
}