{
  "compound_id": "DB00347",
  "compound_name": "Trimethadione",
  "compound_percentile": 0.941176470588235,
  "disease_id": "DOID:3393",
  "disease_name": "coronary artery disease",
  "disease_percentile": 0.7516254876462941,
  "metapath_contribution": {
    "CbGaD": 0.22241738741521208,
    "CbGbCtD": 0.5535946544779584,
    "CbGeAlD": 0.04548485428634596,
    "CbGpPWpGaD": 0.04252615026551136,
    "CcSEcCtD": 0.1359769535549721
  },
  "n_trials": 0.0,
  "prediction": 0.00417147262601433,
  "status": 0,
  "training_prediction": 0.0220951137285141
}