{
  "compound_id": "DB00706",
  "compound_name": "Tamsulosin",
  "compound_percentile": 0.720588235294118,
  "disease_id": "DOID:12849",
  "disease_name": "autistic disorder",
  "disease_percentile": 0.864759427828348,
  "metapath_contribution": {
    "CbGaD": 0.6715729085647857,
    "CbGeAlD": 0.12401616542259722,
    "CbGpPWpGaD": 0.19675635841793027,
    "CrCbGaD": 0.0076545675946869006
  },
  "n_trials": 0.0,
  "prediction": 0.00247917867160563,
  "status": 0
}