{
  "compound_id": "DB00612",
  "compound_name": "Bisoprolol",
  "compound_percentile": 0.801470588235294,
  "disease_id": "DOID:11476",
  "disease_name": "osteoporosis",
  "disease_percentile": 0.384265279583875,
  "metapath_contribution": {
    "CbGbCtD": 0.49928797895040344,
    "CcSEcCtD": 0.4994383623901099,
    "CrCbGaD": 0.0012736586594865333
  },
  "n_trials": 0.0,
  "prediction": 0.0015946259435630301,
  "status": 0
}