{
  "compound_id": "DB01255",
  "compound_name": "Lisdexamfetamine",
  "compound_percentile": 0.8602941176470591,
  "disease_id": "DOID:2531",
  "disease_name": "hematologic cancer",
  "disease_percentile": 0.37581274382314706,
  "metapath_contribution": {
    "CbGeAlD": 0.0032769240838699857,
    "CbGpPWpGaD": 0.040251322472965506,
    "CcSEcCtD": 0.24693657203456487,
    "CrCbGaD": 0.00016290860366590697,
    "CrCrCtD": 0.7093722728049338
  },
  "n_trials": 0.0,
  "prediction": 0.00182165458883476,
  "status": 0
}