{
  "compound_id": "DB01030",
  "compound_name": "Topotecan",
  "compound_percentile": 0.17647058823529396,
  "disease_id": "DOID:1686",
  "disease_name": "glaucoma",
  "disease_percentile": 0.0162548764629389,
  "metapath_contribution": {
    "CbGbCtD": 0.49750099937778514,
    "CbGpPWpGaD": 0.02055556959730987,
    "CcSEcCtD": 0.4819434310249049
  },
  "n_trials": 0.0,
  "prediction": 0.000711346374111509,
  "status": 0,
  "training_prediction": 0.00857932045052431
}