{
  "compound_id": "DB00714",
  "compound_name": "Apomorphine",
  "compound_percentile": 0.875,
  "disease_id": "DOID:12995",
  "disease_name": "conduct disorder",
  "disease_percentile": 0.996749024707412,
  "metapath_contribution": {
    "CbGaD": 0.8771534607228356,
    "CbGeAlD": 0.007227381501040426,
    "CbGpPWpGaD": 0.11561915777612398
  },
  "n_trials": 0.0,
  "prediction": 0.0052515677976407,
  "status": 0
}