{
  "compound_id": "DB00242",
  "compound_name": "Cladribine",
  "compound_percentile": 0.7058823529411771,
  "disease_id": "DOID:1192",
  "disease_name": "peripheral nervous system neoplasm",
  "disease_percentile": 0.308192457737321,
  "metapath_contribution": {
    "CbGbCtD": 0.4358902722320834,
    "CbGdCrCtD": 0.00773436044192728,
    "CbGeAlD": 0.053688083746480236,
    "CbGpPWpGaD": 0.13019528191039242,
    "CcSEcCtD": 0.3724920016691168
  },
  "n_trials": 0.0,
  "prediction": 0.0012921783047583199,
  "status": 0,
  "training_prediction": 0.00588299012577975
}