{
  "compound_id": "DB00191",
  "compound_name": "Phentermine",
  "compound_percentile": 0.823529411764706,
  "disease_id": "DOID:12849",
  "disease_name": "autistic disorder",
  "disease_percentile": 0.631339401820546,
  "metapath_contribution": {
    "CbGaD": 0.8076420328032498,
    "CbGeAlD": 0.05695124726422806,
    "CbGpPWpGaD": 0.1288839904796265,
    "CrCbGaD": 0.006522729452895591
  },
  "n_trials": 0.0,
  "prediction": 0.00165224900247217,
  "status": 0
}