{
  "compound_id": "DB01021",
  "compound_name": "Trichlormethiazide",
  "compound_percentile": 0.213235294117647,
  "disease_id": "DOID:12849",
  "disease_name": "autistic disorder",
  "disease_percentile": 0.29518855656696996,
  "metapath_contribution": {
    "CbGeAlD": 0.48903764646351977,
    "CbGpPWpGaD": 0.4789210773190657,
    "CrCbGaD": 0.0320412762174145
  },
  "n_trials": 0.0,
  "prediction": 0.00102640321075628,
  "status": 0
}