{
  "compound_id": "DB01174",
  "compound_name": "Phenobarbital",
  "compound_percentile": 0.7941176470588229,
  "disease_id": "DOID:1024",
  "disease_name": "leprosy",
  "disease_percentile": 0.8862158647594279,
  "metapath_contribution": {
    "CbGbCtD": 0.9460811759792294,
    "CbGeAlD": 0.023189253594192872,
    "CcSEcCtD": 0.030729570426577802
  },
  "n_trials": 0.0,
  "prediction": 0.00307828371815743,
  "status": 0,
  "training_prediction": 0.00303670093083798
}