{
  "compound_id": "DB00787",
  "compound_name": "Aciclovir",
  "compound_percentile": 1.0,
  "disease_id": "DOID:2043",
  "disease_name": "hepatitis B",
  "disease_percentile": 0.99739921976593,
  "metapath_contribution": {
    "CbGbCtD": 0.10296993488264457,
    "CbGeAlD": 0.012232137113109456,
    "CcSEcCtD": 0.02690983685496488,
    "CiPCiCtD": 0.3509074514777174,
    "CrCrCtD": 0.16734213263540978,
    "CrCtD": 0.33963850703615384
  },
  "n_trials": 0.0,
  "prediction": 0.111134099239644,
  "status": 0
}