{
  "compound_id": "DB01095",
  "compound_name": "Fluvastatin",
  "compound_percentile": 0.882352941176471,
  "disease_id": "DOID:12365",
  "disease_name": "malaria",
  "disease_percentile": 0.597529258777633,
  "metapath_contribution": {
    "CbGbCtD": 0.7610354444798131,
    "CbGeAlD": 0.07395917961944128,
    "CcSEcCtD": 0.16500537590074563
  },
  "n_trials": 0.0,
  "prediction": 0.00232237356329236,
  "status": 0
}