{
  "compound_id": "DB00359",
  "compound_name": "Sulfadiazine",
  "compound_percentile": 0.448529411764706,
  "disease_id": "DOID:10534",
  "disease_name": "stomach cancer",
  "disease_percentile": 0.243172951885566,
  "metapath_contribution": {
    "CbGbCtD": 0.5040844094219309,
    "CbGpPWpGaD": 0.002200874464110681,
    "CcSEcCtD": 0.4780325717195268,
    "CrCbGaD": 0.015682144394431576
  },
  "n_trials": 0.0,
  "prediction": 0.000998509844693749,
  "status": 0,
  "training_prediction": 0.00220174286237588
}