{
  "compound_id": "DB00883",
  "compound_name": "Isosorbide Dinitrate",
  "compound_percentile": 0.948529411764706,
  "disease_id": "DOID:635",
  "disease_name": "acquired immunodeficiency syndrome",
  "disease_percentile": 0.509752925877763,
  "metapath_contribution": {
    "CbGbCtD": 0.718232560979969,
    "CbGeAlD": 0.13587193602004188,
    "CcSEcCtD": 0.14589550299998902
  },
  "n_trials": 0.0,
  "prediction": 0.00247244848837346,
  "status": 0
}