{
  "compound_id": "DB08860",
  "compound_name": "Pitavastatin",
  "compound_percentile": 0.602941176470588,
  "disease_id": "DOID:1781",
  "disease_name": "thyroid cancer",
  "disease_percentile": 0.5370611183355011,
  "metapath_contribution": {
    "CbGbCtD": 0.8855257963154142,
    "CbGpPWpGaD": 0.04366333023266122,
    "CcSEcCtD": 0.0708108734519246
  },
  "n_trials": 0.0,
  "prediction": 0.00157842434610773,
  "status": 0,
  "training_prediction": 0.0019158462572959898
}