{
  "compound_id": "DB00186",
  "compound_name": "Lorazepam",
  "compound_percentile": 0.0588235294117647,
  "disease_id": "DOID:1909",
  "disease_name": "melanoma",
  "disease_percentile": 0.13784135240572198,
  "metapath_contribution": {
    "CbGeAlD": 0.1231706702960726,
    "CbGpPWpGaD": 0.10511915465470092,
    "CcSEcCtD": 0.7440867972243103,
    "CrCbGaD": 0.0276233778249162
  },
  "n_trials": 0.0,
  "prediction": 0.000769077508266774,
  "status": 0
}