{
  "compound_id": "DB01205",
  "compound_name": "Flumazenil",
  "compound_percentile": 0.992647058823529,
  "disease_id": "DOID:0050741",
  "disease_name": "alcohol dependence",
  "disease_percentile": 0.959037711313394,
  "metapath_contribution": {
    "CbGaD": 0.4274923308332913,
    "CbGbCtD": 0.3461388596184206,
    "CbGeAlD": 0.02397465138561285,
    "CbGpPWpGaD": 0.08935096022650921,
    "CcSEcCtD": 0.113043197936166
  },
  "n_trials": 2.0,
  "prediction": 0.0109063245078995,
  "status": 0
}