{
  "compound_id": "DB00714",
  "compound_name": "Apomorphine",
  "compound_percentile": 0.632352941176471,
  "disease_id": "DOID:2531",
  "disease_name": "hematologic cancer",
  "disease_percentile": 0.511053315994798,
  "metapath_contribution": {
    "CbGeAlD": 0.01073783342496202,
    "CbGpPWpGaD": 0.3301230980031194,
    "CcSEcCtD": 0.6591390685719186
  },
  "n_trials": 0.0,
  "prediction": 0.00232619612279422,
  "status": 0
}