{
  "compound_id": "DB00196",
  "compound_name": "Fluconazole",
  "compound_percentile": 0.992647058823529,
  "disease_id": "DOID:9206",
  "disease_name": "Barrett's esophagus",
  "disease_percentile": 0.995448634590377,
  "metapath_contribution": {
    "CbGbCtD": 0.16111036912735607,
    "CbGpPWpGaD": 0.0034097009565948466,
    "CcSEcCtD": 0.05799574245019825,
    "CiPCiCtD": 0.7774841874658509
  },
  "n_trials": 0.0,
  "prediction": 0.0196741616285292,
  "status": 0
}