{
  "compound_id": "DB01142",
  "compound_name": "Doxepin",
  "compound_percentile": 0.9191176470588229,
  "disease_id": "DOID:4989",
  "disease_name": "pancreatitis",
  "disease_percentile": 0.931729518855657,
  "metapath_contribution": {
    "CbGaD": 0.17703978063502998,
    "CbGbCtD": 0.6177866287256407,
    "CbGeAlD": 0.026976131007801774,
    "CbGpPWpGaD": 0.08839768389207053,
    "CcSEcCtD": 0.08810757380490028,
    "CrCbGaD": 0.0016922019345567234
  },
  "n_trials": 0.0,
  "prediction": 0.00348303143350254,
  "status": 0
}