{
  "compound_id": "DB00449",
  "compound_name": "Dipivefrin",
  "compound_percentile": 0.139705882352941,
  "disease_id": "DOID:2394",
  "disease_name": "ovarian cancer",
  "disease_percentile": 0.49479843953186,
  "metapath_contribution": {
    "CbGeAlD": 0.9559920153872187,
    "CbGpPWpGaD": 0.044007984612781395
  },
  "n_trials": 0.0,
  "prediction": 0.00146422726458156,
  "status": 0,
  "training_prediction": 0.00348977299266281
}