{
  "compound_id": "DB06663",
  "compound_name": "Pasireotide",
  "compound_percentile": 0.8897058823529409,
  "disease_id": "DOID:10283",
  "disease_name": "prostate cancer",
  "disease_percentile": 0.39661898569570897,
  "metapath_contribution": {
    "CbGpPWpGaD": 0.4404744397887914,
    "CcSEcCtD": 0.5565049657700282,
    "CrCbGaD": 0.0030205944411804218
  },
  "n_trials": 0.0,
  "prediction": 0.00191838028810585,
  "status": 0
}