{
  "compound_id": "DB08906",
  "compound_name": "Fluticasone furoate",
  "compound_percentile": 0.742647058823529,
  "disease_id": "DOID:12365",
  "disease_name": "malaria",
  "disease_percentile": 0.150845253576073,
  "metapath_contribution": {
    "CbGbCtD": 0.8226296111999727,
    "CbGeAlD": 0.018049771390687665,
    "CcSEcCtD": 0.15932061740933964
  },
  "n_trials": 0.0,
  "prediction": 0.00120566372888729,
  "status": 0,
  "training_prediction": 0.00309151120206038
}