{
  "compound_id": "DB00275",
  "compound_name": "Olmesartan",
  "compound_percentile": 0.875,
  "disease_id": "DOID:7693",
  "disease_name": "abdominal aortic aneurysm",
  "disease_percentile": 0.981794538361508,
  "metapath_contribution": {
    "CbGaD": 0.9888310028133966,
    "CbGeAlD": 0.00021438732753915475,
    "CrCbGaD": 0.01095460985906429
  },
  "n_trials": 0.0,
  "prediction": 0.0028875897800118198,
  "status": 0
}