{
  "compound_id": "DB01273",
  "compound_name": "Varenicline",
  "compound_percentile": 0.977941176470588,
  "disease_id": "DOID:0050741",
  "disease_name": "alcohol dependence",
  "disease_percentile": 0.960988296488947,
  "metapath_contribution": {
    "CbGeAlD": 0.0400264457603625,
    "CbGpPWpGaD": 0.047797031982007326,
    "CcSEcCtD": 0.1305461214810189,
    "CtDrD": 0.7816304007766114
  },
  "n_trials": 0.0,
  "prediction": 0.0114645221015395,
  "status": 0,
  "training_prediction": 0.0138859161292467
}