{
  "compound_id": "DB00243",
  "compound_name": "Ranolazine",
  "compound_percentile": 0.963235294117647,
  "disease_id": "DOID:263",
  "disease_name": "kidney cancer",
  "disease_percentile": 0.907672301690507,
  "metapath_contribution": {
    "CbGbCtD": 0.14334026523976653,
    "CbGpPWpGaD": 0.012756110024792388,
    "CcSEcCtD": 0.07696078990112569,
    "CiPCiCtD": 0.7656287763689772,
    "CrCbGaD": 0.001314058465338228
  },
  "n_trials": 0.0,
  "prediction": 0.0049253730739508,
  "status": 0
}