{
  "compound_id": "DB00469",
  "compound_name": "Tenoxicam",
  "compound_percentile": 0.742647058823529,
  "disease_id": "DOID:2994",
  "disease_name": "germ cell cancer",
  "disease_percentile": 0.8946684005201558,
  "metapath_contribution": {
    "CbGbCtD": 0.758904806522717,
    "CbGeAlD": 0.093725593562939,
    "CcSEcCtD": 0.147369599914344
  },
  "n_trials": 0.0,
  "prediction": 0.0029249608556931603,
  "status": 0
}