{
  "compound_id": "DB00989",
  "compound_name": "Rivastigmine",
  "compound_percentile": 0.5514705882352939,
  "disease_id": "DOID:3571",
  "disease_name": "liver cancer",
  "disease_percentile": 0.696358907672302,
  "metapath_contribution": {
    "CbGbCtD": 0.12175243017079138,
    "CbGpPWpGaD": 0.09708476750930578,
    "CcSEcCtD": 0.7811628023199029
  },
  "n_trials": 0.0,
  "prediction": 0.00190489533554092,
  "status": 0,
  "training_prediction": 0.0018791333083603102
}