{
  "compound_id": "DB00252",
  "compound_name": "Phenytoin",
  "compound_percentile": 0.816176470588235,
  "disease_id": "DOID:11476",
  "disease_name": "osteoporosis",
  "disease_percentile": 0.399869960988296,
  "metapath_contribution": {
    "CbGbCtD": 0.6990353531862752,
    "CbGpPWpGaD": 0.06218094007200858,
    "CcSEcCtD": 0.2387837067417162
  },
  "n_trials": 0.0,
  "prediction": 0.0016244612592326,
  "status": 0,
  "training_prediction": 0.005278374131388979
}