{
  "compound_id": "DB00822",
  "compound_name": "Disulfiram",
  "compound_percentile": 0.4779411764705879,
  "disease_id": "DOID:3070",
  "disease_name": "malignant glioma",
  "disease_percentile": 0.8211963589076721,
  "metapath_contribution": {
    "CbGbCtD": 0.27085821692117484,
    "CbGeAlD": 0.08760877698610668,
    "CbGpPWpGaD": 0.6415330060927186
  },
  "n_trials": 4.0,
  "prediction": 0.00220411656002255,
  "status": 0,
  "training_prediction": 0.00162587363871195
}