{
  "compound_id": "DB01196",
  "compound_name": "Estramustine",
  "compound_percentile": 0.669117647058823,
  "disease_id": "DOID:9352",
  "disease_name": "type 2 diabetes mellitus",
  "disease_percentile": 0.156697009102731,
  "metapath_contribution": {
    "CbGaD": 0.2417191780830405,
    "CbGbCtD": 0.43004102916586123,
    "CbGeAlD": 0.06448440716700428,
    "CbGpPWpGaD": 0.09370035364509621,
    "CcSEcCtD": 0.16452661309956737,
    "CrCbGaD": 0.005528418839430422
  },
  "n_trials": 0.0,
  "prediction": 0.00123872927172107,
  "status": 0,
  "training_prediction": 0.00545490779711025
}