{
  "compound_id": "DB00536",
  "compound_name": "Guanidine",
  "compound_percentile": 0.610294117647059,
  "disease_id": "DOID:1936",
  "disease_name": "atherosclerosis",
  "disease_percentile": 0.6924577373211961,
  "metapath_contribution": {
    "CbGbCtD": 0.44042187899265084,
    "CbGeAlD": 0.16720781260952117,
    "CbGpPWpGaD": 0.13384096514155705,
    "CcSEcCtD": 0.25852934325627097
  },
  "n_trials": 0.0,
  "prediction": 0.00240814393588643,
  "status": 0
}