{
  "compound_id": "DB00912",
  "compound_name": "Repaglinide",
  "compound_percentile": 0.625,
  "disease_id": "DOID:9008",
  "disease_name": "psoriatic arthritis",
  "disease_percentile": 0.9044213263979191,
  "metapath_contribution": {
    "CbGbCtD": 0.8526126430416239,
    "CcSEcCtD": 0.14738735695837615
  },
  "n_trials": 0.0,
  "prediction": 0.0031459375234278103,
  "status": 0,
  "training_prediction": 0.00633717448030545
}