{
  "compound_id": "DB00147",
  "compound_name": "Pyridoxal",
  "compound_percentile": 0.970588235294118,
  "disease_id": "DOID:10763",
  "disease_name": "hypertension",
  "disease_percentile": 0.252925877763329,
  "metapath_contribution": {
    "CbGeAlD": 0.411790553499467,
    "CbGpPWpGaD": 0.5547415600551003,
    "CrCbGaD": 0.03346788644543265
  },
  "n_trials": 0.0,
  "prediction": 0.00211937621505661,
  "status": 0
}