{
  "compound_id": "DB00975",
  "compound_name": "Dipyridamole",
  "compound_percentile": 0.727941176470588,
  "disease_id": "DOID:5041",
  "disease_name": "esophageal cancer",
  "disease_percentile": 0.877113133940182,
  "metapath_contribution": {
    "CbGaD": 0.1989159499211968,
    "CbGbCtD": 0.3122577530276406,
    "CbGeAlD": 0.14747031920135995,
    "CbGpPWpGaD": 0.24387051672845178,
    "CcSEcCtD": 0.09748546112135092
  },
  "n_trials": 0.0,
  "prediction": 0.00267458013032181,
  "status": 0
}