{
  "compound_id": "DB00937",
  "compound_name": "Diethylpropion",
  "compound_percentile": 0.926470588235294,
  "disease_id": "DOID:14330",
  "disease_name": "Parkinson's disease",
  "disease_percentile": 0.7366710013003901,
  "metapath_contribution": {
    "CbGaD": 0.7887430974076086,
    "CbGeAlD": 0.07477589154145739,
    "CbGpPWpGaD": 0.12847727496629022,
    "CrCbGaD": 0.008003736084643798
  },
  "n_trials": 0.0,
  "prediction": 0.0019310210410276199,
  "status": 0
}