{
  "compound_id": "DB00401",
  "compound_name": "Nisoldipine",
  "compound_percentile": 0.0735294117647059,
  "disease_id": "DOID:332",
  "disease_name": "amyotrophic lateral sclerosis",
  "disease_percentile": 0.0864759427828349,
  "metapath_contribution": {
    "CbGbCtD": 0.4970674252989478,
    "CcSEcCtD": 0.5029325747010521
  },
  "n_trials": 0.0,
  "prediction": 0.000670209602594833,
  "status": 0,
  "training_prediction": 0.000302016740167331
}