{
  "compound_id": "DB00814",
  "compound_name": "Meloxicam",
  "compound_percentile": 0.125,
  "disease_id": "DOID:11612",
  "disease_name": "polycystic ovary syndrome",
  "disease_percentile": 0.28218465539661897,
  "metapath_contribution": {
    "CbGeAlD": 0.2843254602497064,
    "CbGpPWpGaD": 0.36014527635768084,
    "CcSEcCtD": 0.3555292633926128
  },
  "n_trials": 0.0,
  "prediction": 0.00104127257316148,
  "status": 0
}