{
  "compound_id": "DB01273",
  "compound_name": "Varenicline",
  "compound_percentile": 0.8308823529411771,
  "disease_id": "DOID:10283",
  "disease_name": "prostate cancer",
  "disease_percentile": 0.5721716514954489,
  "metapath_contribution": {
    "CbGeAlD": 0.034025254649248195,
    "CbGpPWpGaD": 0.11494447616792085,
    "CcSEcCtD": 0.851030269182831
  },
  "n_trials": 0.0,
  "prediction": 0.00260693863983357,
  "status": 0,
  "training_prediction": 0.0110064988309582
}