{
  "compound_id": "DB01184",
  "compound_name": "Domperidone",
  "compound_percentile": 0.588235294117647,
  "disease_id": "DOID:12930",
  "disease_name": "dilated cardiomyopathy",
  "disease_percentile": 0.44603381014304294,
  "metapath_contribution": {
    "CbGbCtD": 0.6011371149918971,
    "CbGeAlD": 0.1696776626181335,
    "CcSEcCtD": 0.22918522238996936
  },
  "n_trials": 0.0,
  "prediction": 0.00152720045929255,
  "status": 0
}