{
  "compound_id": "DB00586",
  "compound_name": "Diclofenac",
  "compound_percentile": 0.9852941176470591,
  "disease_id": "DOID:13378",
  "disease_name": "Kawasaki disease",
  "disease_percentile": 0.9986996098829649,
  "metapath_contribution": {
    "CbGbCtD": 0.10814780013824198,
    "CbGeAlD": 0.006504407120467819,
    "CbGpPWpGaD": 0.0006653329125546654,
    "CcSEcCtD": 0.01493261591861007,
    "CiPCiCtD": 0.48224855695325847,
    "CpDpCtD": 0.2020842499059807,
    "CrCrCtD": 0.18541703705088622
  },
  "n_trials": 0.0,
  "prediction": 0.0582185923749143,
  "status": 0
}