{
  "compound_id": "DB00993",
  "compound_name": "Azathioprine",
  "compound_percentile": 0.529411764705882,
  "disease_id": "DOID:14227",
  "disease_name": "azoospermia",
  "disease_percentile": 0.609882964889467,
  "metapath_contribution": {
    "CbGeAlD": 0.06735439674786255,
    "CcSEcCtD": 0.9326456032521374
  },
  "n_trials": 0.0,
  "prediction": 0.00185845291197249,
  "status": 0,
  "training_prediction": 0.00331682065698933
}