{
  "category": "SYM",
  "compound_id": "DB00736",
  "compound_name": "Esomeprazole",
  "compound_percentile": 0.963235294117647,
  "disease_id": "DOID:5041",
  "disease_name": "esophageal cancer",
  "disease_percentile": 0.9843953185955792,
  "metapath_contribution": {
    "CbGaD": 0.3349417544024065,
    "CbGeAlD": 0.03372822116660536,
    "CbGpPWpGaD": 0.01654154013016306,
    "CcSEcCtD": 0.04250870447597689,
    "CrCbGaD": 0.00319638692953749,
    "CtDrD": 0.5690833928953107
  },
  "prediction": 0.0074217376197016705,
  "status": 0,
  "training_prediction": 0.00899703626488915
}