{
  "compound_id": "DB01267",
  "compound_name": "Paliperidone",
  "compound_percentile": 0.823529411764706,
  "disease_id": "DOID:2841",
  "disease_name": "asthma",
  "disease_percentile": 0.673602080624187,
  "metapath_contribution": {
    "CbGbCtD": 0.5324899193102508,
    "CbGeAlD": 0.018255968048637047,
    "CbGpPWpGaD": 0.16262124148591994,
    "CcSEcCtD": 0.28663287115519226
  },
  "n_trials": 0.0,
  "prediction": 0.00343728157248965,
  "status": 0
}