{
  "compound_id": "DB00773",
  "compound_name": "Etoposide",
  "compound_percentile": 0.264705882352941,
  "disease_id": "DOID:418",
  "disease_name": "systemic scleroderma",
  "disease_percentile": 0.0754226267880364,
  "metapath_contribution": {
    "CbGbCtD": 0.7249195759515892,
    "CbGdCrCtD": 0.0026444916854252887,
    "CbGeAlD": 0.0617277747936272,
    "CcSEcCtD": 0.2107081575693584
  },
  "n_trials": 0.0,
  "prediction": 0.000897566762846482,
  "status": 0,
  "training_prediction": 0.0143924718909476
}