{
  "compound_id": "DB00296",
  "compound_name": "Ropivacaine",
  "compound_percentile": 0.463235294117647,
  "disease_id": "DOID:11612",
  "disease_name": "polycystic ovary syndrome",
  "disease_percentile": 0.426527958387516,
  "metapath_contribution": {
    "CbGeAlD": 0.2111777738189268,
    "CbGpPWpGaD": 0.5134285681223899,
    "CcSEcCtD": 0.2753936580586832
  },
  "n_trials": 0.0,
  "prediction": 0.00127896039674137,
  "status": 0
}