{
  "compound_id": "DB01094",
  "compound_name": "Hesperetin",
  "compound_percentile": 0.970588235294118,
  "disease_id": "DOID:2531",
  "disease_name": "hematologic cancer",
  "disease_percentile": 0.870611183355007,
  "metapath_contribution": {
    "CbGaD": 0.27392451701791454,
    "CbGbCtD": 0.6153623935613866,
    "CbGeAlD": 0.04951275247972586,
    "CbGpPWpGaD": 0.06120033694097303
  },
  "n_trials": 0.0,
  "prediction": 0.00665544277935916,
  "status": 0
}