{
  "compound_id": "DB06605",
  "compound_name": "Apixaban",
  "compound_percentile": 0.816176470588235,
  "disease_id": "DOID:0050741",
  "disease_name": "alcohol dependence",
  "disease_percentile": 0.818595578673602,
  "metapath_contribution": {
    "CbGbCtD": 0.6437844306845466,
    "CbGeAlD": 0.04133086082248767,
    "CbGpPWpGaD": 0.1435395608419664,
    "CcSEcCtD": 0.17134514765099923
  },
  "n_trials": 0.0,
  "prediction": 0.00422642944096244,
  "status": 0
}