{
  "compound_id": "DB01264",
  "compound_name": "Darunavir",
  "compound_percentile": 0.933823529411765,
  "disease_id": "DOID:184",
  "disease_name": "bone cancer",
  "disease_percentile": 0.849804941482445,
  "metapath_contribution": {
    "CbGaD": 0.8480966203670672,
    "CcSEcCtD": 0.14531909617156427,
    "CrCbGaD": 0.006584283461368369
  },
  "n_trials": 0.0,
  "prediction": 0.00271716513845532,
  "status": 0
}