{
  "compound_id": "DB06204",
  "compound_name": "Tapentadol",
  "compound_percentile": 0.801470588235294,
  "disease_id": "DOID:2531",
  "disease_name": "hematologic cancer",
  "disease_percentile": 0.464239271781534,
  "metapath_contribution": {
    "CbGbCtD": 0.5593621269647437,
    "CbGeAlD": 0.00733875459415918,
    "CbGpPWpGaD": 0.11181668087358762,
    "CcSEcCtD": 0.3214824375675096
  },
  "n_trials": 0.0,
  "prediction": 0.00214059584193347,
  "status": 0
}