{
  "compound_id": "DB00458",
  "compound_name": "Imipramine",
  "compound_percentile": 0.992647058823529,
  "disease_id": "DOID:1826",
  "disease_name": "epilepsy syndrome",
  "disease_percentile": 0.958387516254877,
  "metapath_contribution": {
    "CbGaD": 0.1680011385933534,
    "CbGbCtD": 0.15841458547056392,
    "CbGeAlD": 0.0212381879415105,
    "CbGpPWpGaD": 0.041028089363881075,
    "CcSEcCtD": 0.05447842387458106,
    "CpDpCtD": 0.16234149039882345,
    "CrCbGaD": 0.0015211863017179541,
    "CrCrCtD": 0.15351043959775584,
    "CrCtD": 0.23946645845781286
  },
  "n_trials": 0.0,
  "prediction": 0.0663894683189215,
  "status": 0
}