{
  "compound_id": "DB00120",
  "compound_name": "L-Phenylalanine",
  "compound_percentile": 0.8897058823529409,
  "disease_id": "DOID:11612",
  "disease_name": "polycystic ovary syndrome",
  "disease_percentile": 0.682704811443433,
  "metapath_contribution": {
    "CbGaD": 0.8279107413992076,
    "CbGeAlD": 0.10100793437696094,
    "CbGpPWpGaD": 0.06501693908220861,
    "CrCbGaD": 0.006064385141622783
  },
  "n_trials": 0.0,
  "prediction": 0.0018073919776501301,
  "status": 0
}