{
  "compound_id": "DB00972",
  "compound_name": "Azelastine",
  "compound_percentile": 0.617647058823529,
  "disease_id": "DOID:3070",
  "disease_name": "malignant glioma",
  "disease_percentile": 0.620286085825748,
  "metapath_contribution": {
    "CbGaD": 0.6374356726020735,
    "CbGbCtD": 0.1662697317725248,
    "CbGeAlD": 0.00514563657030416,
    "CbGpPWpGaD": 0.12379843399316537,
    "CcSEcCtD": 0.06350896939726647,
    "CrCbGaD": 0.003841555664665799
  },
  "n_trials": 0.0,
  "prediction": 0.00165194202518966,
  "status": 0
}