{
  "compound_id": "DB06262",
  "compound_name": "Droxidopa",
  "compound_percentile": 0.661764705882353,
  "disease_id": "DOID:2377",
  "disease_name": "multiple sclerosis",
  "disease_percentile": 0.0617685305591677,
  "metapath_contribution": {
    "CbGeAlD": 0.28439694007465827,
    "CbGpPWpGaD": 0.5073485584283793,
    "CcSEcCtD": 0.19151841133966366,
    "CrCbGaD": 0.01673609015729858
  },
  "n_trials": 0.0,
  "prediction": 0.0009195525627546211,
  "status": 0
}