{
  "compound_id": "DB00721",
  "compound_name": "Procaine",
  "compound_percentile": 0.7058823529411771,
  "disease_id": "DOID:3393",
  "disease_name": "coronary artery disease",
  "disease_percentile": 0.23146944083225002,
  "metapath_contribution": {
    "CbGbCtD": 0.5143719424718087,
    "CbGpPWpGaD": 0.08795278530604296,
    "CcSEcCtD": 0.3918321199913982,
    "CrCbGaD": 0.005843152230750139
  },
  "n_trials": 0.0,
  "prediction": 0.00135798012939839,
  "status": 0
}