{
  "compound_id": "DB01148",
  "compound_name": "Flavoxate",
  "compound_percentile": 0.0147058823529412,
  "disease_id": "DOID:3070",
  "disease_name": "malignant glioma",
  "disease_percentile": 0.0221066319895969,
  "metapath_contribution": {
    "CbGeAlD": 0.4848532044778361,
    "CbGpPWpGaD": 0.47670436748670864,
    "CrCbGaD": 0.03844242803545533
  },
  "n_trials": 0.0,
  "prediction": 0.000520316716147088,
  "status": 0
}