{
  "compound_id": "DB00406",
  "compound_name": "Gentian Violet",
  "compound_percentile": 0.9852941176470591,
  "disease_id": "DOID:10283",
  "disease_name": "prostate cancer",
  "disease_percentile": 0.795838751625488,
  "metapath_contribution": {
    "CbGaD": 0.8822228687919289,
    "CbGbCtD": 0.11770255632782942,
    "CbGpPWpGaD": 7.457488024164163e-05
  },
  "n_trials": 0.0,
  "prediction": 0.00464967333694939,
  "status": 0
}