{
  "compound_id": "DB00187",
  "compound_name": "Esmolol",
  "compound_percentile": 0.838235294117647,
  "disease_id": "DOID:12849",
  "disease_name": "autistic disorder",
  "disease_percentile": 0.5221066319895971,
  "metapath_contribution": {
    "CbGaD": 0.9084897231909783,
    "CbGpPWpGaD": 0.08093464495843145,
    "CrCbGaD": 0.010575631850590213
  },
  "n_trials": 0.0,
  "prediction": 0.00141966988189013,
  "status": 0
}