{
  "compound_id": "DB00358",
  "compound_name": "Mefloquine",
  "compound_percentile": 0.617647058823529,
  "disease_id": "DOID:11612",
  "disease_name": "polycystic ovary syndrome",
  "disease_percentile": 0.8881664499349811,
  "metapath_contribution": {
    "CbGaD": 0.6282323410734756,
    "CbGeAlD": 0.15120067277260252,
    "CbGpPWpGaD": 0.16957978988576106,
    "CcSEcCtD": 0.050987196268160756
  },
  "n_trials": 0.0,
  "prediction": 0.0024892613838147603,
  "status": 0
}