{
  "compound_id": "DB00244",
  "compound_name": "Mesalazine",
  "compound_percentile": 0.5367647058823529,
  "disease_id": "DOID:6364",
  "disease_name": "migraine",
  "disease_percentile": 0.10923276983094901,
  "metapath_contribution": {
    "CbGbCtD": 0.018138997194946962,
    "CbGeAlD": 0.088456422284292,
    "CbGpPWpGaD": 0.15018106478821278,
    "CcSEcCtD": 0.7373740945377196,
    "CrCbGaD": 0.005849421194828545
  },
  "n_trials": 0.0,
  "prediction": 0.00126365250407402,
  "status": 0,
  "training_prediction": 0.0038453399032217796
}