{
  "compound_id": "DB00521",
  "compound_name": "Carteolol",
  "compound_percentile": 0.8602941176470591,
  "disease_id": "DOID:10534",
  "disease_name": "stomach cancer",
  "disease_percentile": 0.581924577373212,
  "metapath_contribution": {
    "CbGaD": 0.8935917989742096,
    "CbGpPWpGaD": 0.0017784619243983142,
    "CcSEcCtD": 0.09534590511553326,
    "CrCbGaD": 0.009283833985858903
  },
  "n_trials": 0.0,
  "prediction": 0.00175186935994528,
  "status": 0,
  "training_prediction": 0.0038594150576360797
}