{
  "compound_id": "DB01261",
  "compound_name": "Sitagliptin",
  "compound_percentile": 0.720588235294118,
  "disease_id": "DOID:9074",
  "disease_name": "systemic lupus erythematosus",
  "disease_percentile": 0.805591677503251,
  "metapath_contribution": {
    "CbGbCtD": 0.753168119088805,
    "CbGeAlD": 0.036831335631833266,
    "CcSEcCtD": 0.21000054527936174
  },
  "n_trials": 0.0,
  "prediction": 0.0032507644839754398,
  "status": 0,
  "training_prediction": 0.00943009605009757
}