{
  "compound_id": "DB01351",
  "compound_name": "Amobarbital",
  "compound_percentile": 0.897058823529412,
  "disease_id": "DOID:3312",
  "disease_name": "bipolar disorder",
  "disease_percentile": 0.9174252275682699,
  "metapath_contribution": {
    "CbGaD": 0.8137556613791108,
    "CbGeAlD": 0.06573517700540656,
    "CbGpPWpGaD": 0.1119847070903577,
    "CrCbGaD": 0.008524454525124958
  },
  "n_trials": 0.0,
  "prediction": 0.00258573462144846,
  "status": 0
}