{
  "compound_id": "DB00480",
  "compound_name": "Lenalidomide",
  "compound_percentile": 0.816176470588235,
  "disease_id": "DOID:4159",
  "disease_name": "skin cancer",
  "disease_percentile": 0.892717815344603,
  "metapath_contribution": {
    "CbGaD": 0.493618831856815,
    "CbGbCtD": 0.08049616127931811,
    "CbGeAlD": 0.15002484926880874,
    "CbGpPWpGaD": 0.020278893008966698,
    "CcSEcCtD": 0.2519476129049862,
    "CrCbGaD": 0.003633651681105344
  },
  "n_trials": 0.0,
  "prediction": 0.0031974719014970397,
  "status": 0,
  "training_prediction": 0.00703186555416081
}