{
  "compound_id": "DB00363",
  "compound_name": "Clozapine",
  "compound_percentile": 0.514705882352941,
  "disease_id": "DOID:2994",
  "disease_name": "germ cell cancer",
  "disease_percentile": 0.25227568270481104,
  "metapath_contribution": {
    "CbGbCtD": 0.6235146600432404,
    "CbGeAlD": 0.3224302047848364,
    "CbGpPWpGaD": 0.05405513517192311
  },
  "n_trials": 0.0,
  "prediction": 0.001176627119253,
  "status": 0
}