{
  "compound_id": "DB00686",
  "compound_name": "Pentosan Polysulfate",
  "compound_percentile": 0.5367647058823529,
  "disease_id": "DOID:12365",
  "disease_name": "malaria",
  "disease_percentile": 0.5858257477243171,
  "metapath_contribution": {
    "CbGeAlD": 0.1470772573048206,
    "CbGpPWpGaD": 0.29801967584849137,
    "CcSEcCtD": 0.5549030668466881
  },
  "n_trials": 0.0,
  "prediction": 0.00229911954426578,
  "status": 0
}