{
  "compound_id": "DB06207",
  "compound_name": "Silodosin",
  "compound_percentile": 0.713235294117647,
  "disease_id": "DOID:1781",
  "disease_name": "thyroid cancer",
  "disease_percentile": 0.903771131339402,
  "metapath_contribution": {
    "CbGbCtD": 0.8341609054463595,
    "CbGpPWpGaD": 0.02059522423011628,
    "CcSEcCtD": 0.14524387032352434
  },
  "n_trials": 0.0,
  "prediction": 0.00274326487615117,
  "status": 0
}