{
  "compound_id": "DB01347",
  "compound_name": "Saprisartan",
  "compound_percentile": 1.0,
  "disease_id": "DOID:10763",
  "disease_name": "hypertension",
  "disease_percentile": 0.853055916775033,
  "metapath_contribution": {
    "CbGaD": 0.34496232734501403,
    "CbGbCtD": 0.5513237143650136,
    "CbGeAlD": 0.03010301559281078,
    "CbGpPWpGaD": 0.07361094269716148
  },
  "n_trials": 0.0,
  "prediction": 0.0132237668486012,
  "status": 0
}