{
  "compound_id": "DB00816",
  "compound_name": "Orciprenaline",
  "compound_percentile": 0.963235294117647,
  "disease_id": "DOID:3310",
  "disease_name": "atopic dermatitis",
  "disease_percentile": 0.82704811443433,
  "metapath_contribution": {
    "CcSEcCtD": 0.0847759795521085,
    "CtDrD": 0.9152240204478915
  },
  "n_trials": 0.0,
  "prediction": 0.0037059123804956203,
  "status": 0,
  "training_prediction": 0.0125987379613206
}