{
  "compound_id": "DB00945",
  "compound_name": "Acetylsalicylic acid",
  "compound_percentile": 0.786764705882353,
  "disease_id": "DOID:14221",
  "disease_name": "metabolic syndrome X",
  "disease_percentile": 0.933680104031209,
  "metapath_contribution": {
    "CbGaD": 0.23188718295994484,
    "CbGeAlD": 0.04358520567129627,
    "CbGpPWpGaD": 0.09225020337008576,
    "CcSEcCtD": 0.013793237035827764,
    "CrCbGaD": 0.0016664628938190488,
    "CtDrD": 0.6168177080690264
  },
  "n_trials": 1.0,
  "prediction": 0.0032880131637517103,
  "status": 0,
  "training_prediction": 0.00247412641889979
}