{
  "compound_id": "DB00628",
  "compound_name": "Clorazepate",
  "compound_percentile": 0.7941176470588229,
  "disease_id": "DOID:3083",
  "disease_name": "chronic obstructive pulmonary disease",
  "disease_percentile": 0.130689206762029,
  "metapath_contribution": {
    "CbGbCtD": 0.5493034567900102,
    "CbGpPWpGaD": 0.12405004538069103,
    "CcSEcCtD": 0.31989638164881823,
    "CrCbGaD": 0.00675011618048046
  },
  "n_trials": 0.0,
  "prediction": 0.00118525242813155,
  "status": 0
}