{
  "compound_id": "DB00918",
  "compound_name": "Almotriptan",
  "compound_percentile": 0.19852941176470604,
  "disease_id": "DOID:9744",
  "disease_name": "type 1 diabetes mellitus",
  "disease_percentile": 0.251625487646294,
  "metapath_contribution": {
    "CbGeAlD": 0.3308545685809538,
    "CbGpPWpGaD": 0.1771149111637421,
    "CcSEcCtD": 0.49203052025530414
  },
  "n_trials": 0.0,
  "prediction": 0.00104046248337138,
  "status": 0
}