{
  "compound_id": "DB01628",
  "compound_name": "Etoricoxib",
  "compound_percentile": 0.507352941176471,
  "disease_id": "DOID:4989",
  "disease_name": "pancreatitis",
  "disease_percentile": 0.492197659297789,
  "metapath_contribution": {
    "CbGaD": 0.5745578956153381,
    "CbGpPWpGaD": 0.18178011958277643,
    "CcSEcCtD": 0.23199302476714762,
    "CrCbGaD": 0.011668960034737724
  },
  "n_trials": 0.0,
  "prediction": 0.00145423186646152,
  "status": 0
}