{
  "compound_id": "DB08903",
  "compound_name": "Bedaquiline",
  "compound_percentile": 0.852941176470588,
  "disease_id": "DOID:4159",
  "disease_name": "skin cancer",
  "disease_percentile": 0.464889466840052,
  "metapath_contribution": {
    "CbGbCtD": 0.8199720024703595,
    "CcSEcCtD": 0.17959527766712843,
    "CrCbGaD": 0.000432719862512109
  },
  "n_trials": 0.0,
  "prediction": 0.00162257795067817,
  "status": 0
}