{
  "compound_id": "DB00353",
  "compound_name": "Methylergometrine",
  "compound_percentile": 0.926470588235294,
  "disease_id": "DOID:1094",
  "disease_name": "attention deficit hyperactivity disorder",
  "disease_percentile": 0.9174252275682699,
  "metapath_contribution": {
    "CbGaD": 0.7635576253910223,
    "CbGeAlD": 0.05358313263400825,
    "CbGpPWpGaD": 0.1719807595387926,
    "CrCbGaD": 0.010878482436176687
  },
  "n_trials": 0.0,
  "prediction": 0.00296251483914759,
  "status": 0
}