{
  "compound_id": "DB01328",
  "compound_name": "Cefonicid",
  "compound_percentile": 0.926470588235294,
  "disease_id": "DOID:1324",
  "disease_name": "lung cancer",
  "disease_percentile": 0.42847854356306897,
  "metapath_contribution": {
    "CbGaD": 0.5748550176513454,
    "CbGbCtD": 0.4229342474470302,
    "CrCbGaD": 0.0022107349016245313
  },
  "n_trials": 0.0,
  "prediction": 0.00161625525667061,
  "status": 0
}