{
  "compound_id": "DB00261",
  "compound_name": "Anagrelide",
  "compound_percentile": 0.779411764705882,
  "disease_id": "DOID:12306",
  "disease_name": "vitiligo",
  "disease_percentile": 0.9557867360208059,
  "metapath_contribution": {
    "CbGbCtD": 0.9197979607763913,
    "CbGeAlD": 0.08020203922360872
  },
  "n_trials": 0.0,
  "prediction": 0.0026583315129186,
  "status": 0,
  "training_prediction": 0.00119923537126922
}