{
  "compound_id": "DB00338",
  "compound_name": "Omeprazole",
  "compound_percentile": 0.529411764705882,
  "disease_id": "DOID:5419",
  "disease_name": "schizophrenia",
  "disease_percentile": 0.547464239271782,
  "metapath_contribution": {
    "CbGaD": 0.7381051165720756,
    "CbGeAlD": 0.08539492312881432,
    "CbGpPWpGaD": 0.17070492973397466,
    "CrCbGaD": 0.005795030565135519
  },
  "n_trials": 0.0,
  "prediction": 0.00165923442126661,
  "status": 0
}