{
  "compound_id": "DB08820",
  "compound_name": "Ivacaftor",
  "compound_percentile": 0.786764705882353,
  "disease_id": "DOID:1936",
  "disease_name": "atherosclerosis",
  "disease_percentile": 0.791287386215865,
  "metapath_contribution": {
    "CbGaD": 0.33657513194047983,
    "CbGbCtD": 0.4532972249248309,
    "CbGpPWpGaD": 0.11221713673271798,
    "CcSEcCtD": 0.09791050640197133
  },
  "n_trials": 0.0,
  "prediction": 0.00289325688810715,
  "status": 0
}