{
  "compound_id": "DB00869",
  "compound_name": "Dorzolamide",
  "compound_percentile": 0.654411764705882,
  "disease_id": "DOID:2377",
  "disease_name": "multiple sclerosis",
  "disease_percentile": 0.6326397919375811,
  "metapath_contribution": {
    "CbGbCtD": 0.2681769022093926,
    "CbGeAlD": 0.08228801304570038,
    "CcSEcCtD": 0.6495350847449071
  },
  "n_trials": 0.0,
  "prediction": 0.00220922457414196,
  "status": 0,
  "training_prediction": 0.00565590991103013
}