{
  "compound_id": "DB01170",
  "compound_name": "Guanethidine",
  "compound_percentile": 0.882352941176471,
  "disease_id": "DOID:3393",
  "disease_name": "coronary artery disease",
  "disease_percentile": 0.6430429128738621,
  "metapath_contribution": {
    "CbGbCtD": 0.9933973942398404,
    "CbGpPWpGaD": 0.0066026057601595405
  },
  "n_trials": 0.0,
  "prediction": 0.00312484445531779,
  "status": 0,
  "training_prediction": 0.0166265032538843
}