{
  "compound_id": "DB01143",
  "compound_name": "Amifostine",
  "compound_percentile": 0.632352941176471,
  "disease_id": "DOID:11934",
  "disease_name": "head and neck cancer",
  "disease_percentile": 0.907672301690507,
  "metapath_contribution": {
    "CbGeAlD": 0.8408112741666485,
    "CbGpPWpGaD": 0.04802331990356061,
    "CcSEcCtD": 0.11116540592979099
  },
  "n_trials": 14.0,
  "prediction": 0.00274036717818836,
  "status": 0
}