{
  "compound_id": "DB01255",
  "compound_name": "Lisdexamfetamine",
  "compound_percentile": 0.139705882352941,
  "disease_id": "DOID:11054",
  "disease_name": "urinary bladder cancer",
  "disease_percentile": 0.20871261378413503,
  "metapath_contribution": {
    "CbGeAlD": 0.37643073941615895,
    "CcSEcCtD": 0.6052403263323778,
    "CrCbGaD": 0.018328934251463286
  },
  "n_trials": 0.0,
  "prediction": 0.0009740151228402641,
  "status": 0
}