{
  "compound_id": "DB01019",
  "compound_name": "Bethanechol",
  "compound_percentile": 0.867647058823529,
  "disease_id": "DOID:9352",
  "disease_name": "type 2 diabetes mellitus",
  "disease_percentile": 0.22561768530559198,
  "metapath_contribution": {
    "CbGpPWpGaD": 0.22135179903690372,
    "CcSEcCtD": 0.7589411562009581,
    "CrCbGaD": 0.01970704476213813
  },
  "n_trials": 1.0,
  "prediction": 0.0014794065259623199,
  "status": 0
}