{
  "compound_id": "DB00651",
  "compound_name": "Dyphylline",
  "compound_percentile": 0.19852941176470604,
  "disease_id": "DOID:11054",
  "disease_name": "urinary bladder cancer",
  "disease_percentile": 0.325097529258778,
  "metapath_contribution": {
    "CbGeAlD": 0.557593126918536,
    "CcSEcCtD": 0.4051657980726748,
    "CrCbGaD": 0.03724107500878911
  },
  "n_trials": 0.0,
  "prediction": 0.00115757726923675,
  "status": 0,
  "training_prediction": 0.00296843350505322
}