{
  "compound_id": "DB01394",
  "compound_name": "Colchicine",
  "compound_percentile": 0.6985294117647061,
  "disease_id": "DOID:4481",
  "disease_name": "allergic rhinitis",
  "disease_percentile": 0.5071521456436929,
  "metapath_contribution": {
    "CbGbCtD": 0.8122812941983005,
    "CcSEcCtD": 0.18771870580169941
  },
  "n_trials": 0.0,
  "prediction": 0.0023371498981628104,
  "status": 0,
  "training_prediction": 0.0125908932533117
}