{
  "compound_id": "DB00290",
  "compound_name": "Bleomycin",
  "compound_percentile": 0.816176470588235,
  "disease_id": "DOID:3070",
  "disease_name": "malignant glioma",
  "disease_percentile": 0.9882964889466842,
  "metapath_contribution": {
    "CbGeAlD": 0.043407831117184416,
    "CbGpPWpGaD": 0.06935092044349335,
    "CcSEcCtD": 0.06432616831096853,
    "CtDrD": 0.8229150801283537
  },
  "n_trials": 1.0,
  "prediction": 0.00606999280750502,
  "status": 0,
  "training_prediction": 0.0175504516936861
}