{
  "compound_id": "DB01261",
  "compound_name": "Sitagliptin",
  "compound_percentile": 0.389705882352941,
  "disease_id": "DOID:4989",
  "disease_name": "pancreatitis",
  "disease_percentile": 0.727568270481144,
  "metapath_contribution": {
    "CbGeAlD": 0.008943563277423057,
    "CbGpPWpGaD": 0.14130254171844833,
    "CcSEcCtD": 0.8497538950041287
  },
  "n_trials": 0.0,
  "prediction": 0.0019698875092923397,
  "status": 0,
  "training_prediction": 0.0014530043461261199
}