{
  "compound_id": "DB00869",
  "compound_name": "Dorzolamide",
  "compound_percentile": 0.632352941176471,
  "disease_id": "DOID:0060073",
  "disease_name": "lymphatic system cancer",
  "disease_percentile": 0.7951885565669699,
  "metapath_contribution": {
    "CbGbCtD": 0.20149078707938284,
    "CcSEcCtD": 0.7985092129206172
  },
  "n_trials": 0.0,
  "prediction": 0.00218042310361741,
  "status": 0,
  "training_prediction": 0.004801050836145579
}