{
  "compound_id": "DB00508",
  "compound_name": "Triflupromazine",
  "compound_percentile": 0.963235294117647,
  "disease_id": "DOID:9970",
  "disease_name": "obesity",
  "disease_percentile": 0.486345903771131,
  "metapath_contribution": {
    "CbGaD": 0.43036526984329393,
    "CbGbCtD": 0.16208204419778388,
    "CbGeAlD": 0.012370296595196286,
    "CbGpPWpGaD": 0.09525752737073537,
    "CrCbGaD": 0.004277634816258608,
    "CrCrCtD": 0.2956472271767319
  },
  "n_trials": 0.0,
  "prediction": 0.00244344856761458,
  "status": 0
}