{
  "compound_id": "DB08893",
  "compound_name": "Mirabegron",
  "compound_percentile": 0.5514705882352939,
  "disease_id": "DOID:1319",
  "disease_name": "brain cancer",
  "disease_percentile": 0.556566970091027,
  "metapath_contribution": {
    "CbGbCtD": 0.7970923076530144,
    "CcSEcCtD": 0.20028754446960248,
    "CrCbGaD": 0.0026201478773831537
  },
  "n_trials": 0.0,
  "prediction": 0.0017019855454411099,
  "status": 0
}