{
  "compound_id": "DB00345",
  "compound_name": "Aminohippurate",
  "compound_percentile": 0.602941176470588,
  "disease_id": "DOID:184",
  "disease_name": "bone cancer",
  "disease_percentile": 0.5494148244473339,
  "metapath_contribution": {
    "CbGbCtD": 0.9921097615087658,
    "CbGpPWpGaD": 0.002918041636442643,
    "CrCbGaD": 0.004972196854791612
  },
  "n_trials": 0.0,
  "prediction": 0.00163712814982737,
  "status": 0
}