{
  "compound_id": "DB00564",
  "compound_name": "Carbamazepine",
  "compound_percentile": 0.838235294117647,
  "disease_id": "DOID:1192",
  "disease_name": "peripheral nervous system neoplasm",
  "disease_percentile": 0.397919375812744,
  "metapath_contribution": {
    "CbGaD": 0.1939689371193066,
    "CbGbCtD": 0.6052449790404089,
    "CbGpPWpGaD": 0.017060543046883567,
    "CcSEcCtD": 0.18243512347256355,
    "CrCbGaD": 0.0012904173208374164
  },
  "n_trials": 0.0,
  "prediction": 0.00148103127414942,
  "status": 0,
  "training_prediction": 0.00405374556002866
}