{
  "compound_id": "DB00758",
  "compound_name": "Clopidogrel",
  "compound_percentile": 0.639705882352941,
  "disease_id": "DOID:1459",
  "disease_name": "hypothyroidism",
  "disease_percentile": 0.830299089726918,
  "metapath_contribution": {
    "CbGbCtD": 0.7114653157199956,
    "CbGeAlD": 0.08199179154491758,
    "CcSEcCtD": 0.20654289273508689
  },
  "n_trials": 0.0,
  "prediction": 0.0024534371935952697,
  "status": 0,
  "training_prediction": 0.00297735398431172
}