{
  "compound_id": "DB00599",
  "compound_name": "Thiopental",
  "compound_percentile": 0.0147058823529412,
  "disease_id": "DOID:10534",
  "disease_name": "stomach cancer",
  "disease_percentile": 0.301690507152146,
  "metapath_contribution": {
    "CbGeAlD": 0.1861629374876327,
    "CbGpPWpGaD": 0.774860185808003,
    "CrCbGaD": 0.038976876704364415
  },
  "n_trials": 0.0,
  "prediction": 0.00110535922058955,
  "status": 0
}