{
  "compound_id": "DB01116",
  "compound_name": "Trimethaphan",
  "compound_percentile": 0.786764705882353,
  "disease_id": "DOID:5041",
  "disease_name": "esophageal cancer",
  "disease_percentile": 0.456436931079324,
  "metapath_contribution": {
    "CbGbCtD": 0.8713039412051495,
    "CbGeAlD": 0.12172636479585736,
    "CrCbGaD": 0.0069696939989931945
  },
  "n_trials": 0.0,
  "prediction": 0.0013468003900961,
  "status": 0
}