{
  "compound_id": "DB01215",
  "compound_name": "Estazolam",
  "compound_percentile": 0.669117647058823,
  "disease_id": "DOID:1192",
  "disease_name": "peripheral nervous system neoplasm",
  "disease_percentile": 0.276983094928479,
  "metapath_contribution": {
    "CbGeAlD": 0.03969601147976978,
    "CcSEcCtD": 0.9588275363724397,
    "CrCbGaD": 0.0014764521477906316
  },
  "n_trials": 0.0,
  "prediction": 0.0012230497094885301,
  "status": 0
}