{
  "compound_id": "DB00437",
  "compound_name": "Allopurinol",
  "compound_percentile": 0.323529411764706,
  "disease_id": "DOID:11612",
  "disease_name": "polycystic ovary syndrome",
  "disease_percentile": 0.746423927178153,
  "metapath_contribution": {
    "CbGeAlD": 0.33060322440784756,
    "CcSEcCtD": 0.6693967755921525
  },
  "n_trials": 0.0,
  "prediction": 0.00196138231644512,
  "status": 0,
  "training_prediction": 0.0008844860747031051
}