{
  "compound_id": "DB00809",
  "compound_name": "Tropicamide",
  "compound_percentile": 0.963235294117647,
  "disease_id": "DOID:4989",
  "disease_name": "pancreatitis",
  "disease_percentile": 0.9544863459037709,
  "metapath_contribution": {
    "CbGbCtD": 0.8843623531727878,
    "CbGpPWpGaD": 0.029679323546469853,
    "CcSEcCtD": 0.08420705074457788,
    "CrCbGaD": 0.0017512725361645456
  },
  "n_trials": 0.0,
  "prediction": 0.0043691911440601,
  "status": 0
}