{
  "compound_id": "DB00543",
  "compound_name": "Amoxapine",
  "compound_percentile": 0.242647058823529,
  "disease_id": "DOID:184",
  "disease_name": "bone cancer",
  "disease_percentile": 0.29778933680103997,
  "metapath_contribution": {
    "CbGeAlD": 0.3580292054789509,
    "CbGpPWpGaD": 0.36559487763492754,
    "CcSEcCtD": 0.25537022879632,
    "CrCbGaD": 0.021005688089801532
  },
  "n_trials": 0.0,
  "prediction": 0.0011356994565478401,
  "status": 0
}