{
  "compound_id": "DB04946",
  "compound_name": "Iloperidone",
  "compound_percentile": 0.845588235294118,
  "disease_id": "DOID:1781",
  "disease_name": "thyroid cancer",
  "disease_percentile": 0.948634590377113,
  "metapath_contribution": {
    "CbGbCtD": 0.17187525476362692,
    "CbGpPWpGaD": 0.021607101666874712,
    "CcSEcCtD": 0.09278438904284486,
    "CrCrCtD": 0.7137332545266535
  },
  "n_trials": 0.0,
  "prediction": 0.00336921988767225,
  "status": 0
}