{
  "compound_id": "DB00503",
  "compound_name": "Ritonavir",
  "compound_percentile": 0.772058823529412,
  "disease_id": "DOID:8577",
  "disease_name": "ulcerative colitis",
  "disease_percentile": 0.552665799739922,
  "metapath_contribution": {
    "CbGaD": 0.1668817244097359,
    "CbGbCtD": 0.6170703743764901,
    "CbGeAlD": 0.020487097999740543,
    "CbGpPWpGaD": 0.013785310067321647,
    "CcSEcCtD": 0.1795222591730345,
    "CrCbGaD": 0.002253233973677391
  },
  "n_trials": 0.0,
  "prediction": 0.00226625334678303,
  "status": 0,
  "training_prediction": 0.007731235253510109
}