{
  "compound_id": "DB00914",
  "compound_name": "Phenformin",
  "compound_percentile": 0.75,
  "disease_id": "DOID:3083",
  "disease_name": "chronic obstructive pulmonary disease",
  "disease_percentile": 0.293888166449935,
  "metapath_contribution": {
    "CbGbCtD": 0.8445247500228384,
    "CbGeAlD": 0.11008907001226387,
    "CbGpPWpGaD": 0.029559408741922796,
    "CrCbGaD": 0.015826771222974826
  },
  "n_trials": 0.0,
  "prediction": 0.00157881899775764,
  "status": 0
}