{
  "compound_id": "DB08877",
  "compound_name": "Ruxolitinib",
  "compound_percentile": 0.20588235294117604,
  "disease_id": "DOID:2394",
  "disease_name": "ovarian cancer",
  "disease_percentile": 0.544863459037711,
  "metapath_contribution": {
    "CbGdCrCtD": 0.010561207968779792,
    "CbGeAlD": 0.3054663114327253,
    "CbGpPWpGaD": 0.46345881518508336,
    "CcSEcCtD": 0.22051366541341152
  },
  "n_trials": 0.0,
  "prediction": 0.00158004626952321,
  "status": 0,
  "training_prediction": 0.00376520662579331
}