{
  "compound_id": "DB00694",
  "compound_name": "Daunorubicin",
  "compound_percentile": 0.588235294117647,
  "disease_id": "DOID:585",
  "disease_name": "nephrolithiasis",
  "disease_percentile": 0.0656697009102731,
  "metapath_contribution": {
    "CbGeAlD": 0.36400367942154865,
    "CbGpPWpGaD": 0.24066652849025466,
    "CcSEcCtD": 0.3953297920881966
  },
  "n_trials": 0.0,
  "prediction": 0.000941174165346718,
  "status": 0,
  "training_prediction": 0.000424184763039601
}