{
  "compound_id": "DB00790",
  "compound_name": "Perindopril",
  "compound_percentile": 0.419117647058824,
  "disease_id": "DOID:4989",
  "disease_name": "pancreatitis",
  "disease_percentile": 0.472041612483745,
  "metapath_contribution": {
    "CbGpPWpGaD": 0.17408452563808488,
    "CcSEcCtD": 0.825915474361915
  },
  "n_trials": 0.0,
  "prediction": 0.0014137795281641199,
  "status": 0,
  "training_prediction": 0.0017354080133459
}