{
  "compound_id": "DB00470",
  "compound_name": "Dronabinol",
  "compound_percentile": 0.463235294117647,
  "disease_id": "DOID:12930",
  "disease_name": "dilated cardiomyopathy",
  "disease_percentile": 0.6898569570871259,
  "metapath_contribution": {
    "CbGbCtD": 0.5054156368899293,
    "CbGeAlD": 0.05917872611299326,
    "CbGpPWpGaD": 0.14938383500740834,
    "CcSEcCtD": 0.2860218019896692
  },
  "n_trials": 0.0,
  "prediction": 0.0020808491561340303,
  "status": 0
}