{
  "compound_id": "DB01463",
  "compound_name": "Fencamfamine",
  "compound_percentile": 0.977941176470588,
  "disease_id": "DOID:1094",
  "disease_name": "attention deficit hyperactivity disorder",
  "disease_percentile": 0.9505851755526659,
  "metapath_contribution": {
    "CbGaD": 0.947944128981785,
    "CbGpPWpGaD": 0.04498684454941673,
    "CrCbGaD": 0.0070690264687982935
  },
  "n_trials": 0.0,
  "prediction": 0.00362179659651246,
  "status": 0
}