{
  "compound_id": "DB01435",
  "compound_name": "Antipyrine",
  "compound_percentile": 0.3529411764705879,
  "disease_id": "DOID:3312",
  "disease_name": "bipolar disorder",
  "disease_percentile": 0.518855656697009,
  "metapath_contribution": {
    "CbGeAlD": 0.4742488610640159,
    "CbGpPWpGaD": 0.5086344818432561,
    "CrCbGaD": 0.017116657092727982
  },
  "n_trials": 0.0,
  "prediction": 0.0014572989510109099,
  "status": 0
}