{
  "compound_id": "DB01420",
  "compound_name": "Testosterone Propionate",
  "compound_percentile": 0.49264705882352894,
  "disease_id": "DOID:1192",
  "disease_name": "peripheral nervous system neoplasm",
  "disease_percentile": 0.0858257477243173,
  "metapath_contribution": {
    "CbGbCtD": 0.1271755735732249,
    "CbGpPWpGaD": 0.13584132733735266,
    "CcSEcCtD": 0.7313552724509469,
    "CrCbGaD": 0.005627826638475603
  },
  "n_trials": 0.0,
  "prediction": 0.000835157462429292,
  "status": 0
}