{
  "compound_id": "DB00428",
  "compound_name": "Streptozocin",
  "compound_percentile": 0.683823529411765,
  "disease_id": "DOID:2377",
  "disease_name": "multiple sclerosis",
  "disease_percentile": 0.41157347204161204,
  "metapath_contribution": {
    "CbGbCtD": 0.7590906045288197,
    "CbGpPWpGaD": 0.05963711562344285,
    "CcSEcCtD": 0.16952014754663425,
    "CrCbGaD": 0.011752132301103248
  },
  "n_trials": 0.0,
  "prediction": 0.00164992608853908,
  "status": 0
}