{
  "compound_id": "DB00869",
  "compound_name": "Dorzolamide",
  "compound_percentile": 0.5367647058823529,
  "disease_id": "DOID:2043",
  "disease_name": "hepatitis B",
  "disease_percentile": 0.684655396618986,
  "metapath_contribution": {
    "CbGeAlD": 0.2158506921670564,
    "CcSEcCtD": 0.7841493078329436
  },
  "n_trials": 0.0,
  "prediction": 0.0019594036713794,
  "status": 0,
  "training_prediction": 0.0023780740667430603
}