{
  "compound_id": "DB01242",
  "compound_name": "Clomipramine",
  "compound_percentile": 0.0147058823529412,
  "disease_id": "DOID:11612",
  "disease_name": "polycystic ovary syndrome",
  "disease_percentile": 0.0461638491547464,
  "metapath_contribution": {
    "CbGeAlD": 0.24057298798921803,
    "CbGpPWpGaD": 0.6466607596842068,
    "CcSEcCtD": 0.07661110750676148,
    "CrCbGaD": 0.03615514481981353
  },
  "n_trials": 0.0,
  "prediction": 0.0006245184343112559,
  "status": 0
}