{
  "compound_id": "DB01268",
  "compound_name": "Sunitinib",
  "compound_percentile": 0.463235294117647,
  "disease_id": "DOID:9296",
  "disease_name": "cleft lip",
  "disease_percentile": 0.9765929778933679,
  "metapath_contribution": {
    "CbGaD": 0.6730981483201447,
    "CbGeAlD": 0.10320667061622397,
    "CbGpPWpGaD": 0.2236951810636313
  },
  "n_trials": 0.0,
  "prediction": 0.00225110236703123,
  "status": 0
}