{
  "compound_id": "DB01171",
  "compound_name": "Moclobemide",
  "compound_percentile": 0.933823529411765,
  "disease_id": "DOID:8577",
  "disease_name": "ulcerative colitis",
  "disease_percentile": 0.8348504551365409,
  "metapath_contribution": {
    "CbGbCtD": 0.4401289396565465,
    "CcSEcCtD": 0.10119819486080499,
    "CrCbGaD": 0.0027039277437418564,
    "CrCrCtD": 0.45596893773890673
  },
  "n_trials": 0.0,
  "prediction": 0.00411919514306553,
  "status": 0
}