{
  "compound_id": "DB01014",
  "compound_name": "Balsalazide",
  "compound_percentile": 0.617647058823529,
  "disease_id": "DOID:11612",
  "disease_name": "polycystic ovary syndrome",
  "disease_percentile": 0.511053315994798,
  "metapath_contribution": {
    "CbGaD": 0.8318603565429294,
    "CbGeAlD": 0.05309467911556157,
    "CbGpPWpGaD": 0.11007568587234491,
    "CrCbGaD": 0.0049692784691639635
  },
  "n_trials": 0.0,
  "prediction": 0.00143117149315684,
  "status": 0,
  "training_prediction": 0.00107641512265495
}