{
  "compound_id": "DB00704",
  "compound_name": "Naltrexone",
  "compound_percentile": 0.632352941176471,
  "disease_id": "DOID:7147",
  "disease_name": "ankylosing spondylitis",
  "disease_percentile": 0.44148244473342,
  "metapath_contribution": {
    "CbGbCtD": 0.5831099510857642,
    "CcSEcCtD": 0.4001165517581757,
    "CrCbGaD": 0.01677349715606013
  },
  "n_trials": 0.0,
  "prediction": 0.00154190303525768,
  "status": 0,
  "training_prediction": 0.0031110865837216603
}