{
  "compound_id": "DB00619",
  "compound_name": "Imatinib",
  "compound_percentile": 0.411764705882353,
  "disease_id": "DOID:11612",
  "disease_name": "polycystic ovary syndrome",
  "disease_percentile": 0.457737321196359,
  "metapath_contribution": {
    "CbGbCtD": 0.5175304030133264,
    "CbGeAlD": 0.14417383490371863,
    "CbGpPWpGaD": 0.19919395659969596,
    "CcSEcCtD": 0.13910180548325896
  },
  "n_trials": 0.0,
  "prediction": 0.00132789939934909,
  "status": 0,
  "training_prediction": 0.000598608107795363
}