{
  "compound_id": "DB00679",
  "compound_name": "Thioridazine",
  "compound_percentile": 0.933823529411765,
  "disease_id": "DOID:635",
  "disease_name": "acquired immunodeficiency syndrome",
  "disease_percentile": 0.459037711313394,
  "metapath_contribution": {
    "CbGbCtD": 0.7492660481157938,
    "CbGeAlD": 0.058046033820862396,
    "CbGpPWpGaD": 0.03591794680318142,
    "CcSEcCtD": 0.15622448803208477,
    "CrCbGaD": 0.0005454832280777319
  },
  "n_trials": 0.0,
  "prediction": 0.00229905817655258,
  "status": 0
}