{
  "compound_id": "DB00554",
  "compound_name": "Piroxicam",
  "compound_percentile": 0.852941176470588,
  "disease_id": "DOID:3310",
  "disease_name": "atopic dermatitis",
  "disease_percentile": 0.7542262678803641,
  "metapath_contribution": {
    "CbGbCtD": 0.40705140002650764,
    "CbGdCrCtD": 0.0038576447311204657,
    "CpDpCtD": 0.5890909552423719
  },
  "n_trials": 0.0,
  "prediction": 0.00308282364213413,
  "status": 0
}