{
  "compound_id": "DB00491",
  "compound_name": "Miglitol",
  "compound_percentile": 0.0294117647058824,
  "disease_id": "DOID:263",
  "disease_name": "kidney cancer",
  "disease_percentile": 0.41027308192457707,
  "metapath_contribution": {
    "CbGeAlD": 0.397949648771815,
    "CbGpPWpGaD": 0.1865716138174413,
    "CcSEcCtD": 0.41547873741074365
  },
  "n_trials": 0.0,
  "prediction": 0.00153805222366091,
  "status": 0,
  "training_prediction": 0.00447633462638261
}