{
  "compound_id": "DB00783",
  "compound_name": "Estradiol",
  "compound_percentile": 0.227941176470588,
  "disease_id": "DOID:1595",
  "disease_name": "endogenous depression",
  "disease_percentile": 0.00455136540962289,
  "metapath_contribution": {
    "CbGeAlD": 0.537301963544967,
    "CbGpPWpGaD": 0.4552313084616379,
    "CrCbGaD": 0.007466727993395274
  },
  "n_trials": 6.0,
  "prediction": 0.000671427622968367,
  "status": 0
}