{
  "compound_id": "DB00273",
  "compound_name": "Topiramate",
  "compound_percentile": 0.15441176470588197,
  "disease_id": "DOID:4989",
  "disease_name": "pancreatitis",
  "disease_percentile": 0.5858257477243171,
  "metapath_contribution": {
    "CbGeAlD": 0.05819099206475069,
    "CbGpPWpGaD": 0.14975626158335237,
    "CcSEcCtD": 0.7920527463518969
  },
  "n_trials": 0.0,
  "prediction": 0.00163503387840153,
  "status": 0,
  "training_prediction": 0.00273662300952351
}