{
  "compound_id": "DB08976",
  "compound_name": "Floctafenine",
  "compound_percentile": 0.963235294117647,
  "disease_id": "DOID:8778",
  "disease_name": "Crohn's disease",
  "disease_percentile": 0.9245773732119641,
  "metapath_contribution": {
    "CbGaD": 0.35810576841989616,
    "CbGbCtD": 0.6354215901203217,
    "CbGpPWpGaD": 0.004750003301985974,
    "CrCbGaD": 0.0017226381577961027
  },
  "n_trials": 0.0,
  "prediction": 0.00458846522456563,
  "status": 0
}