{
  "compound_id": "DB00996",
  "compound_name": "Gabapentin",
  "compound_percentile": 0.8308823529411771,
  "disease_id": "DOID:1781",
  "disease_name": "thyroid cancer",
  "disease_percentile": 0.656697009102731,
  "metapath_contribution": {
    "CbGeAlD": 0.14681118735374915,
    "CbGpPWpGaD": 0.041424971649724085,
    "CcSEcCtD": 0.8117638409965268
  },
  "n_trials": 0.0,
  "prediction": 0.0018764524345006302,
  "status": 0,
  "training_prediction": 0.0037927597947765603
}