{
  "compound_id": "DB06288",
  "compound_name": "Amisulpride",
  "compound_percentile": 0.257352941176471,
  "disease_id": "DOID:10283",
  "disease_name": "prostate cancer",
  "disease_percentile": 0.24122236671001301,
  "metapath_contribution": {
    "CbGeAlD": 0.0871640558284161,
    "CbGpPWpGaD": 0.16616305065896442,
    "CcSEcCtD": 0.7436181186183857,
    "CrCbGaD": 0.003054774894233907
  },
  "n_trials": 0.0,
  "prediction": 0.0013243746549196302,
  "status": 0
}