{
  "compound_id": "DB00779",
  "compound_name": "Nalidixic Acid",
  "compound_percentile": 0.330882352941176,
  "disease_id": "DOID:3070",
  "disease_name": "malignant glioma",
  "disease_percentile": 0.524707412223667,
  "metapath_contribution": {
    "CbGpPWpGaD": 0.10466037881944713,
    "CcSEcCtD": 0.6869881741931504,
    "CrCbGaD": 0.20835144698740252
  },
  "n_trials": 0.0,
  "prediction": 0.0014342089155832,
  "status": 0
}