{
  "compound_id": "DB00391",
  "compound_name": "Sulpiride",
  "compound_percentile": 0.933823529411765,
  "disease_id": "DOID:0050742",
  "disease_name": "nicotine dependence",
  "disease_percentile": 0.942132639791938,
  "metapath_contribution": {
    "CbGaD": 0.8807874963909738,
    "CbGeAlD": 0.04919563184452228,
    "CbGpPWpGaD": 0.060387536395529066,
    "CrCbGaD": 0.009629335368974765
  },
  "n_trials": 0.0,
  "prediction": 0.00304432944764556,
  "status": 0
}