{
  "compound_id": "DB00128",
  "compound_name": "L-Aspartic Acid",
  "compound_percentile": 0.0367647058823529,
  "disease_id": "DOID:1909",
  "disease_name": "melanoma",
  "disease_percentile": 0.27438231469440805,
  "metapath_contribution": {
    "CbGeAlD": 0.46726996216291,
    "CbGpPWpGaD": 0.5169892922030075,
    "CrCbGaD": 0.01574074563408255
  },
  "n_trials": 0.0,
  "prediction": 0.00101089297640196,
  "status": 0
}