{
  "compound_id": "DB00842",
  "compound_name": "Oxazepam",
  "compound_percentile": 0.897058823529412,
  "disease_id": "DOID:1936",
  "disease_name": "atherosclerosis",
  "disease_percentile": 0.612483745123537,
  "metapath_contribution": {
    "CbGbCtD": 0.8382313731513465,
    "CbGpPWpGaD": 0.07050182787631595,
    "CcSEcCtD": 0.09029077114987485,
    "CrCbGaD": 0.0009760278224626658
  },
  "n_trials": 0.0,
  "prediction": 0.0021633577968423697,
  "status": 0
}