{
  "compound_id": "DB01074",
  "compound_name": "Perhexiline",
  "compound_percentile": 0.757352941176471,
  "disease_id": "DOID:1115",
  "disease_name": "sarcoma",
  "disease_percentile": 0.9349804941482439,
  "metapath_contribution": {
    "CbGbCtD": 0.7699160531025708,
    "CbGeAlD": 0.08484900285573198,
    "CcSEcCtD": 0.14523494404169726
  },
  "n_trials": 0.0,
  "prediction": 0.00329293562132584,
  "status": 0
}