{
  "compound_id": "DB00927",
  "compound_name": "Famotidine",
  "compound_percentile": 0.786764705882353,
  "disease_id": "DOID:10652",
  "disease_name": "Alzheimer's disease",
  "disease_percentile": 0.7581274382314691,
  "metapath_contribution": {
    "CbGbCtD": 0.6252616778702744,
    "CbGeAlD": 0.03901407967426408,
    "CbGpPWpGaD": 0.049773766935643615,
    "CcSEcCtD": 0.2859504755198179
  },
  "n_trials": 0.0,
  "prediction": 0.00285628878889583,
  "status": 0
}