{
  "compound_id": "DB08918",
  "compound_name": "Levomilnacipran",
  "compound_percentile": 0.838235294117647,
  "disease_id": "DOID:8577",
  "disease_name": "ulcerative colitis",
  "disease_percentile": 0.6573472041612479,
  "metapath_contribution": {
    "CbGaD": 0.24876099336527832,
    "CbGbCtD": 0.639349874604243,
    "CcSEcCtD": 0.11188913203047862
  },
  "n_trials": 0.0,
  "prediction": 0.00258257821924363,
  "status": 0
}