{
  "compound_id": "DB04573",
  "compound_name": "Estriol",
  "compound_percentile": 0.5367647058823529,
  "disease_id": "DOID:2043",
  "disease_name": "hepatitis B",
  "disease_percentile": 0.325097529258778,
  "metapath_contribution": {
    "CbGeAlD": 0.14695000249238638,
    "CbGpPWpGaD": 0.17555521869252758,
    "CcSEcCtD": 0.6747694841803906,
    "CrCbGaD": 0.0027252946346955445
  },
  "n_trials": 0.0,
  "prediction": 0.0012452466863042198,
  "status": 0
}