{
  "compound_id": "DB06589",
  "compound_name": "Pazopanib",
  "compound_percentile": 0.654411764705882,
  "disease_id": "DOID:13223",
  "disease_name": "uterine fibroid",
  "disease_percentile": 0.981794538361508,
  "metapath_contribution": {
    "CbGeAlD": 0.12919656504991914,
    "CbGpPWpGaD": 0.07288948940044655,
    "CtDrD": 0.7979139455496344
  },
  "n_trials": 0.0,
  "prediction": 0.00299907257478831,
  "status": 0
}