{
  "compound_id": "DB01359",
  "compound_name": "Penbutolol",
  "compound_percentile": 0.669117647058823,
  "disease_id": "DOID:2377",
  "disease_name": "multiple sclerosis",
  "disease_percentile": 0.245123537061118,
  "metapath_contribution": {
    "CbGeAlD": 0.4902511545893104,
    "CbGpPWpGaD": 0.09476505055393177,
    "CcSEcCtD": 0.4149837948567578
  },
  "n_trials": 0.0,
  "prediction": 0.00131374125351566,
  "status": 0,
  "training_prediction": 0.00560497676174573
}