{
  "compound_id": "DB00734",
  "compound_name": "Risperidone",
  "compound_percentile": 0.852941176470588,
  "disease_id": "DOID:2841",
  "disease_name": "asthma",
  "disease_percentile": 0.6788036410923279,
  "metapath_contribution": {
    "CbGbCtD": 0.5563546772458778,
    "CbGeAlD": 0.042044469968883495,
    "CbGpPWpGaD": 0.14179849662842692,
    "CcSEcCtD": 0.2598023561568117
  },
  "n_trials": 0.0,
  "prediction": 0.00347689716140317,
  "status": 0
}