{
  "compound_id": "DB00675",
  "compound_name": "Tamoxifen",
  "compound_percentile": 0.75,
  "disease_id": "DOID:12365",
  "disease_name": "malaria",
  "disease_percentile": 0.7009102730819251,
  "metapath_contribution": {
    "CbGbCtD": 0.7506115502896625,
    "CbGeAlD": 0.08614079028824308,
    "CbGpPWpGaD": 0.029344462824672554,
    "CcSEcCtD": 0.1339031965974218
  },
  "n_trials": 0.0,
  "prediction": 0.00275876403457599,
  "status": 0,
  "training_prediction": 0.0117146894036463
}