{
  "compound_id": "DB01105",
  "compound_name": "Sibutramine",
  "compound_percentile": 0.9191176470588229,
  "disease_id": "DOID:3312",
  "disease_name": "bipolar disorder",
  "disease_percentile": 0.977243172951886,
  "metapath_contribution": {
    "CbGaD": 0.8901723599444888,
    "CbGeAlD": 0.05134363737058175,
    "CbGpPWpGaD": 0.058484002684929384
  },
  "n_trials": 0.0,
  "prediction": 0.0039207442172645894,
  "status": 0
}