{
  "compound_id": "DB06335",
  "compound_name": "Saxagliptin",
  "compound_percentile": 0.8308823529411771,
  "disease_id": "DOID:363",
  "disease_name": "uterine cancer",
  "disease_percentile": 0.8816644993498051,
  "metapath_contribution": {
    "CbGbCtD": 0.7732311295478832,
    "CbGeAlD": 0.11602359564858893,
    "CcSEcCtD": 0.11074527480352796
  },
  "n_trials": 0.0,
  "prediction": 0.00334023410007052,
  "status": 0
}