{
  "compound_id": "DB00775",
  "compound_name": "Tirofiban",
  "compound_percentile": 0.661764705882353,
  "disease_id": "DOID:4159",
  "disease_name": "skin cancer",
  "disease_percentile": 0.750325097529259,
  "metapath_contribution": {
    "CbGeAlD": 0.6350789313815104,
    "CbGpPWpGaD": 0.1518166261148836,
    "CcSEcCtD": 0.213104442503606
  },
  "n_trials": 0.0,
  "prediction": 0.00238583703326172,
  "status": 0,
  "training_prediction": 0.0052520501352239
}