{
  "compound_id": "DB01087",
  "compound_name": "Primaquine",
  "compound_percentile": 0.992647058823529,
  "disease_id": "DOID:4159",
  "disease_name": "skin cancer",
  "disease_percentile": 0.960988296488947,
  "metapath_contribution": {
    "CbGaD": 0.6217658198105861,
    "CbGbCtD": 0.3081524983877532,
    "CbGdCrCtD": 0.002891393501853493,
    "CbGeAlD": 0.061386895346188956,
    "CrCbGaD": 0.005803392953618267
  },
  "n_trials": 0.0,
  "prediction": 0.0060482562738801,
  "status": 0
}