{
  "compound_id": "DB00831",
  "compound_name": "Trifluoperazine",
  "compound_percentile": 0.632352941176471,
  "disease_id": "DOID:585",
  "disease_name": "nephrolithiasis",
  "disease_percentile": 0.0500650195058518,
  "metapath_contribution": {
    "CbGeAlD": 0.28634726159658247,
    "CbGpPWpGaD": 0.45220698753894967,
    "CcSEcCtD": 0.2298221763083256,
    "CrCbGaD": 0.03162357455614218
  },
  "n_trials": 0.0,
  "prediction": 0.0009082718211048359,
  "status": 0
}