{
  "compound_id": "DB01616",
  "compound_name": "Alverine",
  "compound_percentile": 0.9191176470588229,
  "disease_id": "DOID:14330",
  "disease_name": "Parkinson's disease",
  "disease_percentile": 0.698309492847854,
  "metapath_contribution": {
    "CbGaD": 0.9697464210170309,
    "CbGeAlD": 0.013048875661629331,
    "CbGpPWpGaD": 0.011862842107643285,
    "CrCbGaD": 0.005341861213696388
  },
  "n_trials": 0.0,
  "prediction": 0.0018351648793887199,
  "status": 0
}