{
  "compound_id": "DB00586",
  "compound_name": "Diclofenac",
  "compound_percentile": 0.507352941176471,
  "disease_id": "DOID:13241",
  "disease_name": "Behcet's disease",
  "disease_percentile": 0.64889466840052,
  "metapath_contribution": {
    "CbGaD": 0.8574194668450796,
    "CbGeAlD": 0.09153715803944999,
    "CbGpPWpGaD": 0.051043375115470406
  },
  "n_trials": 0.0,
  "prediction": 0.00148261046857656,
  "status": 0
}