{
  "compound_id": "DB01132",
  "compound_name": "Pioglitazone",
  "compound_percentile": 0.632352941176471,
  "disease_id": "DOID:2994",
  "disease_name": "germ cell cancer",
  "disease_percentile": 0.559167750325098,
  "metapath_contribution": {
    "CbGbCtD": 0.7840053150223488,
    "CbGdCrCtD": 0.004756752205278399,
    "CbGeAlD": 0.0655238792998026,
    "CcSEcCtD": 0.14571405347257013
  },
  "n_trials": 0.0,
  "prediction": 0.00173048587522258,
  "status": 0,
  "training_prediction": 0.00316087830618728
}