{
  "compound_id": "DB00284",
  "compound_name": "Acarbose",
  "compound_percentile": 0.3529411764705879,
  "disease_id": "DOID:8577",
  "disease_name": "ulcerative colitis",
  "disease_percentile": 0.235370611183355,
  "metapath_contribution": {
    "CbGdCrCtD": 0.029427750831559157,
    "CbGeAlD": 0.23308785835278398,
    "CbGpPWpGaD": 0.3018758815919438,
    "CcSEcCtD": 0.4356085092237131
  },
  "n_trials": 0.0,
  "prediction": 0.00139898750080213,
  "status": 0,
  "training_prediction": 0.00478261648889805
}