{
  "compound_id": "DB00837",
  "compound_name": "Progabide",
  "compound_percentile": 0.941176470588235,
  "disease_id": "DOID:9352",
  "disease_name": "type 2 diabetes mellitus",
  "disease_percentile": 0.649544863459038,
  "metapath_contribution": {
    "CbGpPWpGaD": 0.10138037892978861,
    "CrCbGaD": 0.008143541069513848,
    "CrCrCtD": 0.8904760800006976
  },
  "n_trials": 0.0,
  "prediction": 0.00336757838436266,
  "status": 0
}