{
  "compound_id": "DB08896",
  "compound_name": "Regorafenib",
  "compound_percentile": 0.426470588235294,
  "disease_id": "DOID:3953",
  "disease_name": "adrenal gland cancer",
  "disease_percentile": 0.442132639791938,
  "metapath_contribution": {
    "CbGaD": 0.7389544182549629,
    "CbGeAlD": 0.08036535819349991,
    "CbGpPWpGaD": 0.17544525902250624,
    "CrCbGaD": 0.005234964529030963
  },
  "n_trials": 0.0,
  "prediction": 0.00120875850604114,
  "status": 0
}