{
  "compound_id": "DB01244",
  "compound_name": "Bepridil",
  "compound_percentile": 0.301470588235294,
  "disease_id": "DOID:4989",
  "disease_name": "pancreatitis",
  "disease_percentile": 0.328348504551365,
  "metapath_contribution": {
    "CbGeAlD": 0.18521652103209227,
    "CbGpPWpGaD": 0.4613875416643458,
    "CcSEcCtD": 0.35339593730356195
  },
  "n_trials": 0.0,
  "prediction": 0.00120256806928957,
  "status": 0,
  "training_prediction": 0.000886844651410374
}