{
  "compound_id": "DB01559",
  "compound_name": "Clotiazepam",
  "compound_percentile": 0.852941176470588,
  "disease_id": "DOID:2841",
  "disease_name": "asthma",
  "disease_percentile": 0.362808842652796,
  "metapath_contribution": {
    "CbGbCtD": 0.9124859470418111,
    "CbGpPWpGaD": 0.07445987485873684,
    "CrCbGaD": 0.013054178099452076
  },
  "n_trials": 0.0,
  "prediction": 0.00197065415355165,
  "status": 0
}