{
  "compound_id": "DB00175",
  "compound_name": "Pravastatin",
  "compound_percentile": 0.308823529411765,
  "disease_id": "DOID:5419",
  "disease_name": "schizophrenia",
  "disease_percentile": 0.276332899869961,
  "metapath_contribution": {
    "CbGaD": 0.6924931836752575,
    "CbGeAlD": 0.11692564918312158,
    "CbGpPWpGaD": 0.1843797514278624,
    "CrCbGaD": 0.006201415713758481
  },
  "n_trials": 2.0,
  "prediction": 0.00112365878578395,
  "status": 0
}