{
  "compound_id": "DB00602",
  "compound_name": "Ivermectin",
  "compound_percentile": 0.897058823529412,
  "disease_id": "DOID:5041",
  "disease_name": "esophageal cancer",
  "disease_percentile": 0.9778933680104029,
  "metapath_contribution": {
    "CbGaD": 0.514535748728456,
    "CbGbCtD": 0.37599511182450684,
    "CbGpPWpGaD": 0.0863573262792007,
    "CcSEcCtD": 0.023111813167836517
  },
  "n_trials": 0.0,
  "prediction": 0.0057313789135836,
  "status": 0
}