{
  "compound_id": "DB01294",
  "compound_name": "Bismuth Subsalicylate",
  "compound_percentile": 0.727941176470588,
  "disease_id": "DOID:184",
  "disease_name": "bone cancer",
  "disease_percentile": 0.9356306892067621,
  "metapath_contribution": {
    "CbGaD": 0.7200845285975549,
    "CbGbCtD": 0.11048088521090595,
    "CbGeAlD": 0.0283147242503887,
    "CbGpPWpGaD": 0.02758880684340413,
    "CcSEcCtD": 0.11353105509774632
  },
  "n_trials": 0.0,
  "prediction": 0.00378157944027119,
  "status": 0
}