{
  "compound_id": "DB00191",
  "compound_name": "Phentermine",
  "compound_percentile": 0.897058823529412,
  "disease_id": "DOID:1595",
  "disease_name": "endogenous depression",
  "disease_percentile": 0.8751625487646291,
  "metapath_contribution": {
    "CbGaD": 0.8356830480160709,
    "CbGeAlD": 0.06513442646464956,
    "CbGpPWpGaD": 0.09309960748234525,
    "CrCbGaD": 0.006082918036934369
  },
  "n_trials": 0.0,
  "prediction": 0.00240952013927385,
  "status": 0
}