{
  "compound_id": "DB01440",
  "compound_name": "Gamma Hydroxybutyric Acid",
  "compound_percentile": 0.617647058823529,
  "disease_id": "DOID:1319",
  "disease_name": "brain cancer",
  "disease_percentile": 0.7997399219765929,
  "metapath_contribution": {
    "CbGeAlD": 0.3586920715094979,
    "CbGpPWpGaD": 0.05492781481408419,
    "CcSEcCtD": 0.5863801136764181
  },
  "n_trials": 0.0,
  "prediction": 0.0024378005756804898,
  "status": 0
}