{
  "compound_id": "DB00784",
  "compound_name": "Mefenamic acid",
  "compound_percentile": 0.926470588235294,
  "disease_id": "DOID:1826",
  "disease_name": "epilepsy syndrome",
  "disease_percentile": 0.503250975292588,
  "metapath_contribution": {
    "CbGaD": 0.11034083905667379,
    "CbGbCtD": 0.3219068893839921,
    "CbGpPWpGaD": 0.06305320982790817,
    "CcSEcCtD": 0.16769411046883162,
    "CrCbGaD": 0.0040513678422507875,
    "CrCrCtD": 0.3329535834203435
  },
  "n_trials": 0.0,
  "prediction": 0.0034154284057273,
  "status": 0
}