{
  "compound_id": "DB01395",
  "compound_name": "Drospirenone",
  "compound_percentile": 0.3970588235294121,
  "disease_id": "DOID:2994",
  "disease_name": "germ cell cancer",
  "disease_percentile": 0.099479843953186,
  "metapath_contribution": {
    "CbGbCtD": 0.5873474360725363,
    "CbGeAlD": 0.17006095244385439,
    "CbGpPWpGaD": 0.20800906814288844,
    "CcSEcCtD": 0.03183518578764629,
    "CrCbGaD": 0.00274735755307475
  },
  "n_trials": 0.0,
  "prediction": 0.000880284046622315,
  "status": 0
}