{
  "compound_id": "DB00563",
  "compound_name": "Methotrexate",
  "compound_percentile": 0.257352941176471,
  "disease_id": "DOID:4481",
  "disease_name": "allergic rhinitis",
  "disease_percentile": 0.45253576072821794,
  "metapath_contribution": {
    "CbGbCtD": 0.45260999541518826,
    "CbGdCrCtD": 0.007339040851351717,
    "CbGeAlD": 0.1384684707542756,
    "CcSEcCtD": 0.4015824929791843
  },
  "n_trials": 0.0,
  "prediction": 0.00218655662275947,
  "status": 0,
  "training_prediction": 0.0784296610125953
}