{
  "compound_id": "DB00559",
  "compound_name": "Bosentan",
  "compound_percentile": 0.7647058823529409,
  "disease_id": "DOID:8577",
  "disease_name": "ulcerative colitis",
  "disease_percentile": 0.808192457737321,
  "metapath_contribution": {
    "CbGbCtD": 0.5040282309063512,
    "CbGeAlD": 0.09014899907785587,
    "CbGpPWpGaD": 0.10221393081222108,
    "CcSEcCtD": 0.30360883920357207
  },
  "n_trials": 0.0,
  "prediction": 0.0036695772030826295,
  "status": 0
}