{
  "compound_id": "DB00444",
  "compound_name": "Teniposide",
  "compound_percentile": 0.926470588235294,
  "disease_id": "DOID:11054",
  "disease_name": "urinary bladder cancer",
  "disease_percentile": 0.991547464239272,
  "metapath_contribution": {
    "CbGbCtD": 0.15481066680589683,
    "CbGdCrCtD": 0.000967720114813074,
    "CbGeAlD": 0.01049985665237205,
    "CbGpPWpGaD": 0.023361083200312997,
    "CcSEcCtD": 0.03033752383594753,
    "CiPCiCtD": 0.33413198513791564,
    "CrCbGaD": 0.0009613896085500016,
    "CrCrCtD": 0.16109048853902427,
    "CrCtD": 0.28383928610516757
  },
  "n_trials": 0.0,
  "prediction": 0.0441085321169334,
  "status": 0,
  "training_prediction": 0.21224507078990001
}