{
  "compound_id": "DB00746",
  "compound_name": "Deferoxamine",
  "compound_percentile": 0.992647058823529,
  "disease_id": "DOID:8577",
  "disease_name": "ulcerative colitis",
  "disease_percentile": 0.938231469440832,
  "metapath_contribution": {
    "CbGbCtD": 0.38591019383438174,
    "CcSEcCtD": 0.07670947432598976,
    "CpDpCtD": 0.5373803318396284
  },
  "n_trials": 0.0,
  "prediction": 0.00906573712075106,
  "status": 0
}