{
  "compound_id": "DB00471",
  "compound_name": "Montelukast",
  "compound_percentile": 0.8602941176470591,
  "disease_id": "DOID:10534",
  "disease_name": "stomach cancer",
  "disease_percentile": 0.952535760728218,
  "metapath_contribution": {
    "CbGaD": 0.6844599533358435,
    "CbGbCtD": 0.13263692357947976,
    "CbGeAlD": 0.03727733546735629,
    "CbGpPWpGaD": 0.04370982154525107,
    "CcSEcCtD": 0.10191596607206928
  },
  "n_trials": 0.0,
  "prediction": 0.00524228895975886,
  "status": 0,
  "training_prediction": 0.0257616434266916
}