{
  "compound_id": "DB01098",
  "compound_name": "Rosuvastatin",
  "compound_percentile": 0.933823529411765,
  "disease_id": "DOID:13378",
  "disease_name": "Kawasaki disease",
  "disease_percentile": 0.953185955786736,
  "metapath_contribution": {
    "CbGbCtD": 0.166792769257746,
    "CtDrD": 0.8332072307422541
  },
  "n_trials": 0.0,
  "prediction": 0.00381334134422645,
  "status": 0,
  "training_prediction": 0.00286979374596682
}