{
  "compound_id": "DB00280",
  "compound_name": "Disopyramide",
  "compound_percentile": 0.632352941176471,
  "disease_id": "DOID:1936",
  "disease_name": "atherosclerosis",
  "disease_percentile": 0.41222366710013003,
  "metapath_contribution": {
    "CbGbCtD": 0.21705961399760487,
    "CbGpPWpGaD": 0.14010040068858648,
    "CcSEcCtD": 0.620431813819761,
    "CrCbGaD": 0.022408171494047724
  },
  "n_trials": 0.0,
  "prediction": 0.00157958024185865,
  "status": 0
}