{
  "compound_id": "DB01086",
  "compound_name": "Benzocaine",
  "compound_percentile": 0.977941176470588,
  "disease_id": "DOID:13189",
  "disease_name": "gout",
  "disease_percentile": 0.8159947984395319,
  "metapath_contribution": {
    "CbGbCtD": 0.3183429630539861,
    "CcSEcCtD": 0.035601943458192314,
    "CrCbGaD": 0.002762225919764539,
    "CrCrCtD": 0.643292867568057
  },
  "n_trials": 0.0,
  "prediction": 0.00401473684611885,
  "status": 0
}