{
  "compound_id": "DB00125",
  "compound_name": "L-Arginine",
  "compound_percentile": 0.9852941176470591,
  "disease_id": "DOID:10763",
  "disease_name": "hypertension",
  "disease_percentile": 0.631339401820546,
  "metapath_contribution": {
    "CbGaD": 0.4725602392670361,
    "CbGbCtD": 0.20200869175428568,
    "CbGeAlD": 0.07600859881238635,
    "CbGpPWpGaD": 0.13687598716446667,
    "CcSEcCtD": 0.10752064049839043,
    "CrCbGaD": 0.005025842503434765
  },
  "n_trials": 0.0,
  "prediction": 0.0053861316963442,
  "status": 0
}