{
  "compound_id": "DB00252",
  "compound_name": "Phenytoin",
  "compound_percentile": 0.970588235294118,
  "disease_id": "DOID:4481",
  "disease_name": "allergic rhinitis",
  "disease_percentile": 0.908322496749025,
  "metapath_contribution": {
    "CbGbCtD": 0.2445308556668845,
    "CcSEcCtD": 0.08204260652763659,
    "CrCrCtD": 0.26479193622526837,
    "CrCtD": 0.40863460158021053
  },
  "n_trials": 0.0,
  "prediction": 0.00944262049945531,
  "status": 0,
  "training_prediction": 0.0301508978353396
}