{
  "compound_id": "DB01330",
  "compound_name": "Cefotetan",
  "compound_percentile": 0.7058823529411771,
  "disease_id": "DOID:784",
  "disease_name": "chronic kidney failure",
  "disease_percentile": 0.368010403120936,
  "metapath_contribution": {
    "CbGaD": 0.916402034004137,
    "CbGpPWpGaD": 0.07955465624348065,
    "CrCbGaD": 0.004043309752382248
  },
  "n_trials": 0.0,
  "prediction": 0.00130913529945378,
  "status": 0
}