{
  "compound_id": "DB00728",
  "compound_name": "Rocuronium",
  "compound_percentile": 0.867647058823529,
  "disease_id": "DOID:9744",
  "disease_name": "type 1 diabetes mellitus",
  "disease_percentile": 0.883615084525358,
  "metapath_contribution": {
    "CbGaD": 0.9770857444039476,
    "CbGpPWpGaD": 0.015340057581357107,
    "CrCbGaD": 0.007574198014695342
  },
  "n_trials": 0.0,
  "prediction": 0.00234160821279671,
  "status": 0
}