{
  "compound_id": "DB01320",
  "compound_name": "Fosphenytoin",
  "compound_percentile": 0.588235294117647,
  "disease_id": "DOID:0060073",
  "disease_name": "lymphatic system cancer",
  "disease_percentile": 0.5728218465539661,
  "metapath_contribution": {
    "CbGbCtD": 0.5504468855185269,
    "CcSEcCtD": 0.449553114481473
  },
  "n_trials": 0.0,
  "prediction": 0.0017025268330466302,
  "status": 0,
  "training_prediction": 0.0037509351987895603
}