{
  "compound_id": "DB00360",
  "compound_name": "Tetrahydrobiopterin",
  "compound_percentile": 0.875,
  "disease_id": "DOID:1936",
  "disease_name": "atherosclerosis",
  "disease_percentile": 0.9343302990897271,
  "metapath_contribution": {
    "CbGaD": 0.6714558788418888,
    "CbGeAlD": 0.13989363944955938,
    "CbGpPWpGaD": 0.12008535984387218,
    "CcSEcCtD": 0.06856512186467957
  },
  "n_trials": 0.0,
  "prediction": 0.00511900617956355,
  "status": 0
}