{
  "compound_id": "DB00115",
  "compound_name": "Cyanocobalamin",
  "compound_percentile": 0.838235294117647,
  "disease_id": "DOID:6364",
  "disease_name": "migraine",
  "disease_percentile": 0.656697009102731,
  "metapath_contribution": {
    "CbGaD": 0.8344963245606593,
    "CbGeAlD": 0.1016739852535047,
    "CbGpPWpGaD": 0.06382969018583606
  },
  "n_trials": 0.0,
  "prediction": 0.00311689455322742,
  "status": 0
}