{
  "compound_id": "DB00883",
  "compound_name": "Isosorbide Dinitrate",
  "compound_percentile": 0.992647058823529,
  "disease_id": "DOID:0050741",
  "disease_name": "alcohol dependence",
  "disease_percentile": 0.776332899869961,
  "metapath_contribution": {
    "CbGaD": 0.5012421002643146,
    "CbGbCtD": 0.36834602943773465,
    "CbGeAlD": 0.05909409173749475,
    "CbGpPWpGaD": 0.03273411124542769,
    "CcSEcCtD": 0.038583667315028304
  },
  "n_trials": 0.0,
  "prediction": 0.00378575206579129,
  "status": 0
}