{
  "compound_id": "DB00317",
  "compound_name": "Gefitinib",
  "compound_percentile": 0.191176470588235,
  "disease_id": "DOID:1094",
  "disease_name": "attention deficit hyperactivity disorder",
  "disease_percentile": 0.140442132639792,
  "metapath_contribution": {
    "CbGeAlD": 0.699934830590982,
    "CbGpPWpGaD": 0.2256954421889508,
    "CrCbGaD": 0.07436972722006706
  },
  "n_trials": 0.0,
  "prediction": 0.0009163757855528221,
  "status": 0
}