{
  "compound_id": "DB00402",
  "compound_name": "Eszopiclone",
  "compound_percentile": 0.8602941176470591,
  "disease_id": "DOID:263",
  "disease_name": "kidney cancer",
  "disease_percentile": 0.7997399219765929,
  "metapath_contribution": {
    "CbGaD": 0.40379443953553873,
    "CbGbCtD": 0.31813597417189404,
    "CbGpPWpGaD": 0.025730462900595226,
    "CcSEcCtD": 0.249267414557393,
    "CrCbGaD": 0.0030717088345789804
  },
  "n_trials": 0.0,
  "prediction": 0.00311224672021025,
  "status": 0
}