{
  "compound_id": "DB01046",
  "compound_name": "Lubiprostone",
  "compound_percentile": 0.7647058823529409,
  "disease_id": "DOID:9352",
  "disease_name": "type 2 diabetes mellitus",
  "disease_percentile": 0.264629388816645,
  "metapath_contribution": {
    "CbGeAlD": 0.15820666201127204,
    "CbGpPWpGaD": 0.2526283955788137,
    "CcSEcCtD": 0.5852527518844212,
    "CrCbGaD": 0.0039121905254930435
  },
  "n_trials": 0.0,
  "prediction": 0.00158365450522939,
  "status": 0
}