{
  "compound_id": "DB00717",
  "compound_name": "Norethindrone",
  "compound_percentile": 0.610294117647059,
  "disease_id": "DOID:2998",
  "disease_name": "testicular cancer",
  "disease_percentile": 0.10923276983094901,
  "metapath_contribution": {
    "CbGbCtD": 0.7018749968110954,
    "CbGeAlD": 0.10686511884513654,
    "CcSEcCtD": 0.19125988434376806
  },
  "n_trials": 0.0,
  "prediction": 0.000952865460058035,
  "status": 0
}