{
  "compound_id": "DB08873",
  "compound_name": "Boceprevir",
  "compound_percentile": 0.808823529411765,
  "disease_id": "DOID:4481",
  "disease_name": "allergic rhinitis",
  "disease_percentile": 0.7483745123537059,
  "metapath_contribution": {
    "CbGbCtD": 0.4873877765737322,
    "CbGdCrCtD": 0.0062775743615495466,
    "CbGeAlD": 0.11862954366781202,
    "CbGpPWpGaD": 0.09265246391383201,
    "CcSEcCtD": 0.2950526414830743
  },
  "n_trials": 0.0,
  "prediction": 0.00345014861108145,
  "status": 0
}