{
  "compound_id": "DB00649",
  "compound_name": "Stavudine",
  "compound_percentile": 0.125,
  "disease_id": "DOID:10283",
  "disease_name": "prostate cancer",
  "disease_percentile": 0.0728218465539662,
  "metapath_contribution": {
    "CbGbCtD": 0.009856435493554725,
    "CcSEcCtD": 0.9695266961335043,
    "CrCbGaD": 0.020616868372940942
  },
  "n_trials": 0.0,
  "prediction": 0.000802228199047174,
  "status": 0,
  "training_prediction": 0.00340687063584304
}