{
  "compound_id": "DB00119",
  "compound_name": "Pyruvic acid",
  "compound_percentile": 0.808823529411765,
  "disease_id": "DOID:5041",
  "disease_name": "esophageal cancer",
  "disease_percentile": 0.656697009102731,
  "metapath_contribution": {
    "CbGbCtD": 0.19277938511329853,
    "CbGeAlD": 0.35549528223321314,
    "CbGpPWpGaD": 0.45172533265348835
  },
  "n_trials": 0.0,
  "prediction": 0.00183193271272333,
  "status": 0
}