{
  "compound_id": "DB01407",
  "compound_name": "Clenbuterol",
  "compound_percentile": 0.5735294117647061,
  "disease_id": "DOID:12849",
  "disease_name": "autistic disorder",
  "disease_percentile": 0.812093628088427,
  "metapath_contribution": {
    "CbGaD": 0.6809177464515471,
    "CbGeAlD": 0.05559477983920737,
    "CbGpPWpGaD": 0.25499869849290385,
    "CrCbGaD": 0.008488775216341662
  },
  "n_trials": 0.0,
  "prediction": 0.00215954688427339,
  "status": 0
}