{
  "compound_id": "DB00458",
  "compound_name": "Imipramine",
  "compound_percentile": 0.757352941176471,
  "disease_id": "DOID:1024",
  "disease_name": "leprosy",
  "disease_percentile": 0.514304291287386,
  "metapath_contribution": {
    "CbGbCtD": 0.8557862289117714,
    "CbGeAlD": 0.05718117121567636,
    "CcSEcCtD": 0.08703259987255234
  },
  "n_trials": 0.0,
  "prediction": 0.0018757171709107101,
  "status": 0
}