{
  "compound_id": "DB00586",
  "compound_name": "Diclofenac",
  "compound_percentile": 0.588235294117647,
  "disease_id": "DOID:14227",
  "disease_name": "azoospermia",
  "disease_percentile": 0.548764629388817,
  "metapath_contribution": {
    "CbGbCtD": 0.8420555339352386,
    "CbGeAlD": 0.02350577741451919,
    "CcSEcCtD": 0.13443868865024225
  },
  "n_trials": 0.0,
  "prediction": 0.00175140620919619,
  "status": 0
}