{
  "category": "DM",
  "compound_id": "DB00384",
  "compound_name": "Triamterene",
  "compound_percentile": 1.0,
  "disease_id": "DOID:10763",
  "disease_name": "hypertension",
  "disease_percentile": 0.9642392717815341,
  "metapath_contribution": {
    "CbGaD": 0.23672066678492495,
    "CbGbCtD": 0.22737878364199765,
    "CbGeAlD": 0.00981053917984591,
    "CbGpPWpGaD": 0.04017475890550518,
    "CcSEcCtD": 0.04685555962373276,
    "CiPCiCtD": 0.43905969186399346
  },
  "prediction": 0.0813507470203541,
  "status": 1,
  "training_prediction": 0.5143912860307679
}