{
  "compound_id": "DB00648",
  "compound_name": "Mitotane",
  "compound_percentile": 0.33823529411764697,
  "disease_id": "DOID:1781",
  "disease_name": "thyroid cancer",
  "disease_percentile": 0.267880364109233,
  "metapath_contribution": {
    "CbGeAlD": 0.157095629528056,
    "CbGpPWpGaD": 0.11646973144293124,
    "CcSEcCtD": 0.7264346390290126
  },
  "n_trials": 0.0,
  "prediction": 0.00112160877889482,
  "status": 0
}