{
  "compound_id": "DB00667",
  "compound_name": "Histamine Phosphate",
  "compound_percentile": 0.970588235294118,
  "disease_id": "DOID:10652",
  "disease_name": "Alzheimer's disease",
  "disease_percentile": 0.9557867360208059,
  "metapath_contribution": {
    "CbGaD": 0.3658914654072451,
    "CbGbCtD": 0.46795184033063936,
    "CbGeAlD": 0.02117858060555741,
    "CbGpPWpGaD": 0.039879609600568945,
    "CcSEcCtD": 0.10476080934721992,
    "CrCbGaD": 0.0003376947087691489
  },
  "n_trials": 0.0,
  "prediction": 0.00717738954624709,
  "status": 0
}