{
  "compound_id": "DB00697",
  "compound_name": "Tizanidine",
  "compound_percentile": 0.970588235294118,
  "disease_id": "DOID:1094",
  "disease_name": "attention deficit hyperactivity disorder",
  "disease_percentile": 0.956436931079324,
  "metapath_contribution": {
    "CbGaD": 0.8712586851212414,
    "CbGpPWpGaD": 0.12041490732945338,
    "CrCbGaD": 0.008326407549305151
  },
  "n_trials": 0.0,
  "prediction": 0.0037485422438087203,
  "status": 0
}