{
  "compound_id": "DB00672",
  "compound_name": "Chlorpropamide",
  "compound_percentile": 0.75,
  "disease_id": "DOID:1612",
  "disease_name": "breast cancer",
  "disease_percentile": 0.21456436931079298,
  "metapath_contribution": {
    "CbGaD": 0.37163807444980107,
    "CbGbCtD": 0.36966460653925376,
    "CbGeAlD": 0.026276731510522948,
    "CbGpPWpGaD": 0.08458172312035057,
    "CcSEcCtD": 0.14381486730795892,
    "CrCbGaD": 0.004023997072112687
  },
  "n_trials": 0.0,
  "prediction": 0.00133669102927882,
  "status": 0,
  "training_prediction": 0.00737542140460027
}