{
  "compound_id": "DB01007",
  "compound_name": "Tioconazole",
  "compound_percentile": 0.941176470588235,
  "disease_id": "DOID:3083",
  "disease_name": "chronic obstructive pulmonary disease",
  "disease_percentile": 0.732769830949285,
  "metapath_contribution": {
    "CbGaD": 0.44091188213091626,
    "CbGbCtD": 0.4845897769116732,
    "CbGpPWpGaD": 0.0713685091096523,
    "CrCbGaD": 0.00312983184775828
  },
  "n_trials": 0.0,
  "prediction": 0.0032775161811279103,
  "status": 0
}