{
  "compound_id": "DB00853",
  "compound_name": "Temozolomide",
  "compound_percentile": 0.514705882352941,
  "disease_id": "DOID:986",
  "disease_name": "alopecia areata",
  "disease_percentile": 0.9369310793237969,
  "metapath_contribution": {
    "CbGbCtD": 0.8626202207233753,
    "CcSEcCtD": 0.13737977927662479
  },
  "n_trials": 0.0,
  "prediction": 0.00230357945923698,
  "status": 0,
  "training_prediction": 0.00294827354010555
}