{
  "compound_id": "DB00290",
  "compound_name": "Bleomycin",
  "compound_percentile": 0.992647058823529,
  "disease_id": "DOID:11934",
  "disease_name": "head and neck cancer",
  "disease_percentile": 0.9863459037711311,
  "metapath_contribution": {
    "CbGdCrCtD": 0.0036225220354226912,
    "CbGeAlD": 0.04013129467589615,
    "CbGpPWpGaD": 0.08702621904060169,
    "CcSEcCtD": 0.09080960354410288,
    "CtDrD": 0.7784103607039766
  },
  "n_trials": 7.0,
  "prediction": 0.008606091605377541,
  "status": 0,
  "training_prediction": 0.0400876418984234
}