{
  "compound_id": "DB00622",
  "compound_name": "Nicardipine",
  "compound_percentile": 0.5514705882352939,
  "disease_id": "DOID:2394",
  "disease_name": "ovarian cancer",
  "disease_percentile": 0.38361508452535803,
  "metapath_contribution": {
    "CbGaD": 0.22377291493016763,
    "CbGbCtD": 0.30458860552431616,
    "CbGeAlD": 0.10858180671579273,
    "CbGpPWpGaD": 0.19037814152467156,
    "CcSEcCtD": 0.17163203344575573,
    "CrCbGaD": 0.0010464978592961043
  },
  "n_trials": 0.0,
  "prediction": 0.0012553214504052801,
  "status": 0,
  "training_prediction": 0.0029927424734804697
}