{
  "compound_id": "DB00867",
  "compound_name": "Ritodrine",
  "compound_percentile": 0.941176470588235,
  "disease_id": "DOID:1686",
  "disease_name": "glaucoma",
  "disease_percentile": 0.6131339401820551,
  "metapath_contribution": {
    "CbGbCtD": 0.9540460888580513,
    "CbGdCrCtD": 0.0036254827440888445,
    "CbGeAlD": 0.018727980548225994,
    "CbGpPWpGaD": 0.018751100829049225,
    "CrCbGaD": 0.004849347020584633
  },
  "n_trials": 0.0,
  "prediction": 0.00225948449161605,
  "status": 0
}