{
  "compound_id": "DB01124",
  "compound_name": "Tolbutamide",
  "compound_percentile": 0.823529411764706,
  "disease_id": "DOID:11476",
  "disease_name": "osteoporosis",
  "disease_percentile": 0.5240572171651501,
  "metapath_contribution": {
    "CbGbCtD": 0.8697033838611571,
    "CbGpPWpGaD": 0.0036374128667388548,
    "CcSEcCtD": 0.126659203272104
  },
  "n_trials": 0.0,
  "prediction": 0.00195032249048748,
  "status": 0,
  "training_prediction": 0.00633254839946026
}