{
  "compound_id": "DB00909",
  "compound_name": "Zonisamide",
  "compound_percentile": 0.125,
  "disease_id": "DOID:4989",
  "disease_name": "pancreatitis",
  "disease_percentile": 0.476592977893368,
  "metapath_contribution": {
    "CbGeAlD": 0.18749359811391192,
    "CbGpPWpGaD": 0.2687765259113565,
    "CcSEcCtD": 0.5437298759747315
  },
  "n_trials": 0.0,
  "prediction": 0.00142238744044384,
  "status": 0,
  "training_prediction": 0.00104901303917472
}