{
  "compound_id": "DB01414",
  "compound_name": "Cefacetrile",
  "compound_percentile": 1.0,
  "disease_id": "DOID:13189",
  "disease_name": "gout",
  "disease_percentile": 0.625487646293888,
  "metapath_contribution": {
    "CbGbCtD": 0.8118600503258776,
    "CbGpPWpGaD": 0.18046396700979317,
    "CrCbGaD": 0.007675982664329193
  },
  "n_trials": 0.0,
  "prediction": 0.00256264981276502,
  "status": 0
}