{
  "compound_id": "DB00408",
  "compound_name": "Loxapine",
  "compound_percentile": 0.852941176470588,
  "disease_id": "DOID:12849",
  "disease_name": "autistic disorder",
  "disease_percentile": 0.826397919375813,
  "metapath_contribution": {
    "CbGaD": 0.7464921806736314,
    "CbGeAlD": 0.09010781901468821,
    "CbGpPWpGaD": 0.15630231729783337,
    "CrCbGaD": 0.0070976830138469865
  },
  "n_trials": 0.0,
  "prediction": 0.0022171007628648603,
  "status": 0
}