{
  "compound_id": "DB01579",
  "compound_name": "Phendimetrazine",
  "compound_percentile": 0.8308823529411771,
  "disease_id": "DOID:1595",
  "disease_name": "endogenous depression",
  "disease_percentile": 0.442782834850455,
  "metapath_contribution": {
    "CbGeAlD": 0.538222249379349,
    "CbGpPWpGaD": 0.43275129413300595,
    "CrCbGaD": 0.029026456487644986
  },
  "n_trials": 0.0,
  "prediction": 0.00140400568162713,
  "status": 0
}