{
  "compound_id": "DB00143",
  "compound_name": "Glutathione",
  "compound_percentile": 0.941176470588235,
  "disease_id": "DOID:8778",
  "disease_name": "Crohn's disease",
  "disease_percentile": 0.9694408322496751,
  "metapath_contribution": {
    "CbGaD": 0.42220926888551646,
    "CbGbCtD": 0.4160373778481484,
    "CbGeAlD": 0.07995959063435058,
    "CbGpPWpGaD": 0.08179376263198446
  },
  "n_trials": 0.0,
  "prediction": 0.007071620926109129,
  "status": 0
}