{
  "compound_id": "DB01083",
  "compound_name": "Orlistat",
  "compound_percentile": 0.507352941176471,
  "disease_id": "DOID:11934",
  "disease_name": "head and neck cancer",
  "disease_percentile": 0.6521456436931079,
  "metapath_contribution": {
    "CbGeAlD": 0.3283738338989482,
    "CbGpPWpGaD": 0.32586969064102334,
    "CcSEcCtD": 0.3457564754600285
  },
  "n_trials": 0.0,
  "prediction": 0.0017630669362153398,
  "status": 0,
  "training_prediction": 0.00356399401013017
}