{
  "compound_id": "DB00242",
  "compound_name": "Cladribine",
  "compound_percentile": 0.11764705882352902,
  "disease_id": "DOID:9744",
  "disease_name": "type 1 diabetes mellitus",
  "disease_percentile": 0.10338101430429099,
  "metapath_contribution": {
    "CbGeAlD": 0.2804694455644704,
    "CbGpPWpGaD": 0.47550926613452954,
    "CcSEcCtD": 0.244021288301
  },
  "n_trials": 0.0,
  "prediction": 0.000834844058963422,
  "status": 0,
  "training_prediction": 0.0006278113908576731
}