{
  "compound_id": "DB01296",
  "compound_name": "Glucosamine",
  "compound_percentile": 0.75,
  "disease_id": "DOID:1686",
  "disease_name": "glaucoma",
  "disease_percentile": 0.705461638491547,
  "metapath_contribution": {
    "CbGaD": 0.643117510471262,
    "CbGbCtD": 0.19719586109111129,
    "CbGeAlD": 0.03570107560509325,
    "CbGpPWpGaD": 0.12398555283253355
  },
  "n_trials": 0.0,
  "prediction": 0.00259102061021142,
  "status": 0
}