{
  "compound_id": "DB00450",
  "compound_name": "Droperidol",
  "compound_percentile": 0.897058823529412,
  "disease_id": "DOID:1595",
  "disease_name": "endogenous depression",
  "disease_percentile": 0.862158647594278,
  "metapath_contribution": {
    "CbGaD": 0.8498152100967094,
    "CbGeAlD": 0.08171661699646224,
    "CbGpPWpGaD": 0.0601326138853598,
    "CrCbGaD": 0.008335559021468592
  },
  "n_trials": 0.0,
  "prediction": 0.00235043564673528,
  "status": 0
}