{
  "compound_id": "DB00703",
  "compound_name": "Methazolamide",
  "compound_percentile": 0.323529411764706,
  "disease_id": "DOID:11612",
  "disease_name": "polycystic ovary syndrome",
  "disease_percentile": 0.716514954486346,
  "metapath_contribution": {
    "CbGeAlD": 0.4124864543947882,
    "CbGpPWpGaD": 0.5875135456052119
  },
  "n_trials": 0.0,
  "prediction": 0.0018967889950226601,
  "status": 0,
  "training_prediction": 0.000855327298981164
}