{
  "compound_id": "DB00399",
  "compound_name": "Zoledronate",
  "compound_percentile": 0.588235294117647,
  "disease_id": "DOID:2841",
  "disease_name": "asthma",
  "disease_percentile": 0.21911573472041604,
  "metapath_contribution": {
    "CbGeAlD": 0.16203410356377557,
    "CbGpPWpGaD": 0.08212009515049869,
    "CcSEcCtD": 0.7526407324595881,
    "CrCbGaD": 0.0032050688261375786
  },
  "n_trials": 0.0,
  "prediction": 0.00154458940669425,
  "status": 0,
  "training_prediction": 0.0173484404680366
}