{
  "compound_id": "DB00979",
  "compound_name": "Cyclopentolate",
  "compound_percentile": 0.669117647058823,
  "disease_id": "DOID:0050742",
  "disease_name": "nicotine dependence",
  "disease_percentile": 0.38036410923277003,
  "metapath_contribution": {
    "CbGpPWpGaD": 0.17484985306922976,
    "CcSEcCtD": 0.7693743659990349,
    "CrCbGaD": 0.05577578093173544
  },
  "n_trials": 0.0,
  "prediction": 0.00138518678064723,
  "status": 0
}