{
  "compound_id": "DB01223",
  "compound_name": "Aminophylline",
  "compound_percentile": 0.75,
  "disease_id": "DOID:8893",
  "disease_name": "psoriasis",
  "disease_percentile": 0.697659297789337,
  "metapath_contribution": {
    "CbGbCtD": 0.5679811642363313,
    "CbGdCrCtD": 0.008155011869001878,
    "CbGpPWpGaD": 0.06558986764786943,
    "CcSEcCtD": 0.3582739562467974
  },
  "n_trials": 0.0,
  "prediction": 0.00248283741285846,
  "status": 0,
  "training_prediction": 0.0173931090145869
}