{
  "compound_id": "DB06210",
  "compound_name": "Eltrombopag",
  "compound_percentile": 0.970588235294118,
  "disease_id": "DOID:9352",
  "disease_name": "type 2 diabetes mellitus",
  "disease_percentile": 0.642392717815345,
  "metapath_contribution": {
    "CbGaD": 0.27307675322834873,
    "CbGbCtD": 0.6445750915662712,
    "CbGpPWpGaD": 0.08234815520538011
  },
  "n_trials": 0.0,
  "prediction": 0.00331447581648451,
  "status": 0
}