{
  "compound_id": "DB00818",
  "compound_name": "Propofol",
  "compound_percentile": 0.852941176470588,
  "disease_id": "DOID:12365",
  "disease_name": "malaria",
  "disease_percentile": 0.926527958387516,
  "metapath_contribution": {
    "CbGbCtD": 0.7855725085594095,
    "CbGeAlD": 0.0731621329991622,
    "CbGpPWpGaD": 0.015104389708918736,
    "CcSEcCtD": 0.1261609687325096
  },
  "n_trials": 0.0,
  "prediction": 0.00480082312981213,
  "status": 0,
  "training_prediction": 0.0122411448046096
}