{
  "compound_id": "DB00140",
  "compound_name": "Riboflavin",
  "compound_percentile": 0.632352941176471,
  "disease_id": "DOID:2377",
  "disease_name": "multiple sclerosis",
  "disease_percentile": 0.6859557867360211,
  "metapath_contribution": {
    "CbGbCtD": 0.6561777162374778,
    "CbGeAlD": 0.1983045417654163,
    "CbGpPWpGaD": 0.14551774199710588
  },
  "n_trials": 0.0,
  "prediction": 0.00237268741591402,
  "status": 0
}