{
  "compound_id": "DB00231",
  "compound_name": "Temazepam",
  "compound_percentile": 0.801470588235294,
  "disease_id": "DOID:1686",
  "disease_name": "glaucoma",
  "disease_percentile": 0.323797139141743,
  "metapath_contribution": {
    "CbGbCtD": 0.44695901997831694,
    "CbGpPWpGaD": 0.01574697846767347,
    "CcSEcCtD": 0.5324428230011929,
    "CrCbGaD": 0.004851178552816626
  },
  "n_trials": 0.0,
  "prediction": 0.0014736554772775301,
  "status": 0
}