{
  "compound_id": "DB01104",
  "compound_name": "Sertraline",
  "compound_percentile": 0.8308823529411771,
  "disease_id": "DOID:3070",
  "disease_name": "malignant glioma",
  "disease_percentile": 0.9466840052015602,
  "metapath_contribution": {
    "CbGaD": 0.6488565367302764,
    "CbGbCtD": 0.13586716956514935,
    "CbGeAlD": 0.028178383337325558,
    "CbGpPWpGaD": 0.07019696435778652,
    "CcSEcCtD": 0.11579421852192441,
    "CrCbGaD": 0.0011067274875376015
  },
  "n_trials": 0.0,
  "prediction": 0.0033871566642668,
  "status": 0
}