{
  "compound_id": "DB01202",
  "compound_name": "Levetiracetam",
  "compound_percentile": 0.727941176470588,
  "disease_id": "DOID:7147",
  "disease_name": "ankylosing spondylitis",
  "disease_percentile": 0.8868660598179449,
  "metapath_contribution": {
    "CbGbCtD": 0.8219112280950345,
    "CbGpPWpGaD": 0.028331895594268144,
    "CcSEcCtD": 0.14975687631069748
  },
  "n_trials": 0.0,
  "prediction": 0.00304666674390947,
  "status": 0,
  "training_prediction": 0.00613782351798154
}