{
  "compound_id": "DB06772",
  "compound_name": "Cabazitaxel",
  "compound_percentile": 0.110294117647059,
  "disease_id": "DOID:3571",
  "disease_name": "liver cancer",
  "disease_percentile": 0.10728218465539699,
  "metapath_contribution": {
    "CbGbCtD": 0.4399345212764772,
    "CbGpPWpGaD": 0.2650952653651038,
    "CcSEcCtD": 0.294970213358419
  },
  "n_trials": 0.0,
  "prediction": 0.000773975274880126,
  "status": 0,
  "training_prediction": 0.000763496243063865
}