{
  "compound_id": "DB00193",
  "compound_name": "Tramadol",
  "compound_percentile": 0.426470588235294,
  "disease_id": "DOID:219",
  "disease_name": "colon cancer",
  "disease_percentile": 0.49739921976593005,
  "metapath_contribution": {
    "CbGeAlD": 0.0917445592096379,
    "CcSEcCtD": 0.9000629440495796,
    "CrCbGaD": 0.008192496740782417
  },
  "n_trials": 0.0,
  "prediction": 0.0015450899310903,
  "status": 0
}