{
  "compound_id": "DB01431",
  "compound_name": "Allylestrenol",
  "compound_percentile": 0.75,
  "disease_id": "DOID:3083",
  "disease_name": "chronic obstructive pulmonary disease",
  "disease_percentile": 0.29713914174252304,
  "metapath_contribution": {
    "CbGbCtD": 0.4326555281378256,
    "CbGpPWpGaD": 0.05733651862895628,
    "CrCrCtD": 0.5100079532332182
  },
  "n_trials": 0.0,
  "prediction": 0.00158508277050882,
  "status": 0
}