{
  "compound_id": "DB00159",
  "compound_name": "Icosapent",
  "compound_percentile": 0.7647058823529409,
  "disease_id": "DOID:11612",
  "disease_name": "polycystic ovary syndrome",
  "disease_percentile": 0.7964889466840049,
  "metapath_contribution": {
    "CbGaD": 0.6346076784680758,
    "CbGeAlD": 0.12612468061694806,
    "CbGpPWpGaD": 0.23926764091497613
  },
  "n_trials": 0.0,
  "prediction": 0.0021085388962022397,
  "status": 0
}