{
  "compound_id": "DB00749",
  "compound_name": "Etodolac",
  "compound_percentile": 0.992647058823529,
  "disease_id": "DOID:13378",
  "disease_name": "Kawasaki disease",
  "disease_percentile": 0.996098829648895,
  "metapath_contribution": {
    "CbGbCtD": 0.17172469888489983,
    "CcSEcCtD": 0.021369620897337217,
    "CiPCiCtD": 0.5399114526083293,
    "CpDpCtD": 0.26699422760943364
  },
  "n_trials": 0.0,
  "prediction": 0.0346497348710765,
  "status": 0
}