{
  "compound_id": "DB00726",
  "compound_name": "Trimipramine",
  "compound_percentile": 0.669117647058823,
  "disease_id": "DOID:4159",
  "disease_name": "skin cancer",
  "disease_percentile": 0.373862158647594,
  "metapath_contribution": {
    "CbGbCtD": 0.7159313006215112,
    "CbGeAlD": 0.06048268480972475,
    "CcSEcCtD": 0.22358601456876406
  },
  "n_trials": 0.0,
  "prediction": 0.00144419742426135,
  "status": 0
}