{
  "compound_id": "DB00476",
  "compound_name": "Duloxetine",
  "compound_percentile": 0.617647058823529,
  "disease_id": "DOID:1319",
  "disease_name": "brain cancer",
  "disease_percentile": 0.233420026007802,
  "metapath_contribution": {
    "CbGbCtD": 0.42915880557460134,
    "CbGeAlD": 0.21216966872039228,
    "CbGpPWpGaD": 0.042889285746032804,
    "CcSEcCtD": 0.31516956915345645,
    "CrCbGaD": 0.0006126708055172191
  },
  "n_trials": 0.0,
  "prediction": 0.0010718227629164599,
  "status": 0
}