{
  "compound_id": "DB01033",
  "compound_name": "Mercaptopurine",
  "compound_percentile": 0.38235294117647106,
  "disease_id": "DOID:14221",
  "disease_name": "metabolic syndrome X",
  "disease_percentile": 0.6859557867360211,
  "metapath_contribution": {
    "CbGeAlD": 0.38759952009861726,
    "CbGpPWpGaD": 0.6124004799013828
  },
  "n_trials": 0.0,
  "prediction": 0.00180075895675975,
  "status": 0,
  "training_prediction": 0.00184359021325645
}