{
  "compound_id": "DB01009",
  "compound_name": "Ketoprofen",
  "compound_percentile": 0.5,
  "disease_id": "DOID:3070",
  "disease_name": "malignant glioma",
  "disease_percentile": 0.256827048114434,
  "metapath_contribution": {
    "CbGaD": 0.7772144256432774,
    "CbGeAlD": 0.0282330260419951,
    "CbGpPWpGaD": 0.124977787369962,
    "CcSEcCtD": 0.06216720186702054,
    "CrCbGaD": 0.00740755907774496
  },
  "n_trials": 0.0,
  "prediction": 0.000996409748980477,
  "status": 0
}