{
  "compound_id": "DB00338",
  "compound_name": "Omeprazole",
  "compound_percentile": 0.941176470588235,
  "disease_id": "DOID:2531",
  "disease_name": "hematologic cancer",
  "disease_percentile": 0.903771131339402,
  "metapath_contribution": {
    "CbGaD": 0.2527903129680348,
    "CbGbCtD": 0.3080831334492522,
    "CbGeAlD": 0.01907380577551118,
    "CbGpPWpGaD": 0.03669716093757862,
    "CcSEcCtD": 0.10878849772460453,
    "CpDpCtD": 0.27224908807141746,
    "CrCbGaD": 0.0023180010736012177
  },
  "n_trials": 3.0,
  "prediction": 0.00897324240276441,
  "status": 0,
  "training_prediction": 0.07615647327975
}