{
  "compound_id": "DB00738",
  "compound_name": "Pentamidine",
  "compound_percentile": 0.411764705882353,
  "disease_id": "DOID:14221",
  "disease_name": "metabolic syndrome X",
  "disease_percentile": 0.749674902470741,
  "metapath_contribution": {
    "CbGeAlD": 0.20657385845433776,
    "CbGpPWpGaD": 0.3900181169346803,
    "CcSEcCtD": 0.40340802461098185
  },
  "n_trials": 0.0,
  "prediction": 0.00199798570376481,
  "status": 0
}