{
  "compound_id": "DB00890",
  "compound_name": "Dienestrol",
  "compound_percentile": 0.8897058823529409,
  "disease_id": "DOID:2841",
  "disease_name": "asthma",
  "disease_percentile": 0.5858257477243171,
  "metapath_contribution": {
    "CbGpPWpGaD": 0.043088248769165914,
    "CrCbGaD": 0.004706353142897073,
    "CrCrCtD": 0.952205398087937
  },
  "n_trials": 0.0,
  "prediction": 0.00285685636863448,
  "status": 0
}