{
  "compound_id": "DB00773",
  "compound_name": "Etoposide",
  "compound_percentile": 0.544117647058823,
  "disease_id": "DOID:3277",
  "disease_name": "thymus cancer",
  "disease_percentile": 0.7113133940182049,
  "metapath_contribution": {
    "CbGeAlD": 0.053184823294865936,
    "CcSEcCtD": 0.06905817828079844,
    "CtDrD": 0.8777569984243355
  },
  "n_trials": 2.0,
  "prediction": 0.00175278968863962,
  "status": 0,
  "training_prediction": 0.0053433678976954
}