{
  "compound_id": "DB00347",
  "compound_name": "Trimethadione",
  "compound_percentile": 0.823529411764706,
  "disease_id": "DOID:9074",
  "disease_name": "systemic lupus erythematosus",
  "disease_percentile": 0.770481144343303,
  "metapath_contribution": {
    "CbGbCtD": 0.7484570285867743,
    "CbGeAlD": 0.05788051296463719,
    "CcSEcCtD": 0.1936624584485884
  },
  "n_trials": 0.0,
  "prediction": 0.00296444419898834,
  "status": 0,
  "training_prediction": 0.00860421186286616
}