{
  "compound_id": "DB00296",
  "compound_name": "Ropivacaine",
  "compound_percentile": 0.9558823529411771,
  "disease_id": "DOID:12365",
  "disease_name": "malaria",
  "disease_percentile": 0.7782834850455141,
  "metapath_contribution": {
    "CbGbCtD": 0.8052938471697977,
    "CbGeAlD": 0.03339336644978773,
    "CcSEcCtD": 0.16131278638041466
  },
  "n_trials": 0.0,
  "prediction": 0.0032012624820550698,
  "status": 0
}