{
  "compound_id": "DB01203",
  "compound_name": "Nadolol",
  "compound_percentile": 0.9558823529411771,
  "disease_id": "DOID:6364",
  "disease_name": "migraine",
  "disease_percentile": 0.8485045513654101,
  "metapath_contribution": {
    "CbGbCtD": 0.3936788736444885,
    "CbGpPWpGaD": 0.04834983950560709,
    "CcSEcCtD": 0.11043160550751376,
    "CrCbGaD": 0.002132977729629061,
    "CrCrCtD": 0.44540670361276163
  },
  "n_trials": 2.0,
  "prediction": 0.0061392563442164705,
  "status": 0,
  "training_prediction": 0.0111730814100937
}