{
  "compound_id": "DB00623",
  "compound_name": "Fluphenazine",
  "compound_percentile": 0.977941176470588,
  "disease_id": "DOID:10763",
  "disease_name": "hypertension",
  "disease_percentile": 0.583224967490247,
  "metapath_contribution": {
    "CbGaD": 0.28934648071992075,
    "CbGbCtD": 0.3364787989528089,
    "CbGeAlD": 0.02767527426063598,
    "CbGpPWpGaD": 0.07912881405910115,
    "CcSEcCtD": 0.09261521123393161,
    "CrCbGaD": 0.002506621021313298,
    "CrCrCtD": 0.17224879975228827
  },
  "n_trials": 0.0,
  "prediction": 0.00476107323131993,
  "status": 0
}