{
  "compound_id": "DB00737",
  "compound_name": "Meclizine",
  "compound_percentile": 0.7058823529411771,
  "disease_id": "DOID:1192",
  "disease_name": "peripheral nervous system neoplasm",
  "disease_percentile": 0.14629388816645003,
  "metapath_contribution": {
    "CbGbCtD": 0.8895822845226675,
    "CcSEcCtD": 0.09277111787215393,
    "CrCbGaD": 0.017646597605178536
  },
  "n_trials": 0.0,
  "prediction": 0.0009802999287195,
  "status": 0
}