{
  "compound_id": "DB02546",
  "compound_name": "Vorinostat",
  "compound_percentile": 0.852941176470588,
  "disease_id": "DOID:1936",
  "disease_name": "atherosclerosis",
  "disease_percentile": 0.894018205461638,
  "metapath_contribution": {
    "CbGbCtD": 0.6138294484909341,
    "CbGdCrCtD": 0.006044093570681582,
    "CbGeAlD": 0.06746966908843088,
    "CbGpPWpGaD": 0.2165671211449532,
    "CcSEcCtD": 0.09608966770500031
  },
  "n_trials": 0.0,
  "prediction": 0.00412902090214463,
  "status": 0,
  "training_prediction": 0.00672365968570834
}