{
  "compound_id": "DB01611",
  "compound_name": "Hydroxychloroquine",
  "compound_percentile": 0.5220588235294121,
  "disease_id": "DOID:7148",
  "disease_name": "rheumatoid arthritis",
  "disease_percentile": 0.208062418725618,
  "metapath_contribution": {
    "CbGpPWpGaD": 0.4921214512456165,
    "CcSEcCtD": 0.5063375456905166,
    "CrCbGaD": 0.0015410030638667877
  },
  "n_trials": 16.0,
  "prediction": 0.00113314205477392,
  "status": 0
}