{
  "compound_id": "DB00851",
  "compound_name": "Dacarbazine",
  "compound_percentile": 0.360294117647059,
  "disease_id": "DOID:3393",
  "disease_name": "coronary artery disease",
  "disease_percentile": 0.41157347204161204,
  "metapath_contribution": {
    "CbGbCtD": 0.781123170787898,
    "CbGdCrCtD": 0.010712631868056283,
    "CbGeAlD": 0.023042325824889888,
    "CbGpPWpGaD": 0.185121871519156
  },
  "n_trials": 0.0,
  "prediction": 0.0020358125036155,
  "status": 0,
  "training_prediction": 0.0474826391344128
}