{
  "compound_id": "DB00162",
  "compound_name": "Vitamin A",
  "compound_percentile": 0.948529411764706,
  "disease_id": "DOID:8398",
  "disease_name": "osteoarthritis",
  "disease_percentile": 0.9466840052015602,
  "metapath_contribution": {
    "CbGaD": 0.8376029926906466,
    "CbGeAlD": 0.028070574118876264,
    "CbGpPWpGaD": 0.12931360089706492,
    "CrCbGaD": 0.005012832293412176
  },
  "n_trials": 0.0,
  "prediction": 0.0021575712050682897,
  "status": 0
}