{
  "compound_id": "DB00307",
  "compound_name": "Bexarotene",
  "compound_percentile": 0.7058823529411771,
  "disease_id": "DOID:784",
  "disease_name": "chronic kidney failure",
  "disease_percentile": 0.5741222366710009,
  "metapath_contribution": {
    "CbGaD": 0.6791173290692324,
    "CbGeAlD": 0.04257781708197504,
    "CbGpPWpGaD": 0.27830485384879255
  },
  "n_trials": 0.0,
  "prediction": 0.00173898707705539,
  "status": 0
}