{
  "compound_id": "DB00577",
  "compound_name": "Valaciclovir",
  "compound_percentile": 0.852941176470588,
  "disease_id": "DOID:9744",
  "disease_name": "type 1 diabetes mellitus",
  "disease_percentile": 0.749674902470741,
  "metapath_contribution": {
    "CbGbCtD": 0.9258558970129973,
    "CbGpPWpGaD": 0.027091393025890982,
    "CcSEcCtD": 0.04705270996111169
  },
  "n_trials": 0.0,
  "prediction": 0.0019325361338232698,
  "status": 0
}