{
  "compound_id": "DB00338",
  "compound_name": "Omeprazole",
  "compound_percentile": 0.7352941176470591,
  "disease_id": "DOID:1909",
  "disease_name": "melanoma",
  "disease_percentile": 0.8803641092327701,
  "metapath_contribution": {
    "CbGaD": 0.397573656487223,
    "CbGbCtD": 0.4208968163696922,
    "CbGpPWpGaD": 0.06121377898934613,
    "CcSEcCtD": 0.1189337180797037,
    "CrCbGaD": 0.0013820300740349546
  },
  "n_trials": 0.0,
  "prediction": 0.0027762000422,
  "status": 0,
  "training_prediction": 0.00506657637804835
}