{
  "compound_id": "DB06287",
  "compound_name": "Temsirolimus",
  "compound_percentile": 0.0882352941176471,
  "disease_id": "DOID:10534",
  "disease_name": "stomach cancer",
  "disease_percentile": 0.0357607282184655,
  "metapath_contribution": {
    "CbGbCtD": 0.4889222795758289,
    "CbGeAlD": 0.06066582759696529,
    "CbGpPWpGaD": 0.1782310896751205,
    "CcSEcCtD": 0.27218080315208537
  },
  "n_trials": 0.0,
  "prediction": 0.000532989867181382,
  "status": 0,
  "training_prediction": 0.00117591826089141
}