{
  "compound_id": "DB00728",
  "compound_name": "Rocuronium",
  "compound_percentile": 0.75,
  "disease_id": "DOID:9352",
  "disease_name": "type 2 diabetes mellitus",
  "disease_percentile": 0.326397919375813,
  "metapath_contribution": {
    "CbGbCtD": 0.6137494914092482,
    "CbGpPWpGaD": 0.133406285073057,
    "CcSEcCtD": 0.2528442235176949
  },
  "n_trials": 0.0,
  "prediction": 0.00184707253935849,
  "status": 0
}