{
  "compound_id": "DB00904",
  "compound_name": "Ondansetron",
  "compound_percentile": 0.963235294117647,
  "disease_id": "DOID:9970",
  "disease_name": "obesity",
  "disease_percentile": 0.851755526657997,
  "metapath_contribution": {
    "CbGaD": 0.3024904324916349,
    "CbGbCtD": 0.43026520011589797,
    "CbGeAlD": 0.04473565433704451,
    "CbGpPWpGaD": 0.10468207871396791,
    "CcSEcCtD": 0.116050003118761,
    "CrCbGaD": 0.0017766312226937624
  },
  "n_trials": 0.0,
  "prediction": 0.00636688401328621,
  "status": 0
}