{
  "compound_id": "DB00788",
  "compound_name": "Naproxen",
  "compound_percentile": 0.713235294117647,
  "disease_id": "DOID:2043",
  "disease_name": "hepatitis B",
  "disease_percentile": 0.791287386215865,
  "metapath_contribution": {
    "CbGaD": 0.4051051881696193,
    "CbGbCtD": 0.30184861648150535,
    "CbGeAlD": 0.019491750733125878,
    "CbGpPWpGaD": 0.052146711752769845,
    "CcSEcCtD": 0.2197887337519005,
    "CrCbGaD": 0.0016189991110791497
  },
  "n_trials": 0.0,
  "prediction": 0.00220343633563391,
  "status": 0,
  "training_prediction": 0.00267411005492008
}