{
  "compound_id": "DB00983",
  "compound_name": "Formoterol",
  "compound_percentile": 0.75,
  "disease_id": "DOID:1936",
  "disease_name": "atherosclerosis",
  "disease_percentile": 0.457737321196359,
  "metapath_contribution": {
    "CbGbCtD": 0.710298938291976,
    "CbGpPWpGaD": 0.048727730697941056,
    "CcSEcCtD": 0.24097333101008298
  },
  "n_trials": 0.0,
  "prediction": 0.001724063021038,
  "status": 0,
  "training_prediction": 0.00467758720933401
}