{
  "compound_id": "DB05013",
  "compound_name": "Ingenol Mebutate",
  "compound_percentile": 0.933823529411765,
  "disease_id": "DOID:2531",
  "disease_name": "hematologic cancer",
  "disease_percentile": 0.5715214564369311,
  "metapath_contribution": {
    "CbGdCrCtD": 0.010942929872509758,
    "CbGeAlD": 0.14537596042386422,
    "CbGpPWpGaD": 0.6085340595970054,
    "CcSEcCtD": 0.23514705010662082
  },
  "n_trials": 0.0,
  "prediction": 0.00261228167609893,
  "status": 0
}