{
  "compound_id": "DB00500",
  "compound_name": "Tolmetin",
  "compound_percentile": 0.713235294117647,
  "disease_id": "DOID:12849",
  "disease_name": "autistic disorder",
  "disease_percentile": 0.658647594278283,
  "metapath_contribution": {
    "CbGaD": 0.8766949957080744,
    "CbGeAlD": 0.020196720839626457,
    "CbGpPWpGaD": 0.09633302828344485,
    "CrCbGaD": 0.006775255168854259
  },
  "n_trials": 0.0,
  "prediction": 0.00170419402710817,
  "status": 0
}