{
  "compound_id": "DB00120",
  "compound_name": "L-Phenylalanine",
  "compound_percentile": 0.426470588235294,
  "disease_id": "DOID:9074",
  "disease_name": "systemic lupus erythematosus",
  "disease_percentile": 0.13719115734720402,
  "metapath_contribution": {
    "CbGeAlD": 0.6445561082614939,
    "CbGpPWpGaD": 0.34133947568129264,
    "CrCbGaD": 0.014104416057213522
  },
  "n_trials": 0.0,
  "prediction": 0.00100671512815776,
  "status": 0
}