{
  "compound_id": "DB00396",
  "compound_name": "Progesterone",
  "compound_percentile": 0.323529411764706,
  "disease_id": "DOID:3277",
  "disease_name": "thymus cancer",
  "disease_percentile": 0.0754226267880364,
  "metapath_contribution": {
    "CbGeAlD": 0.20158613534690867,
    "CcSEcCtD": 0.7984138646530914
  },
  "n_trials": 0.0,
  "prediction": 0.000852349331912677,
  "status": 0,
  "training_prediction": 0.000384132880098904
}