{
  "compound_id": "DB00719",
  "compound_name": "Azatadine",
  "compound_percentile": 0.875,
  "disease_id": "DOID:10763",
  "disease_name": "hypertension",
  "disease_percentile": 0.11118335500650199,
  "metapath_contribution": {
    "CbGbCtD": 0.5997175304293972,
    "CbGpPWpGaD": 0.1097655650352006,
    "CrCbGaD": 0.012396885904966534,
    "CrCrCtD": 0.2781200186304356
  },
  "n_trials": 0.0,
  "prediction": 0.0013692382406953,
  "status": 0
}