{
  "compound_id": "DB08933",
  "compound_name": "LULICONAZOLE",
  "compound_percentile": 0.977941176470588,
  "disease_id": "DOID:9352",
  "disease_name": "type 2 diabetes mellitus",
  "disease_percentile": 0.741222366710013,
  "metapath_contribution": {
    "CbGaD": 0.35848846116619687,
    "CbGbCtD": 0.6248976598317514,
    "CbGpPWpGaD": 0.01661387900205183
  },
  "n_trials": 0.0,
  "prediction": 0.00421998375382932,
  "status": 0
}