{
  "compound_id": "DB01238",
  "compound_name": "Aripiprazole",
  "compound_percentile": 0.602941176470588,
  "disease_id": "DOID:363",
  "disease_name": "uterine cancer",
  "disease_percentile": 0.499349804941482,
  "metapath_contribution": {
    "CbGbCtD": 0.42140989667493306,
    "CbGeAlD": 0.12576993891451818,
    "CbGpPWpGaD": 0.044982539036037834,
    "CcSEcCtD": 0.4078376253745109
  },
  "n_trials": 0.0,
  "prediction": 0.00166601636675578,
  "status": 0
}