{
  "compound_id": "DB00130",
  "compound_name": "L-Glutamine",
  "compound_percentile": 0.816176470588235,
  "disease_id": "DOID:635",
  "disease_name": "acquired immunodeficiency syndrome",
  "disease_percentile": 0.322496749024707,
  "metapath_contribution": {
    "CbGeAlD": 0.39699334180816365,
    "CbGpPWpGaD": 0.11695840044170105,
    "CcSEcCtD": 0.4860482577501354
  },
  "n_trials": 0.0,
  "prediction": 0.0018587014867432602,
  "status": 0
}