{
  "compound_id": "DB01201",
  "compound_name": "Rifapentine",
  "compound_percentile": 1.0,
  "disease_id": "DOID:1024",
  "disease_name": "leprosy",
  "disease_percentile": 0.9993498049414821,
  "metapath_contribution": {
    "CbGbCtD": 0.13142358546737512,
    "CiPCiCtD": 0.36910743605841334,
    "CrCrCtD": 0.19278735360690916,
    "CrCtD": 0.30668162486730244
  },
  "n_trials": 0.0,
  "prediction": 0.25746876184851103,
  "status": 0
}