{
  "compound_id": "DB06809",
  "compound_name": "Plerixafor",
  "compound_percentile": 0.882352941176471,
  "disease_id": "DOID:4159",
  "disease_name": "skin cancer",
  "disease_percentile": 0.7919375812743821,
  "metapath_contribution": {
    "CbGeAlD": 0.3022581475360751,
    "CbGpPWpGaD": 0.09509953351617877,
    "CcSEcCtD": 0.6026423189477462
  },
  "n_trials": 0.0,
  "prediction": 0.00251827158678307,
  "status": 0
}