{
  "compound_id": "DB01217",
  "compound_name": "Anastrozole",
  "compound_percentile": 0.654411764705882,
  "disease_id": "DOID:418",
  "disease_name": "systemic scleroderma",
  "disease_percentile": 0.891417425227568,
  "metapath_contribution": {
    "CbGbCtD": 0.5124839015364182,
    "CbGeAlD": 0.009837280710245616,
    "CcSEcCtD": 0.47767881775333615
  },
  "n_trials": 0.0,
  "prediction": 0.00342543694145238,
  "status": 0,
  "training_prediction": 0.008141909585178159
}