{
  "compound_id": "DB00316",
  "compound_name": "Acetaminophen",
  "compound_percentile": 0.5,
  "disease_id": "DOID:585",
  "disease_name": "nephrolithiasis",
  "disease_percentile": 0.8361508452535759,
  "metapath_contribution": {
    "CbGbCtD": 0.3387190721341791,
    "CbGeAlD": 0.2116563647299355,
    "CbGpPWpGaD": 0.3227365877749069,
    "CcSEcCtD": 0.12688797536097846
  },
  "n_trials": 0.0,
  "prediction": 0.0022521998614496697,
  "status": 0
}