{
  "compound_id": "DB08881",
  "compound_name": "Vemurafenib",
  "compound_percentile": 0.279411764705882,
  "disease_id": "DOID:4989",
  "disease_name": "pancreatitis",
  "disease_percentile": 0.379713914174252,
  "metapath_contribution": {
    "CbGaD": 0.6126163405584155,
    "CbGeAlD": 0.04666299290636527,
    "CbGpPWpGaD": 0.27878370779027534,
    "CcSEcCtD": 0.05877416805839656,
    "CrCbGaD": 0.003162790686547352
  },
  "n_trials": 0.0,
  "prediction": 0.00127909383389804,
  "status": 0,
  "training_prediction": 0.00157013010679901
}