{
  "compound_id": "DB00958",
  "compound_name": "Carboplatin",
  "compound_percentile": 0.970588235294118,
  "disease_id": "DOID:1192",
  "disease_name": "peripheral nervous system neoplasm",
  "disease_percentile": 0.995448634590377,
  "metapath_contribution": {
    "CbGbCtD": 0.2596224881577463,
    "CbGeAlD": 0.0028477357961576586,
    "CbGpPWpGaD": 0.01571831515934004,
    "CcSEcCtD": 0.012919494563548576,
    "CiPCiCtD": 0.4346470348236021,
    "CtDrD": 0.2742449314996053
  },
  "n_trials": 16.0,
  "prediction": 0.0865006138616421,
  "status": 0,
  "training_prediction": 0.595060800926465
}