{
  "compound_id": "DB01267",
  "compound_name": "Paliperidone",
  "compound_percentile": 0.691176470588235,
  "disease_id": "DOID:8893",
  "disease_name": "psoriasis",
  "disease_percentile": 0.668400520156047,
  "metapath_contribution": {
    "CbGbCtD": 0.5312493926523724,
    "CbGpPWpGaD": 0.03522483750808774,
    "CcSEcCtD": 0.43352576983953994
  },
  "n_trials": 0.0,
  "prediction": 0.0023630132664090604,
  "status": 0
}