{
  "compound_id": "DB05260",
  "compound_name": "Gallium nitrate",
  "compound_percentile": 0.8602941176470591,
  "disease_id": "DOID:2355",
  "disease_name": "anemia",
  "disease_percentile": 0.9947984395318601,
  "metapath_contribution": {
    "CbGaD": 0.7259516632912393,
    "CbGeAlD": 0.09950226984376435,
    "CbGpPWpGaD": 0.17454606686499646
  },
  "n_trials": 0.0,
  "prediction": 0.00615663301624097,
  "status": 0
}