{
  "compound_id": "DB06800",
  "compound_name": "Methylnaltrexone",
  "compound_percentile": 0.963235294117647,
  "disease_id": "DOID:1595",
  "disease_name": "endogenous depression",
  "disease_percentile": 0.761378413524057,
  "metapath_contribution": {
    "CbGaD": 0.976456255938263,
    "CbGeAlD": 0.01744091024688519,
    "CrCbGaD": 0.006102833814851868
  },
  "n_trials": 0.0,
  "prediction": 0.00204404712054173,
  "status": 0
}