{
  "compound_id": "DB00131",
  "compound_name": "Adenosine monophosphate",
  "compound_percentile": 0.17647058823529396,
  "disease_id": "DOID:10976",
  "disease_name": "membranous glomerulonephritis",
  "disease_percentile": 0.104681404421326,
  "metapath_contribution": {
    "CbGeAlD": 0.6046468034213307,
    "CbGpPWpGaD": 0.3838197991098906,
    "CrCbGaD": 0.01153339746877874
  },
  "n_trials": 0.0,
  "prediction": 0.0007847000652885219,
  "status": 0
}