{
  "compound_id": "DB00594",
  "compound_name": "Amiloride",
  "compound_percentile": 0.7941176470588229,
  "disease_id": "DOID:1612",
  "disease_name": "breast cancer",
  "disease_percentile": 0.6931079323797139,
  "metapath_contribution": {
    "CbGaD": 0.5517125123617456,
    "CbGdCrCtD": 0.0026617852793190196,
    "CbGeAlD": 0.10557816133408456,
    "CbGpPWpGaD": 0.1648506596958944,
    "CcSEcCtD": 0.17519688132895644
  },
  "n_trials": 0.0,
  "prediction": 0.00356746498225199,
  "status": 0,
  "training_prediction": 0.0194874428551169
}