{
  "compound_id": "DB01283",
  "compound_name": "Lumiracoxib",
  "compound_percentile": 0.7647058823529409,
  "disease_id": "DOID:3070",
  "disease_name": "malignant glioma",
  "disease_percentile": 0.8257477243172952,
  "metapath_contribution": {
    "CbGaD": 0.7946226501442328,
    "CbGbCtD": 0.1147183483711432,
    "CbGpPWpGaD": 0.08147805107924398,
    "CrCbGaD": 0.009180950405380025
  },
  "n_trials": 0.0,
  "prediction": 0.00222016530057467,
  "status": 0
}