{
  "compound_id": "DB00573",
  "compound_name": "Fenoprofen",
  "compound_percentile": 0.529411764705882,
  "disease_id": "DOID:3070",
  "disease_name": "malignant glioma",
  "disease_percentile": 0.305591677503251,
  "metapath_contribution": {
    "CbGaD": 0.9007649958124858,
    "CbGpPWpGaD": 0.03304414564547591,
    "CcSEcCtD": 0.05645636315149986,
    "CrCbGaD": 0.009734495390538394
  },
  "n_trials": 0.0,
  "prediction": 0.0010776345523225,
  "status": 0
}