{
  "compound_id": "DB00411",
  "compound_name": "Carbachol",
  "compound_percentile": 0.5514705882352939,
  "disease_id": "DOID:7147",
  "disease_name": "ankylosing spondylitis",
  "disease_percentile": 0.508452535760728,
  "metapath_contribution": {
    "CbGdCrCtD": 0.08050094925576919,
    "CcSEcCtD": 0.9194990507442308
  },
  "n_trials": 0.0,
  "prediction": 0.00167733264433672,
  "status": 0,
  "training_prediction": 0.00338387481956788
}