{
  "compound_id": "DB06148",
  "compound_name": "Mianserin",
  "compound_percentile": 0.419117647058824,
  "disease_id": "DOID:11714",
  "disease_name": "gestational diabetes",
  "disease_percentile": 0.23407022106632003,
  "metapath_contribution": {
    "CbGeAlD": 0.4581956545640758,
    "CbGpPWpGaD": 0.14055533304444442,
    "CcSEcCtD": 0.4012490123914798
  },
  "n_trials": 0.0,
  "prediction": 0.00118696172563946,
  "status": 0
}