{
  "compound_id": "DB01200",
  "compound_name": "Bromocriptine",
  "compound_percentile": 0.169117647058824,
  "disease_id": "DOID:184",
  "disease_name": "bone cancer",
  "disease_percentile": 0.277633289986996,
  "metapath_contribution": {
    "CbGaD": 0.5957982435055035,
    "CbGeAlD": 0.11268472190987536,
    "CbGpPWpGaD": 0.10284495156982595,
    "CcSEcCtD": 0.1796515215929375,
    "CrCbGaD": 0.00902056142185769
  },
  "n_trials": 0.0,
  "prediction": 0.0011014352747135,
  "status": 0,
  "training_prediction": 0.00157194441872767
}