{
  "compound_id": "DB01420",
  "compound_name": "Testosterone Propionate",
  "compound_percentile": 0.801470588235294,
  "disease_id": "DOID:0050741",
  "disease_name": "alcohol dependence",
  "disease_percentile": 0.358257477243173,
  "metapath_contribution": {
    "CbGbCtD": 0.6014762891980304,
    "CbGeAlD": 0.09600248591108089,
    "CbGpPWpGaD": 0.14488998483406862,
    "CcSEcCtD": 0.15363925288145955,
    "CrCbGaD": 0.003991987175360417
  },
  "n_trials": 0.0,
  "prediction": 0.00171096743618843,
  "status": 0
}