{
  "compound_id": "DB08911",
  "compound_name": "Trametinib",
  "compound_percentile": 0.838235294117647,
  "disease_id": "DOID:9970",
  "disease_name": "obesity",
  "disease_percentile": 0.737971391417425,
  "metapath_contribution": {
    "CbGbCtD": 0.4449498659472017,
    "CbGeAlD": 0.0641762882651066,
    "CbGpPWpGaD": 0.27144663307189226,
    "CcSEcCtD": 0.2194272127157995
  },
  "n_trials": 0.0,
  "prediction": 0.00428659406288784,
  "status": 0
}