{
  "compound_id": "DB01390",
  "compound_name": "Sodium bicarbonate",
  "compound_percentile": 0.8308823529411771,
  "disease_id": "DOID:14227",
  "disease_name": "azoospermia",
  "disease_percentile": 0.809492847854356,
  "metapath_contribution": {
    "CbGeAlD": 0.271232218917719,
    "CbGpPWpGaD": 0.31654697810519455,
    "CcSEcCtD": 0.4122208029770865
  },
  "n_trials": 0.0,
  "prediction": 0.00232094987483891,
  "status": 0
}