{
  "compound_id": "DB00536",
  "compound_name": "Guanidine",
  "compound_percentile": 1.0,
  "disease_id": "DOID:10763",
  "disease_name": "hypertension",
  "disease_percentile": 0.8842652795838749,
  "metapath_contribution": {
    "CbGaD": 0.34385983478740617,
    "CbGbCtD": 0.3805370899610847,
    "CbGeAlD": 0.05494225262159555,
    "CbGpPWpGaD": 0.10921353155580842,
    "CcSEcCtD": 0.11144729107410521
  },
  "n_trials": 0.0,
  "prediction": 0.0171617529397694,
  "status": 0
}