{
  "compound_id": "DB00139",
  "compound_name": "Succinic acid",
  "compound_percentile": 0.933823529411765,
  "disease_id": "DOID:10534",
  "disease_name": "stomach cancer",
  "disease_percentile": 0.864759427828348,
  "metapath_contribution": {
    "CbGaD": 0.7080666917682898,
    "CbGdCrCtD": 0.0031802269149075056,
    "CbGeAlD": 0.10779520430445462,
    "CbGpPWpGaD": 0.1809578770123481
  },
  "n_trials": 0.0,
  "prediction": 0.00292463546129855,
  "status": 0
}