{
  "compound_id": "DB00353",
  "compound_name": "Methylergometrine",
  "compound_percentile": 0.875,
  "disease_id": "DOID:8986",
  "disease_name": "narcolepsy",
  "disease_percentile": 0.97074122236671,
  "metapath_contribution": {
    "CbGaD": 0.7473001972697216,
    "CbGeAlD": 0.08569931368090751,
    "CbGpPWpGaD": 0.16116345100230944,
    "CrCbGaD": 0.005837038047061445
  },
  "n_trials": 0.0,
  "prediction": 0.0024639509064576103,
  "status": 0
}