{
  "compound_id": "DB00246",
  "compound_name": "Ziprasidone",
  "compound_percentile": 0.816176470588235,
  "disease_id": "DOID:10283",
  "disease_name": "prostate cancer",
  "disease_percentile": 0.665799739921977,
  "metapath_contribution": {
    "CbGaD": 0.24876315483220196,
    "CbGbCtD": 0.3389735237352248,
    "CbGeAlD": 0.06414921968647189,
    "CbGpPWpGaD": 0.12895736380085698,
    "CcSEcCtD": 0.21671698629519445,
    "CrCbGaD": 0.0024397516500498312
  },
  "n_trials": 0.0,
  "prediction": 0.00324274714054895,
  "status": 0
}