{
  "compound_id": "DB06594",
  "compound_name": "Agomelatine",
  "compound_percentile": 0.720588235294118,
  "disease_id": "DOID:1793",
  "disease_name": "pancreatic cancer",
  "disease_percentile": 0.43302990897269206,
  "metapath_contribution": {
    "CbGbCtD": 0.4202827147043038,
    "CbGpPWpGaD": 0.3139499108946605,
    "CcSEcCtD": 0.25729543517083703,
    "CrCbGaD": 0.008471939230198778
  },
  "n_trials": 0.0,
  "prediction": 0.00157737778262996,
  "status": 0
}