{
  "compound_id": "DB04898",
  "compound_name": "Ximelagatran",
  "compound_percentile": 0.7941176470588229,
  "disease_id": "DOID:10534",
  "disease_name": "stomach cancer",
  "disease_percentile": 0.8576072821846551,
  "metapath_contribution": {
    "CbGbCtD": 0.12257785628421976,
    "CbGeAlD": 0.5011889505903997,
    "CbGpPWpGaD": 0.37623319312538056
  },
  "n_trials": 0.0,
  "prediction": 0.00286944392362002,
  "status": 0
}