{
  "compound_id": "DB00770",
  "compound_name": "Alprostadil",
  "compound_percentile": 0.25,
  "disease_id": "DOID:11612",
  "disease_name": "polycystic ovary syndrome",
  "disease_percentile": 0.20871261378413503,
  "metapath_contribution": {
    "CbGeAlD": 0.26467917268110813,
    "CbGpPWpGaD": 0.5954477748674528,
    "CcSEcCtD": 0.10978119947167227,
    "CrCbGaD": 0.030091852979766763
  },
  "n_trials": 0.0,
  "prediction": 0.0009137114591930721,
  "status": 0
}