{
  "compound_id": "DB01551",
  "compound_name": "Dihydrocodeine",
  "compound_percentile": 0.963235294117647,
  "disease_id": "DOID:635",
  "disease_name": "acquired immunodeficiency syndrome",
  "disease_percentile": 0.518855656697009,
  "metapath_contribution": {
    "CbGbCtD": 0.7888726805966992,
    "CbGeAlD": 0.0030253455783874152,
    "CcSEcCtD": 0.20810197382491333
  },
  "n_trials": 0.0,
  "prediction": 0.0024920632899360197,
  "status": 0
}