{
  "compound_id": "DB00683",
  "compound_name": "Midazolam",
  "compound_percentile": 0.43382352941176505,
  "disease_id": "DOID:1595",
  "disease_name": "endogenous depression",
  "disease_percentile": 0.20481144343302998,
  "metapath_contribution": {
    "CbGeAlD": 0.6148984684616462,
    "CbGpPWpGaD": 0.37282356455259025,
    "CrCbGaD": 0.012277966985763637
  },
  "n_trials": 11.0,
  "prediction": 0.00107381786147269,
  "status": 0
}