{
  "compound_id": "DB05812",
  "compound_name": "Abiraterone",
  "compound_percentile": 0.36764705882352894,
  "disease_id": "DOID:3312",
  "disease_name": "bipolar disorder",
  "disease_percentile": 0.695058517555267,
  "metapath_contribution": {
    "CbGeAlD": 0.6850706226632165,
    "CbGpPWpGaD": 0.3080280611358772,
    "CrCbGaD": 0.006901316200906189
  },
  "n_trials": 0.0,
  "prediction": 0.0018221314239603,
  "status": 0
}