{
  "category": "DM",
  "compound_id": "DB00444",
  "compound_name": "Teniposide",
  "compound_percentile": 0.977941176470588,
  "disease_id": "DOID:2531",
  "disease_name": "hematologic cancer",
  "disease_percentile": 0.9863459037711311,
  "metapath_contribution": {
    "CbGaD": 0.12823811473398097,
    "CbGbCtD": 0.13930813151276578,
    "CbGdCrCtD": 0.000879267488297974,
    "CbGeAlD": 0.008810686392440271,
    "CbGpPWpGaD": 0.028278779485831816,
    "CcSEcCtD": 0.046562704337637977,
    "CiPCiCtD": 0.3193320163590311,
    "CrCbGaD": 0.0012678617084201495,
    "CrCrCtD": 0.11643304591624576,
    "CrCtD": 0.21088939206534807
  },
  "prediction": 0.0873479081733034,
  "status": 1,
  "training_prediction": 0.664008024956327
}