{
  "compound_id": "DB00388",
  "compound_name": "Phenylephrine",
  "compound_percentile": 0.9191176470588229,
  "disease_id": "DOID:1094",
  "disease_name": "attention deficit hyperactivity disorder",
  "disease_percentile": 0.870611183355007,
  "metapath_contribution": {
    "CbGaD": 0.811574538472361,
    "CbGeAlD": 0.035353057250916364,
    "CbGpPWpGaD": 0.14711572457451633,
    "CrCbGaD": 0.0059566797022063
  },
  "n_trials": 0.0,
  "prediction": 0.00240306195514034,
  "status": 0
}