{
  "compound_id": "DB01212",
  "compound_name": "Ceftriaxone",
  "compound_percentile": 0.125,
  "disease_id": "DOID:11612",
  "disease_name": "polycystic ovary syndrome",
  "disease_percentile": 0.159947984395319,
  "metapath_contribution": {
    "CbGeAlD": 0.7867504656109181,
    "CcSEcCtD": 0.18040068843243193,
    "CrCbGaD": 0.032848845956650004
  },
  "n_trials": 0.0,
  "prediction": 0.00084590331685952,
  "status": 0
}