{
  "compound_id": "DB08916",
  "compound_name": "Afatinib",
  "compound_percentile": 0.272058823529412,
  "disease_id": "DOID:1595",
  "disease_name": "endogenous depression",
  "disease_percentile": 0.22626788036410897,
  "metapath_contribution": {
    "CbGeAlD": 0.8654159541132362,
    "CbGpPWpGaD": 0.1301263514854186,
    "CrCbGaD": 0.0044576944013452096
  },
  "n_trials": 0.0,
  "prediction": 0.0011085147043902802,
  "status": 0
}