{
  "compound_id": "DB00180",
  "compound_name": "Flunisolide",
  "compound_percentile": 0.463235294117647,
  "disease_id": "DOID:4362",
  "disease_name": "cervical cancer",
  "disease_percentile": 0.0572171651495449,
  "metapath_contribution": {
    "CbGbCtD": 0.5759353214169681,
    "CcSEcCtD": 0.4240646785830319
  },
  "n_trials": 0.0,
  "prediction": 0.0007971784825033361,
  "status": 0,
  "training_prediction": 0.000599480882481085
}