{
  "compound_id": "DB00765",
  "compound_name": "Metyrosine",
  "compound_percentile": 0.10294117647058802,
  "disease_id": "DOID:11054",
  "disease_name": "urinary bladder cancer",
  "disease_percentile": 0.26527958387516304,
  "metapath_contribution": {
    "CbGpPWpGaD": 0.45079281937885113,
    "CcSEcCtD": 0.502324498409438,
    "CrCbGaD": 0.046882682211710915
  },
  "n_trials": 0.0,
  "prediction": 0.00108588310458973,
  "status": 0
}