{
  "compound_id": "DB00563",
  "compound_name": "Methotrexate",
  "compound_percentile": 0.25,
  "disease_id": "DOID:13378",
  "disease_name": "Kawasaki disease",
  "disease_percentile": 0.786736020806242,
  "metapath_contribution": {
    "CbGbCtD": 0.8016815682605571,
    "CbGeAlD": 0.1230423369579767,
    "CcSEcCtD": 0.07527609478146614
  },
  "n_trials": 0.0,
  "prediction": 0.00214248458089919,
  "status": 0,
  "training_prediction": 0.0113613310910332
}