{
  "compound_id": "DB01595",
  "compound_name": "Nitrazepam",
  "compound_percentile": 0.38235294117647106,
  "disease_id": "DOID:332",
  "disease_name": "amyotrophic lateral sclerosis",
  "disease_percentile": 0.437581274382315,
  "metapath_contribution": {
    "CbGeAlD": 0.3206525812899399,
    "CbGpPWpGaD": 0.24997163345207626,
    "CcSEcCtD": 0.4293757852579838
  },
  "n_trials": 0.0,
  "prediction": 0.00118791144356345,
  "status": 0
}