{
  "compound_id": "DB01212",
  "compound_name": "Ceftriaxone",
  "compound_percentile": 0.17647058823529396,
  "disease_id": "DOID:2986",
  "disease_name": "IgA glomerulonephritis",
  "disease_percentile": 0.4369310793237971,
  "metapath_contribution": {
    "CbGaD": 0.5590603851981272,
    "CbGeAlD": 0.19016113031975512,
    "CbGpPWpGaD": 0.24841509090265787,
    "CrCbGaD": 0.002363393579459832
  },
  "n_trials": 0.0,
  "prediction": 0.000877768810408871,
  "status": 0
}