{
  "compound_id": "DB01176",
  "compound_name": "Cyclizine",
  "compound_percentile": 0.0514705882352941,
  "disease_id": "DOID:3070",
  "disease_name": "malignant glioma",
  "disease_percentile": 0.100130039011704,
  "metapath_contribution": {
    "CbGpPWpGaD": 0.2800003002459341,
    "CcSEcCtD": 0.5916582130621232,
    "CrCbGaD": 0.1283414866919427
  },
  "n_trials": 0.0,
  "prediction": 0.000745193201309415,
  "status": 0
}