{
  "compound_id": "DB00432",
  "compound_name": "Trifluridine",
  "compound_percentile": 0.36764705882352894,
  "disease_id": "DOID:8893",
  "disease_name": "psoriasis",
  "disease_percentile": 0.0318595578673602,
  "metapath_contribution": {
    "CbGbCtD": 0.6244224095272044,
    "CbGdCrCtD": 0.020736030785099932,
    "CbGeAlD": 0.011561559456114257,
    "CcSEcCtD": 0.34328000023158134
  },
  "n_trials": 0.0,
  "prediction": 0.000805529681213096,
  "status": 0
}