{
  "compound_id": "DB06616",
  "compound_name": "Bosutinib",
  "compound_percentile": 0.639705882352941,
  "disease_id": "DOID:986",
  "disease_name": "alopecia areata",
  "disease_percentile": 0.559817945383615,
  "metapath_contribution": {
    "CbGdCrCtD": 0.014439951565542007,
    "CbGeAlD": 0.4192523721069801,
    "CbGpPWpGaD": 0.5663076763274779
  },
  "n_trials": 0.0,
  "prediction": 0.00152501520575305,
  "status": 0
}