{
  "compound_id": "DB00764",
  "compound_name": "Mometasone",
  "compound_percentile": 0.801470588235294,
  "disease_id": "DOID:635",
  "disease_name": "acquired immunodeficiency syndrome",
  "disease_percentile": 0.230819245773732,
  "metapath_contribution": {
    "CbGbCtD": 0.6757245016826174,
    "CbGeAlD": 0.010643735119434823,
    "CcSEcCtD": 0.3136317631979476
  },
  "n_trials": 0.0,
  "prediction": 0.0015450082557132302,
  "status": 0,
  "training_prediction": 0.0107570673644991
}