{
  "compound_id": "DB01144",
  "compound_name": "Diclofenamide",
  "compound_percentile": 0.9852941176470591,
  "disease_id": "DOID:585",
  "disease_name": "nephrolithiasis",
  "disease_percentile": 0.992847854356307,
  "metapath_contribution": {
    "CbGbCtD": 0.26592643219709267,
    "CbGeAlD": 0.0065714231769704754,
    "CbGpPWpGaD": 0.006791430156118779,
    "CcSEcCtD": 0.005692796227757676,
    "CrCrCtD": 0.2658743553597846,
    "CrCtD": 0.4491435628822757
  },
  "n_trials": 0.0,
  "prediction": 0.0391428086278469,
  "status": 0,
  "training_prediction": 0.018020056364751
}