{
  "compound_id": "DB04868",
  "compound_name": "Nilotinib",
  "compound_percentile": 0.852941176470588,
  "disease_id": "DOID:6364",
  "disease_name": "migraine",
  "disease_percentile": 0.498699609882965,
  "metapath_contribution": {
    "CbGbCtD": 0.6008778129610062,
    "CbGeAlD": 0.09776829446221971,
    "CbGpPWpGaD": 0.09459296920603023,
    "CcSEcCtD": 0.20676092337074387
  },
  "n_trials": 0.0,
  "prediction": 0.00246715098112228,
  "status": 0,
  "training_prediction": 0.0045037120770734206
}