{
  "compound_id": "DB00346",
  "compound_name": "Alfuzosin",
  "compound_percentile": 0.786764705882353,
  "disease_id": "DOID:1324",
  "disease_name": "lung cancer",
  "disease_percentile": 0.561768530559168,
  "metapath_contribution": {
    "CbGbCtD": 0.401299197916255,
    "CbGpPWpGaD": 0.08490545646168794,
    "CcSEcCtD": 0.4963926277717084,
    "CrCbGaD": 0.017402717850348543
  },
  "n_trials": 0.0,
  "prediction": 0.00204268962409842,
  "status": 0
}