{
  "compound_id": "DB01359",
  "compound_name": "Penbutolol",
  "compound_percentile": 0.110294117647059,
  "disease_id": "DOID:11934",
  "disease_name": "head and neck cancer",
  "disease_percentile": 0.27178153446033804,
  "metapath_contribution": {
    "CbGeAlD": 0.026721293784072446,
    "CcSEcCtD": 0.9732787062159276
  },
  "n_trials": 0.0,
  "prediction": 0.00104628291723635,
  "status": 0,
  "training_prediction": 0.00211658618779591
}