{
  "compound_id": "DB00712",
  "compound_name": "Flurbiprofen",
  "compound_percentile": 0.7058823529411771,
  "disease_id": "DOID:4159",
  "disease_name": "skin cancer",
  "disease_percentile": 0.44408322496749,
  "metapath_contribution": {
    "CbGaD": 0.3999684838012395,
    "CbGbCtD": 0.40867796174323395,
    "CbGeAlD": 0.0016427811286575872,
    "CcSEcCtD": 0.1848421767854823,
    "CrCbGaD": 0.00486859654138669
  },
  "n_trials": 0.0,
  "prediction": 0.0015795768114252,
  "status": 0
}