{
  "compound_id": "DB00932",
  "compound_name": "Tipranavir",
  "compound_percentile": 0.897058823529412,
  "disease_id": "DOID:3083",
  "disease_name": "chronic obstructive pulmonary disease",
  "disease_percentile": 0.674902470741222,
  "metapath_contribution": {
    "CbGbCtD": 0.9621860040649448,
    "CbGpPWpGaD": 0.03384571552878905,
    "CrCbGaD": 0.00396828040626611
  },
  "n_trials": 0.0,
  "prediction": 0.00287125292939281,
  "status": 0
}