{
  "compound_id": "DB00443",
  "compound_name": "Betamethasone",
  "compound_percentile": 0.272058823529412,
  "disease_id": "DOID:1793",
  "disease_name": "pancreatic cancer",
  "disease_percentile": 0.0227568270481144,
  "metapath_contribution": {
    "CbGaD": 0.36313138110147436,
    "CbGbCtD": 0.3754229022898621,
    "CbGpPWpGaD": 0.04964110953786983,
    "CcSEcCtD": 0.2118046070707938
  },
  "n_trials": 0.0,
  "prediction": 0.0005799639644018481,
  "status": 0,
  "training_prediction": 0.00934437588500528
}