{
  "compound_id": "DB01418",
  "compound_name": "Acenocoumarol",
  "compound_percentile": 0.4779411764705879,
  "disease_id": "DOID:5041",
  "disease_name": "esophageal cancer",
  "disease_percentile": 0.592327698309493,
  "metapath_contribution": {
    "CbGbCtD": 0.4256770240750036,
    "CbGpPWpGaD": 0.44924154515797,
    "CcSEcCtD": 0.12457027051805325,
    "CrCbGaD": 0.0005111602489731896
  },
  "n_trials": 0.0,
  "prediction": 0.0016762933252192401,
  "status": 0
}