{
  "compound_id": "DB00287",
  "compound_name": "Travoprost",
  "compound_percentile": 0.544117647058823,
  "disease_id": "DOID:3083",
  "disease_name": "chronic obstructive pulmonary disease",
  "disease_percentile": 0.201560468140442,
  "metapath_contribution": {
    "CbGeAlD": 0.10310650116648812,
    "CbGpPWpGaD": 0.03586323494277714,
    "CcSEcCtD": 0.8610302638907347
  },
  "n_trials": 0.0,
  "prediction": 0.00137662890631461,
  "status": 0,
  "training_prediction": 0.00303412238192483
}