{
  "compound_id": "DB01624",
  "compound_name": "Zuclopenthixol",
  "compound_percentile": 0.904411764705882,
  "disease_id": "DOID:8986",
  "disease_name": "narcolepsy",
  "disease_percentile": 0.8784135240572171,
  "metapath_contribution": {
    "CbGaD": 0.757362779760001,
    "CbGeAlD": 0.0788218276512267,
    "CbGpPWpGaD": 0.15658436678177945,
    "CrCbGaD": 0.007231025806992719
  },
  "n_trials": 0.0,
  "prediction": 0.00200157943454612,
  "status": 0
}