{
  "compound_id": "DB01232",
  "compound_name": "Saquinavir",
  "compound_percentile": 0.5735294117647061,
  "disease_id": "DOID:4045",
  "disease_name": "muscle cancer",
  "disease_percentile": 0.630039011703511,
  "metapath_contribution": {
    "CbGbCtD": 0.8298494670482115,
    "CcSEcCtD": 0.17015053295178856
  },
  "n_trials": 0.0,
  "prediction": 0.0017472236013229,
  "status": 0,
  "training_prediction": 0.00284944529877469
}