{
  "compound_id": "DB00173",
  "compound_name": "Adenine",
  "compound_percentile": 0.0808823529411765,
  "disease_id": "DOID:2394",
  "disease_name": "ovarian cancer",
  "disease_percentile": 0.378413524057217,
  "metapath_contribution": {
    "CbGdCrCtD": 0.02206025634935146,
    "CbGeAlD": 0.6351676660793044,
    "CbGpPWpGaD": 0.3427720775713442
  },
  "n_trials": 0.0,
  "prediction": 0.00124470283762194,
  "status": 0
}