{
  "compound_id": "DB00564",
  "compound_name": "Carbamazepine",
  "compound_percentile": 0.875,
  "disease_id": "DOID:1686",
  "disease_name": "glaucoma",
  "disease_percentile": 0.395318595578674,
  "metapath_contribution": {
    "CbGbCtD": 0.24294955978424507,
    "CbGpPWpGaD": 0.018152332719142808,
    "CcSEcCtD": 0.18548721557038259,
    "CpDpCtD": 0.5525311821760268,
    "CrCbGaD": 0.0008797097502028691
  },
  "n_trials": 0.0,
  "prediction": 0.00163150659177147,
  "status": 0,
  "training_prediction": 0.00690999706963894
}