{
  "compound_id": "DB06697",
  "compound_name": "Artemether",
  "compound_percentile": 0.852941176470588,
  "disease_id": "DOID:1324",
  "disease_name": "lung cancer",
  "disease_percentile": 0.830299089726918,
  "metapath_contribution": {
    "CbGbCtD": 0.8755868270550876,
    "CbGpPWpGaD": 0.12441317294491236
  },
  "n_trials": 0.0,
  "prediction": 0.0037829766127632797,
  "status": 0,
  "training_prediction": 0.0128583413002085
}