{
  "compound_id": "DB00357",
  "compound_name": "Aminoglutethimide",
  "compound_percentile": 0.9558823529411771,
  "disease_id": "DOID:363",
  "disease_name": "uterine cancer",
  "disease_percentile": 0.94408322496749,
  "metapath_contribution": {
    "CbGaD": 0.7003167343555932,
    "CbGbCtD": 0.1698272008154196,
    "CbGeAlD": 0.04874970028327037,
    "CbGpPWpGaD": 0.04310480355092291,
    "CcSEcCtD": 0.035021687985022414,
    "CrCbGaD": 0.0029798730097716857
  },
  "n_trials": 0.0,
  "prediction": 0.00547133426149991,
  "status": 0
}