{
  "compound_id": "DB01180",
  "compound_name": "Rescinnamine",
  "compound_percentile": 0.7941176470588229,
  "disease_id": "DOID:263",
  "disease_name": "kidney cancer",
  "disease_percentile": 0.611183355006502,
  "metapath_contribution": {
    "CbGeAlD": 0.06382668941272261,
    "CbGpPWpGaD": 0.00291165556558179,
    "CcSEcCtD": 0.16317542874955585,
    "CrCbGaD": 0.0012642711569398205,
    "CrCrCtD": 0.7688219551152
  },
  "n_trials": 0.0,
  "prediction": 0.0021379379536119,
  "status": 0
}