{
  "compound_id": "DB00672",
  "compound_name": "Chlorpropamide",
  "compound_percentile": 0.639705882352941,
  "disease_id": "DOID:2998",
  "disease_name": "testicular cancer",
  "disease_percentile": 0.217815344603381,
  "metapath_contribution": {
    "CbGbCtD": 0.8318993107583305,
    "CcSEcCtD": 0.1681006892416696
  },
  "n_trials": 0.0,
  "prediction": 0.00113131508228403,
  "status": 0,
  "training_prediction": 0.0029012073897996
}