{
  "compound_id": "DB00472",
  "compound_name": "Fluoxetine",
  "compound_percentile": 0.5514705882352939,
  "disease_id": "DOID:8986",
  "disease_name": "narcolepsy",
  "disease_percentile": 0.8725617685305591,
  "metapath_contribution": {
    "CbGaD": 0.872626441607754,
    "CbGeAlD": 0.1014728174359826,
    "CbGpPWpGaD": 0.023769064119108257,
    "CrCbGaD": 0.002131676837155154
  },
  "n_trials": 0.0,
  "prediction": 0.0019772384347830603,
  "status": 0
}