{
  "compound_id": "DB00449",
  "compound_name": "Dipivefrin",
  "compound_percentile": 0.8602941176470591,
  "disease_id": "DOID:11612",
  "disease_name": "polycystic ovary syndrome",
  "disease_percentile": 0.9115734720416121,
  "metapath_contribution": {
    "CbGaD": 0.8261244538564654,
    "CbGeAlD": 0.0044320079783599295,
    "CbGpPWpGaD": 0.1621075799141062,
    "CrCbGaD": 0.007335958251068496
  },
  "n_trials": 0.0,
  "prediction": 0.0026920000531220198,
  "status": 0,
  "training_prediction": 0.00121444653797071
}