{
  "compound_id": "DB01255",
  "compound_name": "Lisdexamfetamine",
  "compound_percentile": 0.948529411764706,
  "disease_id": "DOID:9744",
  "disease_name": "type 1 diabetes mellitus",
  "disease_percentile": 0.966189856957087,
  "metapath_contribution": {
    "CbGaD": 0.5181836810875792,
    "CbGpPWpGaD": 0.021119387610387473,
    "CcSEcCtD": 0.015916842763487208,
    "CrCbGaD": 0.0025670135341023816,
    "CrCrCtD": 0.4422130750044438
  },
  "n_trials": 0.0,
  "prediction": 0.00396622004095605,
  "status": 0
}