{
  "compound_id": "DB01199",
  "compound_name": "Tubocurarine",
  "compound_percentile": 0.992647058823529,
  "disease_id": "DOID:6364",
  "disease_name": "migraine",
  "disease_percentile": 0.842002600780234,
  "metapath_contribution": {
    "CbGaD": 0.7023691289259314,
    "CbGbCtD": 0.2507094451445512,
    "CbGeAlD": 0.021302955746845483,
    "CbGpPWpGaD": 0.025618470182671958
  },
  "n_trials": 0.0,
  "prediction": 0.00588539814659784,
  "status": 0
}