{
  "compound_id": "DB00696",
  "compound_name": "Ergotamine",
  "compound_percentile": 0.6985294117647061,
  "disease_id": "DOID:12365",
  "disease_name": "malaria",
  "disease_percentile": 0.340052015604681,
  "metapath_contribution": {
    "CbGbCtD": 0.8137692896425955,
    "CbGeAlD": 0.060622503961138226,
    "CcSEcCtD": 0.12560820639626633
  },
  "n_trials": 0.0,
  "prediction": 0.00167022067917941,
  "status": 0
}