{
  "compound_id": "DB06287",
  "compound_name": "Temsirolimus",
  "compound_percentile": 0.13235294117647098,
  "disease_id": "DOID:3070",
  "disease_name": "malignant glioma",
  "disease_percentile": 0.0370611183355007,
  "metapath_contribution": {
    "CbGbCtD": 0.05017314648685331,
    "CbGeAlD": 0.0618566658722605,
    "CbGpPWpGaD": 0.48076213862599365,
    "CcSEcCtD": 0.39600709750460616,
    "CrCbGaD": 0.011200951510286421
  },
  "n_trials": 0.0,
  "prediction": 0.0005833737855247991,
  "status": 0,
  "training_prediction": 0.00043014424110575296
}