{
  "compound_id": "DB00140",
  "compound_name": "Riboflavin",
  "compound_percentile": 0.897058823529412,
  "disease_id": "DOID:1936",
  "disease_name": "atherosclerosis",
  "disease_percentile": 0.8862158647594279,
  "metapath_contribution": {
    "CbGaD": 0.7245262249876127,
    "CbGbCtD": 0.050691430394468315,
    "CbGeAlD": 0.038574408085845925,
    "CbGpPWpGaD": 0.18620793653207302
  },
  "n_trials": 0.0,
  "prediction": 0.003953272858553379,
  "status": 0
}