{
  "compound_id": "DB06770",
  "compound_name": "Benzyl alcohol",
  "compound_percentile": 0.661764705882353,
  "disease_id": "DOID:14330",
  "disease_name": "Parkinson's disease",
  "disease_percentile": 0.5747724317295191,
  "metapath_contribution": {
    "CbGaD": 0.8416945070951688,
    "CbGpPWpGaD": 0.14516885282312822,
    "CrCbGaD": 0.01313664008170298
  },
  "n_trials": 0.0,
  "prediction": 0.0015352501396067699,
  "status": 0
}