{
  "compound_id": "DB00373",
  "compound_name": "Timolol",
  "compound_percentile": 0.9558823529411771,
  "disease_id": "DOID:9970",
  "disease_name": "obesity",
  "disease_percentile": 0.94408322496749,
  "metapath_contribution": {
    "CbGaD": 0.3010934284444452,
    "CbGbCtD": 0.20809365203429248,
    "CbGeAlD": 0.008350698667642141,
    "CbGpPWpGaD": 0.045618751875468294,
    "CcSEcCtD": 0.07325828918233163,
    "CrCbGaD": 0.002412761235247619,
    "CtDrD": 0.3611724185605726
  },
  "n_trials": 0.0,
  "prediction": 0.0131309679437769,
  "status": 0,
  "training_prediction": 0.0887445986586593
}