{
  "compound_id": "DB01260",
  "compound_name": "Desonide",
  "compound_percentile": 0.801470588235294,
  "disease_id": "DOID:1686",
  "disease_name": "glaucoma",
  "disease_percentile": 0.0481144343302991,
  "metapath_contribution": {
    "CbGaD": 0.8111559434449799,
    "CcSEcCtD": 0.18013917264525348,
    "CrCbGaD": 0.008704883909766623
  },
  "n_trials": 0.0,
  "prediction": 0.000838287352228137,
  "status": 0,
  "training_prediction": 0.0035595881307694103
}