{
  "compound_id": "DB01406",
  "compound_name": "Danazol",
  "compound_percentile": 0.588235294117647,
  "disease_id": "DOID:2998",
  "disease_name": "testicular cancer",
  "disease_percentile": 0.0923276983094928,
  "metapath_contribution": {
    "CbGeAlD": 0.49675593291488906,
    "CbGpPWpGaD": 0.10385242198564305,
    "CcSEcCtD": 0.39939164509946795
  },
  "n_trials": 0.0,
  "prediction": 0.000926884145561767,
  "status": 0
}