{
  "compound_id": "DB00308",
  "compound_name": "Ibutilide",
  "compound_percentile": 0.411764705882353,
  "disease_id": "DOID:10283",
  "disease_name": "prostate cancer",
  "disease_percentile": 0.345253576072822,
  "metapath_contribution": {
    "CbGeAlD": 0.24342757976813173,
    "CbGpPWpGaD": 0.4042446632929584,
    "CcSEcCtD": 0.34593628967395545,
    "CrCbGaD": 0.006391467264954506
  },
  "n_trials": 0.0,
  "prediction": 0.00171143188067333,
  "status": 0
}