{
  "compound_id": "DB01392",
  "compound_name": "Yohimbine",
  "compound_percentile": 0.727941176470588,
  "disease_id": "DOID:784",
  "disease_name": "chronic kidney failure",
  "disease_percentile": 0.533159947984395,
  "metapath_contribution": {
    "CbGaD": 0.5918907432582678,
    "CbGeAlD": 0.13968513763261883,
    "CbGpPWpGaD": 0.25197207877935196,
    "CrCbGaD": 0.016452040329761344
  },
  "n_trials": 0.0,
  "prediction": 0.00162557913904725,
  "status": 0
}