{
  "compound_id": "DB00807",
  "compound_name": "Proparacaine",
  "compound_percentile": 0.9191176470588229,
  "disease_id": "DOID:1612",
  "disease_name": "breast cancer",
  "disease_percentile": 0.229518855656697,
  "metapath_contribution": {
    "CbGaD": 0.7957845365920905,
    "CbGpPWpGaD": 0.08896231525075277,
    "CcSEcCtD": 0.10569173914850821,
    "CrCbGaD": 0.009561409008648533
  },
  "n_trials": 0.0,
  "prediction": 0.00137620956352162,
  "status": 0
}