{
  "compound_id": "DB05260",
  "compound_name": "Gallium nitrate",
  "compound_percentile": 0.588235294117647,
  "disease_id": "DOID:184",
  "disease_name": "bone cancer",
  "disease_percentile": 0.867360208062419,
  "metapath_contribution": {
    "CbGeAlD": 0.5287706960096217,
    "CbGpPWpGaD": 0.36171827539637413,
    "CcSEcCtD": 0.10951102859400415
  },
  "n_trials": 0.0,
  "prediction": 0.00284825478962032,
  "status": 0
}