{
  "compound_id": "DB00359",
  "compound_name": "Sulfadiazine",
  "compound_percentile": 0.757352941176471,
  "disease_id": "DOID:8893",
  "disease_name": "psoriasis",
  "disease_percentile": 0.32704811443433,
  "metapath_contribution": {
    "CbGbCtD": 0.7650455795562374,
    "CbGpPWpGaD": 0.003373570617666432,
    "CcSEcCtD": 0.23144229950714698,
    "CrCbGaD": 0.00013855031894919112
  },
  "n_trials": 0.0,
  "prediction": 0.0014495855108267901,
  "status": 0,
  "training_prediction": 0.0061431197202390896
}