{
  "compound_id": "DB01415",
  "compound_name": "Ceftibuten",
  "compound_percentile": 0.977941176470588,
  "disease_id": "DOID:2377",
  "disease_name": "multiple sclerosis",
  "disease_percentile": 0.654746423927178,
  "metapath_contribution": {
    "CbGaD": 0.9139561783272153,
    "CcSEcCtD": 0.0789255959718843,
    "CrCbGaD": 0.007118225700900393
  },
  "n_trials": 0.0,
  "prediction": 0.00226916667968076,
  "status": 0
}