{
  "compound_id": "DB00594",
  "compound_name": "Amiloride",
  "compound_percentile": 0.28676470588235303,
  "disease_id": "DOID:9074",
  "disease_name": "systemic lupus erythematosus",
  "disease_percentile": 0.499349804941482,
  "metapath_contribution": {
    "CbGdCrCtD": 0.01423584994124912,
    "CbGeAlD": 0.36420372226461206,
    "CbGpPWpGaD": 0.2564433153675423,
    "CcSEcCtD": 0.36511711242659656
  },
  "n_trials": 0.0,
  "prediction": 0.00189273058061998,
  "status": 0,
  "training_prediction": 0.00550485192514664
}