{
  "compound_id": "DB06605",
  "compound_name": "Apixaban",
  "compound_percentile": 1.0,
  "disease_id": "DOID:10763",
  "disease_name": "hypertension",
  "disease_percentile": 0.8472041612483739,
  "metapath_contribution": {
    "CbGaD": 0.3784212211389612,
    "CbGbCtD": 0.4146034881527592,
    "CbGeAlD": 0.019360152076176577,
    "CbGpPWpGaD": 0.0912123569127268,
    "CcSEcCtD": 0.09640278171937618
  },
  "n_trials": 0.0,
  "prediction": 0.0128381566566954,
  "status": 0
}