{
  "compound_id": "DB01400",
  "compound_name": "Neostigmine",
  "compound_percentile": 0.8897058823529409,
  "disease_id": "DOID:8577",
  "disease_name": "ulcerative colitis",
  "disease_percentile": 0.6508452535760729,
  "metapath_contribution": {
    "CbGaD": 0.48969907868684437,
    "CbGbCtD": 0.36895198646012084,
    "CcSEcCtD": 0.14134893485303476
  },
  "n_trials": 0.0,
  "prediction": 0.00256519394342473,
  "status": 0
}