{
  "compound_id": "DB00968",
  "compound_name": "Methyldopa",
  "compound_percentile": 0.11764705882352902,
  "disease_id": "DOID:1909",
  "disease_name": "melanoma",
  "disease_percentile": 0.228218465539662,
  "metapath_contribution": {
    "CbGpPWpGaD": 0.477208160955061,
    "CcSEcCtD": 0.5050453270094252,
    "CrCbGaD": 0.017746512035513723
  },
  "n_trials": 0.0,
  "prediction": 0.000926328846363032,
  "status": 0,
  "training_prediction": 0.00169314510461051
}