{
  "compound_id": "DB00615",
  "compound_name": "Rifabutin",
  "compound_percentile": 0.595588235294118,
  "disease_id": "DOID:10534",
  "disease_name": "stomach cancer",
  "disease_percentile": 0.639791937581274,
  "metapath_contribution": {
    "CbGeAlD": 0.225664624046599,
    "CbGpPWpGaD": 0.4417856056051019,
    "CcSEcCtD": 0.33119846187133056,
    "CrCbGaD": 0.0013513084769685628
  },
  "n_trials": 0.0,
  "prediction": 0.0018961200254367398,
  "status": 0
}