{
  "compound_id": "DB00718",
  "compound_name": "Adefovir Dipivoxil",
  "compound_percentile": 0.0367647058823529,
  "disease_id": "DOID:1909",
  "disease_name": "melanoma",
  "disease_percentile": 0.463589076723017,
  "metapath_contribution": {
    "CbGeAlD": 0.3251264572538996,
    "CbGpPWpGaD": 0.3775096515604888,
    "CcSEcCtD": 0.2973638911856116
  },
  "n_trials": 0.0,
  "prediction": 0.00135422492072729,
  "status": 0,
  "training_prediction": 0.00247437685281999
}