{
  "compound_id": "DB00309",
  "compound_name": "Vindesine",
  "compound_percentile": 0.970588235294118,
  "disease_id": "DOID:263",
  "disease_name": "kidney cancer",
  "disease_percentile": 0.966189856957087,
  "metapath_contribution": {
    "CbGbCtD": 0.21725117821616935,
    "CrCbGaD": 0.00112591053211987,
    "CrCrCtD": 0.3008519698216504,
    "CrCtD": 0.48077094143006033
  },
  "n_trials": 0.0,
  "prediction": 0.012008160691277001,
  "status": 0
}