{
  "compound_id": "DB00451",
  "compound_name": "Levothyroxine",
  "compound_percentile": 0.7647058823529409,
  "disease_id": "DOID:219",
  "disease_name": "colon cancer",
  "disease_percentile": 0.8368010403120941,
  "metapath_contribution": {
    "CbGaD": 0.28540703778444293,
    "CbGbCtD": 0.580638776127074,
    "CbGeAlD": 0.06172253766401074,
    "CbGpPWpGaD": 0.01724575257463908,
    "CcSEcCtD": 0.053759999052568425,
    "CrCbGaD": 0.0012258967972648483
  },
  "n_trials": 0.0,
  "prediction": 0.0025669442626628,
  "status": 0,
  "training_prediction": 0.0036611923497795
}