{
  "compound_id": "DB00132",
  "compound_name": "Alpha-Linolenic Acid",
  "compound_percentile": 0.360294117647059,
  "disease_id": "DOID:4606",
  "disease_name": "bile duct cancer",
  "disease_percentile": 0.553966189856957,
  "metapath_contribution": {
    "CbGeAlD": 0.21249692701329004,
    "CbGpPWpGaD": 0.7209703294866682,
    "CrCbGaD": 0.06653274350004183
  },
  "n_trials": 0.0,
  "prediction": 0.00126558876884846,
  "status": 0
}