{
  "compound_id": "DB00575",
  "compound_name": "Clonidine",
  "compound_percentile": 0.602941176470588,
  "disease_id": "DOID:0060073",
  "disease_name": "lymphatic system cancer",
  "disease_percentile": 0.6079323797139139,
  "metapath_contribution": {
    "CbGbCtD": 0.7450419721737894,
    "CbGdCrCtD": 0.008307387696738023,
    "CcSEcCtD": 0.2466506401294726
  },
  "n_trials": 0.0,
  "prediction": 0.0017826439396377398,
  "status": 0,
  "training_prediction": 0.00652824736197803
}