{
  "compound_id": "DB00176",
  "compound_name": "Fluvoxamine",
  "compound_percentile": 0.720588235294118,
  "disease_id": "DOID:2394",
  "disease_name": "ovarian cancer",
  "disease_percentile": 0.927178153446034,
  "metapath_contribution": {
    "CbGaD": 0.2538873253596013,
    "CbGbCtD": 0.4505747250140695,
    "CbGeAlD": 0.0050926425430084426,
    "CbGpPWpGaD": 0.03203762497114284,
    "CcSEcCtD": 0.25840768211217785
  },
  "n_trials": 0.0,
  "prediction": 0.00354932275362049,
  "status": 0
}