{
  "compound_id": "DB00223",
  "compound_name": "Diflorasone",
  "compound_percentile": 0.0294117647058824,
  "disease_id": "DOID:1324",
  "disease_name": "lung cancer",
  "disease_percentile": 0.0110533159947984,
  "metapath_contribution": {
    "CbGpPWpGaD": 0.6023630480747494,
    "CcSEcCtD": 0.22799474744296241,
    "CrCbGaD": 0.16964220448228817
  },
  "n_trials": 0.0,
  "prediction": 0.000461796899974141,
  "status": 0
}