{
  "compound_id": "DB00792",
  "compound_name": "Tripelennamine",
  "compound_percentile": 0.17647058823529396,
  "disease_id": "DOID:1324",
  "disease_name": "lung cancer",
  "disease_percentile": 0.0786736020806242,
  "metapath_contribution": {
    "CbGbCtD": 0.9455118420526748,
    "CbGpPWpGaD": 0.0373995263826694,
    "CrCbGaD": 0.017088631564655732
  },
  "n_trials": 0.0,
  "prediction": 0.000772014898562532,
  "status": 0
}