{
  "compound_id": "DB00710",
  "compound_name": "Ibandronate",
  "compound_percentile": 0.0220588235294118,
  "disease_id": "DOID:2531",
  "disease_name": "hematologic cancer",
  "disease_percentile": 0.0656697009102731,
  "metapath_contribution": {
    "CbGeAlD": 0.04626366568600181,
    "CcSEcCtD": 0.9537363343139982
  },
  "n_trials": 1.0,
  "prediction": 0.0008506525685760231,
  "status": 0,
  "training_prediction": 0.0076915326955156295
}