{
  "compound_id": "DB00399",
  "compound_name": "Zoledronate",
  "compound_percentile": 0.595588235294118,
  "disease_id": "DOID:418",
  "disease_name": "systemic scleroderma",
  "disease_percentile": 0.429778933680104,
  "metapath_contribution": {
    "CbGeAlD": 0.10282444966417167,
    "CcSEcCtD": 0.8971755503358283
  },
  "n_trials": 0.0,
  "prediction": 0.00154971514082896,
  "status": 0,
  "training_prediction": 0.00614880632848512
}