{
  "compound_id": "DB00939",
  "compound_name": "Meclofenamic acid",
  "compound_percentile": 0.838235294117647,
  "disease_id": "DOID:635",
  "disease_name": "acquired immunodeficiency syndrome",
  "disease_percentile": 0.439531859557867,
  "metapath_contribution": {
    "CbGbCtD": 0.6388079127891407,
    "CbGeAlD": 0.07861523651064362,
    "CcSEcCtD": 0.2810169571940312,
    "CrCbGaD": 0.001559893506184472
  },
  "n_trials": 0.0,
  "prediction": 0.00221718178831065,
  "status": 0
}