{
  "compound_id": "DB00131",
  "compound_name": "Adenosine monophosphate",
  "compound_percentile": 0.8308823529411771,
  "disease_id": "DOID:11612",
  "disease_name": "polycystic ovary syndrome",
  "disease_percentile": 0.530559167750325,
  "metapath_contribution": {
    "CbGbCtD": 0.6838911845613849,
    "CbGeAlD": 0.12554430258238578,
    "CbGpPWpGaD": 0.18783196388666795,
    "CrCbGaD": 0.0027325489695614515
  },
  "n_trials": 0.0,
  "prediction": 0.00147086224890338,
  "status": 0
}