{
  "compound_id": "DB00604",
  "compound_name": "Cisapride",
  "compound_percentile": 0.5735294117647061,
  "disease_id": "DOID:4989",
  "disease_name": "pancreatitis",
  "disease_percentile": 0.5942782834850461,
  "metapath_contribution": {
    "CbGaD": 0.7865557398754728,
    "CbGpPWpGaD": 0.2117540201717585,
    "CrCbGaD": 0.0016902399527686112
  },
  "n_trials": 0.0,
  "prediction": 0.00165648622163121,
  "status": 0
}