{
  "compound_id": "DB06705",
  "compound_name": "Gadofosveset trisodium",
  "compound_percentile": 0.904411764705882,
  "disease_id": "DOID:1612",
  "disease_name": "breast cancer",
  "disease_percentile": 0.654096228868661,
  "metapath_contribution": {
    "CbGaD": 0.47335420724546406,
    "CbGbCtD": 0.1381066306242899,
    "CbGpPWpGaD": 0.034386228528246444,
    "CcSEcCtD": 0.34932795141313383,
    "CrCbGaD": 0.00482498218886588
  },
  "n_trials": 2.0,
  "prediction": 0.00329763945251055,
  "status": 0
}