{
  "compound_id": "DB00808",
  "compound_name": "Indapamide",
  "compound_percentile": 0.713235294117647,
  "disease_id": "DOID:363",
  "disease_name": "uterine cancer",
  "disease_percentile": 0.5019505851755529,
  "metapath_contribution": {
    "CbGeAlD": 0.18448048106536527,
    "CcSEcCtD": 0.8155195189346347
  },
  "n_trials": 0.0,
  "prediction": 0.00167573306159685,
  "status": 0,
  "training_prediction": 0.00306100645183671
}