{
  "compound_id": "DB00811",
  "compound_name": "Ribavirin",
  "compound_percentile": 0.49264705882352894,
  "disease_id": "DOID:11476",
  "disease_name": "osteoporosis",
  "disease_percentile": 0.0676202860858258,
  "metapath_contribution": {
    "CbGeAlD": 0.005281663202599361,
    "CbGpPWpGaD": 0.36882384246825467,
    "CcSEcCtD": 0.6244043521219218,
    "CrCbGaD": 0.001490142207224157
  },
  "n_trials": 0.0,
  "prediction": 0.0009202150984098349,
  "status": 0
}