{
  "compound_id": "DB00343",
  "compound_name": "Diltiazem",
  "compound_percentile": 0.5367647058823529,
  "disease_id": "DOID:4362",
  "disease_name": "cervical cancer",
  "disease_percentile": 0.311443433029909,
  "metapath_contribution": {
    "CbGbCtD": 0.8299118854462981,
    "CcSEcCtD": 0.17008811455370187
  },
  "n_trials": 0.0,
  "prediction": 0.00114139293677711,
  "status": 0,
  "training_prediction": 0.000514479481796166
}