{
  "compound_id": "DB00359",
  "compound_name": "Sulfadiazine",
  "compound_percentile": 0.691176470588235,
  "disease_id": "DOID:1793",
  "disease_name": "pancreatic cancer",
  "disease_percentile": 0.315344603381014,
  "metapath_contribution": {
    "CbGbCtD": 0.786258580029145,
    "CcSEcCtD": 0.21252858708131184,
    "CrCbGaD": 0.0012128328895432815
  },
  "n_trials": 0.0,
  "prediction": 0.0013357068015425401,
  "status": 0,
  "training_prediction": 0.0031840300546498697
}