{
  "compound_id": "DB06204",
  "compound_name": "Tapentadol",
  "compound_percentile": 0.661764705882353,
  "disease_id": "DOID:585",
  "disease_name": "nephrolithiasis",
  "disease_percentile": 0.5351105331599479,
  "metapath_contribution": {
    "CbGeAlD": 0.1322563543512412,
    "CbGpPWpGaD": 0.2774597581485537,
    "CcSEcCtD": 0.5902838875002051
  },
  "n_trials": 0.0,
  "prediction": 0.00158792434291356,
  "status": 0
}