{
  "compound_id": "DB00865",
  "compound_name": "Benzphetamine",
  "compound_percentile": 0.801470588235294,
  "disease_id": "DOID:9744",
  "disease_name": "type 1 diabetes mellitus",
  "disease_percentile": 0.40052015604681396,
  "metapath_contribution": {
    "CbGaD": 0.9477932450845082,
    "CbGeAlD": 0.005888317152395183,
    "CbGpPWpGaD": 0.04086811364505511,
    "CrCbGaD": 0.00545032411804141
  },
  "n_trials": 0.0,
  "prediction": 0.00124935745822878,
  "status": 0,
  "training_prediction": 0.0005631776042044041
}