{
  "compound_id": "DB00812",
  "compound_name": "Phenylbutazone",
  "compound_percentile": 0.867647058823529,
  "disease_id": "DOID:10652",
  "disease_name": "Alzheimer's disease",
  "disease_percentile": 0.630039011703511,
  "metapath_contribution": {
    "CbGaD": 0.5895293445516724,
    "CbGbCtD": 0.2565847672092255,
    "CbGeAlD": 0.05086844194330447,
    "CbGpPWpGaD": 0.0993500201910053,
    "CrCbGaD": 0.0036674261047924626
  },
  "n_trials": 0.0,
  "prediction": 0.00222279111518277,
  "status": 0
}