{
  "compound_id": "DB01176",
  "compound_name": "Cyclizine",
  "compound_percentile": 0.49264705882352894,
  "disease_id": "DOID:219",
  "disease_name": "colon cancer",
  "disease_percentile": 0.171651495448635,
  "metapath_contribution": {
    "CbGbCtD": 0.4484871910961991,
    "CbGeAlD": 0.12078789002457471,
    "CcSEcCtD": 0.43061589154820923,
    "CrCbGaD": 0.00010902733101690221
  },
  "n_trials": 0.0,
  "prediction": 0.0009244535937734721,
  "status": 0
}