{
  "compound_id": "DB00594",
  "compound_name": "Amiloride",
  "compound_percentile": 0.389705882352941,
  "disease_id": "DOID:11934",
  "disease_name": "head and neck cancer",
  "disease_percentile": 0.727568270481144,
  "metapath_contribution": {
    "CbGbCtD": 0.01656514379664388,
    "CbGeAlD": 0.5071579719178081,
    "CbGpPWpGaD": 0.2712089105730178,
    "CcSEcCtD": 0.2050679737125302
  },
  "n_trials": 0.0,
  "prediction": 0.0019745148081099398,
  "status": 0,
  "training_prediction": 0.0023964062828494897
}