{
  "compound_id": "DB00487",
  "compound_name": "Pefloxacin",
  "compound_percentile": 0.823529411764706,
  "disease_id": "DOID:184",
  "disease_name": "bone cancer",
  "disease_percentile": 0.47854356306892104,
  "metapath_contribution": {
    "CbGbCtD": 0.9221669633545753,
    "CbGdCrCtD": 0.007647721809837968,
    "CbGpPWpGaD": 0.06829059511215654,
    "CrCbGaD": 0.001894719723430278
  },
  "n_trials": 0.0,
  "prediction": 0.00148786126186247,
  "status": 0
}