{
  "compound_id": "DB00649",
  "compound_name": "Stavudine",
  "compound_percentile": 0.977941176470588,
  "disease_id": "DOID:2377",
  "disease_name": "multiple sclerosis",
  "disease_percentile": 0.94148244473342,
  "metapath_contribution": {
    "CcSEcCtD": 0.06589272086251229,
    "CiPCiCtD": 0.5403502603384572,
    "CrCrCtD": 0.39375701879903036
  },
  "n_trials": 0.0,
  "prediction": 0.00657197699472061,
  "status": 0,
  "training_prediction": 0.0167111428321578
}