{
  "compound_id": "DB00842",
  "compound_name": "Oxazepam",
  "compound_percentile": 0.5367647058823529,
  "disease_id": "DOID:4989",
  "disease_name": "pancreatitis",
  "disease_percentile": 0.256176853055917,
  "metapath_contribution": {
    "CbGpPWpGaD": 0.202728407754591,
    "CcSEcCtD": 0.7939132754078022,
    "CrCbGaD": 0.003358316837606756
  },
  "n_trials": 0.0,
  "prediction": 0.00108870782024422,
  "status": 0
}