{
  "compound_id": "DB01114",
  "compound_name": "Chlorphenamine",
  "compound_percentile": 0.816176470588235,
  "disease_id": "DOID:2531",
  "disease_name": "hematologic cancer",
  "disease_percentile": 0.254876462938882,
  "metapath_contribution": {
    "CbGaD": 0.27993065775069137,
    "CbGbCtD": 0.5193693471480844,
    "CbGpPWpGaD": 0.0420564184284767,
    "CcSEcCtD": 0.15852746097111206,
    "CrCbGaD": 0.0001161157016355577
  },
  "n_trials": 0.0,
  "prediction": 0.00138923539367094,
  "status": 0
}