{
  "compound_id": "DB00623",
  "compound_name": "Fluphenazine",
  "compound_percentile": 0.448529411764706,
  "disease_id": "DOID:14221",
  "disease_name": "metabolic syndrome X",
  "disease_percentile": 0.11508452535760699,
  "metapath_contribution": {
    "CbGaD": 0.7415425267374397,
    "CbGeAlD": 0.08367774764567956,
    "CbGpPWpGaD": 0.1678061558476965,
    "CrCbGaD": 0.006973569769184238
  },
  "n_trials": 0.0,
  "prediction": 0.00080880930235937,
  "status": 0
}