{
  "compound_id": "DB08912",
  "compound_name": "Dabrafenib",
  "compound_percentile": 0.0808823529411765,
  "disease_id": "DOID:4989",
  "disease_name": "pancreatitis",
  "disease_percentile": 0.42847854356306897,
  "metapath_contribution": {
    "CbGeAlD": 0.05221794784546932,
    "CbGpPWpGaD": 0.7036836199878506,
    "CcSEcCtD": 0.24409843216668015
  },
  "n_trials": 0.0,
  "prediction": 0.00133623596930988,
  "status": 0
}