{
  "compound_id": "DB01167",
  "compound_name": "Itraconazole",
  "compound_percentile": 0.75,
  "disease_id": "DOID:2377",
  "disease_name": "multiple sclerosis",
  "disease_percentile": 0.547464239271782,
  "metapath_contribution": {
    "CbGbCtD": 0.699957314012048,
    "CbGpPWpGaD": 0.053525660183533594,
    "CcSEcCtD": 0.23637558797759617,
    "CrCbGaD": 0.010141437826822213
  },
  "n_trials": 0.0,
  "prediction": 0.0019953054220473803,
  "status": 0
}