{
  "compound_id": "DB01037",
  "compound_name": "Selegiline",
  "compound_percentile": 0.213235294117647,
  "disease_id": "DOID:11612",
  "disease_name": "polycystic ovary syndrome",
  "disease_percentile": 0.22691807542262699,
  "metapath_contribution": {
    "CbGeAlD": 0.28807002478501903,
    "CbGpPWpGaD": 0.38221984047070057,
    "CcSEcCtD": 0.29216448788122823,
    "CrCbGaD": 0.03754564686305224
  },
  "n_trials": 0.0,
  "prediction": 0.0009433190982186,
  "status": 0
}