{
  "compound_id": "DB00154",
  "compound_name": "Dihomo-gamma-linolenic acid",
  "compound_percentile": 0.5220588235294121,
  "disease_id": "DOID:0050741",
  "disease_name": "alcohol dependence",
  "disease_percentile": 0.193107932379714,
  "metapath_contribution": {
    "CbGeAlD": 0.9109887079069202,
    "CbGpPWpGaD": 0.05697834827706811,
    "CrCbGaD": 0.03203294381601155
  },
  "n_trials": 0.0,
  "prediction": 0.00129726637149864,
  "status": 0
}