{
  "compound_id": "DB00135",
  "compound_name": "L-Tyrosine",
  "compound_percentile": 0.911764705882353,
  "disease_id": "DOID:2841",
  "disease_name": "asthma",
  "disease_percentile": 0.4889466840052021,
  "metapath_contribution": {
    "CbGeAlD": 0.09956512632404102,
    "CbGpPWpGaD": 0.04662782886555044,
    "CrCbGaD": 0.005234680866476108,
    "CrCrCtD": 0.8485723639439324
  },
  "n_trials": 0.0,
  "prediction": 0.0024227385273245,
  "status": 0
}