{
  "compound_id": "DB01045",
  "compound_name": "Rifampicin",
  "compound_percentile": 0.602941176470588,
  "disease_id": "DOID:11934",
  "disease_name": "head and neck cancer",
  "disease_percentile": 0.774382314694408,
  "metapath_contribution": {
    "CbGbCtD": 0.9081538376660354,
    "CbGpPWpGaD": 0.09184616233396464
  },
  "n_trials": 0.0,
  "prediction": 0.0020837047557047197,
  "status": 0,
  "training_prediction": 0.00252886755854955
}