{
  "compound_id": "DB00527",
  "compound_name": "Cinchocaine",
  "compound_percentile": 0.426470588235294,
  "disease_id": "DOID:3953",
  "disease_name": "adrenal gland cancer",
  "disease_percentile": 0.14629388816645003,
  "metapath_contribution": {
    "CbGeAlD": 0.32297313350270607,
    "CbGpPWpGaD": 0.6493168042316338,
    "CrCbGaD": 0.027710062265660144
  },
  "n_trials": 0.0,
  "prediction": 0.000805764123140033,
  "status": 0
}