{
  "compound_id": "DB00138",
  "compound_name": "L-Cystine",
  "compound_percentile": 0.11764705882352902,
  "disease_id": "DOID:1909",
  "disease_name": "melanoma",
  "disease_percentile": 0.423927178153446,
  "metapath_contribution": {
    "CbGeAlD": 0.02409013461312532,
    "CbGpPWpGaD": 0.9717893419381628,
    "CrCbGaD": 0.004120523448711942
  },
  "n_trials": 0.0,
  "prediction": 0.00127397872678893,
  "status": 0
}