{
  "compound_id": "DB01094",
  "compound_name": "Hesperetin",
  "compound_percentile": 0.816176470588235,
  "disease_id": "DOID:10763",
  "disease_name": "hypertension",
  "disease_percentile": 0.46879063719115704,
  "metapath_contribution": {
    "CbGbCtD": 0.6563268777978754,
    "CbGeAlD": 0.09485274384581643,
    "CbGpPWpGaD": 0.24882037835630824
  },
  "n_trials": 0.0,
  "prediction": 0.00360233077094593,
  "status": 0
}