{
  "category": "NOT",
  "compound_id": "DB00758",
  "compound_name": "Clopidogrel",
  "compound_percentile": 0.904411764705882,
  "disease_id": "DOID:263",
  "disease_name": "kidney cancer",
  "disease_percentile": 0.882314694408322,
  "metapath_contribution": {
    "CbGaD": 0.1602766082296074,
    "CbGbCtD": 0.5807667917909144,
    "CbGeAlD": 0.008112351560153464,
    "CbGpPWpGaD": 0.03694810380888159,
    "CcSEcCtD": 0.21228338223893825,
    "CrCbGaD": 0.0016127623715050025
  },
  "prediction": 0.004152178727797271,
  "status": 0,
  "training_prediction": 0.0120243249957097
}