{
  "compound_id": "DB01232",
  "compound_name": "Saquinavir",
  "compound_percentile": 0.595588235294118,
  "disease_id": "DOID:784",
  "disease_name": "chronic kidney failure",
  "disease_percentile": 0.633940182054616,
  "metapath_contribution": {
    "CbGaD": 0.769489919380434,
    "CbGeAlD": 0.04684992085481197,
    "CbGpPWpGaD": 0.1733983239278456,
    "CrCbGaD": 0.01026183583690855
  },
  "n_trials": 0.0,
  "prediction": 0.0019053745682541398,
  "status": 0
}