{
  "compound_id": "DB00508",
  "compound_name": "Triflupromazine",
  "compound_percentile": 0.654411764705882,
  "disease_id": "DOID:2531",
  "disease_name": "hematologic cancer",
  "disease_percentile": 0.116384915474642,
  "metapath_contribution": {
    "CbGaD": 0.24273790241728166,
    "CbGbCtD": 0.6361776807819666,
    "CbGpPWpGaD": 0.11788201039872745,
    "CrCbGaD": 0.0032024064020242517
  },
  "n_trials": 0.0,
  "prediction": 0.00101112410094854,
  "status": 0
}