{
  "compound_id": "DB06151",
  "compound_name": "Acetylcysteine",
  "compound_percentile": 0.6764705882352939,
  "disease_id": "DOID:2994",
  "disease_name": "germ cell cancer",
  "disease_percentile": 0.442782834850455,
  "metapath_contribution": {
    "CbGeAlD": 0.4933085786186115,
    "CbGpPWpGaD": 0.3334565218216375,
    "CcSEcCtD": 0.17323489955975105
  },
  "n_trials": 1.0,
  "prediction": 0.00149716309884233,
  "status": 0
}