{
  "compound_id": "DB01213",
  "compound_name": "Fomepizole",
  "compound_percentile": 0.5735294117647061,
  "disease_id": "DOID:4045",
  "disease_name": "muscle cancer",
  "disease_percentile": 0.887516254876463,
  "metapath_contribution": {
    "CbGbCtD": 0.45774020556286205,
    "CbGdCrCtD": 0.03255671866394601,
    "CbGeAlD": 0.29693608868079197,
    "CcSEcCtD": 0.21276698709239997
  },
  "n_trials": 0.0,
  "prediction": 0.0025409742845240104,
  "status": 0
}