{
  "compound_id": "DB00726",
  "compound_name": "Trimipramine",
  "compound_percentile": 0.5735294117647061,
  "disease_id": "DOID:219",
  "disease_name": "colon cancer",
  "disease_percentile": 0.367360208062419,
  "metapath_contribution": {
    "CbGaD": 0.5943758305176221,
    "CbGbCtD": 0.13935444378711176,
    "CbGeAlD": 0.08068484387563873,
    "CcSEcCtD": 0.1838405199457893,
    "CrCbGaD": 0.001744361873838196
  },
  "n_trials": 0.0,
  "prediction": 0.00128745519366348,
  "status": 0
}