{
  "compound_id": "DB01624",
  "compound_name": "Zuclopenthixol",
  "compound_percentile": 0.654411764705882,
  "disease_id": "DOID:1319",
  "disease_name": "brain cancer",
  "disease_percentile": 0.22041612483745102,
  "metapath_contribution": {
    "CbGbCtD": 0.25415901399740937,
    "CbGeAlD": 0.3124629658440864,
    "CbGpPWpGaD": 0.021003383158668096,
    "CcSEcCtD": 0.4014577197073013,
    "CrCbGaD": 0.010916917292534972
  },
  "n_trials": 0.0,
  "prediction": 0.00104367845855164,
  "status": 0
}