{
  "compound_id": "DB00429",
  "compound_name": "Carboprost Tromethamine",
  "compound_percentile": 0.669117647058823,
  "disease_id": "DOID:1793",
  "disease_name": "pancreatic cancer",
  "disease_percentile": 0.341352405721716,
  "metapath_contribution": {
    "CbGpPWpGaD": 0.4823061492102867,
    "CcSEcCtD": 0.5149602157564694,
    "CrCbGaD": 0.0027336350332439105
  },
  "n_trials": 0.0,
  "prediction": 0.00139316633162472,
  "status": 0
}