{
  "compound_id": "DB01340",
  "compound_name": "Cilazapril",
  "compound_percentile": 0.610294117647059,
  "disease_id": "DOID:2998",
  "disease_name": "testicular cancer",
  "disease_percentile": 0.49154746423927204,
  "metapath_contribution": {
    "CbGbCtD": 0.3129913468264238,
    "CbGeAlD": 0.07904039830814216,
    "CcSEcCtD": 0.6079682548654342
  },
  "n_trials": 0.0,
  "prediction": 0.0015778341759162301,
  "status": 0
}