{
  "compound_id": "DB00920",
  "compound_name": "Ketotifen",
  "compound_percentile": 0.169117647058824,
  "disease_id": "DOID:1324",
  "disease_name": "lung cancer",
  "disease_percentile": 0.182704811443433,
  "metapath_contribution": {
    "CbGbCtD": 0.2866243503956717,
    "CbGeAlD": 0.134923213416868,
    "CbGpPWpGaD": 0.29518151908730633,
    "CcSEcCtD": 0.28327091710015406
  },
  "n_trials": 0.0,
  "prediction": 0.0009935555808149369,
  "status": 0,
  "training_prediction": 0.00339993457500014
}