{
  "compound_id": "DB08815",
  "compound_name": "Lurasidone",
  "compound_percentile": 0.867647058823529,
  "disease_id": "DOID:0050742",
  "disease_name": "nicotine dependence",
  "disease_percentile": 0.970091027308192,
  "metapath_contribution": {
    "CbGaD": 0.7973532574967904,
    "CbGeAlD": 2.3041040853202476e-07,
    "CbGpPWpGaD": 0.04876463486101606,
    "CcSEcCtD": 0.15072968318064783,
    "CrCbGaD": 0.003152194051137125
  },
  "n_trials": 0.0,
  "prediction": 0.0044001842205092,
  "status": 0
}