{
  "compound_id": "DB06209",
  "compound_name": "Prasugrel",
  "compound_percentile": 0.977941176470588,
  "disease_id": "DOID:1826",
  "disease_name": "epilepsy syndrome",
  "disease_percentile": 0.490897269180754,
  "metapath_contribution": {
    "CbGaD": 0.25603026652961997,
    "CbGbCtD": 0.5459878702476061,
    "CbGeAlD": 0.0047019172451051305,
    "CbGpPWpGaD": 0.06360000799500379,
    "CcSEcCtD": 0.12823623051189886,
    "CrCbGaD": 0.0014437074707661362
  },
  "n_trials": 0.0,
  "prediction": 0.00330465681139427,
  "status": 0
}