{
  "compound_id": "DB00491",
  "compound_name": "Miglitol",
  "compound_percentile": 0.9852941176470591,
  "disease_id": "DOID:10763",
  "disease_name": "hypertension",
  "disease_percentile": 0.660598179453836,
  "metapath_contribution": {
    "CbGeAlD": 0.07595032912363567,
    "CbGpPWpGaD": 0.0661218295242421,
    "CcSEcCtD": 0.10634040970688259,
    "CtDrD": 0.7515874316452397
  },
  "n_trials": 0.0,
  "prediction": 0.0058742310075499795,
  "status": 0,
  "training_prediction": 0.0660153231691267
}