{
  "compound_id": "DB08901",
  "compound_name": "Ponatinib",
  "compound_percentile": 0.161764705882353,
  "disease_id": "DOID:3312",
  "disease_name": "bipolar disorder",
  "disease_percentile": 0.398569570871261,
  "metapath_contribution": {
    "CbGeAlD": 0.36369024804501787,
    "CbGpPWpGaD": 0.6227766771877924,
    "CrCbGaD": 0.013533074767189786
  },
  "n_trials": 0.0,
  "prediction": 0.00125304193845682,
  "status": 0
}