{
  "compound_id": "DB00977",
  "compound_name": "Ethinyl Estradiol",
  "compound_percentile": 0.360294117647059,
  "disease_id": "DOID:3083",
  "disease_name": "chronic obstructive pulmonary disease",
  "disease_percentile": 0.00650195058517555,
  "metapath_contribution": {
    "CbGbCtD": 0.2767112931227673,
    "CbGpPWpGaD": 0.07032500911376639,
    "CcSEcCtD": 0.22387077960694027,
    "CrCbGaD": 0.004454707057997262,
    "CrCrCtD": 0.4246382110985288
  },
  "n_trials": 0.0,
  "prediction": 0.000729492712919115,
  "status": 0,
  "training_prediction": 0.00267901062275283
}