{
  "compound_id": "DB01165",
  "compound_name": "Ofloxacin",
  "compound_percentile": 0.4779411764705879,
  "disease_id": "DOID:5419",
  "disease_name": "schizophrenia",
  "disease_percentile": 0.267230169050715,
  "metapath_contribution": {
    "CbGaD": 0.9451096555112385,
    "CbGpPWpGaD": 0.045401932935658716,
    "CrCbGaD": 0.009488411553102784
  },
  "n_trials": 0.0,
  "prediction": 0.00109976242860907,
  "status": 0
}