{
  "compound_id": "DB01015",
  "compound_name": "Sulfamethoxazole",
  "compound_percentile": 0.8897058823529409,
  "disease_id": "DOID:3083",
  "disease_name": "chronic obstructive pulmonary disease",
  "disease_percentile": 0.6222366710013001,
  "metapath_contribution": {
    "CbGaD": 0.32478961603673717,
    "CbGbCtD": 0.436886437399595,
    "CbGeAlD": 0.007396647272836236,
    "CbGpPWpGaD": 0.09681607161722462,
    "CcSEcCtD": 0.13195618068863932,
    "CrCbGaD": 0.002155046984967637
  },
  "n_trials": 1.0,
  "prediction": 0.0025716760907831,
  "status": 0
}