{
  "compound_id": "DB00712",
  "compound_name": "Flurbiprofen",
  "compound_percentile": 0.816176470588235,
  "disease_id": "DOID:10283",
  "disease_name": "prostate cancer",
  "disease_percentile": 0.523407022106632,
  "metapath_contribution": {
    "CbGaD": 0.0757104704218463,
    "CbGbCtD": 0.3009392101268994,
    "CbGeAlD": 0.017716977395882492,
    "CbGpPWpGaD": 0.1102557724383786,
    "CcSEcCtD": 0.14644340860485325,
    "CpDpCtD": 0.34575801545139334,
    "CrCbGaD": 0.0031761455607465304
  },
  "n_trials": 0.0,
  "prediction": 0.00237457469494677,
  "status": 0
}