{
  "compound_id": "DB00749",
  "compound_name": "Etodolac",
  "compound_percentile": 0.933823529411765,
  "disease_id": "DOID:418",
  "disease_name": "systemic scleroderma",
  "disease_percentile": 0.9577373211963589,
  "metapath_contribution": {
    "CbGbCtD": 0.4667710117534455,
    "CbGdCrCtD": 0.0014477973187283027,
    "CbGeAlD": 0.01964192955294388,
    "CcSEcCtD": 0.11802047123920752,
    "CpDpCtD": 0.3941187901356748
  },
  "n_trials": 0.0,
  "prediction": 0.007186074860453509,
  "status": 0
}