{
  "compound_id": "DB01267",
  "compound_name": "Paliperidone",
  "compound_percentile": 0.7941176470588229,
  "disease_id": "DOID:8986",
  "disease_name": "narcolepsy",
  "disease_percentile": 0.9869960988296491,
  "metapath_contribution": {
    "CbGaD": 0.6948448168042314,
    "CbGeAlD": 0.08707138107894201,
    "CbGpPWpGaD": 0.2130758663664639,
    "CrCbGaD": 0.005007935750362626
  },
  "n_trials": 0.0,
  "prediction": 0.00300457997140594,
  "status": 0
}