{
  "compound_id": "DB01069",
  "compound_name": "Promethazine",
  "compound_percentile": 0.786764705882353,
  "disease_id": "DOID:1793",
  "disease_name": "pancreatic cancer",
  "disease_percentile": 0.262678803641092,
  "metapath_contribution": {
    "CbGbCtD": 0.22500025680041338,
    "CbGpPWpGaD": 0.1222980619368963,
    "CcSEcCtD": 0.08067229087515243,
    "CrCrCtD": 0.5720293903875379
  },
  "n_trials": 0.0,
  "prediction": 0.00122984611627893,
  "status": 0
}