{
  "compound_id": "DB00413",
  "compound_name": "Pramipexole",
  "compound_percentile": 0.419117647058824,
  "disease_id": "DOID:1312",
  "disease_name": "focal segmental glomerulosclerosis",
  "disease_percentile": 0.854356306892068,
  "metapath_contribution": {
    "CbGeAlD": 0.155357903784068,
    "CbGpPWpGaD": 0.1506649543120411,
    "CcSEcCtD": 0.6939771419038908
  },
  "n_trials": 0.0,
  "prediction": 0.00235818663824403,
  "status": 0
}