{
  "compound_id": "DB08866",
  "compound_name": "Estradiol valerate/Dienogest",
  "compound_percentile": 0.823529411764706,
  "disease_id": "DOID:3393",
  "disease_name": "coronary artery disease",
  "disease_percentile": 0.388166449934981,
  "metapath_contribution": {
    "CbGbCtD": 0.47905027070346656,
    "CcSEcCtD": 0.2236710482733768,
    "CrCbGaD": 0.003360845019742615,
    "CrCrCtD": 0.293917836003414
  },
  "n_trials": 0.0,
  "prediction": 0.0019563404826139397,
  "status": 0,
  "training_prediction": 0.0104621776684723
}