{
  "compound_id": "DB00139",
  "compound_name": "Succinic acid",
  "compound_percentile": 0.0367647058823529,
  "disease_id": "DOID:7148",
  "disease_name": "rheumatoid arthritis",
  "disease_percentile": 0.22756827048114397,
  "metapath_contribution": {
    "CbGdCrCtD": 0.004203142238298186,
    "CbGeAlD": 0.45114089630923115,
    "CbGpPWpGaD": 0.5285343714806218,
    "CrCbGaD": 0.016121589971848857
  },
  "n_trials": 0.0,
  "prediction": 0.00117146711498598,
  "status": 0
}