{
  "compound_id": "DB00163",
  "compound_name": "Vitamin E",
  "compound_percentile": 0.691176470588235,
  "disease_id": "DOID:2986",
  "disease_name": "IgA glomerulonephritis",
  "disease_percentile": 0.9830949284785441,
  "metapath_contribution": {
    "CbGaD": 0.615990866643832,
    "CbGeAlD": 0.11778356851268973,
    "CbGpPWpGaD": 0.2662255648434784
  },
  "n_trials": 0.0,
  "prediction": 0.0032793225134353397,
  "status": 0
}