{
  "compound_id": "DB00526",
  "compound_name": "Oxaliplatin",
  "compound_percentile": 0.6985294117647061,
  "disease_id": "DOID:784",
  "disease_name": "chronic kidney failure",
  "disease_percentile": 0.9570871261378409,
  "metapath_contribution": {
    "CbGaD": 0.7308286758750828,
    "CbGeAlD": 0.09928764650672223,
    "CbGpPWpGaD": 0.16988367761819503
  },
  "n_trials": 0.0,
  "prediction": 0.00421277794190655,
  "status": 0
}