{
  "compound_id": "DB01180",
  "compound_name": "Rescinnamine",
  "compound_percentile": 0.75,
  "disease_id": "DOID:11612",
  "disease_name": "polycystic ovary syndrome",
  "disease_percentile": 0.697659297789337,
  "metapath_contribution": {
    "CbGaD": 0.8848472166143374,
    "CbGeAlD": 0.07518932511576285,
    "CbGpPWpGaD": 0.019277636879999643,
    "CcSEcCtD": 0.01417384618118126,
    "CrCbGaD": 0.006511975208718763
  },
  "n_trials": 0.0,
  "prediction": 0.0018456425277715198,
  "status": 0
}