{
  "compound_id": "DB01384",
  "compound_name": "Paramethasone",
  "compound_percentile": 0.139705882352941,
  "disease_id": "DOID:1324",
  "disease_name": "lung cancer",
  "disease_percentile": 0.029258777633290003,
  "metapath_contribution": {
    "CbGbCtD": 0.8705857398719667,
    "CbGpPWpGaD": 0.11455583066258708,
    "CrCbGaD": 0.014858429465446141
  },
  "n_trials": 0.0,
  "prediction": 0.000590283260544395,
  "status": 0
}