{
  "compound_id": "DB00173",
  "compound_name": "Adenine",
  "compound_percentile": 0.301470588235294,
  "disease_id": "DOID:12306",
  "disease_name": "vitiligo",
  "disease_percentile": 0.5286085825747721,
  "metapath_contribution": {
    "CbGeAlD": 0.8426541197010965,
    "CbGpPWpGaD": 0.0691521881716225,
    "CrCbGaD": 0.08819369212728109
  },
  "n_trials": 0.0,
  "prediction": 0.00138982012795221,
  "status": 0
}