{
  "compound_id": "DB01058",
  "compound_name": "Praziquantel",
  "compound_percentile": 0.786764705882353,
  "disease_id": "DOID:363",
  "disease_name": "uterine cancer",
  "disease_percentile": 0.8680104031209358,
  "metapath_contribution": {
    "CbGbCtD": 0.8491435596193334,
    "CbGpPWpGaD": 0.014632855352491338,
    "CcSEcCtD": 0.13622358502817528
  },
  "n_trials": 0.0,
  "prediction": 0.00314418018695292,
  "status": 0
}