{
  "compound_id": "DB00881",
  "compound_name": "Quinapril",
  "compound_percentile": 0.9191176470588229,
  "disease_id": "DOID:10652",
  "disease_name": "Alzheimer's disease",
  "disease_percentile": 0.864109232769831,
  "metapath_contribution": {
    "CbGaD": 0.3719949832268625,
    "CbGeAlD": 0.025392289901271965,
    "CbGpPWpGaD": 0.0059142313382512,
    "CcSEcCtD": 0.11099302058335499,
    "CrCbGaD": 0.004228301342633657,
    "CrCrCtD": 0.48147717360762576
  },
  "n_trials": 0.0,
  "prediction": 0.00409524728074246,
  "status": 0,
  "training_prediction": 0.00496801669978659
}