{
  "compound_id": "DB01094",
  "compound_name": "Hesperetin",
  "compound_percentile": 0.8602941176470591,
  "disease_id": "DOID:3083",
  "disease_name": "chronic obstructive pulmonary disease",
  "disease_percentile": 0.809492847854356,
  "metapath_contribution": {
    "CbGaD": 0.8737433344092799,
    "CbGeAlD": 0.02619966513356527,
    "CbGpPWpGaD": 0.10005700045715486
  },
  "n_trials": 0.0,
  "prediction": 0.0039976945878778605,
  "status": 0
}