{
  "compound_id": "DB00257",
  "compound_name": "Clotrimazole",
  "compound_percentile": 0.47058823529411803,
  "disease_id": "DOID:12849",
  "disease_name": "autistic disorder",
  "disease_percentile": 0.451885565669701,
  "metapath_contribution": {
    "CbGaD": 0.7159436883532176,
    "CbGeAlD": 0.05663429859645086,
    "CbGpPWpGaD": 0.2153973398787056,
    "CrCbGaD": 0.012024673171625826
  },
  "n_trials": 0.0,
  "prediction": 0.00129652850584023,
  "status": 0
}