{
  "compound_id": "DB00786",
  "compound_name": "Marimastat",
  "compound_percentile": 0.786764705882353,
  "disease_id": "DOID:2998",
  "disease_name": "testicular cancer",
  "disease_percentile": 0.9596879063719119,
  "metapath_contribution": {
    "CbGaD": 0.7688192549471012,
    "CbGdCrCtD": 0.0034269162564146585,
    "CbGeAlD": 0.10089643788645605,
    "CbGpPWpGaD": 0.12685739091002798
  },
  "n_trials": 0.0,
  "prediction": 0.005724634935052229,
  "status": 0
}