{
  "compound_id": "DB00712",
  "compound_name": "Flurbiprofen",
  "compound_percentile": 0.9191176470588229,
  "disease_id": "DOID:635",
  "disease_name": "acquired immunodeficiency syndrome",
  "disease_percentile": 0.7886866059817951,
  "metapath_contribution": {
    "CbGaD": 0.23368704876395457,
    "CbGbCtD": 0.5541552991014451,
    "CbGeAlD": 0.022271901904135114,
    "CcSEcCtD": 0.18692830760001888,
    "CrCbGaD": 0.0029574426304461807
  },
  "n_trials": 1.0,
  "prediction": 0.00404312429374362,
  "status": 0
}