{
  "compound_id": "DB01119",
  "compound_name": "Diazoxide",
  "compound_percentile": 0.838235294117647,
  "disease_id": "DOID:9206",
  "disease_name": "Barrett's esophagus",
  "disease_percentile": 0.6892067620286091,
  "metapath_contribution": {
    "CbGeAlD": 0.3049976060660891,
    "CbGpPWpGaD": 0.06680948339961557,
    "CcSEcCtD": 0.6281929105342954
  },
  "n_trials": 0.0,
  "prediction": 0.00215814654370499,
  "status": 0
}