{
  "compound_id": "DB00873",
  "compound_name": "Loteprednol",
  "compound_percentile": 0.941176470588235,
  "disease_id": "DOID:4481",
  "disease_name": "allergic rhinitis",
  "disease_percentile": 0.977243172951886,
  "metapath_contribution": {
    "CbGbCtD": 0.15180349501461263,
    "CiPCiCtD": 0.3640409992519878,
    "CrCrCtD": 0.2008517176430253,
    "CrCtD": 0.2833037880903742
  },
  "n_trials": 0.0,
  "prediction": 0.0427296500416816,
  "status": 0
}