{
  "compound_id": "DB00613",
  "compound_name": "Amodiaquine",
  "compound_percentile": 0.808823529411765,
  "disease_id": "DOID:10652",
  "disease_name": "Alzheimer's disease",
  "disease_percentile": 0.364109232769831,
  "metapath_contribution": {
    "CbGaD": 0.45261163715464253,
    "CbGbCtD": 0.4790785168188301,
    "CbGeAlD": 0.010273427197577003,
    "CbGpPWpGaD": 0.054199150936089166,
    "CrCbGaD": 0.003837267892861134
  },
  "n_trials": 0.0,
  "prediction": 0.00146145360779725,
  "status": 0
}