{
  "compound_id": "DB00794",
  "compound_name": "Primidone",
  "compound_percentile": 0.742647058823529,
  "disease_id": "DOID:1686",
  "disease_name": "glaucoma",
  "disease_percentile": 0.431079323797139,
  "metapath_contribution": {
    "CbGbCtD": 0.5835220043266665,
    "CbGpPWpGaD": 0.03945902328615048,
    "CcSEcCtD": 0.3770022240327131,
    "CrCbGaD": 1.6748354470040136e-05
  },
  "n_trials": 0.0,
  "prediction": 0.0017207633437881,
  "status": 0,
  "training_prediction": 0.00728592297268729
}