{
  "compound_id": "DB04786",
  "compound_name": "Suramin",
  "compound_percentile": 0.801470588235294,
  "disease_id": "DOID:10652",
  "disease_name": "Alzheimer's disease",
  "disease_percentile": 0.8361508452535759,
  "metapath_contribution": {
    "CbGaD": 0.7108120413711043,
    "CbGdCrCtD": 0.006771972364026449,
    "CbGeAlD": 0.09555906277257353,
    "CbGpPWpGaD": 0.18685692349229577
  },
  "n_trials": 0.0,
  "prediction": 0.0037063951493987797,
  "status": 0
}