{
  "compound_id": "DB00491",
  "compound_name": "Miglitol",
  "compound_percentile": 0.5220588235294121,
  "disease_id": "DOID:2841",
  "disease_name": "asthma",
  "disease_percentile": 0.318595578673602,
  "metapath_contribution": {
    "CbGdCrCtD": 0.020443518661078165,
    "CbGeAlD": 0.46919899156444983,
    "CbGpPWpGaD": 0.08093632191769608,
    "CcSEcCtD": 0.4294211678567759
  },
  "n_trials": 0.0,
  "prediction": 0.00186152225226565,
  "status": 0,
  "training_prediction": 0.0125827748848398
}