{
  "compound_id": "DB00650",
  "compound_name": "Leucovorin",
  "compound_percentile": 0.75,
  "disease_id": "DOID:9206",
  "disease_name": "Barrett's esophagus",
  "disease_percentile": 0.775682704811443,
  "metapath_contribution": {
    "CbGbCtD": 0.8217455548974713,
    "CbGeAlD": 0.03552245315394866,
    "CbGpPWpGaD": 0.03752878473265517,
    "CcSEcCtD": 0.10520320721592488
  },
  "n_trials": 0.0,
  "prediction": 0.00239875643290865,
  "status": 0
}