{
  "compound_id": "DB00799",
  "compound_name": "Tazarotene",
  "compound_percentile": 0.0367647058823529,
  "disease_id": "DOID:1909",
  "disease_name": "melanoma",
  "disease_percentile": 0.37711313394018203,
  "metapath_contribution": {
    "CbGpPWpGaD": 0.6579830141693053,
    "CcSEcCtD": 0.34201698583069484
  },
  "n_trials": 0.0,
  "prediction": 0.00119438928036395,
  "status": 0,
  "training_prediction": 0.00218262154998661
}