{
  "compound_id": "DB01005",
  "compound_name": "Hydroxyurea",
  "compound_percentile": 0.838235294117647,
  "disease_id": "DOID:1115",
  "disease_name": "sarcoma",
  "disease_percentile": 0.962288686605982,
  "metapath_contribution": {
    "CbGdCrCtD": 0.002801776094707589,
    "CbGeAlD": 0.04531033730025468,
    "CcSEcCtD": 0.16011692761201118,
    "CtDrD": 0.7917709589930266
  },
  "n_trials": 0.0,
  "prediction": 0.0050291872828621105,
  "status": 0,
  "training_prediction": 0.0282406052057427
}