{
  "compound_id": "DB00856",
  "compound_name": "Chlorphenesin",
  "compound_percentile": 0.772058823529412,
  "disease_id": "DOID:9206",
  "disease_name": "Barrett's esophagus",
  "disease_percentile": 0.7802340702210658,
  "metapath_contribution": {
    "CbGaD": 0.7957524207083336,
    "CbGbCtD": 0.20364868243409107,
    "CbGpPWpGaD": 0.0005988968575752732
  },
  "n_trials": 0.0,
  "prediction": 0.0024239846805937898,
  "status": 0
}