{
  "compound_id": "DB01105",
  "compound_name": "Sibutramine",
  "compound_percentile": 0.948529411764706,
  "disease_id": "DOID:1826",
  "disease_name": "epilepsy syndrome",
  "disease_percentile": 0.652795838751626,
  "metapath_contribution": {
    "CbGaD": 0.29488422061441233,
    "CbGbCtD": 0.30000169973473206,
    "CbGeAlD": 0.04780523687791443,
    "CbGpPWpGaD": 0.0688613688053957,
    "CcSEcCtD": 0.2884474739675455
  },
  "n_trials": 0.0,
  "prediction": 0.00493497116272674,
  "status": 0,
  "training_prediction": 0.0237707116890258
}