{
  "compound_id": "DB01192",
  "compound_name": "Oxymorphone",
  "compound_percentile": 0.15441176470588197,
  "disease_id": "DOID:1909",
  "disease_name": "melanoma",
  "disease_percentile": 0.28998699609883005,
  "metapath_contribution": {
    "CbGbCtD": 0.49372639649417377,
    "CbGpPWpGaD": 0.18744932928214714,
    "CcSEcCtD": 0.30964804097985005,
    "CrCbGaD": 0.009176233243829093
  },
  "n_trials": 0.0,
  "prediction": 0.00105399560334921,
  "status": 0
}