{
  "compound_id": "DB00621",
  "compound_name": "Oxandrolone",
  "compound_percentile": 0.10294117647058802,
  "disease_id": "DOID:263",
  "disease_name": "kidney cancer",
  "disease_percentile": 0.11443433029909,
  "metapath_contribution": {
    "CbGpPWpGaD": 0.02535604926354886,
    "CcSEcCtD": 0.9720802605285797,
    "CrCbGaD": 0.0025636902078715186
  },
  "n_trials": 0.0,
  "prediction": 0.000834875154359046,
  "status": 0
}