{
  "compound_id": "DB01029",
  "compound_name": "Irbesartan",
  "compound_percentile": 0.44117647058823495,
  "disease_id": "DOID:3277",
  "disease_name": "thymus cancer",
  "disease_percentile": 0.568920676202861,
  "metapath_contribution": {
    "CbGeAlD": 0.22454751051629793,
    "CbGpPWpGaD": 0.006733565337292471,
    "CcSEcCtD": 0.7687189241464095
  },
  "n_trials": 0.0,
  "prediction": 0.00145168055086399,
  "status": 0,
  "training_prediction": 0.00109184598843373
}