{
  "compound_id": "DB00288",
  "compound_name": "Amcinonide",
  "compound_percentile": 0.0661764705882353,
  "disease_id": "DOID:1793",
  "disease_name": "pancreatic cancer",
  "disease_percentile": 0.00455136540962289,
  "metapath_contribution": {
    "CbGeAlD": 0.056791521040932824,
    "CbGpPWpGaD": 0.6199600430748732,
    "CcSEcCtD": 0.323248435884194
  },
  "n_trials": 0.0,
  "prediction": 0.000320039118263508,
  "status": 0
}