{
  "compound_id": "DB00281",
  "compound_name": "Lidocaine",
  "compound_percentile": 0.463235294117647,
  "disease_id": "DOID:12361",
  "disease_name": "Graves' disease",
  "disease_percentile": 0.331599479843953,
  "metapath_contribution": {
    "CbGbCtD": 0.9845883691005393,
    "CbGeAlD": 0.010019491198922346,
    "CcSEcCtD": 0.005392139700538461
  },
  "n_trials": 0.0,
  "prediction": 0.00126781112807605,
  "status": 0
}