{
  "compound_id": "DB00564",
  "compound_name": "Carbamazepine",
  "compound_percentile": 0.683823529411765,
  "disease_id": "DOID:3571",
  "disease_name": "liver cancer",
  "disease_percentile": 0.30039011703511104,
  "metapath_contribution": {
    "CbGbCtD": 0.7376933667705151,
    "CbGeAlD": 0.04624108995627097,
    "CbGpPWpGaD": 0.09410222328147803,
    "CcSEcCtD": 0.12173649641763096,
    "CrCbGaD": 0.0002268235741049264
  },
  "n_trials": 0.0,
  "prediction": 0.0010639566598493301,
  "status": 0,
  "training_prediction": 0.0010495556262878698
}