{
  "compound_id": "DB00555",
  "compound_name": "Lamotrigine",
  "compound_percentile": 0.669117647058823,
  "disease_id": "DOID:2998",
  "disease_name": "testicular cancer",
  "disease_percentile": 0.36605981794538395,
  "metapath_contribution": {
    "CbGbCtD": 0.04405187295373948,
    "CcSEcCtD": 0.9559481270462604
  },
  "n_trials": 0.0,
  "prediction": 0.0013496550521126401,
  "status": 0,
  "training_prediction": 0.00345994736733748
}