{
  "compound_id": "DB06218",
  "compound_name": "Lacosamide",
  "compound_percentile": 0.941176470588235,
  "disease_id": "DOID:12930",
  "disease_name": "dilated cardiomyopathy",
  "disease_percentile": 0.892717815344603,
  "metapath_contribution": {
    "CbGbCtD": 0.5069394814622098,
    "CbGeAlD": 0.04001587968617399,
    "CbGpPWpGaD": 0.01254722921282808,
    "CcSEcCtD": 0.04587862065470649,
    "CrCbGaD": 0.0006046255312253813,
    "CrCrCtD": 0.3940141634528562
  },
  "n_trials": 0.0,
  "prediction": 0.0030726596105822603,
  "status": 0,
  "training_prediction": 0.0030311525651429898
}