{
  "compound_id": "DB00755",
  "compound_name": "Tretinoin",
  "compound_percentile": 0.772058823529412,
  "disease_id": "DOID:3310",
  "disease_name": "atopic dermatitis",
  "disease_percentile": 0.404421326397919,
  "metapath_contribution": {
    "CbGbCtD": 0.6486900642411643,
    "CbGeAlD": 0.04231605376438515,
    "CbGpPWpGaD": 0.02034530516323323,
    "CcSEcCtD": 0.2886485768312173
  },
  "n_trials": 1.0,
  "prediction": 0.0018918895443047802,
  "status": 0,
  "training_prediction": 0.0064599527422296
}