{
  "compound_id": "DB01579",
  "compound_name": "Phendimetrazine",
  "compound_percentile": 0.0220588235294118,
  "disease_id": "DOID:1612",
  "disease_name": "breast cancer",
  "disease_percentile": 0.0767230169050715,
  "metapath_contribution": {
    "CbGpPWpGaD": 0.330201918719596,
    "CcSEcCtD": 0.6697980812804041
  },
  "n_trials": 0.0,
  "prediction": 0.00089821766478394,
  "status": 0,
  "training_prediction": 0.004965919661603179
}