{
  "compound_id": "DB01583",
  "compound_name": "Liotrix",
  "compound_percentile": 0.15441176470588197,
  "disease_id": "DOID:5419",
  "disease_name": "schizophrenia",
  "disease_percentile": 0.41027308192457707,
  "metapath_contribution": {
    "CbGaD": 0.43599275435162116,
    "CbGeAlD": 0.2900106171067983,
    "CbGpPWpGaD": 0.27321045387824133,
    "CrCbGaD": 0.0007861746633393644
  },
  "n_trials": 0.0,
  "prediction": 0.00137068451691069,
  "status": 0
}