{
  "compound_id": "DB00696",
  "compound_name": "Ergotamine",
  "compound_percentile": 0.0220588235294118,
  "disease_id": "DOID:2355",
  "disease_name": "anemia",
  "disease_percentile": 0.23016905071521498,
  "metapath_contribution": {
    "CbGaD": 0.6966583632607969,
    "CbGeAlD": 0.12564508805082578,
    "CbGpPWpGaD": 0.17769654868837728
  },
  "n_trials": 0.0,
  "prediction": 0.000846846069918433,
  "status": 0
}