{
  "compound_id": "DB00686",
  "compound_name": "Pentosan Polysulfate",
  "compound_percentile": 0.602941176470588,
  "disease_id": "DOID:3083",
  "disease_name": "chronic obstructive pulmonary disease",
  "disease_percentile": 0.580624187256177,
  "metapath_contribution": {
    "CbGeAlD": 0.14702424954936183,
    "CbGpPWpGaD": 0.43626791994816716,
    "CcSEcCtD": 0.416707830502471
  },
  "n_trials": 0.0,
  "prediction": 0.0023946620732669,
  "status": 0
}