{
  "compound_id": "DB00590",
  "compound_name": "Doxazosin",
  "compound_percentile": 0.639705882352941,
  "disease_id": "DOID:418",
  "disease_name": "systemic scleroderma",
  "disease_percentile": 0.601430429128739,
  "metapath_contribution": {
    "CbGbCtD": 0.3766954565694839,
    "CcSEcCtD": 0.6233045434305162
  },
  "n_trials": 0.0,
  "prediction": 0.00196272625391506,
  "status": 0,
  "training_prediction": 0.0046746445558367294
}