{
  "compound_id": "DB06213",
  "compound_name": "Regadenoson",
  "compound_percentile": 0.7647058823529409,
  "disease_id": "DOID:1686",
  "disease_name": "glaucoma",
  "disease_percentile": 0.107932379713914,
  "metapath_contribution": {
    "CbGpPWpGaD": 0.18155817703409052,
    "CcSEcCtD": 0.814897601001978,
    "CrCbGaD": 0.0035442219639314275
  },
  "n_trials": 0.0,
  "prediction": 0.00100201253398914,
  "status": 0
}