{
  "compound_id": "DB00553",
  "compound_name": "Methoxsalen",
  "compound_percentile": 0.992647058823529,
  "disease_id": "DOID:4159",
  "disease_name": "skin cancer",
  "disease_percentile": 0.9843953185955792,
  "metapath_contribution": {
    "CbGbCtD": 0.24156001754611706,
    "CbGeAlD": 0.02966689141926793,
    "CcSEcCtD": 0.05499101634503597,
    "CtDrD": 0.6737820746895791
  },
  "n_trials": 0.0,
  "prediction": 0.0103709657041425,
  "status": 0,
  "training_prediction": 0.0499568230391029
}