{
  "compound_id": "DB01048",
  "compound_name": "Abacavir",
  "compound_percentile": 1.0,
  "disease_id": "DOID:2043",
  "disease_name": "hepatitis B",
  "disease_percentile": 0.996098829648895,
  "metapath_contribution": {
    "CbGeAlD": 0.0022285115174702805,
    "CbGpPWpGaD": 0.003950296008300734,
    "CcSEcCtD": 0.05354384296725599,
    "CiPCiCtD": 0.47193751018941416,
    "CrCrCtD": 0.18392337610396778,
    "CtDrD": 0.2844164632135911
  },
  "n_trials": 0.0,
  "prediction": 0.0698269466624088,
  "status": 0,
  "training_prediction": 0.0835333052091903
}