{
  "compound_id": "DB00476",
  "compound_name": "Duloxetine",
  "compound_percentile": 0.44117647058823495,
  "disease_id": "DOID:1909",
  "disease_name": "melanoma",
  "disease_percentile": 0.258777633289987,
  "metapath_contribution": {
    "CbGbCtD": 0.4561097504532204,
    "CbGpPWpGaD": 0.22753820148834505,
    "CcSEcCtD": 0.31613482666353254,
    "CrCbGaD": 0.00021722139490189113
  },
  "n_trials": 0.0,
  "prediction": 0.000985819835845521,
  "status": 0
}