{
  "compound_id": "DB00452",
  "compound_name": "Framycetin",
  "compound_percentile": 0.992647058823529,
  "disease_id": "DOID:635",
  "disease_name": "acquired immunodeficiency syndrome",
  "disease_percentile": 0.91222366710013,
  "metapath_contribution": {
    "CbGaD": 0.8096064791165112,
    "CbGeAlD": 0.04797737637525266,
    "CbGpPWpGaD": 0.09077308359907742,
    "CcSEcCtD": 0.05164306090915879
  },
  "n_trials": 0.0,
  "prediction": 0.00586280229352279,
  "status": 0
}