{
  "compound_id": "DB01191",
  "compound_name": "Dexfenfluramine",
  "compound_percentile": 0.595588235294118,
  "disease_id": "DOID:11054",
  "disease_name": "urinary bladder cancer",
  "disease_percentile": 0.6859557867360211,
  "metapath_contribution": {
    "CbGbCtD": 0.616677538881604,
    "CbGeAlD": 0.11943136251099931,
    "CbGpPWpGaD": 0.2638910986073967
  },
  "n_trials": 0.0,
  "prediction": 0.00209029624602008,
  "status": 0
}