{
  "compound_id": "DB00125",
  "compound_name": "L-Arginine",
  "compound_percentile": 0.20588235294117604,
  "disease_id": "DOID:11934",
  "disease_name": "head and neck cancer",
  "disease_percentile": 0.464239271781534,
  "metapath_contribution": {
    "CbGeAlD": 0.5221855810170708,
    "CbGpPWpGaD": 0.2046069668434024,
    "CcSEcCtD": 0.27320745213952663
  },
  "n_trials": 0.0,
  "prediction": 0.00133095864203491,
  "status": 0
}