{
  "compound_id": "DB01185",
  "compound_name": "Fluoxymesterone",
  "compound_percentile": 0.0882352941176471,
  "disease_id": "DOID:332",
  "disease_name": "amyotrophic lateral sclerosis",
  "disease_percentile": 0.0123537061118336,
  "metapath_contribution": {
    "CbGeAlD": 0.36509657563935605,
    "CbGpPWpGaD": 0.6032281216362994,
    "CcSEcCtD": 0.023275810030997893,
    "CrCbGaD": 0.008399492693346791
  },
  "n_trials": 0.0,
  "prediction": 0.000396120034928221,
  "status": 0,
  "training_prediction": 0.00017847678939895
}