{
  "compound_id": "DB00528",
  "compound_name": "Lercanidipine",
  "compound_percentile": 1.0,
  "disease_id": "DOID:10763",
  "disease_name": "hypertension",
  "disease_percentile": 0.949934980494148,
  "metapath_contribution": {
    "CbGaD": 0.07328163142654173,
    "CbGbCtD": 0.23087677924942376,
    "CbGeAlD": 0.008131639417448287,
    "CbGpPWpGaD": 0.02091303646418141,
    "CcSEcCtD": 0.07385569548622067,
    "CrCbGaD": 0.0013410361449744058,
    "CrCrCtD": 0.2429187436035216,
    "CrCtD": 0.3486814382076882
  },
  "n_trials": 6.0,
  "prediction": 0.0570165586920799,
  "status": 0
}