{
  "compound_id": "DB00394",
  "compound_name": "Beclomethasone",
  "compound_percentile": 0.786764705882353,
  "disease_id": "DOID:0060073",
  "disease_name": "lymphatic system cancer",
  "disease_percentile": 0.17490247074122198,
  "metapath_contribution": {
    "CbGbCtD": 0.8027319539206031,
    "CcSEcCtD": 0.19726804607939682
  },
  "n_trials": 1.0,
  "prediction": 0.00117665916407033,
  "status": 0,
  "training_prediction": 0.00431603640966626
}