{
  "compound_id": "DB01291",
  "compound_name": "Pirbuterol",
  "compound_percentile": 0.0220588235294118,
  "disease_id": "DOID:1612",
  "disease_name": "breast cancer",
  "disease_percentile": 0.0208062418725618,
  "metapath_contribution": {
    "CbGpPWpGaD": 0.06396923950203408,
    "CcSEcCtD": 0.919496608468844,
    "CrCbGaD": 0.016534152029122038
  },
  "n_trials": 0.0,
  "prediction": 0.0006853609308281309,
  "status": 0,
  "training_prediction": 0.0037927713206080704
}