{
  "compound_id": "DB00163",
  "compound_name": "Vitamin E",
  "compound_percentile": 0.683823529411765,
  "disease_id": "DOID:418",
  "disease_name": "systemic scleroderma",
  "disease_percentile": 0.879063719115735,
  "metapath_contribution": {
    "CbGbCtD": 0.5982279715011434,
    "CbGdCrCtD": 0.005320517085113258,
    "CbGeAlD": 0.18374269209913793,
    "CbGpPWpGaD": 0.21270881931460545
  },
  "n_trials": 0.0,
  "prediction": 0.00327897760326921,
  "status": 0
}