{
  "compound_id": "DB00151",
  "compound_name": "L-Cysteine",
  "compound_percentile": 0.897058823529412,
  "disease_id": "DOID:14221",
  "disease_name": "metabolic syndrome X",
  "disease_percentile": 0.883615084525358,
  "metapath_contribution": {
    "CbGaD": 0.7393985899451767,
    "CbGeAlD": 0.08780944575104005,
    "CbGpPWpGaD": 0.16870069311397587,
    "CrCbGaD": 0.004091271189807419
  },
  "n_trials": 0.0,
  "prediction": 0.0024686343347251,
  "status": 0
}