{
  "compound_id": "DB00273",
  "compound_name": "Topiramate",
  "compound_percentile": 0.566176470588235,
  "disease_id": "DOID:363",
  "disease_name": "uterine cancer",
  "disease_percentile": 0.648244473342003,
  "metapath_contribution": {
    "CbGbCtD": 0.02096077550355803,
    "CbGeAlD": 0.13204458715960246,
    "CbGpPWpGaD": 0.04845338029849734,
    "CcSEcCtD": 0.7985412570383421
  },
  "n_trials": 0.0,
  "prediction": 0.00207847193711801,
  "status": 0,
  "training_prediction": 0.00857888192431384
}