{
  "compound_id": "DB08807",
  "compound_name": "Bopindolol",
  "compound_percentile": 0.926470588235294,
  "disease_id": "DOID:0050741",
  "disease_name": "alcohol dependence",
  "disease_percentile": 0.47464239271781494,
  "metapath_contribution": {
    "CbGaD": 0.8442920504381513,
    "CbGeAlD": 0.004325519115252471,
    "CbGpPWpGaD": 0.15011817050405504,
    "CrCbGaD": 0.0012642599425413134
  },
  "n_trials": 0.0,
  "prediction": 0.00205199780932597,
  "status": 0
}