{
  "compound_id": "DB01601",
  "compound_name": "Lopinavir",
  "compound_percentile": 0.897058823529412,
  "disease_id": "DOID:9352",
  "disease_name": "type 2 diabetes mellitus",
  "disease_percentile": 0.489596879063719,
  "metapath_contribution": {
    "CbGaD": 0.35322994168456345,
    "CbGbCtD": 0.5891223732692469,
    "CbGpPWpGaD": 0.053637825021060334,
    "CrCbGaD": 0.004009860025129364
  },
  "n_trials": 0.0,
  "prediction": 0.00247552951312287,
  "status": 0,
  "training_prediction": 0.0108555664457137
}