{
  "compound_id": "DB00793",
  "compound_name": "Haloprogin",
  "compound_percentile": 0.941176470588235,
  "disease_id": "DOID:2531",
  "disease_name": "hematologic cancer",
  "disease_percentile": 0.533810143042913,
  "metapath_contribution": {
    "CbGdCrCtD": 0.042303061295348394,
    "CbGeAlD": 0.4468923061822108,
    "CbGpPWpGaD": 0.5108046325224407
  },
  "n_trials": 0.0,
  "prediction": 0.00245017475405312,
  "status": 0
}