{
  "compound_id": "DB00380",
  "compound_name": "Dexrazoxane",
  "compound_percentile": 0.47058823529411803,
  "disease_id": "DOID:9074",
  "disease_name": "systemic lupus erythematosus",
  "disease_percentile": 0.604031209362809,
  "metapath_contribution": {
    "CbGdCrCtD": 0.014258216245368653,
    "CbGeAlD": 0.16495559554414563,
    "CcSEcCtD": 0.8207861882104857
  },
  "n_trials": 0.0,
  "prediction": 0.0021814509237336,
  "status": 0
}