{
  "compound_id": "DB00976",
  "compound_name": "Telithromycin",
  "compound_percentile": 0.5735294117647061,
  "disease_id": "DOID:3070",
  "disease_name": "malignant glioma",
  "disease_percentile": 0.45318595578673604,
  "metapath_contribution": {
    "CbGbCtD": 0.6978341474121804,
    "CbGpPWpGaD": 0.04769113867903777,
    "CcSEcCtD": 0.24526134708318656,
    "CrCbGaD": 0.009213366825595351
  },
  "n_trials": 0.0,
  "prediction": 0.0013255101365981,
  "status": 0
}