{
  "compound_id": "DB01242",
  "compound_name": "Clomipramine",
  "compound_percentile": 0.448529411764706,
  "disease_id": "DOID:11714",
  "disease_name": "gestational diabetes",
  "disease_percentile": 0.16970091027308198,
  "metapath_contribution": {
    "CbGbCtD": 0.8933471892894232,
    "CbGeAlD": 0.019431738418085688,
    "CbGpPWpGaD": 0.015314198470881451,
    "CcSEcCtD": 0.07190687382160965
  },
  "n_trials": 0.0,
  "prediction": 0.0010787880743900599,
  "status": 0
}