{
  "compound_id": "DB00204",
  "compound_name": "Dofetilide",
  "compound_percentile": 0.8897058823529409,
  "disease_id": "DOID:0050742",
  "disease_name": "nicotine dependence",
  "disease_percentile": 0.8068920676202859,
  "metapath_contribution": {
    "CbGeAlD": 0.18361699765358827,
    "CbGpPWpGaD": 0.5275770878620963,
    "CcSEcCtD": 0.28880591448431536
  },
  "n_trials": 0.0,
  "prediction": 0.0021860197653499,
  "status": 0
}