{
  "compound_id": "DB01614",
  "compound_name": "Acepromazine",
  "compound_percentile": 0.661764705882353,
  "disease_id": "DOID:1312",
  "disease_name": "focal segmental glomerulosclerosis",
  "disease_percentile": 0.221716514954486,
  "metapath_contribution": {
    "CbGaD": 0.96524232445466,
    "CbGpPWpGaD": 0.03430784845255779,
    "CrCbGaD": 0.0004498270927821788
  },
  "n_trials": 0.0,
  "prediction": 0.0010117951517570301,
  "status": 0
}