{
  "compound_id": "DB00768",
  "compound_name": "Olopatadine",
  "compound_percentile": 0.669117647058823,
  "disease_id": "DOID:2994",
  "disease_name": "germ cell cancer",
  "disease_percentile": 0.229518855656697,
  "metapath_contribution": {
    "CbGdCrCtD": 0.03659616905661284,
    "CbGeAlD": 0.6800864635980876,
    "CcSEcCtD": 0.2833173673452996
  },
  "n_trials": 0.0,
  "prediction": 0.00113340284348369,
  "status": 0,
  "training_prediction": 0.0020712798535888
}