{
  "category": "DM",
  "compound_id": "DB00515",
  "compound_name": "Cisplatin",
  "compound_percentile": 0.970588235294118,
  "disease_id": "DOID:184",
  "disease_name": "bone cancer",
  "disease_percentile": 0.9980494148244471,
  "metapath_contribution": {
    "CbGaD": 0.11691124516759231,
    "CbGbCtD": 0.23579112284360515,
    "CbGeAlD": 0.003071885815196292,
    "CbGpPWpGaD": 0.017774429750008185,
    "CcSEcCtD": 0.02250490483360319,
    "CiPCiCtD": 0.39648927065344464,
    "CtDrD": 0.2074571409365502
  },
  "prediction": 0.140991704860409,
  "status": 1,
  "training_prediction": 0.543465822784571
}