{
  "compound_id": "DB00928",
  "compound_name": "Azacitidine",
  "compound_percentile": 0.808823529411765,
  "disease_id": "DOID:9352",
  "disease_name": "type 2 diabetes mellitus",
  "disease_percentile": 0.11378413524057199,
  "metapath_contribution": {
    "CbGaD": 0.6632184936481624,
    "CbGdCrCtD": 0.00488431174072917,
    "CbGeAlD": 0.027278118391037838,
    "CbGpPWpGaD": 0.10511831599312887,
    "CcSEcCtD": 0.19275251435201182,
    "CrCbGaD": 0.0067482458749297996
  },
  "n_trials": 0.0,
  "prediction": 0.00104979002563991,
  "status": 0
}