{
  "compound_id": "DB00297",
  "compound_name": "Bupivacaine",
  "compound_percentile": 0.823529411764706,
  "disease_id": "DOID:11476",
  "disease_name": "osteoporosis",
  "disease_percentile": 0.503250975292588,
  "metapath_contribution": {
    "CbGbCtD": 0.6105886603004582,
    "CbGpPWpGaD": 0.022094780094310696,
    "CcSEcCtD": 0.367316559605231
  },
  "n_trials": 0.0,
  "prediction": 0.00189306277750542,
  "status": 0
}