{
  "compound_id": "DB01436",
  "compound_name": "Alfacalcidol",
  "compound_percentile": 1.0,
  "disease_id": "DOID:11476",
  "disease_name": "osteoporosis",
  "disease_percentile": 0.9895968790637191,
  "metapath_contribution": {
    "CbGaD": 0.14545995149630095,
    "CbGbCtD": 0.25081145152431145,
    "CbGeAlD": 0.008265065697258999,
    "CbGpPWpGaD": 0.024185042522818802,
    "CrCbGaD": 0.0017652064934149483,
    "CrCrCtD": 0.22921788228893886,
    "CrCtD": 0.34029539997695607
  },
  "n_trials": 6.0,
  "prediction": 0.11055905533834401,
  "status": 0
}