{
  "compound_id": "DB00979",
  "compound_name": "Cyclopentolate",
  "compound_percentile": 0.933823529411765,
  "disease_id": "DOID:1612",
  "disease_name": "breast cancer",
  "disease_percentile": 0.674902470741222,
  "metapath_contribution": {
    "CbGaD": 0.4067792497502006,
    "CbGeAlD": 0.012988125131573245,
    "CbGpPWpGaD": 0.03712126231497021,
    "CcSEcCtD": 0.07841724912704218,
    "CrCbGaD": 0.002996248635097773,
    "CrCrCtD": 0.4616978650411159
  },
  "n_trials": 0.0,
  "prediction": 0.00342080467713822,
  "status": 0
}