{
  "compound_id": "DB06713",
  "compound_name": "Norelgestromin",
  "compound_percentile": 0.169117647058824,
  "disease_id": "DOID:9352",
  "disease_name": "type 2 diabetes mellitus",
  "disease_percentile": 0.0156046814044213,
  "metapath_contribution": {
    "CbGeAlD": 0.0019177275496328487,
    "CbGpPWpGaD": 0.9200182193385635,
    "CrCbGaD": 0.07806405311180355
  },
  "n_trials": 0.0,
  "prediction": 0.0005943853821112741,
  "status": 0
}