{
  "compound_id": "DB00656",
  "compound_name": "Trazodone",
  "compound_percentile": 0.272058823529412,
  "disease_id": "DOID:3070",
  "disease_name": "malignant glioma",
  "disease_percentile": 0.24122236671001301,
  "metapath_contribution": {
    "CbGeAlD": 0.3510171833712409,
    "CbGpPWpGaD": 0.21424738157074472,
    "CcSEcCtD": 0.4081206407596596,
    "CrCbGaD": 0.026614794298354814
  },
  "n_trials": 0.0,
  "prediction": 0.0009641213730114381,
  "status": 0
}