{
  "compound_id": "DB00495",
  "compound_name": "Zidovudine",
  "compound_percentile": 0.8897058823529409,
  "disease_id": "DOID:1115",
  "disease_name": "sarcoma",
  "disease_percentile": 0.952535760728218,
  "metapath_contribution": {
    "CbGbCtD": 0.21578970785387033,
    "CbGeAlD": 0.02692435665787483,
    "CbGpPWpGaD": 0.021998351283402155,
    "CcSEcCtD": 0.0780547210811193,
    "CtDrD": 0.6572328631237334
  },
  "n_trials": 8.0,
  "prediction": 0.00389400692844156,
  "status": 0,
  "training_prediction": 0.007838118341105791
}