{
  "compound_id": "DB00912",
  "compound_name": "Repaglinide",
  "compound_percentile": 0.904411764705882,
  "disease_id": "DOID:8893",
  "disease_name": "psoriasis",
  "disease_percentile": 0.9362808842652801,
  "metapath_contribution": {
    "CbGaD": 0.4655854778537937,
    "CbGbCtD": 0.4231218954230647,
    "CbGpPWpGaD": 0.001079333353720156,
    "CcSEcCtD": 0.1102132933694215
  },
  "n_trials": 0.0,
  "prediction": 0.00671511152477339,
  "status": 0,
  "training_prediction": 0.0279798860085898
}