{
  "compound_id": "DB01013",
  "compound_name": "Clobetasol propionate",
  "compound_percentile": 0.757352941176471,
  "disease_id": "DOID:11934",
  "disease_name": "head and neck cancer",
  "disease_percentile": 0.3849154746423929,
  "metapath_contribution": {
    "CbGaD": 0.903117655675898,
    "CbGpPWpGaD": 0.017104737339941688,
    "CcSEcCtD": 0.07963940848728325,
    "CrCbGaD": 0.00013819849687697142
  },
  "n_trials": 0.0,
  "prediction": 0.0012153868885435301,
  "status": 0,
  "training_prediction": 0.00147531646642854
}