{
  "compound_id": "DB00896",
  "compound_name": "Rimexolone",
  "compound_percentile": 0.330882352941176,
  "disease_id": "DOID:9970",
  "disease_name": "obesity",
  "disease_percentile": 0.00260078023407022,
  "metapath_contribution": {
    "CbGaD": 0.8045022092215597,
    "CbGeAlD": 0.03142640003990902,
    "CbGpPWpGaD": 0.06494039809561226,
    "CcSEcCtD": 0.08750601519826617,
    "CrCbGaD": 0.011624977444652827
  },
  "n_trials": 0.0,
  "prediction": 0.00042770589535522595,
  "status": 0
}