{
  "compound_id": "DB01137",
  "compound_name": "Levofloxacin",
  "compound_percentile": 0.625,
  "disease_id": "DOID:1319",
  "disease_name": "brain cancer",
  "disease_percentile": 0.42327698309492895,
  "metapath_contribution": {
    "CbGbCtD": 0.6533957634243491,
    "CbGdCrCtD": 0.0047312632334698375,
    "CbGpPWpGaD": 0.017733399943764015,
    "CcSEcCtD": 0.3241395733984171
  },
  "n_trials": 0.0,
  "prediction": 0.0014187382660385901,
  "status": 0
}