{
  "compound_id": "DB00795",
  "compound_name": "Sulfasalazine",
  "compound_percentile": 0.661764705882353,
  "disease_id": "DOID:11054",
  "disease_name": "urinary bladder cancer",
  "disease_percentile": 0.826397919375813,
  "metapath_contribution": {
    "CbGaD": 0.4065693861886352,
    "CbGbCtD": 0.39925435296384254,
    "CbGdCrCtD": 0.0015431423708785492,
    "CbGeAlD": 0.06642751536956876,
    "CbGpPWpGaD": 0.12325526239982686,
    "CrCbGaD": 0.0029503407072479335
  },
  "n_trials": 0.0,
  "prediction": 0.00262056273874973,
  "status": 0,
  "training_prediction": 0.0188680135745248
}