{
  "compound_id": "DB00763",
  "compound_name": "Methimazole",
  "compound_percentile": 0.625,
  "disease_id": "DOID:4159",
  "disease_name": "skin cancer",
  "disease_percentile": 0.8881664499349811,
  "metapath_contribution": {
    "CbGbCtD": 0.8829339138348002,
    "CcSEcCtD": 0.11706608616519971
  },
  "n_trials": 0.0,
  "prediction": 0.00315081649468698,
  "status": 0,
  "training_prediction": 0.00692965014759854
}