{
  "compound_id": "DB00496",
  "compound_name": "Darifenacin",
  "compound_percentile": 0.948529411764706,
  "disease_id": "DOID:585",
  "disease_name": "nephrolithiasis",
  "disease_percentile": 0.931729518855657,
  "metapath_contribution": {
    "CbGaD": 0.8394937397186945,
    "CbGeAlD": 0.016799468576483133,
    "CbGpPWpGaD": 0.06168029917059045,
    "CcSEcCtD": 0.07517480589375208,
    "CrCbGaD": 0.006851686640479857
  },
  "n_trials": 0.0,
  "prediction": 0.00287406663078768,
  "status": 0
}