{
  "compound_id": "DB00222",
  "compound_name": "Glimepiride",
  "compound_percentile": 0.558823529411765,
  "disease_id": "DOID:1686",
  "disease_name": "glaucoma",
  "disease_percentile": 0.132639791937581,
  "metapath_contribution": {
    "CbGbCtD": 0.3222035681796803,
    "CcSEcCtD": 0.6670437728335984,
    "CrCbGaD": 0.01075265898672114
  },
  "n_trials": 0.0,
  "prediction": 0.0010587469462510699,
  "status": 0,
  "training_prediction": 0.004492499589756871
}