{
  "compound_id": "DB00843",
  "compound_name": "Donepezil",
  "compound_percentile": 0.654411764705882,
  "disease_id": "DOID:1324",
  "disease_name": "lung cancer",
  "disease_percentile": 0.6326397919375811,
  "metapath_contribution": {
    "CbGbCtD": 0.5723034585434653,
    "CbGeAlD": 0.02761440887084408,
    "CbGpPWpGaD": 0.09196486211820405,
    "CcSEcCtD": 0.30811727046748644
  },
  "n_trials": 1.0,
  "prediction": 0.0022780336826697,
  "status": 0,
  "training_prediction": 0.007771202147375741
}