{
  "compound_id": "DB08873",
  "compound_name": "Boceprevir",
  "compound_percentile": 0.9558823529411771,
  "disease_id": "DOID:13189",
  "disease_name": "gout",
  "disease_percentile": 0.930429128738622,
  "metapath_contribution": {
    "CbGbCtD": 0.16832911988976862,
    "CbGdCrCtD": 0.001929709753731908,
    "CbGeAlD": 0.018978917799648644,
    "CcSEcCtD": 0.10482895945965741,
    "CiPCiCtD": 0.7059332930971933
  },
  "n_trials": 0.0,
  "prediction": 0.00861272404730263,
  "status": 0
}