{
  "compound_id": "DB00683",
  "compound_name": "Midazolam",
  "compound_percentile": 0.742647058823529,
  "disease_id": "DOID:3083",
  "disease_name": "chronic obstructive pulmonary disease",
  "disease_percentile": 0.29518855656696996,
  "metapath_contribution": {
    "CbGbCtD": 0.32282114929551514,
    "CbGeAlD": 0.025251405558857278,
    "CbGpPWpGaD": 0.21201518198955455,
    "CcSEcCtD": 0.43624862080094645,
    "CrCbGaD": 0.003663642355126583
  },
  "n_trials": 0.0,
  "prediction": 0.0015805136227781,
  "status": 0,
  "training_prediction": 0.0034826329745266896
}