{
  "compound_id": "DB01586",
  "compound_name": "Ursodeoxycholic acid",
  "compound_percentile": 0.772058823529412,
  "disease_id": "DOID:8577",
  "disease_name": "ulcerative colitis",
  "disease_percentile": 0.733420026007802,
  "metapath_contribution": {
    "CbGbCtD": 0.5550488991525608,
    "CbGeAlD": 0.1759033495550233,
    "CbGpPWpGaD": 0.05322430838069953,
    "CcSEcCtD": 0.21582344291171626
  },
  "n_trials": 0.0,
  "prediction": 0.0029934908814033896,
  "status": 0,
  "training_prediction": 0.0101942595192487
}