{
  "compound_id": "DB01174",
  "compound_name": "Phenobarbital",
  "compound_percentile": 0.602941176470588,
  "disease_id": "DOID:1094",
  "disease_name": "attention deficit hyperactivity disorder",
  "disease_percentile": 0.838101430429129,
  "metapath_contribution": {
    "CbGaD": 0.8359568616879843,
    "CbGeAlD": 0.07198966901234544,
    "CbGpPWpGaD": 0.08165926656736013,
    "CrCbGaD": 0.01039420273231012
  },
  "n_trials": 0.0,
  "prediction": 0.0022820674193626397,
  "status": 0
}