{
  "compound_id": "DB01175",
  "compound_name": "Escitalopram",
  "compound_percentile": 0.529411764705882,
  "disease_id": "DOID:3571",
  "disease_name": "liver cancer",
  "disease_percentile": 0.6410923276983089,
  "metapath_contribution": {
    "CbGbCtD": 0.4304234713707715,
    "CbGpPWpGaD": 0.10821040373326027,
    "CcSEcCtD": 0.45407190926308155,
    "CrCbGaD": 0.007294215632886722
  },
  "n_trials": 0.0,
  "prediction": 0.00175302420752024,
  "status": 0
}