{
  "compound_id": "DB00879",
  "compound_name": "Emtricitabine",
  "compound_percentile": 0.970588235294118,
  "disease_id": "DOID:0060073",
  "disease_name": "lymphatic system cancer",
  "disease_percentile": 0.962938881664499,
  "metapath_contribution": {
    "CbGbCtD": 0.5045148767866994,
    "CcSEcCtD": 0.04595969039185007,
    "CrCrCtD": 0.4495254328214506
  },
  "n_trials": 0.0,
  "prediction": 0.00647099682374962,
  "status": 0
}