{
  "category": "DM",
  "compound_id": "DB00989",
  "compound_name": "Rivastigmine",
  "compound_percentile": 1.0,
  "disease_id": "DOID:10652",
  "disease_name": "Alzheimer's disease",
  "disease_percentile": 0.9934980494148241,
  "metapath_contribution": {
    "CbGaD": 0.28356526756476214,
    "CbGbCtD": 0.2783117901622086,
    "CbGpPWpGaD": 0.021335485559808753,
    "CcSEcCtD": 0.09856551760065933,
    "CpDpCtD": 0.31570383600921326,
    "CrCbGaD": 0.002518103103347849
  },
  "prediction": 0.02052968409609,
  "status": 1,
  "training_prediction": 0.0248176413993522
}