{
  "compound_id": "DB00480",
  "compound_name": "Lenalidomide",
  "compound_percentile": 0.5514705882352939,
  "disease_id": "DOID:1115",
  "disease_name": "sarcoma",
  "disease_percentile": 0.8010403120936279,
  "metapath_contribution": {
    "CbGbCtD": 0.27661595823761687,
    "CbGeAlD": 0.24963822786376205,
    "CbGpPWpGaD": 0.1456979387299243,
    "CcSEcCtD": 0.3280478751686968
  },
  "n_trials": 1.0,
  "prediction": 0.0022635459294004603,
  "status": 0,
  "training_prediction": 0.0045637833556974395
}