{
  "compound_id": "DB01196",
  "compound_name": "Estramustine",
  "compound_percentile": 0.897058823529412,
  "disease_id": "DOID:1115",
  "disease_name": "sarcoma",
  "disease_percentile": 0.9148244473342,
  "metapath_contribution": {
    "CbGbCtD": 0.0917891642422624,
    "CbGeAlD": 0.029803118137490776,
    "CbGpPWpGaD": 0.024439429801377966,
    "CcSEcCtD": 0.03313027988487174,
    "CiPCiCtD": 0.8208380079339971
  },
  "n_trials": 0.0,
  "prediction": 0.00297001133410176,
  "status": 0,
  "training_prediction": 0.0059838601263375105
}