{
  "compound_id": "DB05260",
  "compound_name": "Gallium nitrate",
  "compound_percentile": 0.720588235294118,
  "disease_id": "DOID:3070",
  "disease_name": "malignant glioma",
  "disease_percentile": 0.978543563068921,
  "metapath_contribution": {
    "CbGaD": 0.6978310967615521,
    "CbGeAlD": 0.13039495304718104,
    "CbGpPWpGaD": 0.16487926825363478,
    "CcSEcCtD": 0.0068946819376321114
  },
  "n_trials": 0.0,
  "prediction": 0.0049633596363754,
  "status": 0
}