{
  "compound_id": "DB00724",
  "compound_name": "Imiquimod",
  "compound_percentile": 0.977941176470588,
  "disease_id": "DOID:1909",
  "disease_name": "melanoma",
  "disease_percentile": 0.981794538361508,
  "metapath_contribution": {
    "CbGbCtD": 0.1855671991043451,
    "CbGpPWpGaD": 0.07075573196765493,
    "CcSEcCtD": 0.08977358053202063,
    "CtDrD": 0.6539034883959793
  },
  "n_trials": 8.0,
  "prediction": 0.0087655344577143,
  "status": 0,
  "training_prediction": 0.0159182613797006
}