{
  "compound_id": "DB00152",
  "compound_name": "Thiamine",
  "compound_percentile": 0.3529411764705879,
  "disease_id": "DOID:1319",
  "disease_name": "brain cancer",
  "disease_percentile": 0.7217165149544859,
  "metapath_contribution": {
    "CbGeAlD": 0.7486311547316757,
    "CbGpPWpGaD": 0.08140559414138261,
    "CcSEcCtD": 0.16996325112694158
  },
  "n_trials": 0.0,
  "prediction": 0.00213966878253175,
  "status": 0
}