{
  "compound_id": "DB00468",
  "compound_name": "Quinine",
  "compound_percentile": 0.463235294117647,
  "disease_id": "DOID:4362",
  "disease_name": "cervical cancer",
  "disease_percentile": 0.864759427828348,
  "metapath_contribution": {
    "CbGbCtD": 0.23182707485932602,
    "CbGeAlD": 0.20550470755527675,
    "CbGpPWpGaD": 0.5626682175853973
  },
  "n_trials": 0.0,
  "prediction": 0.00218221426652323,
  "status": 0,
  "training_prediction": 0.000984189888829322
}