{
  "compound_id": "DB01217",
  "compound_name": "Anastrozole",
  "compound_percentile": 0.49264705882352894,
  "disease_id": "DOID:1312",
  "disease_name": "focal segmental glomerulosclerosis",
  "disease_percentile": 0.894018205461638,
  "metapath_contribution": {
    "CbGbCtD": 0.397193559454623,
    "CcSEcCtD": 0.602806440545377
  },
  "n_trials": 0.0,
  "prediction": 0.00262695736968419,
  "status": 0,
  "training_prediction": 0.0011850613014317301
}