{
  "compound_id": "DB01599",
  "compound_name": "Probucol",
  "compound_percentile": 0.867647058823529,
  "disease_id": "DOID:1826",
  "disease_name": "epilepsy syndrome",
  "disease_percentile": 0.5721716514954489,
  "metapath_contribution": {
    "CbGbCtD": 0.825179814583717,
    "CbGeAlD": 0.03174204165541124,
    "CbGpPWpGaD": 0.14307814376087172
  },
  "n_trials": 0.0,
  "prediction": 0.0039894480161879,
  "status": 0
}