{
  "compound_id": "DB08866",
  "compound_name": "Estradiol valerate/Dienogest",
  "compound_percentile": 0.933823529411765,
  "disease_id": "DOID:8893",
  "disease_name": "psoriasis",
  "disease_percentile": 0.79778933680104,
  "metapath_contribution": {
    "CbGbCtD": 0.21561127947036274,
    "CcSEcCtD": 0.10533974485036048,
    "CpDpCtD": 0.5857445509829351,
    "CrCrCtD": 0.09330442469634159
  },
  "n_trials": 0.0,
  "prediction": 0.00307129883086603,
  "status": 0,
  "training_prediction": 0.0129476058085238
}