{
  "compound_id": "DB00726",
  "compound_name": "Trimipramine",
  "compound_percentile": 0.617647058823529,
  "disease_id": "DOID:1459",
  "disease_name": "hypothyroidism",
  "disease_percentile": 0.333550065019506,
  "metapath_contribution": {
    "CbGbCtD": 0.3942605307898862,
    "CbGeAlD": 0.1509998711032665,
    "CbGpPWpGaD": 0.09083224843310607,
    "CcSEcCtD": 0.3639073496737412
  },
  "n_trials": 0.0,
  "prediction": 0.0013788302795945,
  "status": 0
}