{
  "compound_id": "DB01113",
  "compound_name": "Papaverine",
  "compound_percentile": 0.911764705882353,
  "disease_id": "DOID:418",
  "disease_name": "systemic scleroderma",
  "disease_percentile": 0.7808842652795841,
  "metapath_contribution": {
    "CbGbCtD": 0.878821212299199,
    "CbGeAlD": 0.01214346657075076,
    "CcSEcCtD": 0.10903532113005032
  },
  "n_trials": 0.0,
  "prediction": 0.00250200850192732,
  "status": 0
}