{
  "compound_id": "DB06809",
  "compound_name": "Plerixafor",
  "compound_percentile": 0.727941176470588,
  "disease_id": "DOID:11934",
  "disease_name": "head and neck cancer",
  "disease_percentile": 0.843953185955787,
  "metapath_contribution": {
    "CbGeAlD": 0.2376974894520372,
    "CbGpPWpGaD": 0.288033682628223,
    "CcSEcCtD": 0.47426882791973984
  },
  "n_trials": 0.0,
  "prediction": 0.0023170391882675603,
  "status": 0
}