{
  "compound_id": "DB00443",
  "compound_name": "Betamethasone",
  "compound_percentile": 0.617647058823529,
  "disease_id": "DOID:0050741",
  "disease_name": "alcohol dependence",
  "disease_percentile": 0.023407022106632005,
  "metapath_contribution": {
    "CbGbCtD": 0.4449893664342296,
    "CbGeAlD": 0.13459053183865222,
    "CbGpPWpGaD": 0.07890028123357196,
    "CcSEcCtD": 0.34151982049354623
  },
  "n_trials": 0.0,
  "prediction": 0.0008189412108552769,
  "status": 0,
  "training_prediction": 0.00670426344326217
}