{
  "compound_id": "DB08889",
  "compound_name": "Carfilzomib",
  "compound_percentile": 0.897058823529412,
  "disease_id": "DOID:1192",
  "disease_name": "peripheral nervous system neoplasm",
  "disease_percentile": 0.56111833550065,
  "metapath_contribution": {
    "CbGaD": 0.43971810195853456,
    "CbGbCtD": 0.17456664475208827,
    "CbGdCrCtD": 0.005894114737638121,
    "CbGeAlD": 0.018586409352485202,
    "CbGpPWpGaD": 0.14070407192014564,
    "CcSEcCtD": 0.21451386527925925,
    "CrCbGaD": 0.0060167919998489715
  },
  "n_trials": 0.0,
  "prediction": 0.00189075502231228,
  "status": 0
}