{
  "compound_id": "DB00704",
  "compound_name": "Naltrexone",
  "compound_percentile": 0.375,
  "disease_id": "DOID:11612",
  "disease_name": "polycystic ovary syndrome",
  "disease_percentile": 0.373862158647594,
  "metapath_contribution": {
    "CbGpPWpGaD": 0.3097012879439054,
    "CcSEcCtD": 0.6902987120560946
  },
  "n_trials": 0.0,
  "prediction": 0.00118209113216802,
  "status": 0,
  "training_prediction": 0.000532835997105995
}