{
  "compound_id": "DB00409",
  "compound_name": "Remoxipride",
  "compound_percentile": 0.845588235294118,
  "disease_id": "DOID:635",
  "disease_name": "acquired immunodeficiency syndrome",
  "disease_percentile": 0.516905071521456,
  "metapath_contribution": {
    "CbGbCtD": 0.9313286774703351,
    "CbGeAlD": 0.04934575147031828,
    "CbGpPWpGaD": 0.019325571059346663
  },
  "n_trials": 0.0,
  "prediction": 0.00248308908597362,
  "status": 0
}