{
  "compound_id": "DB01184",
  "compound_name": "Domperidone",
  "compound_percentile": 0.757352941176471,
  "disease_id": "DOID:9206",
  "disease_name": "Barrett's esophagus",
  "disease_percentile": 0.584525357607282,
  "metapath_contribution": {
    "CbGbCtD": 0.8021662734555673,
    "CbGpPWpGaD": 0.012175592875510559,
    "CcSEcCtD": 0.1856581336689221
  },
  "n_trials": 0.0,
  "prediction": 0.0018996839006598602,
  "status": 0
}