{
  "category": "DM",
  "compound_id": "DB00651",
  "compound_name": "Dyphylline",
  "compound_percentile": 1.0,
  "disease_id": "DOID:2841",
  "disease_name": "asthma",
  "disease_percentile": 0.97334200260078,
  "metapath_contribution": {
    "CbGaD": 0.18382012889858237,
    "CbGbCtD": 0.2421267584378665,
    "CbGeAlD": 0.0037081160964740367,
    "CbGpPWpGaD": 0.034388738593480205,
    "CcSEcCtD": 0.03575190395485586,
    "CrCbGaD": 0.0015647695353928298,
    "CrCrCtD": 0.2011727266555354,
    "CrCtD": 0.29746685782781285
  },
  "prediction": 0.0840336388076181,
  "status": 1,
  "training_prediction": 0.3853197107462971
}