{
  "compound_id": "DB00945",
  "compound_name": "Acetylsalicylic acid",
  "compound_percentile": 0.49264705882352894,
  "disease_id": "DOID:0050741",
  "disease_name": "alcohol dependence",
  "disease_percentile": 0.36866059817945396,
  "metapath_contribution": {
    "CbGbCtD": 0.41367804256348834,
    "CbGeAlD": 0.19091298314992083,
    "CbGpPWpGaD": 0.17457892169710823,
    "CcSEcCtD": 0.22083005258948257
  },
  "n_trials": 0.0,
  "prediction": 0.00173274790153317,
  "status": 0,
  "training_prediction": 0.00350281354326371
}