{
  "compound_id": "DB08884",
  "compound_name": "Gadoxetate",
  "compound_percentile": 0.5367647058823529,
  "disease_id": "DOID:4989",
  "disease_name": "pancreatitis",
  "disease_percentile": 0.6853055916775029,
  "metapath_contribution": {
    "CbGeAlD": 0.34965891183051634,
    "CbGpPWpGaD": 0.13480204115917452,
    "CcSEcCtD": 0.5000951510121396,
    "CrCbGaD": 0.015443895998169421
  },
  "n_trials": 0.0,
  "prediction": 0.00186472440477475,
  "status": 0
}