{
  "compound_id": "DB00398",
  "compound_name": "Sorafenib",
  "compound_percentile": 0.330882352941176,
  "disease_id": "DOID:4362",
  "disease_name": "cervical cancer",
  "disease_percentile": 0.949934980494148,
  "metapath_contribution": {
    "CbGbCtD": 0.33963501337586793,
    "CbGeAlD": 0.268896129245954,
    "CbGpPWpGaD": 0.22662203371393025,
    "CcSEcCtD": 0.16484682366424772
  },
  "n_trials": 1.0,
  "prediction": 0.0025693175068600698,
  "status": 0,
  "training_prediction": 0.00263038084507067
}