{
  "compound_id": "DB00247",
  "compound_name": "Methysergide",
  "compound_percentile": 0.786764705882353,
  "disease_id": "DOID:2841",
  "disease_name": "asthma",
  "disease_percentile": 0.266579973992198,
  "metapath_contribution": {
    "CbGdCrCtD": 0.0016103310738853924,
    "CbGeAlD": 0.09037973362011507,
    "CbGpPWpGaD": 0.39243781478523704,
    "CcSEcCtD": 0.5155721205207626
  },
  "n_trials": 0.0,
  "prediction": 0.00169130225924801,
  "status": 0
}