{
  "compound_id": "DB00268",
  "compound_name": "Ropinirole",
  "compound_percentile": 0.7352941176470591,
  "disease_id": "DOID:1192",
  "disease_name": "peripheral nervous system neoplasm",
  "disease_percentile": 0.8966189856957092,
  "metapath_contribution": {
    "CbGbCtD": 0.16743030307187895,
    "CbGeAlD": 0.1799022271441868,
    "CbGpPWpGaD": 0.05777221834629703,
    "CcSEcCtD": 0.5948952514376371
  },
  "n_trials": 0.0,
  "prediction": 0.00345723778214512,
  "status": 0
}