{
  "compound_id": "DB01140",
  "compound_name": "Cefadroxil",
  "compound_percentile": 0.294117647058824,
  "disease_id": "DOID:1324",
  "disease_name": "lung cancer",
  "disease_percentile": 0.16319895968790601,
  "metapath_contribution": {
    "CbGpPWpGaD": 0.03509112634546581,
    "CcSEcCtD": 0.9588827180565134,
    "CrCbGaD": 0.006026155598020711
  },
  "n_trials": 0.0,
  "prediction": 0.000943973148421924,
  "status": 0
}