{
  "compound_id": "DB06729",
  "compound_name": "Sulfaphenazole",
  "compound_percentile": 0.852941176470588,
  "disease_id": "DOID:1612",
  "disease_name": "breast cancer",
  "disease_percentile": 0.35630689206762,
  "metapath_contribution": {
    "CbGaD": 0.24879956269870146,
    "CbGbCtD": 0.6706617924190524,
    "CbGpPWpGaD": 0.0750215962982125,
    "CrCbGaD": 0.005517048584033559
  },
  "n_trials": 0.0,
  "prediction": 0.0018234873284321302,
  "status": 0
}