{
  "compound_id": "DB00591",
  "compound_name": "Fluocinolone Acetonide",
  "compound_percentile": 0.161764705882353,
  "disease_id": "DOID:9744",
  "disease_name": "type 1 diabetes mellitus",
  "disease_percentile": 0.00715214564369311,
  "metapath_contribution": {
    "CbGdCrCtD": 0.1498913131329371,
    "CbGpPWpGaD": 0.8501086868670629
  },
  "n_trials": 0.0,
  "prediction": 0.000393042205418121,
  "status": 0,
  "training_prediction": 0.000295539407854209
}