{
  "compound_id": "DB00924",
  "compound_name": "Cyclobenzaprine",
  "compound_percentile": 0.125,
  "disease_id": "DOID:5041",
  "disease_name": "esophageal cancer",
  "disease_percentile": 0.0851755526657997,
  "metapath_contribution": {
    "CbGpPWpGaD": 0.47886915594240426,
    "CcSEcCtD": 0.49207977364183403,
    "CrCbGaD": 0.029051070415761684
  },
  "n_trials": 0.0,
  "prediction": 0.00072406571034392,
  "status": 0
}