{
  "compound_id": "DB01275",
  "compound_name": "Hydralazine",
  "compound_percentile": 0.779411764705882,
  "disease_id": "DOID:363",
  "disease_name": "uterine cancer",
  "disease_percentile": 0.838751625487646,
  "metapath_contribution": {
    "CbGbCtD": 0.1724418715146808,
    "CbGeAlD": 0.3621991710074585,
    "CcSEcCtD": 0.46535895747786077
  },
  "n_trials": 0.0,
  "prediction": 0.00288941125773575,
  "status": 0,
  "training_prediction": 0.0052726934681920105
}