{
  "compound_id": "DB04948",
  "compound_name": "Lofexidine",
  "compound_percentile": 0.9558823529411771,
  "disease_id": "DOID:9352",
  "disease_name": "type 2 diabetes mellitus",
  "disease_percentile": 0.633940182054616,
  "metapath_contribution": {
    "CbGaD": 0.6523715593648529,
    "CbGbCtD": 0.29717302472153556,
    "CbGpPWpGaD": 0.045945805829688637,
    "CrCbGaD": 0.004509610083922859
  },
  "n_trials": 0.0,
  "prediction": 0.00323960893198796,
  "status": 0
}