{
  "compound_id": "DB00527",
  "compound_name": "Cinchocaine",
  "compound_percentile": 0.110294117647059,
  "disease_id": "DOID:784",
  "disease_name": "chronic kidney failure",
  "disease_percentile": 0.0390117035110533,
  "metapath_contribution": {
    "CbGeAlD": 0.3193069143609943,
    "CbGpPWpGaD": 0.6427782084681495,
    "CrCbGaD": 0.03791487717085622
  },
  "n_trials": 0.0,
  "prediction": 0.0006851498903140139,
  "status": 0
}