{
  "compound_id": "DB00969",
  "compound_name": "Alosetron",
  "compound_percentile": 0.375,
  "disease_id": "DOID:1595",
  "disease_name": "endogenous depression",
  "disease_percentile": 0.56371911573472,
  "metapath_contribution": {
    "CbGeAlD": 0.404937308984666,
    "CbGpPWpGaD": 0.44702576680039613,
    "CrCbGaD": 0.14803692421493783
  },
  "n_trials": 0.0,
  "prediction": 0.00162465117829651,
  "status": 0
}