{
  "compound_id": "DB00158",
  "compound_name": "Folic Acid",
  "compound_percentile": 0.514705882352941,
  "disease_id": "DOID:332",
  "disease_name": "amyotrophic lateral sclerosis",
  "disease_percentile": 0.6358907672301689,
  "metapath_contribution": {
    "CbGbCtD": 0.7826540677800277,
    "CbGeAlD": 0.11794037023268641,
    "CbGpPWpGaD": 0.09940556198728594
  },
  "n_trials": 0.0,
  "prediction": 0.0015644848721330699,
  "status": 0
}