{
  "compound_id": "DB01157",
  "compound_name": "Trimetrexate",
  "compound_percentile": 0.6764705882352939,
  "disease_id": "DOID:9970",
  "disease_name": "obesity",
  "disease_percentile": 0.36866059817945396,
  "metapath_contribution": {
    "CbGeAlD": 0.09258312910500198,
    "CbGpPWpGaD": 0.4884242485414782,
    "CcSEcCtD": 0.4189926223535197
  },
  "n_trials": 0.0,
  "prediction": 0.0019405417177042802,
  "status": 0
}