{
  "compound_id": "DB06711",
  "compound_name": "Naphazoline",
  "compound_percentile": 0.933823529411765,
  "disease_id": "DOID:11612",
  "disease_name": "polycystic ovary syndrome",
  "disease_percentile": 0.666449934980494,
  "metapath_contribution": {
    "CbGaD": 0.8133832179444068,
    "CbGeAlD": 0.02916182208538365,
    "CbGpPWpGaD": 0.1482369883815404,
    "CrCbGaD": 0.009217971588669252
  },
  "n_trials": 0.0,
  "prediction": 0.0017779097835089,
  "status": 0
}