{
  "compound_id": "DB00262",
  "compound_name": "Carmustine",
  "compound_percentile": 0.5735294117647061,
  "disease_id": "DOID:3277",
  "disease_name": "thymus cancer",
  "disease_percentile": 0.809492847854356,
  "metapath_contribution": {
    "CbGeAlD": 0.18285120288819456,
    "CcSEcCtD": 0.8171487971118054
  },
  "n_trials": 0.0,
  "prediction": 0.0019665011255338397,
  "status": 0,
  "training_prediction": 0.00302784450485836
}