{
  "compound_id": "DB00221",
  "compound_name": "Isoetarine",
  "compound_percentile": 1.0,
  "disease_id": "DOID:3083",
  "disease_name": "chronic obstructive pulmonary disease",
  "disease_percentile": 0.992197659297789,
  "metapath_contribution": {
    "CbGaD": 0.13011123294339852,
    "CbGbCtD": 0.17612961943193073,
    "CrCbGaD": 0.0012923445507070019,
    "CrCrCtD": 0.15752466287985115,
    "CrCtD": 0.2740047356230812,
    "CtDrD": 0.26093740457103154
  },
  "n_trials": 0.0,
  "prediction": 0.0708250239224315,
  "status": 0,
  "training_prediction": 0.144039211672922
}