{
  "compound_id": "DB00286",
  "compound_name": "Conjugated Estrogens",
  "compound_percentile": 0.786764705882353,
  "disease_id": "DOID:8398",
  "disease_name": "osteoarthritis",
  "disease_percentile": 0.949284785435631,
  "metapath_contribution": {
    "CbGaD": 0.25379330776061365,
    "CrCbGaD": 0.003317902014053395,
    "CtDrD": 0.742888790225333
  },
  "n_trials": 0.0,
  "prediction": 0.00216381377879286,
  "status": 0
}