{
  "compound_id": "DB00154",
  "compound_name": "Dihomo-gamma-linolenic acid",
  "compound_percentile": 0.941176470588235,
  "disease_id": "DOID:10763",
  "disease_name": "hypertension",
  "disease_percentile": 0.286736020806242,
  "metapath_contribution": {
    "CbGaD": 0.45835826584662254,
    "CbGbCtD": 0.42379129192322645,
    "CbGeAlD": 0.024769788499428055,
    "CbGpPWpGaD": 0.08475247505145922,
    "CrCbGaD": 0.00832817867926373
  },
  "n_trials": 0.0,
  "prediction": 0.00229919543642801,
  "status": 0
}