{
  "compound_id": "DB06267",
  "compound_name": "Udenafil",
  "compound_percentile": 0.977941176470588,
  "disease_id": "DOID:10283",
  "disease_name": "prostate cancer",
  "disease_percentile": 0.7100130039011701,
  "metapath_contribution": {
    "CbGaD": 0.45857437951814917,
    "CbGbCtD": 0.44939836887993007,
    "CbGeAlD": 0.03204232351662162,
    "CbGpPWpGaD": 0.05578800134024685,
    "CrCbGaD": 0.004196926745052346
  },
  "n_trials": 0.0,
  "prediction": 0.0035779199433633104,
  "status": 0
}