{
  "compound_id": "DB00800",
  "compound_name": "Fenoldopam",
  "compound_percentile": 0.933823529411765,
  "disease_id": "DOID:3312",
  "disease_name": "bipolar disorder",
  "disease_percentile": 0.9947984395318601,
  "metapath_contribution": {
    "CbGaD": 0.8398543137667435,
    "CbGeAlD": 0.018951255390153823,
    "CbGpPWpGaD": 0.1411944308431027
  },
  "n_trials": 0.0,
  "prediction": 0.0058335164667226,
  "status": 0
}