{
  "compound_id": "DB00794",
  "compound_name": "Primidone",
  "compound_percentile": 0.279411764705882,
  "disease_id": "DOID:2394",
  "disease_name": "ovarian cancer",
  "disease_percentile": 0.347854356306892,
  "metapath_contribution": {
    "CbGbCtD": 0.17873795907378823,
    "CbGeAlD": 0.3464746337591749,
    "CbGpPWpGaD": 0.12747146480235066,
    "CcSEcCtD": 0.34477064569617877,
    "CrCbGaD": 0.002545296668507443
  },
  "n_trials": 0.0,
  "prediction": 0.00119283317197911,
  "status": 0,
  "training_prediction": 0.0028440139015197
}