{
  "compound_id": "DB01106",
  "compound_name": "Levocabastine",
  "compound_percentile": 0.992647058823529,
  "disease_id": "DOID:1936",
  "disease_name": "atherosclerosis",
  "disease_percentile": 0.930429128738622,
  "metapath_contribution": {
    "CbGaD": 0.8549828548469144,
    "CbGpPWpGaD": 0.11317820777086382,
    "CcSEcCtD": 0.03183893738222189
  },
  "n_trials": 0.0,
  "prediction": 0.00498665837377314,
  "status": 0
}