{
  "compound_id": "DB00751",
  "compound_name": "Epinastine",
  "compound_percentile": 0.882352941176471,
  "disease_id": "DOID:8986",
  "disease_name": "narcolepsy",
  "disease_percentile": 0.8738621586475942,
  "metapath_contribution": {
    "CbGaD": 0.7405746083996575,
    "CbGeAlD": 0.11289091777138954,
    "CbGpPWpGaD": 0.14010116772411013,
    "CrCbGaD": 0.006433306104842719
  },
  "n_trials": 0.0,
  "prediction": 0.00198607292350197,
  "status": 0
}