{
  "compound_id": "DB01181",
  "compound_name": "Ifosfamide",
  "compound_percentile": 0.970588235294118,
  "disease_id": "DOID:0060073",
  "disease_name": "lymphatic system cancer",
  "disease_percentile": 0.9934980494148241,
  "metapath_contribution": {
    "CbGbCtD": 0.07152459853468461,
    "CcSEcCtD": 0.06140679108084544,
    "CiPCiCtD": 0.5308454158119145,
    "CrCrCtD": 0.3362231945725556
  },
  "n_trials": 29.0,
  "prediction": 0.0336347515770127,
  "status": 0,
  "training_prediction": 0.14867764030219
}