{
  "compound_id": "DB00764",
  "compound_name": "Mometasone",
  "compound_percentile": 0.992647058823529,
  "disease_id": "DOID:8893",
  "disease_name": "psoriasis",
  "disease_percentile": 0.980494148244473,
  "metapath_contribution": {
    "CbGbCtD": 0.1758024443579028,
    "CbGpPWpGaD": 0.00031479321915338105,
    "CcSEcCtD": 0.0552743901656041,
    "CrCrCtD": 0.22239299679406757,
    "CrCtD": 0.31061422952008316,
    "CtDrD": 0.23560114594318904
  },
  "n_trials": 0.0,
  "prediction": 0.0595378949057384,
  "status": 0,
  "training_prediction": 0.3802322827223761
}