{
  "compound_id": "DB01325",
  "compound_name": "Quinethazone",
  "compound_percentile": 0.772058823529412,
  "disease_id": "DOID:3393",
  "disease_name": "coronary artery disease",
  "disease_percentile": 0.19830949284785399,
  "metapath_contribution": {
    "CbGbCtD": 0.8419709691855897,
    "CbGeAlD": 0.0218400778186433,
    "CbGpPWpGaD": 0.12476687864617017,
    "CrCbGaD": 0.011422074349596781
  },
  "n_trials": 0.0,
  "prediction": 0.00126647173004947,
  "status": 0
}