{
  "compound_id": "DB00356",
  "compound_name": "Chlorzoxazone",
  "compound_percentile": 1.0,
  "disease_id": "DOID:1826",
  "disease_name": "epilepsy syndrome",
  "disease_percentile": 0.8133940182054621,
  "metapath_contribution": {
    "CbGaD": 0.40010767508732614,
    "CbGbCtD": 0.43920439202584144,
    "CbGeAlD": 0.009719706345339101,
    "CbGpPWpGaD": 0.0551269533022948,
    "CcSEcCtD": 0.09584127323919842
  },
  "n_trials": 0.0,
  "prediction": 0.00904592768991363,
  "status": 0
}