{
  "compound_id": "DB00666",
  "compound_name": "Nafarelin",
  "compound_percentile": 0.963235294117647,
  "disease_id": "DOID:1826",
  "disease_name": "epilepsy syndrome",
  "disease_percentile": 0.245123537061118,
  "metapath_contribution": {
    "CbGeAlD": 0.07052907946134193,
    "CbGpPWpGaD": 0.25906039584879686,
    "CcSEcCtD": 0.6544029543952818,
    "CrCbGaD": 0.016007570294579433
  },
  "n_trials": 0.0,
  "prediction": 0.00192503041752693,
  "status": 0
}