{
  "compound_id": "DB00123",
  "compound_name": "L-Lysine",
  "compound_percentile": 0.0955882352941176,
  "disease_id": "DOID:2531",
  "disease_name": "hematologic cancer",
  "disease_percentile": 0.135240572171652,
  "metapath_contribution": {
    "CbGeAlD": 0.48572763994913615,
    "CbGpPWpGaD": 0.4675504038146841,
    "CrCbGaD": 0.0467219562361797
  },
  "n_trials": 0.0,
  "prediction": 0.00107940758441943,
  "status": 0
}