{
  "compound_id": "DB08866",
  "compound_name": "Estradiol valerate/Dienogest",
  "compound_percentile": 0.801470588235294,
  "disease_id": "DOID:14227",
  "disease_name": "azoospermia",
  "disease_percentile": 0.556566970091027,
  "metapath_contribution": {
    "CbGbCtD": 0.47110537584837897,
    "CcSEcCtD": 0.5097423740837577,
    "CrCbGaD": 0.019152250067863436
  },
  "n_trials": 0.0,
  "prediction": 0.00176577535090315,
  "status": 0,
  "training_prediction": 0.0007961913645238769
}