{
  "compound_id": "DB01590",
  "compound_name": "Everolimus",
  "compound_percentile": 0.183823529411765,
  "disease_id": "DOID:10652",
  "disease_name": "Alzheimer's disease",
  "disease_percentile": 0.0221066319895969,
  "metapath_contribution": {
    "CbGbCtD": 0.3292927811268746,
    "CbGeAlD": 0.051329426328822036,
    "CbGpPWpGaD": 0.20497746436023714,
    "CcSEcCtD": 0.40588711900722996,
    "CrCbGaD": 0.008513209176836341
  },
  "n_trials": 0.0,
  "prediction": 0.0005426279387852849,
  "status": 0,
  "training_prediction": 0.000658772346855868
}