{
  "compound_id": "DB01438",
  "compound_name": "Phenazopyridine",
  "compound_percentile": 0.852941176470588,
  "disease_id": "DOID:1192",
  "disease_name": "peripheral nervous system neoplasm",
  "disease_percentile": 0.798439531859558,
  "metapath_contribution": {
    "CbGeAlD": 0.367659597920843,
    "CbGpPWpGaD": 0.3975021987662825,
    "CcSEcCtD": 0.23483820331287447
  },
  "n_trials": 0.0,
  "prediction": 0.00263639451680351,
  "status": 0
}