{
  "compound_id": "DB01222",
  "compound_name": "Budesonide",
  "compound_percentile": 0.507352941176471,
  "disease_id": "DOID:14221",
  "disease_name": "metabolic syndrome X",
  "disease_percentile": 0.0689206762028609,
  "metapath_contribution": {
    "CbGaD": 0.8618253089329281,
    "CbGpPWpGaD": 0.05972290091410025,
    "CcSEcCtD": 0.06771884132618099,
    "CrCbGaD": 0.010732948826790751
  },
  "n_trials": 0.0,
  "prediction": 0.000710590100679816,
  "status": 0,
  "training_prediction": 0.000534354646341024
}