{
  "compound_id": "DB01181",
  "compound_name": "Ifosfamide",
  "compound_percentile": 0.639705882352941,
  "disease_id": "DOID:9206",
  "disease_name": "Barrett's esophagus",
  "disease_percentile": 0.9063719115734721,
  "metapath_contribution": {
    "CbGbCtD": 0.7856152261180428,
    "CbGpPWpGaD": 0.036507589502851316,
    "CcSEcCtD": 0.17787718437910585
  },
  "n_trials": 0.0,
  "prediction": 0.00321637089421695,
  "status": 0,
  "training_prediction": 0.0053776326121220104
}