{
  "compound_id": "DB01114",
  "compound_name": "Chlorphenamine",
  "compound_percentile": 0.0220588235294118,
  "disease_id": "DOID:1909",
  "disease_name": "melanoma",
  "disease_percentile": 0.0286085825747724,
  "metapath_contribution": {
    "CbGbCtD": 0.7075959987382983,
    "CbGpPWpGaD": 0.13830164185888422,
    "CcSEcCtD": 0.15410235940281747
  },
  "n_trials": 0.0,
  "prediction": 0.000481293987584782,
  "status": 0
}