{
  "compound_id": "DB01412",
  "compound_name": "Theobromine",
  "compound_percentile": 0.867647058823529,
  "disease_id": "DOID:635",
  "disease_name": "acquired immunodeficiency syndrome",
  "disease_percentile": 0.44928478543563105,
  "metapath_contribution": {
    "CbGbCtD": 0.8903186483589027,
    "CbGeAlD": 0.08597177066882307,
    "CbGpPWpGaD": 0.023709580972274245
  },
  "n_trials": 0.0,
  "prediction": 0.00224752424437765,
  "status": 0
}