{
  "compound_id": "DB01072",
  "compound_name": "Atazanavir",
  "compound_percentile": 0.941176470588235,
  "disease_id": "DOID:9074",
  "disease_name": "systemic lupus erythematosus",
  "disease_percentile": 0.891417425227568,
  "metapath_contribution": {
    "CbGbCtD": 0.3057327130775041,
    "CbGeAlD": 0.011265954525566625,
    "CcSEcCtD": 0.09997096071320474,
    "CiPCiCtD": 0.5830303716837244
  },
  "n_trials": 0.0,
  "prediction": 0.00457863079653445,
  "status": 0
}