{
  "compound_id": "DB00441",
  "compound_name": "Gemcitabine",
  "compound_percentile": 0.147058823529412,
  "disease_id": "DOID:1686",
  "disease_name": "glaucoma",
  "disease_percentile": 0.029258777633290003,
  "metapath_contribution": {
    "CbGpPWpGaD": 0.3263657691389327,
    "CcSEcCtD": 0.6736342308610673
  },
  "n_trials": 0.0,
  "prediction": 0.0007604597572219379,
  "status": 0,
  "training_prediction": 0.0127114927851227
}