{
  "compound_id": "DB00655",
  "compound_name": "Estrone",
  "compound_percentile": 0.948529411764706,
  "disease_id": "DOID:13189",
  "disease_name": "gout",
  "disease_percentile": 0.883615084525358,
  "metapath_contribution": {
    "CbGaD": 0.28567223372502387,
    "CbGbCtD": 0.36542648754887247,
    "CbGpPWpGaD": 0.009894815688259733,
    "CcSEcCtD": 0.0591643535507309,
    "CrCbGaD": 0.0022478771294627657,
    "CrCrCtD": 0.2775942323576503
  },
  "n_trials": 0.0,
  "prediction": 0.0058036198140991105,
  "status": 0,
  "training_prediction": 0.0127234023458096
}