{
  "compound_id": "DB00188",
  "compound_name": "Bortezomib",
  "compound_percentile": 0.632352941176471,
  "disease_id": "DOID:12361",
  "disease_name": "Graves' disease",
  "disease_percentile": 0.8966189856957092,
  "metapath_contribution": {
    "CbGbCtD": 0.594666103469759,
    "CbGeAlD": 0.1419641573580607,
    "CbGpPWpGaD": 0.12359706986607405,
    "CcSEcCtD": 0.13977266930610624
  },
  "n_trials": 0.0,
  "prediction": 0.00261953273505183,
  "status": 0,
  "training_prediction": 0.0019325177875275602
}