{
  "compound_id": "DB00473",
  "compound_name": "Hexylcaine",
  "compound_percentile": 0.8602941176470591,
  "disease_id": "DOID:12849",
  "disease_name": "autistic disorder",
  "disease_percentile": 0.535760728218466,
  "metapath_contribution": {
    "CbGeAlD": 0.35441847374507246,
    "CbGpPWpGaD": 0.6345127402498293,
    "CrCbGaD": 0.011068786005098313
  },
  "n_trials": 0.0,
  "prediction": 0.00146208985559155,
  "status": 0
}