{
  "compound_id": "DB01197",
  "compound_name": "Captopril",
  "compound_percentile": 0.911764705882353,
  "disease_id": "DOID:12930",
  "disease_name": "dilated cardiomyopathy",
  "disease_percentile": 0.9869960988296491,
  "metapath_contribution": {
    "CbGaD": 0.2250689587883909,
    "CbGbCtD": 0.29748164226870283,
    "CbGdCrCtD": 0.0015596587318658466,
    "CbGeAlD": 0.047203813830004604,
    "CbGpPWpGaD": 0.059400274208494204,
    "CcSEcCtD": 0.06758588902859738,
    "CrCbGaD": 0.000927041820284945,
    "CrCrCtD": 0.3007727213236593
  },
  "n_trials": 0.0,
  "prediction": 0.0125515750954862,
  "status": 0,
  "training_prediction": 0.0276901963105095
}