{
  "compound_id": "DB06725",
  "compound_name": "Lornoxicam",
  "compound_percentile": 0.948529411764706,
  "disease_id": "DOID:5041",
  "disease_name": "esophageal cancer",
  "disease_percentile": 0.94148244473342,
  "metapath_contribution": {
    "CbGaD": 0.7298918396818643,
    "CbGbCtD": 0.20993702873017203,
    "CbGpPWpGaD": 0.05415086275499375,
    "CrCbGaD": 0.006020268832969818
  },
  "n_trials": 0.0,
  "prediction": 0.0037517428177332203,
  "status": 0
}