{
  "compound_id": "DB04840",
  "compound_name": "Debrisoquin",
  "compound_percentile": 0.9852941176470591,
  "disease_id": "DOID:1612",
  "disease_name": "breast cancer",
  "disease_percentile": 0.85630689206762,
  "metapath_contribution": {
    "CbGaD": 0.5009392935499698,
    "CbGbCtD": 0.4342103318120733,
    "CbGpPWpGaD": 0.06485037463795693
  },
  "n_trials": 0.0,
  "prediction": 0.00553415060347052,
  "status": 0
}