{
  "compound_id": "DB01361",
  "compound_name": "Troleandomycin",
  "compound_percentile": 0.852941176470588,
  "disease_id": "DOID:3083",
  "disease_name": "chronic obstructive pulmonary disease",
  "disease_percentile": 0.4733420026007801,
  "metapath_contribution": {
    "CbGbCtD": 0.8924778075247658,
    "CbGpPWpGaD": 0.10211467805302966,
    "CrCbGaD": 0.005407514422204584
  },
  "n_trials": 0.0,
  "prediction": 0.00206441564221792,
  "status": 0
}