{
  "compound_id": "DB05521",
  "compound_name": "Telaprevir",
  "compound_percentile": 0.558823529411765,
  "disease_id": "DOID:11054",
  "disease_name": "urinary bladder cancer",
  "disease_percentile": 0.552665799739922,
  "metapath_contribution": {
    "CbGbCtD": 0.5169891333229623,
    "CbGeAlD": 0.14525279488568774,
    "CbGpPWpGaD": 0.11831369900621978,
    "CcSEcCtD": 0.21944437278513027
  },
  "n_trials": 0.0,
  "prediction": 0.0017213704863446,
  "status": 0
}