{
  "compound_id": "DB00364",
  "compound_name": "Sucralfate",
  "compound_percentile": 0.669117647058823,
  "disease_id": "DOID:1781",
  "disease_name": "thyroid cancer",
  "disease_percentile": 0.916775032509753,
  "metapath_contribution": {
    "CbGbCtD": 0.05404506179382961,
    "CbGeAlD": 0.2124391439101138,
    "CbGpPWpGaD": 0.7335157942960565
  },
  "n_trials": 0.0,
  "prediction": 0.00286441767096259,
  "status": 0
}