{
  "compound_id": "DB00540",
  "compound_name": "Nortriptyline",
  "compound_percentile": 0.375,
  "disease_id": "DOID:4045",
  "disease_name": "muscle cancer",
  "disease_percentile": 0.23667100130039004,
  "metapath_contribution": {
    "CbGbCtD": 0.7450243970897122,
    "CbGeAlD": 0.05720218382583136,
    "CcSEcCtD": 0.19777341908445648
  },
  "n_trials": 0.0,
  "prediction": 0.00101766675716351,
  "status": 0
}