{
  "compound_id": "DB06414",
  "compound_name": "Etravirine",
  "compound_percentile": 0.28676470588235303,
  "disease_id": "DOID:11612",
  "disease_name": "polycystic ovary syndrome",
  "disease_percentile": 0.581274382314694,
  "metapath_contribution": {
    "CbGeAlD": 0.2701118864532155,
    "CbGpPWpGaD": 0.5104945801921249,
    "CcSEcCtD": 0.21939353335465958
  },
  "n_trials": 0.0,
  "prediction": 0.00156428907455877,
  "status": 0
}