{
  "compound_id": "DB09014",
  "compound_name": "Captodiame",
  "compound_percentile": 1.0,
  "disease_id": "DOID:6364",
  "disease_name": "migraine",
  "disease_percentile": 0.8816644993498051,
  "metapath_contribution": {
    "CbGaD": 0.3474744461444812,
    "CbGbCtD": 0.2694366971571046,
    "CbGpPWpGaD": 0.03908705244459751,
    "CrCbGaD": 0.001036087409447204,
    "CrCrCtD": 0.3429657168443695
  },
  "n_trials": 0.0,
  "prediction": 0.00826944422638101,
  "status": 0
}