{
  "compound_id": "DB00148",
  "compound_name": "Creatine",
  "compound_percentile": 0.867647058823529,
  "disease_id": "DOID:1909",
  "disease_name": "melanoma",
  "disease_percentile": 0.871261378413524,
  "metapath_contribution": {
    "CbGbCtD": 0.27347984636619893,
    "CbGeAlD": 0.15657380692443576,
    "CbGpPWpGaD": 0.5699463467093653
  },
  "n_trials": 0.0,
  "prediction": 0.00266197605935242,
  "status": 0
}