{
  "compound_id": "DB01068",
  "compound_name": "Clonazepam",
  "compound_percentile": 0.5367647058823529,
  "disease_id": "DOID:1781",
  "disease_name": "thyroid cancer",
  "disease_percentile": 0.11703511053316001,
  "metapath_contribution": {
    "CbGbCtD": 0.3745611082914576,
    "CcSEcCtD": 0.6254388917085423
  },
  "n_trials": 0.0,
  "prediction": 0.000863181196345596,
  "status": 0,
  "training_prediction": 0.00104786508056111
}