{
  "compound_id": "DB01146",
  "compound_name": "Diphenylpyraline",
  "compound_percentile": 0.941176470588235,
  "disease_id": "DOID:3312",
  "disease_name": "bipolar disorder",
  "disease_percentile": 0.7191157347204159,
  "metapath_contribution": {
    "CbGaD": 0.9298484093373125,
    "CbGpPWpGaD": 0.061135856699331484,
    "CrCbGaD": 0.009015733963356037
  },
  "n_trials": 0.0,
  "prediction": 0.00187795188918218,
  "status": 0
}