{
  "compound_id": "DB00291",
  "compound_name": "Chlorambucil",
  "compound_percentile": 0.4779411764705879,
  "disease_id": "DOID:3277",
  "disease_name": "thymus cancer",
  "disease_percentile": 0.743172951885566,
  "metapath_contribution": {
    "CbGeAlD": 0.2444379552155162,
    "CcSEcCtD": 0.7555620447844839
  },
  "n_trials": 0.0,
  "prediction": 0.0018204492462564898,
  "status": 0,
  "training_prediction": 0.00233024730404927
}