{
  "compound_id": "DB00998",
  "compound_name": "Frovatriptan",
  "compound_percentile": 0.720588235294118,
  "disease_id": "DOID:1319",
  "disease_name": "brain cancer",
  "disease_percentile": 0.860858257477243,
  "metapath_contribution": {
    "CbGbCtD": 0.23574556540622263,
    "CbGeAlD": 0.3971112805428881,
    "CcSEcCtD": 0.36714315405088943
  },
  "n_trials": 0.0,
  "prediction": 0.00269922422723942,
  "status": 0
}