{
  "compound_id": "DB01183",
  "compound_name": "Naloxone",
  "compound_percentile": 0.882352941176471,
  "disease_id": "DOID:363",
  "disease_name": "uterine cancer",
  "disease_percentile": 0.900520156046814,
  "metapath_contribution": {
    "CbGaD": 0.35134029040180015,
    "CbGbCtD": 0.47877239621957596,
    "CbGeAlD": 0.05030985584709281,
    "CbGpPWpGaD": 0.07989852730122617,
    "CcSEcCtD": 0.03967893023030494
  },
  "n_trials": 0.0,
  "prediction": 0.00357741988152269,
  "status": 0
}