{
  "compound_id": "DB01611",
  "compound_name": "Hydroxychloroquine",
  "compound_percentile": 0.617647058823529,
  "disease_id": "DOID:11934",
  "disease_name": "head and neck cancer",
  "disease_percentile": 0.36150845253576097,
  "metapath_contribution": {
    "CbGbCtD": 0.47756343563377923,
    "CbGpPWpGaD": 0.1345247856433704,
    "CcSEcCtD": 0.3630881570650605,
    "CrCbGaD": 0.02482362165778993
  },
  "n_trials": 0.0,
  "prediction": 0.0011839080222951302,
  "status": 0
}