{
  "compound_id": "DB00212",
  "compound_name": "Remikiren",
  "compound_percentile": 0.977941176470588,
  "disease_id": "DOID:3953",
  "disease_name": "adrenal gland cancer",
  "disease_percentile": 0.996749024707412,
  "metapath_contribution": {
    "CbGaD": 0.8452141392419398,
    "CbGeAlD": 0.15429299058998475,
    "CrCbGaD": 0.0004928701680754332
  },
  "n_trials": 0.0,
  "prediction": 0.00654172078172441,
  "status": 0
}