{
  "category": "DM",
  "compound_id": "DB00871",
  "compound_name": "Terbutaline",
  "compound_percentile": 0.992647058823529,
  "disease_id": "DOID:2841",
  "disease_name": "asthma",
  "disease_percentile": 0.968790637191157,
  "metapath_contribution": {
    "CbGaD": 0.1163963188050682,
    "CbGbCtD": 0.20705291425934305,
    "CbGeAlD": 0.002910995539784487,
    "CbGpPWpGaD": 0.00694844145413992,
    "CcSEcCtD": 0.04105704956741678,
    "CrCbGaD": 0.0012609324596415052,
    "CrCrCtD": 0.24387453487866112,
    "CrCtD": 0.38049881303594485
  },
  "prediction": 0.061950225873505994,
  "status": 1,
  "training_prediction": 0.310937903299517
}