{
  "compound_id": "DB00594",
  "compound_name": "Amiloride",
  "compound_percentile": 0.183823529411765,
  "disease_id": "DOID:4159",
  "disease_name": "skin cancer",
  "disease_percentile": 0.542262678803641,
  "metapath_contribution": {
    "CbGeAlD": 0.5324460225759466,
    "CbGpPWpGaD": 0.07588485429199432,
    "CcSEcCtD": 0.391669123132059
  },
  "n_trials": 0.0,
  "prediction": 0.0018138067342853802,
  "status": 0,
  "training_prediction": 0.00399556650855917
}