{
  "category": "NOT",
  "compound_id": "DB01083",
  "compound_name": "Orlistat",
  "compound_percentile": 0.9558823529411771,
  "disease_id": "DOID:10763",
  "disease_name": "hypertension",
  "disease_percentile": 0.753576072821847,
  "metapath_contribution": {
    "CbGbCtD": 0.09536699796840288,
    "CbGdCrCtD": 0.002234572326368018,
    "CbGeAlD": 0.03852332592528869,
    "CbGpPWpGaD": 0.10649920415092012,
    "CcSEcCtD": 0.14622032967401205,
    "CrCbGaD": 0.004069467268770647,
    "CtDrD": 0.6070861026862375
  },
  "prediction": 0.00822404851611234,
  "status": 0,
  "training_prediction": 0.141356473222837
}