{
  "compound_id": "DB02187",
  "compound_name": "Equilin",
  "compound_percentile": 0.23529411764705901,
  "disease_id": "DOID:2355",
  "disease_name": "anemia",
  "disease_percentile": 0.291287386215865,
  "metapath_contribution": {
    "CbGeAlD": 0.12046068342756544,
    "CbGpPWpGaD": 0.8384846511125289,
    "CrCbGaD": 0.041054665459905604
  },
  "n_trials": 0.0,
  "prediction": 0.0009203737493293211,
  "status": 0
}