{
  "compound_id": "DB01012",
  "compound_name": "Cinacalcet",
  "compound_percentile": 1.0,
  "disease_id": "DOID:10763",
  "disease_name": "hypertension",
  "disease_percentile": 0.94148244473342,
  "metapath_contribution": {
    "CbGaD": 0.18446868161964416,
    "CbGbCtD": 0.1413565768870936,
    "CbGeAlD": 0.010912386457658808,
    "CbGpPWpGaD": 0.03351165467543073,
    "CcSEcCtD": 0.056761991115624716,
    "CpDpCtD": 0.21994410779122306,
    "CrCbGaD": 0.0012802988770293474,
    "CrCrCtD": 0.14507294683898447,
    "CrCtD": 0.20669135573731112
  },
  "n_trials": 0.0,
  "prediction": 0.0500237476131677,
  "status": 0
}