{
  "compound_id": "DB01030",
  "compound_name": "Topotecan",
  "compound_percentile": 0.125,
  "disease_id": "DOID:10652",
  "disease_name": "Alzheimer's disease",
  "disease_percentile": 0.0435630689206762,
  "metapath_contribution": {
    "CbGbCtD": 0.4206835181689204,
    "CbGeAlD": 0.03701881464366577,
    "CbGpPWpGaD": 0.07188061411762893,
    "CcSEcCtD": 0.4554393272642985,
    "CrCbGaD": 0.014977725805486421
  },
  "n_trials": 0.0,
  "prediction": 0.000649842411329936,
  "status": 0,
  "training_prediction": 0.00224124465503574
}