{
  "compound_id": "DB00384",
  "compound_name": "Triamterene",
  "compound_percentile": 0.897058823529412,
  "disease_id": "DOID:0050741",
  "disease_name": "alcohol dependence",
  "disease_percentile": 0.53446033810143,
  "metapath_contribution": {
    "CbGbCtD": 0.10159036963785556,
    "CbGeAlD": 0.46407276043682605,
    "CbGpPWpGaD": 0.23494318600993847,
    "CcSEcCtD": 0.19939368391537987
  },
  "n_trials": 0.0,
  "prediction": 0.00223883035006998,
  "status": 0,
  "training_prediction": 0.00271704396005683
}