{
  "compound_id": "DB01222",
  "compound_name": "Budesonide",
  "compound_percentile": 0.463235294117647,
  "disease_id": "DOID:1459",
  "disease_name": "hypothyroidism",
  "disease_percentile": 0.011703511053316002,
  "metapath_contribution": {
    "CbGeAlD": 0.09220951222410333,
    "CbGpPWpGaD": 0.031003372272051397,
    "CcSEcCtD": 0.8767871155038452
  },
  "n_trials": 0.0,
  "prediction": 0.0006592645091077259,
  "status": 0,
  "training_prediction": 0.001334193045496
}