{
  "compound_id": "DB06594",
  "compound_name": "Agomelatine",
  "compound_percentile": 0.610294117647059,
  "disease_id": "DOID:8577",
  "disease_name": "ulcerative colitis",
  "disease_percentile": 0.25032509752925897,
  "metapath_contribution": {
    "CbGbCtD": 0.2281521615793812,
    "CbGpPWpGaD": 0.2593288146663129,
    "CcSEcCtD": 0.48027839579461296,
    "CrCbGaD": 0.03224062795969298
  },
  "n_trials": 0.0,
  "prediction": 0.0014440043222732801,
  "status": 0
}