{
  "compound_id": "DB00553",
  "compound_name": "Methoxsalen",
  "compound_percentile": 0.713235294117647,
  "disease_id": "DOID:6364",
  "disease_name": "migraine",
  "disease_percentile": 0.667750325097529,
  "metapath_contribution": {
    "CbGbCtD": 0.824475131286147,
    "CcSEcCtD": 0.1755248687138531
  },
  "n_trials": 0.0,
  "prediction": 0.00314700103378077,
  "status": 0,
  "training_prediction": 0.0129458772302314
}