{
  "compound_id": "DB00755",
  "compound_name": "Tretinoin",
  "compound_percentile": 0.867647058823529,
  "disease_id": "DOID:10283",
  "disease_name": "prostate cancer",
  "disease_percentile": 0.492847854356307,
  "metapath_contribution": {
    "CbGaD": 0.4147275576623573,
    "CbGbCtD": 0.30463094065454605,
    "CbGdCrCtD": 0.0018088067133337112,
    "CbGeAlD": 0.040222495232226464,
    "CbGpPWpGaD": 0.11170379263776288,
    "CcSEcCtD": 0.12388167668795275,
    "CrCbGaD": 0.003024730411820765
  },
  "n_trials": 0.0,
  "prediction": 0.00226540402713227,
  "status": 0,
  "training_prediction": 0.0095751034097973
}