{
  "compound_id": "DB00179",
  "compound_name": "Masoprocol",
  "compound_percentile": 0.147058823529412,
  "disease_id": "DOID:1909",
  "disease_name": "melanoma",
  "disease_percentile": 0.341352405721716,
  "metapath_contribution": {
    "CbGeAlD": 0.4331727087927767,
    "CbGpPWpGaD": 0.5624537700171367,
    "CrCbGaD": 0.004373521190086558
  },
  "n_trials": 0.0,
  "prediction": 0.00114161551532227,
  "status": 0
}