{
  "compound_id": "DB00851",
  "compound_name": "Dacarbazine",
  "compound_percentile": 0.44117647058823495,
  "disease_id": "DOID:332",
  "disease_name": "amyotrophic lateral sclerosis",
  "disease_percentile": 0.85630689206762,
  "metapath_contribution": {
    "CbGbCtD": 0.9910412696147682,
    "CbGeAlD": 0.008958730385231824
  },
  "n_trials": 0.0,
  "prediction": 0.00221834669574417,
  "status": 0,
  "training_prediction": 0.0045010686870645
}