{
  "compound_id": "DB01067",
  "compound_name": "Glipizide",
  "compound_percentile": 0.227941176470588,
  "disease_id": "DOID:1324",
  "disease_name": "lung cancer",
  "disease_percentile": 0.177503250975293,
  "metapath_contribution": {
    "CbGbCtD": 0.5198826138548749,
    "CbGdCrCtD": 0.009789407322344642,
    "CbGpPWpGaD": 0.1376694945653418,
    "CcSEcCtD": 0.32633530548674855,
    "CrCbGaD": 0.006323178770690117
  },
  "n_trials": 0.0,
  "prediction": 0.0009749978947881039,
  "status": 0,
  "training_prediction": 0.00333658052587945
}