{
  "compound_id": "DB01046",
  "compound_name": "Lubiprostone",
  "compound_percentile": 0.875,
  "disease_id": "DOID:1115",
  "disease_name": "sarcoma",
  "disease_percentile": 0.730819245773732,
  "metapath_contribution": {
    "CbGbCtD": 0.797417500695094,
    "CbGeAlD": 0.09960714626406042,
    "CcSEcCtD": 0.10297535304084568
  },
  "n_trials": 0.0,
  "prediction": 0.00205514729929864,
  "status": 0
}