{
  "compound_id": "DB01406",
  "compound_name": "Danazol",
  "compound_percentile": 0.786764705882353,
  "disease_id": "DOID:7693",
  "disease_name": "abdominal aortic aneurysm",
  "disease_percentile": 0.8257477243172952,
  "metapath_contribution": {
    "CbGaD": 0.8961414373473958,
    "CbGeAlD": 0.0536213597843465,
    "CbGpPWpGaD": 0.050237202868257745
  },
  "n_trials": 0.0,
  "prediction": 0.0018498043318367,
  "status": 0
}