{
  "compound_id": "DB00690",
  "compound_name": "Flurazepam",
  "compound_percentile": 0.911764705882353,
  "disease_id": "DOID:9352",
  "disease_name": "type 2 diabetes mellitus",
  "disease_percentile": 0.263979193758127,
  "metapath_contribution": {
    "CbGaD": 0.3302017307538311,
    "CbGbCtD": 0.3466530047781866,
    "CbGeAlD": 0.040751860075233105,
    "CbGpPWpGaD": 0.10241256967364544,
    "CcSEcCtD": 0.1761036000101966,
    "CrCbGaD": 0.0038772347089072426
  },
  "n_trials": 0.0,
  "prediction": 0.0015755734561252,
  "status": 0
}