{
  "compound_id": "DB01162",
  "compound_name": "Terazosin",
  "compound_percentile": 0.7941176470588229,
  "disease_id": "DOID:2394",
  "disease_name": "ovarian cancer",
  "disease_percentile": 0.8133940182054621,
  "metapath_contribution": {
    "CbGaD": 0.5756629815066384,
    "CbGbCtD": 0.1504521173728465,
    "CbGeAlD": 0.021117422357118346,
    "CcSEcCtD": 0.2510206184841406,
    "CrCbGaD": 0.001746860279256058
  },
  "n_trials": 0.0,
  "prediction": 0.00235825161380379,
  "status": 0,
  "training_prediction": 0.00561359735091772
}