{
  "compound_id": "DB00275",
  "compound_name": "Olmesartan",
  "compound_percentile": 0.926470588235294,
  "disease_id": "DOID:13378",
  "disease_name": "Kawasaki disease",
  "disease_percentile": 0.9538361508452541,
  "metapath_contribution": {
    "CbGeAlD": 0.006409290214281553,
    "CcSEcCtD": 0.03172212163072915,
    "CtDrD": 0.9618685881549893
  },
  "n_trials": 0.0,
  "prediction": 0.00387346312626096,
  "status": 0,
  "training_prediction": 0.00291508292876855
}