{
  "compound_id": "DB00621",
  "compound_name": "Oxandrolone",
  "compound_percentile": 0.8602941176470591,
  "disease_id": "DOID:12849",
  "disease_name": "autistic disorder",
  "disease_percentile": 0.600130039011703,
  "metapath_contribution": {
    "CbGaD": 0.9803281737412038,
    "CbGpPWpGaD": 0.010478183718956197,
    "CrCbGaD": 0.009193642539840015
  },
  "n_trials": 0.0,
  "prediction": 0.00159469255982826,
  "status": 0
}