{
  "compound_id": "DB06699",
  "compound_name": "Degarelix",
  "compound_percentile": 0.867647058823529,
  "disease_id": "DOID:10652",
  "disease_name": "Alzheimer's disease",
  "disease_percentile": 0.522756827048114,
  "metapath_contribution": {
    "CbGpPWpGaD": 0.036977567973533305,
    "CcSEcCtD": 0.9630224320264668
  },
  "n_trials": 0.0,
  "prediction": 0.0019206012777335801,
  "status": 0,
  "training_prediction": 0.00233100003855784
}