{
  "compound_id": "DB00354",
  "compound_name": "Buclizine",
  "compound_percentile": 1.0,
  "disease_id": "DOID:4481",
  "disease_name": "allergic rhinitis",
  "disease_percentile": 0.9466840052015602,
  "metapath_contribution": {
    "CbGbCtD": 0.27439819686062145,
    "CbGeAlD": 0.0011576839778871292,
    "CrCrCtD": 0.29334041101836145,
    "CrCtD": 0.43110370814313004
  },
  "n_trials": 0.0,
  "prediction": 0.0153716533630507,
  "status": 0
}