{
  "compound_id": "DB01240",
  "compound_name": "Epoprostenol",
  "compound_percentile": 0.632352941176471,
  "disease_id": "DOID:363",
  "disease_name": "uterine cancer",
  "disease_percentile": 0.100780234070221,
  "metapath_contribution": {
    "CbGbCtD": 0.19495674498379875,
    "CbGeAlD": 0.2064137769950524,
    "CbGpPWpGaD": 0.2091515128719346,
    "CcSEcCtD": 0.3761327923197506,
    "CrCbGaD": 0.013345172829463728
  },
  "n_trials": 0.0,
  "prediction": 0.000916694311894602,
  "status": 0
}