{
  "compound_id": "DB01267",
  "compound_name": "Paliperidone",
  "compound_percentile": 0.7352941176470591,
  "disease_id": "DOID:1024",
  "disease_name": "leprosy",
  "disease_percentile": 0.775682704811443,
  "metapath_contribution": {
    "CbGbCtD": 0.5948230962609479,
    "CbGeAlD": 0.15129590774694673,
    "CcSEcCtD": 0.25388099599210545
  },
  "n_trials": 0.0,
  "prediction": 0.00247682911407105,
  "status": 0
}