{
  "compound_id": "DB00443",
  "compound_name": "Betamethasone",
  "compound_percentile": 0.801470588235294,
  "disease_id": "DOID:14227",
  "disease_name": "azoospermia",
  "disease_percentile": 0.45318595578673604,
  "metapath_contribution": {
    "CbGbCtD": 0.8010138450765875,
    "CbGeAlD": 0.06418023201065054,
    "CcSEcCtD": 0.13277689933893494,
    "CrCbGaD": 0.0020290235738270363
  },
  "n_trials": 0.0,
  "prediction": 0.0015804641357403599,
  "status": 0,
  "training_prediction": 0.004819738969907021
}