{
  "compound_id": "DB01196",
  "compound_name": "Estramustine",
  "compound_percentile": 0.772058823529412,
  "disease_id": "DOID:635",
  "disease_name": "acquired immunodeficiency syndrome",
  "disease_percentile": 0.257477243172952,
  "metapath_contribution": {
    "CbGbCtD": 0.6681242679623094,
    "CbGeAlD": 0.09144722219993764,
    "CcSEcCtD": 0.2391891255445241,
    "CrCbGaD": 0.0012393842932289655
  },
  "n_trials": 0.0,
  "prediction": 0.00163654252175123,
  "status": 0,
  "training_prediction": 0.00503919765395227
}