{
  "compound_id": "DB00650",
  "compound_name": "Leucovorin",
  "compound_percentile": 0.20588235294117604,
  "disease_id": "DOID:9970",
  "disease_name": "obesity",
  "disease_percentile": 0.130689206762029,
  "metapath_contribution": {
    "CbGdCrCtD": 0.00902317012724217,
    "CbGeAlD": 0.12270736682850121,
    "CbGpPWpGaD": 0.3761083355885313,
    "CcSEcCtD": 0.4711434118532805,
    "CrCbGaD": 0.021017715602444777
  },
  "n_trials": 0.0,
  "prediction": 0.00112324698128606,
  "status": 0
}