{
  "compound_id": "DB00202",
  "compound_name": "Succinylcholine",
  "compound_percentile": 0.654411764705882,
  "disease_id": "DOID:12849",
  "disease_name": "autistic disorder",
  "disease_percentile": 0.6287386215864761,
  "metapath_contribution": {
    "CbGeAlD": 0.16841025046219574,
    "CbGpPWpGaD": 0.8136079186735796,
    "CrCbGaD": 0.017981830864224595
  },
  "n_trials": 0.0,
  "prediction": 0.0016475942715197401,
  "status": 0
}