{
  "compound_id": "DB01035",
  "compound_name": "Procainamide",
  "compound_percentile": 0.632352941176471,
  "disease_id": "DOID:2355",
  "disease_name": "anemia",
  "disease_percentile": 0.6293888166449929,
  "metapath_contribution": {
    "CbGaD": 0.6949052206269422,
    "CbGeAlD": 0.06915345887408592,
    "CbGpPWpGaD": 0.22784161847710202,
    "CrCbGaD": 0.008099702021869944
  },
  "n_trials": 0.0,
  "prediction": 0.0014470549121519802,
  "status": 0
}