{
  "compound_id": "DB00904",
  "compound_name": "Ondansetron",
  "compound_percentile": 0.485294117647059,
  "disease_id": "DOID:3070",
  "disease_name": "malignant glioma",
  "disease_percentile": 0.767230169050715,
  "metapath_contribution": {
    "CbGbCtD": 0.36062044066415916,
    "CbGeAlD": 0.22602090341199635,
    "CbGpPWpGaD": 0.19053044665600713,
    "CcSEcCtD": 0.2228282092678374
  },
  "n_trials": 2.0,
  "prediction": 0.00204589169987597,
  "status": 0
}