{
  "compound_id": "DB00843",
  "compound_name": "Donepezil",
  "compound_percentile": 0.34558823529411803,
  "disease_id": "DOID:9008",
  "disease_name": "psoriatic arthritis",
  "disease_percentile": 0.403120936280884,
  "metapath_contribution": {
    "CbGbCtD": 0.34601370530715536,
    "CcSEcCtD": 0.6395532709682575,
    "CrCbGaD": 0.014433023724587204
  },
  "n_trials": 0.0,
  "prediction": 0.00153168447543697,
  "status": 0,
  "training_prediction": 0.0030905008584465603
}