{
  "compound_id": "DB00257",
  "compound_name": "Clotrimazole",
  "compound_percentile": 0.5735294117647061,
  "disease_id": "DOID:418",
  "disease_name": "systemic scleroderma",
  "disease_percentile": 0.48179453836150804,
  "metapath_contribution": {
    "CbGbCtD": 0.8372704909939818,
    "CbGeAlD": 0.030357041122268242,
    "CcSEcCtD": 0.1323724678837501
  },
  "n_trials": 0.0,
  "prediction": 0.00166459914445431,
  "status": 0
}