{
  "compound_id": "DB05294",
  "compound_name": "Vandetanib",
  "compound_percentile": 0.580882352941177,
  "disease_id": "DOID:8778",
  "disease_name": "Crohn's disease",
  "disease_percentile": 0.30689206762028604,
  "metapath_contribution": {
    "CbGaD": 0.6542349012376713,
    "CbGdCrCtD": 0.002218723541381226,
    "CbGeAlD": 0.09675914512182417,
    "CbGpPWpGaD": 0.1519083447822873,
    "CcSEcCtD": 0.09169645220638552,
    "CrCbGaD": 0.0031824331104505295
  },
  "n_trials": 0.0,
  "prediction": 0.00119892993798876,
  "status": 0,
  "training_prediction": 0.0019559427874396
}