{
  "compound_id": "DB00692",
  "compound_name": "Phentolamine",
  "compound_percentile": 0.0147058823529412,
  "disease_id": "DOID:7148",
  "disease_name": "rheumatoid arthritis",
  "disease_percentile": 0.330949284785436,
  "metapath_contribution": {
    "CbGdCrCtD": 0.010330400320614256,
    "CbGpPWpGaD": 0.3568768430780077,
    "CcSEcCtD": 0.632792756601378
  },
  "n_trials": 0.0,
  "prediction": 0.00135828544554109,
  "status": 0
}