{
  "compound_id": "DB00441",
  "compound_name": "Gemcitabine",
  "compound_percentile": 0.580882352941177,
  "disease_id": "DOID:0050741",
  "disease_name": "alcohol dependence",
  "disease_percentile": 0.213263979193758,
  "metapath_contribution": {
    "CbGbCtD": 0.20938600777716396,
    "CbGdCrCtD": 0.00856179834472602,
    "CbGeAlD": 0.28602809726081996,
    "CbGpPWpGaD": 0.06103938936963781,
    "CcSEcCtD": 0.43498470724765226
  },
  "n_trials": 0.0,
  "prediction": 0.0013466883551353599,
  "status": 0,
  "training_prediction": 0.0064455980458070295
}