{
  "compound_id": "DB01392",
  "compound_name": "Yohimbine",
  "compound_percentile": 0.0808823529411765,
  "disease_id": "DOID:2355",
  "disease_name": "anemia",
  "disease_percentile": 0.45578673602080605,
  "metapath_contribution": {
    "CbGeAlD": 0.4125274953914923,
    "CbGpPWpGaD": 0.5660143257704018,
    "CrCbGaD": 0.02145817883810596
  },
  "n_trials": 0.0,
  "prediction": 0.00115418096949701,
  "status": 0
}