{
  "compound_id": "DB06803",
  "compound_name": "Niclosamide",
  "compound_percentile": 0.8308823529411771,
  "disease_id": "DOID:9744",
  "disease_name": "type 1 diabetes mellitus",
  "disease_percentile": 0.939531859557867,
  "metapath_contribution": {
    "CbGaD": 0.8475677799434859,
    "CbGeAlD": 0.02060976357765318,
    "CbGpPWpGaD": 0.13158567080451114,
    "CrCbGaD": 0.00023678567434983895
  },
  "n_trials": 0.0,
  "prediction": 0.0030461924357199897,
  "status": 0
}