{
  "compound_id": "DB00294",
  "compound_name": "Etonogestrel",
  "compound_percentile": 0.875,
  "disease_id": "DOID:9352",
  "disease_name": "type 2 diabetes mellitus",
  "disease_percentile": 0.345903771131339,
  "metapath_contribution": {
    "CbGaD": 0.5248884384511873,
    "CbGbCtD": 0.2409552299558806,
    "CbGeAlD": 0.004847128654378445,
    "CbGpPWpGaD": 0.04066352116296232,
    "CcSEcCtD": 0.18321299189340223,
    "CrCbGaD": 0.005432689882189073
  },
  "n_trials": 0.0,
  "prediction": 0.0019283736838284198,
  "status": 0
}