{
  "compound_id": "DB01136",
  "compound_name": "Carvedilol",
  "compound_percentile": 0.7352941176470591,
  "disease_id": "DOID:1115",
  "disease_name": "sarcoma",
  "disease_percentile": 0.9369310793237969,
  "metapath_contribution": {
    "CbGaD": 0.4090294883740192,
    "CbGbCtD": 0.27279192663925805,
    "CbGdCrCtD": 0.002017993082788832,
    "CbGeAlD": 0.09070578866405704,
    "CbGpPWpGaD": 0.12494877591508925,
    "CcSEcCtD": 0.10050602732478751
  },
  "n_trials": 0.0,
  "prediction": 0.0033446481801391,
  "status": 0,
  "training_prediction": 0.00673609500370207
}