{
  "compound_id": "DB00865",
  "compound_name": "Benzphetamine",
  "compound_percentile": 0.7941176470588229,
  "disease_id": "DOID:184",
  "disease_name": "bone cancer",
  "disease_percentile": 0.334200260078023,
  "metapath_contribution": {
    "CbGaD": 0.5572076134347651,
    "CbGbCtD": 0.4319426041040412,
    "CbGpPWpGaD": 0.005832844379961156,
    "CrCbGaD": 0.005016938081232505
  },
  "n_trials": 0.0,
  "prediction": 0.00119179273838756,
  "status": 0,
  "training_prediction": 0.00170083489910661
}