{
  "compound_id": "DB06216",
  "compound_name": "Asenapine",
  "compound_percentile": 0.882352941176471,
  "disease_id": "DOID:12849",
  "disease_name": "autistic disorder",
  "disease_percentile": 0.9720416124837451,
  "metapath_contribution": {
    "CbGaD": 0.7623965723178128,
    "CbGeAlD": 0.0860439943118924,
    "CbGpPWpGaD": 0.14657363842186924,
    "CrCbGaD": 0.0049857949484255586
  },
  "n_trials": 0.0,
  "prediction": 0.0045549931813149,
  "status": 0
}