{
  "compound_id": "DB00467",
  "compound_name": "Enoxacin",
  "compound_percentile": 0.941176470588235,
  "disease_id": "DOID:11612",
  "disease_name": "polycystic ovary syndrome",
  "disease_percentile": 0.7100130039011701,
  "metapath_contribution": {
    "CbGaD": 0.934932544107386,
    "CbGeAlD": 0.005548517662572441,
    "CbGpPWpGaD": 0.051024711333091465,
    "CrCbGaD": 0.008494226896950025
  },
  "n_trials": 0.0,
  "prediction": 0.0018777227558168898,
  "status": 0
}