{
  "compound_id": "DB00861",
  "compound_name": "Diflunisal",
  "compound_percentile": 0.654411764705882,
  "disease_id": "DOID:2994",
  "disease_name": "germ cell cancer",
  "disease_percentile": 0.27438231469440805,
  "metapath_contribution": {
    "CbGbCtD": 0.702438580686847,
    "CbGeAlD": 0.13504091670132748,
    "CcSEcCtD": 0.16252050261182555
  },
  "n_trials": 0.0,
  "prediction": 0.00121139304370885,
  "status": 0
}