{
  "compound_id": "DB01064",
  "compound_name": "Isoprenaline",
  "compound_percentile": 0.816176470588235,
  "disease_id": "DOID:7148",
  "disease_name": "rheumatoid arthritis",
  "disease_percentile": 0.4733420026007801,
  "metapath_contribution": {
    "CbGaD": 0.7099555136084454,
    "CbGeAlD": 0.016928753373672844,
    "CbGpPWpGaD": 0.24657792847498106,
    "CcSEcCtD": 0.024439366481406006,
    "CrCbGaD": 0.0020984380614946702
  },
  "n_trials": 0.0,
  "prediction": 0.00170847888122986,
  "status": 0,
  "training_prediction": 0.00555032260476818
}