{
  "compound_id": "DB00594",
  "compound_name": "Amiloride",
  "compound_percentile": 0.588235294117647,
  "disease_id": "DOID:12236",
  "disease_name": "primary biliary cirrhosis",
  "disease_percentile": 0.695708712613784,
  "metapath_contribution": {
    "CbGeAlD": 0.151248503557947,
    "CbGpPWpGaD": 0.38665366328608025,
    "CcSEcCtD": 0.46209783315597275
  },
  "n_trials": 0.0,
  "prediction": 0.00213002464675542,
  "status": 0,
  "training_prediction": 0.0021012243542100698
}