{
  "compound_id": "DB00920",
  "compound_name": "Ketotifen",
  "compound_percentile": 0.389705882352941,
  "disease_id": "DOID:8893",
  "disease_name": "psoriasis",
  "disease_percentile": 0.18075422626788,
  "metapath_contribution": {
    "CbGbCtD": 0.3988275699489628,
    "CcSEcCtD": 0.6011724300510373
  },
  "n_trials": 0.0,
  "prediction": 0.0011599513628272802,
  "status": 0,
  "training_prediction": 0.0049203158170268
}