{
  "compound_id": "DB01591",
  "compound_name": "Solifenacin",
  "compound_percentile": 0.970588235294118,
  "disease_id": "DOID:9352",
  "disease_name": "type 2 diabetes mellitus",
  "disease_percentile": 0.7769830949284791,
  "metapath_contribution": {
    "CbGaD": 0.20163237104621165,
    "CbGbCtD": 0.20638967075728443,
    "CbGpPWpGaD": 0.07117576887746839,
    "CcSEcCtD": 0.18199067468224017,
    "CrCbGaD": 0.002357994692664276,
    "CrCrCtD": 0.3364535199441311
  },
  "n_trials": 0.0,
  "prediction": 0.00487450565170886,
  "status": 0
}