{
  "compound_id": "DB00935",
  "compound_name": "Oxymetazoline",
  "compound_percentile": 0.36764705882352894,
  "disease_id": "DOID:11934",
  "disease_name": "head and neck cancer",
  "disease_percentile": 0.663198959687906,
  "metapath_contribution": {
    "CbGdCrCtD": 0.10579670697775692,
    "CbGeAlD": 0.7167561177718689,
    "CbGpPWpGaD": 0.17744717525037432
  },
  "n_trials": 0.0,
  "prediction": 0.0017891108330536397,
  "status": 0
}