{
  "compound_id": "DB00643",
  "compound_name": "Mebendazole",
  "compound_percentile": 0.9191176470588229,
  "disease_id": "DOID:635",
  "disease_name": "acquired immunodeficiency syndrome",
  "disease_percentile": 0.378413524057217,
  "metapath_contribution": {
    "CbGbCtD": 0.7600124807147859,
    "CbGdCrCtD": 0.00882472014350678,
    "CbGeAlD": 0.08253737995707229,
    "CcSEcCtD": 0.1486254191846351
  },
  "n_trials": 0.0,
  "prediction": 0.0020407041754887303,
  "status": 0
}