{
  "compound_id": "DB00996",
  "compound_name": "Gabapentin",
  "compound_percentile": 0.742647058823529,
  "disease_id": "DOID:3277",
  "disease_name": "thymus cancer",
  "disease_percentile": 0.708712613784135,
  "metapath_contribution": {
    "CbGeAlD": 0.1969730984346057,
    "CcSEcCtD": 0.8030269015653942
  },
  "n_trials": 0.0,
  "prediction": 0.0017408045489933801,
  "status": 0,
  "training_prediction": 0.00130939750202855
}