{
  "compound_id": "DB00759",
  "compound_name": "Tetracycline",
  "compound_percentile": 0.5735294117647061,
  "disease_id": "DOID:3571",
  "disease_name": "liver cancer",
  "disease_percentile": 0.6020806241872559,
  "metapath_contribution": {
    "CbGaD": 0.7978793912129897,
    "CbGpPWpGaD": 0.18280975640706407,
    "CrCbGaD": 0.01931085237994615
  },
  "n_trials": 0.0,
  "prediction": 0.00164851317371861,
  "status": 0
}