{
  "compound_id": "DB00961",
  "compound_name": "Mepivacaine",
  "compound_percentile": 0.897058823529412,
  "disease_id": "DOID:1595",
  "disease_name": "endogenous depression",
  "disease_percentile": 0.42847854356306897,
  "metapath_contribution": {
    "CbGeAlD": 0.48604086183541045,
    "CbGpPWpGaD": 0.492337496146128,
    "CrCbGaD": 0.021621642018461566
  },
  "n_trials": 0.0,
  "prediction": 0.0013863304053688599,
  "status": 0
}