{
  "compound_id": "DB00875",
  "compound_name": "Flupentixol",
  "compound_percentile": 0.0441176470588235,
  "disease_id": "DOID:14221",
  "disease_name": "metabolic syndrome X",
  "disease_percentile": 0.22756827048114397,
  "metapath_contribution": {
    "CbGeAlD": 0.4107970193920206,
    "CbGpPWpGaD": 0.5494952184691481,
    "CrCbGaD": 0.03970776213883136
  },
  "n_trials": 0.0,
  "prediction": 0.00095580159988776,
  "status": 0
}