{
  "compound_id": "DB00146",
  "compound_name": "Calcidiol",
  "compound_percentile": 0.904411764705882,
  "disease_id": "DOID:10763",
  "disease_name": "hypertension",
  "disease_percentile": 0.133940182054616,
  "metapath_contribution": {
    "CbGaD": 0.716421724380046,
    "CbGeAlD": 0.05426174810611911,
    "CbGpPWpGaD": 0.22027057730701144,
    "CrCbGaD": 0.009045950206823465
  },
  "n_trials": 0.0,
  "prediction": 0.0014887282809235198,
  "status": 0
}