{
  "compound_id": "DB00214",
  "compound_name": "Torasemide",
  "compound_percentile": 0.727941176470588,
  "disease_id": "DOID:4159",
  "disease_name": "skin cancer",
  "disease_percentile": 0.834200260078023,
  "metapath_contribution": {
    "CbGbCtD": 0.7767643827933381,
    "CcSEcCtD": 0.22323561720666188
  },
  "n_trials": 0.0,
  "prediction": 0.0027697973485145,
  "status": 0,
  "training_prediction": 0.00609446130126635
}