{
  "compound_id": "DB00844",
  "compound_name": "Nalbuphine",
  "compound_percentile": 0.948529411764706,
  "disease_id": "DOID:363",
  "disease_name": "uterine cancer",
  "disease_percentile": 0.522756827048114,
  "metapath_contribution": {
    "CbGbCtD": 0.7383498099454758,
    "CcSEcCtD": 0.26137626535386277,
    "CrCbGaD": 0.00027392470066140367
  },
  "n_trials": 0.0,
  "prediction": 0.00170939215318431,
  "status": 0
}