{
  "compound_id": "DB01367",
  "compound_name": "Rasagiline",
  "compound_percentile": 0.647058823529412,
  "disease_id": "DOID:219",
  "disease_name": "colon cancer",
  "disease_percentile": 0.8686605981794541,
  "metapath_contribution": {
    "CbGeAlD": 0.08001088545817486,
    "CbGpPWpGaD": 0.37125402676532454,
    "CcSEcCtD": 0.5487350877765007
  },
  "n_trials": 0.0,
  "prediction": 0.0028494931102902602,
  "status": 0
}