{
  "compound_id": "DB00807",
  "compound_name": "Proparacaine",
  "compound_percentile": 0.963235294117647,
  "disease_id": "DOID:12365",
  "disease_name": "malaria",
  "disease_percentile": 0.631989596879064,
  "metapath_contribution": {
    "CbGbCtD": 0.8967301702559783,
    "CbGeAlD": 0.006614391384977951,
    "CcSEcCtD": 0.0966554383590437
  },
  "n_trials": 0.0,
  "prediction": 0.00244465194767708,
  "status": 0
}