{
  "compound_id": "DB01296",
  "compound_name": "Glucosamine",
  "compound_percentile": 0.816176470588235,
  "disease_id": "DOID:824",
  "disease_name": "periodontitis",
  "disease_percentile": 0.9843953185955792,
  "metapath_contribution": {
    "CbGaD": 0.8001736536933031,
    "CbGeAlD": 0.043826077912364564,
    "CbGpPWpGaD": 0.15600026839433245
  },
  "n_trials": 0.0,
  "prediction": 0.0032191883997682398,
  "status": 0
}