{
  "compound_id": "DB00359",
  "compound_name": "Sulfadiazine",
  "compound_percentile": 0.595588235294118,
  "disease_id": "DOID:12930",
  "disease_name": "dilated cardiomyopathy",
  "disease_percentile": 0.22626788036410897,
  "metapath_contribution": {
    "CbGbCtD": 0.4448225180122991,
    "CbGeAlD": 0.008581446764037808,
    "CcSEcCtD": 0.5465960352236631
  },
  "n_trials": 0.0,
  "prediction": 0.00117807917402362,
  "status": 0,
  "training_prediction": 0.00116213524850437
}