{
  "compound_id": "DB00546",
  "compound_name": "Adinazolam",
  "compound_percentile": 0.10294117647058802,
  "disease_id": "DOID:11612",
  "disease_name": "polycystic ovary syndrome",
  "disease_percentile": 0.26592977893367997,
  "metapath_contribution": {
    "CbGeAlD": 0.3187101555409866,
    "CbGpPWpGaD": 0.4716414737847675,
    "CrCbGaD": 0.2096483706742458
  },
  "n_trials": 0.0,
  "prediction": 0.00100681041693209,
  "status": 0
}