{
  "compound_id": "DB01156",
  "compound_name": "Bupropion",
  "compound_percentile": 0.8308823529411771,
  "disease_id": "DOID:8893",
  "disease_name": "psoriasis",
  "disease_percentile": 0.860858257477243,
  "metapath_contribution": {
    "CbGbCtD": 0.6580464984151042,
    "CbGpPWpGaD": 0.036065602555792615,
    "CcSEcCtD": 0.30588789902910324
  },
  "n_trials": 0.0,
  "prediction": 0.00365698073133575,
  "status": 0,
  "training_prediction": 0.0153875821977154
}