{
  "compound_id": "DB00769",
  "compound_name": "Hydrocortamate",
  "compound_percentile": 0.17647058823529396,
  "disease_id": "DOID:11054",
  "disease_name": "urinary bladder cancer",
  "disease_percentile": 0.0864759427828349,
  "metapath_contribution": {
    "CbGbCtD": 0.34471308758963337,
    "CbGeAlD": 0.26080594972267723,
    "CbGpPWpGaD": 0.3802548693344917,
    "CrCbGaD": 0.014226093353197702
  },
  "n_trials": 0.0,
  "prediction": 0.000751821920384072,
  "status": 0
}