{
  "compound_id": "DB00145",
  "compound_name": "Glycine",
  "compound_percentile": 0.558823529411765,
  "disease_id": "DOID:12236",
  "disease_name": "primary biliary cirrhosis",
  "disease_percentile": 0.418725617685306,
  "metapath_contribution": {
    "CbGeAlD": 0.20057778928273368,
    "CbGpPWpGaD": 0.5904644312360701,
    "CcSEcCtD": 0.19865485772938807,
    "CrCbGaD": 0.010302921751808143
  },
  "n_trials": 0.0,
  "prediction": 0.00142946562829909,
  "status": 0
}