{
  "compound_id": "DB00740",
  "compound_name": "Riluzole",
  "compound_percentile": 0.5,
  "disease_id": "DOID:1312",
  "disease_name": "focal segmental glomerulosclerosis",
  "disease_percentile": 0.887516254876463,
  "metapath_contribution": {
    "CbGbCtD": 0.5506354714036504,
    "CcSEcCtD": 0.44936452859634957
  },
  "n_trials": 0.0,
  "prediction": 0.0025875214922454,
  "status": 0,
  "training_prediction": 0.0011672458317024698
}