{
  "compound_id": "DB00328",
  "compound_name": "Indomethacin",
  "compound_percentile": 0.463235294117647,
  "disease_id": "DOID:14227",
  "disease_name": "azoospermia",
  "disease_percentile": 0.38556566970091,
  "metapath_contribution": {
    "CbGeAlD": 0.260440187806819,
    "CbGpPWpGaD": 0.19955469065073073,
    "CcSEcCtD": 0.5400051215424503
  },
  "n_trials": 0.0,
  "prediction": 0.00148063648639887,
  "status": 0,
  "training_prediction": 0.000667517026789583
}