{
  "compound_id": "DB00686",
  "compound_name": "Pentosan Polysulfate",
  "compound_percentile": 0.419117647058824,
  "disease_id": "DOID:1312",
  "disease_name": "focal segmental glomerulosclerosis",
  "disease_percentile": 0.7990897269180749,
  "metapath_contribution": {
    "CbGeAlD": 0.14623480625029725,
    "CbGpPWpGaD": 0.5515021017681765,
    "CcSEcCtD": 0.3022630919815263
  },
  "n_trials": 0.0,
  "prediction": 0.00217516473781612,
  "status": 0
}