{
  "compound_id": "DB00454",
  "compound_name": "Pethidine",
  "compound_percentile": 0.463235294117647,
  "disease_id": "DOID:2394",
  "disease_name": "ovarian cancer",
  "disease_percentile": 0.398569570871261,
  "metapath_contribution": {
    "CbGbCtD": 0.16010059922881248,
    "CbGpPWpGaD": 0.307319020598108,
    "CcSEcCtD": 0.5076071034592238,
    "CrCbGaD": 0.024973276713855814
  },
  "n_trials": 0.0,
  "prediction": 0.00128326359819487,
  "status": 0
}