{
  "compound_id": "DB00582",
  "compound_name": "Voriconazole",
  "compound_percentile": 0.8308823529411771,
  "disease_id": "DOID:1612",
  "disease_name": "breast cancer",
  "disease_percentile": 0.580624187256177,
  "metapath_contribution": {
    "CbGaD": 0.23772247899174284,
    "CbGbCtD": 0.4905285840461524,
    "CbGeAlD": 0.014264059674579015,
    "CbGpPWpGaD": 0.06987045987564143,
    "CcSEcCtD": 0.18616522833425228,
    "CrCbGaD": 0.0014491890776319944
  },
  "n_trials": 0.0,
  "prediction": 0.00278753536042817,
  "status": 0
}