{
  "compound_id": "DB00620",
  "compound_name": "Triamcinolone",
  "compound_percentile": 0.213235294117647,
  "disease_id": "DOID:1793",
  "disease_name": "pancreatic cancer",
  "disease_percentile": 0.0214564369310793,
  "metapath_contribution": {
    "CbGaD": 0.5204826989809522,
    "CbGbCtD": 0.2161088565650557,
    "CbGpPWpGaD": 0.012104780519769423,
    "CcSEcCtD": 0.2513036639342225
  },
  "n_trials": 1.0,
  "prediction": 0.000568230488916693,
  "status": 0,
  "training_prediction": 0.009925804196463559
}