{
  "compound_id": "DB00544",
  "compound_name": "Fluorouracil",
  "compound_percentile": 0.43382352941176505,
  "disease_id": "DOID:0060119",
  "disease_name": "pharynx cancer",
  "disease_percentile": 0.9902470741222371,
  "metapath_contribution": {
    "CbGeAlD": 0.020780798494784366,
    "CbGpPWpGaD": 0.031828354551329,
    "CtDrD": 0.9473908469538866
  },
  "n_trials": 2.0,
  "prediction": 0.0031321939604240603,
  "status": 0
}