{
  "compound_id": "DB00317",
  "compound_name": "Gefitinib",
  "compound_percentile": 0.43382352941176505,
  "disease_id": "DOID:986",
  "disease_name": "alopecia areata",
  "disease_percentile": 0.278933680104031,
  "metapath_contribution": {
    "CbGdCrCtD": 0.11106091069220195,
    "CbGeAlD": 0.888939089307798
  },
  "n_trials": 0.0,
  "prediction": 0.00120618666617495,
  "status": 0,
  "training_prediction": 0.000543704434740439
}