{
  "compound_id": "DB00553",
  "compound_name": "Methoxsalen",
  "compound_percentile": 0.897058823529412,
  "disease_id": "DOID:1324",
  "disease_name": "lung cancer",
  "disease_percentile": 0.8862158647594279,
  "metapath_contribution": {
    "CbGaD": 0.5141294553921253,
    "CbGbCtD": 0.26957839568346276,
    "CbGeAlD": 0.005280403957132622,
    "CbGpPWpGaD": 0.10778859329131099,
    "CcSEcCtD": 0.10322315167596842
  },
  "n_trials": 0.0,
  "prediction": 0.00479902072195047,
  "status": 0,
  "training_prediction": 0.0362577070725978
}