{
  "compound_id": "DB00207",
  "compound_name": "Azithromycin",
  "compound_percentile": 0.911764705882353,
  "disease_id": "DOID:10763",
  "disease_name": "hypertension",
  "disease_percentile": 0.250975292587776,
  "metapath_contribution": {
    "CbGbCtD": 0.6475971652613568,
    "CbGpPWpGaD": 0.0740583314284182,
    "CcSEcCtD": 0.27500202514282013,
    "CrCbGaD": 0.003342478167404883
  },
  "n_trials": 0.0,
  "prediction": 0.00211571428019818,
  "status": 0
}