{
  "compound_id": "DB00170",
  "compound_name": "Menadione",
  "compound_percentile": 0.720588235294118,
  "disease_id": "DOID:184",
  "disease_name": "bone cancer",
  "disease_percentile": 0.82704811443433,
  "metapath_contribution": {
    "CbGbCtD": 0.7791782168923869,
    "CbGeAlD": 0.1094326910883957,
    "CbGpPWpGaD": 0.11099175163321325,
    "CrCbGaD": 0.0003973403860041782
  },
  "n_trials": 0.0,
  "prediction": 0.00255093347511769,
  "status": 0
}