{
  "compound_id": "DB00126",
  "compound_name": "Vitamin C",
  "compound_percentile": 0.323529411764706,
  "disease_id": "DOID:1936",
  "disease_name": "atherosclerosis",
  "disease_percentile": 0.633940182054616,
  "metapath_contribution": {
    "CbGeAlD": 0.4951989642482111,
    "CbGpPWpGaD": 0.5048010357517888
  },
  "n_trials": 1.0,
  "prediction": 0.00220955291892927,
  "status": 0,
  "training_prediction": 0.0036023787827489297
}