{
  "compound_id": "DB09020",
  "compound_name": "Bisacodyl",
  "compound_percentile": 0.808823529411765,
  "disease_id": "DOID:2531",
  "disease_name": "hematologic cancer",
  "disease_percentile": 0.23927178153446,
  "metapath_contribution": {
    "CbGeAlD": 0.17636253053124415,
    "CbGpPWpGaD": 0.23079593880419333,
    "CcSEcCtD": 0.5928415306645626
  },
  "n_trials": 0.0,
  "prediction": 0.001358890320382,
  "status": 0
}