{
  "compound_id": "DB00515",
  "compound_name": "Cisplatin",
  "compound_percentile": 0.514705882352941,
  "disease_id": "DOID:3565",
  "disease_name": "meningioma",
  "disease_percentile": 0.996749024707412,
  "metapath_contribution": {
    "CbGeAlD": 0.01236062399202655,
    "CbGpPWpGaD": 0.015861115642834295,
    "CtDrD": 0.971778260365139
  },
  "n_trials": 0.0,
  "prediction": 0.0048543917790288,
  "status": 0
}