{
  "compound_id": "DB00252",
  "compound_name": "Phenytoin",
  "compound_percentile": 0.44117647058823495,
  "disease_id": "DOID:14221",
  "disease_name": "metabolic syndrome X",
  "disease_percentile": 0.189856957087126,
  "metapath_contribution": {
    "CbGaD": 0.5809514553053858,
    "CbGeAlD": 0.011659852399862903,
    "CbGpPWpGaD": 0.26572743181795455,
    "CcSEcCtD": 0.13825645052426394,
    "CrCbGaD": 0.0034048099525327245
  },
  "n_trials": 0.0,
  "prediction": 0.000914315793663383,
  "status": 0,
  "training_prediction": 0.00041207367915678197
}