{
  "compound_id": "DB01440",
  "compound_name": "Gamma Hydroxybutyric Acid",
  "compound_percentile": 0.904411764705882,
  "disease_id": "DOID:2994",
  "disease_name": "germ cell cancer",
  "disease_percentile": 0.9109232769830949,
  "metapath_contribution": {
    "CbGbCtD": 0.3597012380792053,
    "CbGeAlD": 0.2851474720641375,
    "CbGpPWpGaD": 0.07564640814322339,
    "CcSEcCtD": 0.2795048817134338
  },
  "n_trials": 0.0,
  "prediction": 0.00312454990058769,
  "status": 0
}