{
  "compound_id": "DB00143",
  "compound_name": "Glutathione",
  "compound_percentile": 0.529411764705882,
  "disease_id": "DOID:1781",
  "disease_name": "thyroid cancer",
  "disease_percentile": 0.715864759427828,
  "metapath_contribution": {
    "CbGbCtD": 0.5114177515628069,
    "CbGeAlD": 0.23037388846809884,
    "CbGpPWpGaD": 0.2582083599690942
  },
  "n_trials": 0.0,
  "prediction": 0.00202793416010978,
  "status": 0
}