{
  "compound_id": "DB08987",
  "compound_name": "Etidocaine",
  "compound_percentile": 0.8897058823529409,
  "disease_id": "DOID:10763",
  "disease_name": "hypertension",
  "disease_percentile": 0.218465539661899,
  "metapath_contribution": {
    "CbGeAlD": 0.8212083778634346,
    "CbGpPWpGaD": 0.12160917180345832,
    "CrCbGaD": 0.05718245033310709
  },
  "n_trials": 0.0,
  "prediction": 0.0019389158708859899,
  "status": 0
}