{
  "compound_id": "DB08802",
  "compound_name": "Isothipendyl",
  "compound_percentile": 1.0,
  "disease_id": "DOID:4481",
  "disease_name": "allergic rhinitis",
  "disease_percentile": 0.806241872561768,
  "metapath_contribution": {
    "CbGbCtD": 0.5724579062010172,
    "CbGeAlD": 0.005565039710184059,
    "CrCrCtD": 0.4219770540887988
  },
  "n_trials": 0.0,
  "prediction": 0.00408871067964724,
  "status": 0
}