{
  "compound_id": "DB00869",
  "compound_name": "Dorzolamide",
  "compound_percentile": 0.38235294117647106,
  "disease_id": "DOID:784",
  "disease_name": "chronic kidney failure",
  "disease_percentile": 0.611183355006502,
  "metapath_contribution": {
    "CbGaD": 0.7069959995544993,
    "CbGeAlD": 0.1272363722665614,
    "CbGpPWpGaD": 0.1604172168185028,
    "CrCbGaD": 0.0053504113604365515
  },
  "n_trials": 0.0,
  "prediction": 0.0018311324390681899,
  "status": 0
}