{
  "compound_id": "DB00568",
  "compound_name": "Cinnarizine",
  "compound_percentile": 0.867647058823529,
  "disease_id": "DOID:9744",
  "disease_name": "type 1 diabetes mellitus",
  "disease_percentile": 0.8257477243172952,
  "metapath_contribution": {
    "CbGaD": 0.8659026382686715,
    "CbGeAlD": 0.037996999678759996,
    "CbGpPWpGaD": 0.09345228256724766,
    "CrCbGaD": 0.0026480794853208137
  },
  "n_trials": 0.0,
  "prediction": 0.0021287438667295802,
  "status": 0
}