{
  "compound_id": "DB00790",
  "compound_name": "Perindopril",
  "compound_percentile": 0.632352941176471,
  "disease_id": "DOID:2994",
  "disease_name": "germ cell cancer",
  "disease_percentile": 0.644343302990897,
  "metapath_contribution": {
    "CbGbCtD": 0.5240455119774544,
    "CbGeAlD": 0.15011012400940604,
    "CcSEcCtD": 0.3258443640131396
  },
  "n_trials": 0.0,
  "prediction": 0.00194356574198563,
  "status": 0,
  "training_prediction": 0.00590612577434205
}