{
  "compound_id": "DB08881",
  "compound_name": "Vemurafenib",
  "compound_percentile": 0.6985294117647061,
  "disease_id": "DOID:1993",
  "disease_name": "rectum cancer",
  "disease_percentile": 0.9674902470741221,
  "metapath_contribution": {
    "CbGeAlD": 0.01757420899929263,
    "CbGpPWpGaD": 0.07929625677677263,
    "CtDrD": 0.9031295342239348
  },
  "n_trials": 0.0,
  "prediction": 0.00228397128171541,
  "status": 0
}