{
  "compound_id": "DB00813",
  "compound_name": "Fentanyl",
  "compound_percentile": 0.632352941176471,
  "disease_id": "DOID:12849",
  "disease_name": "autistic disorder",
  "disease_percentile": 0.264629388816645,
  "metapath_contribution": {
    "CbGaD": 0.8670845366865302,
    "CbGeAlD": 0.047677457257674506,
    "CbGpPWpGaD": 0.0752983507776189,
    "CrCbGaD": 0.009939655278176364
  },
  "n_trials": 0.0,
  "prediction": 0.0009780790638295,
  "status": 0
}