{
  "compound_id": "DB00166",
  "compound_name": "Lipoic Acid",
  "compound_percentile": 0.0441176470588235,
  "disease_id": "DOID:9352",
  "disease_name": "type 2 diabetes mellitus",
  "disease_percentile": 0.165149544863459,
  "metapath_contribution": {
    "CbGdCrCtD": 0.03906304044541057,
    "CbGeAlD": 0.3241475978258521,
    "CbGpPWpGaD": 0.5781353297842762,
    "CrCbGaD": 0.05865403194446127
  },
  "n_trials": 4.0,
  "prediction": 0.00126496327883858,
  "status": 0
}