{
  "compound_id": "DB06701",
  "compound_name": "Dexmethylphenidate",
  "compound_percentile": 0.654411764705882,
  "disease_id": "DOID:8577",
  "disease_name": "ulcerative colitis",
  "disease_percentile": 0.22301690507152103,
  "metapath_contribution": {
    "CbGbCtD": 0.001043681348331485,
    "CcSEcCtD": 0.984785186040865,
    "CrCbGaD": 0.014171132610803503
  },
  "n_trials": 0.0,
  "prediction": 0.00137465261746285,
  "status": 0
}