{
  "compound_id": "DB01026",
  "compound_name": "Ketoconazole",
  "compound_percentile": 0.742647058823529,
  "disease_id": "DOID:1686",
  "disease_name": "glaucoma",
  "disease_percentile": 0.64889466840052,
  "metapath_contribution": {
    "CbGaD": 0.3745849478621153,
    "CbGbCtD": 0.35792071080126076,
    "CbGpPWpGaD": 0.07377284139301758,
    "CcSEcCtD": 0.1937214999436064
  },
  "n_trials": 0.0,
  "prediction": 0.00239241732059076,
  "status": 0
}