{
  "compound_id": "DB01050",
  "compound_name": "Ibuprofen",
  "compound_percentile": 0.558823529411765,
  "disease_id": "DOID:4045",
  "disease_name": "muscle cancer",
  "disease_percentile": 0.7152145643693109,
  "metapath_contribution": {
    "CbGaD": 0.2789624402990394,
    "CbGbCtD": 0.4938261961392326,
    "CbGdCrCtD": 0.002080146012602401,
    "CbGeAlD": 0.05982059350698494,
    "CbGpPWpGaD": 0.05044091526862394,
    "CcSEcCtD": 0.11225915776463345,
    "CrCbGaD": 0.002610551008883227
  },
  "n_trials": 0.0,
  "prediction": 0.00196060724145804,
  "status": 0
}