{
  "compound_id": "DB00550",
  "compound_name": "Propylthiouracil",
  "compound_percentile": 0.6764705882352939,
  "disease_id": "DOID:14221",
  "disease_name": "metabolic syndrome X",
  "disease_percentile": 0.851755526657997,
  "metapath_contribution": {
    "CbGeAlD": 0.5213373777773207,
    "CbGpPWpGaD": 0.47866262222267925
  },
  "n_trials": 0.0,
  "prediction": 0.0022915830397264,
  "status": 0,
  "training_prediction": 0.00103357796433901
}