{
  "compound_id": "DB00293",
  "compound_name": "Raltitrexed",
  "compound_percentile": 0.0367647058823529,
  "disease_id": "DOID:14330",
  "disease_name": "Parkinson's disease",
  "disease_percentile": 0.35630689206762,
  "metapath_contribution": {
    "CbGeAlD": 0.161570553127311,
    "CbGpPWpGaD": 0.7426666652801852,
    "CrCbGaD": 0.09576278159250375
  },
  "n_trials": 0.0,
  "prediction": 0.00114126485466081,
  "status": 0
}