{
  "compound_id": "DB00976",
  "compound_name": "Telithromycin",
  "compound_percentile": 0.448529411764706,
  "disease_id": "DOID:10534",
  "disease_name": "stomach cancer",
  "disease_percentile": 0.340702210663199,
  "metapath_contribution": {
    "CbGbCtD": 0.6575401931198364,
    "CcSEcCtD": 0.34047671811632835,
    "CrCbGaD": 0.001983088763835272
  },
  "n_trials": 0.0,
  "prediction": 0.0011951106512718,
  "status": 0
}