{
  "compound_id": "DB00737",
  "compound_name": "Meclizine",
  "compound_percentile": 0.970588235294118,
  "disease_id": "DOID:10763",
  "disease_name": "hypertension",
  "disease_percentile": 0.19440832249674897,
  "metapath_contribution": {
    "CbGbCtD": 0.3365562264388235,
    "CbGpPWpGaD": 0.07421834333266274,
    "CcSEcCtD": 0.1422002262988731,
    "CrCbGaD": 0.005619228220186202,
    "CrCrCtD": 0.4414059757094545
  },
  "n_trials": 0.0,
  "prediction": 0.0018319239362885801,
  "status": 0
}