{
  "compound_id": "DB00321",
  "compound_name": "Amitriptyline",
  "compound_percentile": 0.772058823529412,
  "disease_id": "DOID:5419",
  "disease_name": "schizophrenia",
  "disease_percentile": 0.697659297789337,
  "metapath_contribution": {
    "CbGaD": 0.7309868386025473,
    "CbGeAlD": 0.09585641377942836,
    "CbGpPWpGaD": 0.16703944241498303,
    "CrCbGaD": 0.006117305203041389
  },
  "n_trials": 0.0,
  "prediction": 0.00205291034241307,
  "status": 0
}