{
  "compound_id": "DB00250",
  "compound_name": "Dapsone",
  "compound_percentile": 0.808823529411765,
  "disease_id": "DOID:2531",
  "disease_name": "hematologic cancer",
  "disease_percentile": 0.598179453836151,
  "metapath_contribution": {
    "CbGaD": 0.22995541268367145,
    "CbGbCtD": 0.565290164748662,
    "CbGdCrCtD": 0.0015341977843658587,
    "CbGeAlD": 0.01773784982659428,
    "CbGpPWpGaD": 0.06374598254526627,
    "CcSEcCtD": 0.12022394114418035,
    "CrCbGaD": 0.0015124512672599513
  },
  "n_trials": 2.0,
  "prediction": 0.00272888759208895,
  "status": 0,
  "training_prediction": 0.0534809292070582
}