{
  "compound_id": "DB01337",
  "compound_name": "Pancuronium",
  "compound_percentile": 0.875,
  "disease_id": "DOID:2841",
  "disease_name": "asthma",
  "disease_percentile": 0.537711313394018,
  "metapath_contribution": {
    "CbGbCtD": 0.7365609190977888,
    "CbGeAlD": 0.027615841963144684,
    "CbGpPWpGaD": 0.07584766000459583,
    "CcSEcCtD": 0.15997557893447056
  },
  "n_trials": 0.0,
  "prediction": 0.00259385249712871,
  "status": 0
}