{
  "compound_id": "DB01103",
  "compound_name": "Quinacrine",
  "compound_percentile": 0.294117647058824,
  "disease_id": "DOID:824",
  "disease_name": "periodontitis",
  "disease_percentile": 0.399219765929779,
  "metapath_contribution": {
    "CbGeAlD": 0.4158886218214932,
    "CbGpPWpGaD": 0.565589049626095,
    "CrCbGaD": 0.01852232855241186
  },
  "n_trials": 0.0,
  "prediction": 0.00118956446491604,
  "status": 0
}