{
  "compound_id": "DB00436",
  "compound_name": "Bendroflumethiazide",
  "compound_percentile": 0.10294117647058802,
  "disease_id": "DOID:1793",
  "disease_name": "pancreatic cancer",
  "disease_percentile": 0.081924577373212,
  "metapath_contribution": {
    "CbGeAlD": 0.2199010982038746,
    "CcSEcCtD": 0.7800989017961253
  },
  "n_trials": 0.0,
  "prediction": 0.0008678090345355,
  "status": 0,
  "training_prediction": 0.00207000715689885
}