{
  "compound_id": "DB00725",
  "compound_name": "Homatropine Methylbromide",
  "compound_percentile": 0.941176470588235,
  "disease_id": "DOID:3310",
  "disease_name": "atopic dermatitis",
  "disease_percentile": 0.56371911573472,
  "metapath_contribution": {
    "CbGbCtD": 0.48220480880422173,
    "CbGpPWpGaD": 0.028757469214392085,
    "CrCrCtD": 0.4890377219813862
  },
  "n_trials": 0.0,
  "prediction": 0.00226453595865615,
  "status": 0
}