{
  "compound_id": "DB00928",
  "compound_name": "Azacitidine",
  "compound_percentile": 0.38235294117647106,
  "disease_id": "DOID:4045",
  "disease_name": "muscle cancer",
  "disease_percentile": 0.0429128738621586,
  "metapath_contribution": {
    "CbGdCrCtD": 0.019608158887100383,
    "CbGeAlD": 0.2333871409675793,
    "CcSEcCtD": 0.7470047001453204
  },
  "n_trials": 0.0,
  "prediction": 0.0006736511657307481,
  "status": 0
}