{
  "compound_id": "DB00496",
  "compound_name": "Darifenacin",
  "compound_percentile": 0.845588235294118,
  "disease_id": "DOID:10283",
  "disease_name": "prostate cancer",
  "disease_percentile": 0.358257477243173,
  "metapath_contribution": {
    "CbGaD": 0.19985648160957734,
    "CbGbCtD": 0.41004636368441527,
    "CbGeAlD": 0.03276072719453126,
    "CbGpPWpGaD": 0.09771445022873439,
    "CcSEcCtD": 0.25653165303297376,
    "CrCbGaD": 0.003090324249768002
  },
  "n_trials": 0.0,
  "prediction": 0.00176674733391567,
  "status": 0
}