{
  "compound_id": "DB00612",
  "compound_name": "Bisoprolol",
  "compound_percentile": 0.0514705882352941,
  "disease_id": "DOID:5041",
  "disease_name": "esophageal cancer",
  "disease_percentile": 0.19050715214564398,
  "metapath_contribution": {
    "CbGpPWpGaD": 0.20292269715319708,
    "CcSEcCtD": 0.7771694489339472,
    "CrCbGaD": 0.019907853912855735
  },
  "n_trials": 0.0,
  "prediction": 0.00089255087122985,
  "status": 0
}