{
  "compound_id": "DB06616",
  "compound_name": "Bosutinib",
  "compound_percentile": 0.852941176470588,
  "disease_id": "DOID:12930",
  "disease_name": "dilated cardiomyopathy",
  "disease_percentile": 0.8257477243172952,
  "metapath_contribution": {
    "CbGaD": 0.6550767725242463,
    "CbGdCrCtD": 0.002180961723534795,
    "CbGeAlD": 0.09977514196388793,
    "CbGpPWpGaD": 0.17318761578041098,
    "CcSEcCtD": 0.06758366916506667,
    "CrCbGaD": 0.0021958388428533985
  },
  "n_trials": 0.0,
  "prediction": 0.00251343258823351,
  "status": 0
}