{
  "compound_id": "DB00348",
  "compound_name": "Nitisinone",
  "compound_percentile": 0.566176470588235,
  "disease_id": "DOID:10534",
  "disease_name": "stomach cancer",
  "disease_percentile": 0.4882964889466839,
  "metapath_contribution": {
    "CbGpPWpGaD": 0.2126665517026488,
    "CcSEcCtD": 0.7547425081199826,
    "CrCbGaD": 0.0325909401773686
  },
  "n_trials": 0.0,
  "prediction": 0.00152273143098137,
  "status": 0
}