{
  "compound_id": "DB08860",
  "compound_name": "Pitavastatin",
  "compound_percentile": 0.647058823529412,
  "disease_id": "DOID:363",
  "disease_name": "uterine cancer",
  "disease_percentile": 0.511053315994798,
  "metapath_contribution": {
    "CbGbCtD": 0.8256536792896976,
    "CbGeAlD": 0.047642030974128134,
    "CbGpPWpGaD": 0.026414901676129966,
    "CcSEcCtD": 0.10028938806004443
  },
  "n_trials": 0.0,
  "prediction": 0.00168679453460884,
  "status": 0,
  "training_prediction": 0.00308118385854611
}