{
  "compound_id": "DB00316",
  "compound_name": "Acetaminophen",
  "compound_percentile": 0.882352941176471,
  "disease_id": "DOID:418",
  "disease_name": "systemic scleroderma",
  "disease_percentile": 0.953185955786736,
  "metapath_contribution": {
    "CbGbCtD": 0.4815189319295031,
    "CbGdCrCtD": 0.0011144125804477827,
    "CbGeAlD": 0.024372212884955696,
    "CcSEcCtD": 0.09637311906477398,
    "CpDpCtD": 0.3966213235403194
  },
  "n_trials": 0.0,
  "prediction": 0.0066317541883201105,
  "status": 0
}