{
  "compound_id": "DB00390",
  "compound_name": "Digoxin",
  "compound_percentile": 0.801470588235294,
  "disease_id": "DOID:14330",
  "disease_name": "Parkinson's disease",
  "disease_percentile": 0.5071521456436929,
  "metapath_contribution": {
    "CbGaD": 0.7970678989153256,
    "CbGeAlD": 0.08441700766130579,
    "CbGpPWpGaD": 0.1112747039201928,
    "CrCbGaD": 0.007240389503175809
  },
  "n_trials": 0.0,
  "prediction": 0.0014099516363796699,
  "status": 0
}