{
  "compound_id": "DB00143",
  "compound_name": "Glutathione",
  "compound_percentile": 0.75,
  "disease_id": "DOID:12365",
  "disease_name": "malaria",
  "disease_percentile": 0.811443433029909,
  "metapath_contribution": {
    "CbGaD": 0.6561036691765523,
    "CbGeAlD": 0.1703821890326794,
    "CbGpPWpGaD": 0.17172801518608063,
    "CrCbGaD": 0.0017861266046875857
  },
  "n_trials": 0.0,
  "prediction": 0.00340194646947462,
  "status": 0
}