{
  "compound_id": "DB00761",
  "compound_name": "Potassium Chloride",
  "compound_percentile": 0.970588235294118,
  "disease_id": "DOID:12930",
  "disease_name": "dilated cardiomyopathy",
  "disease_percentile": 0.9018205461638491,
  "metapath_contribution": {
    "CbGbCtD": 0.8683546833658033,
    "CbGeAlD": 0.0698579400833832,
    "CbGpPWpGaD": 0.019819928548126847,
    "CcSEcCtD": 0.041967448002686654
  },
  "n_trials": 0.0,
  "prediction": 0.0031889133549193103,
  "status": 0
}