{
  "compound_id": "DB06196",
  "compound_name": "Icatibant",
  "compound_percentile": 0.941176470588235,
  "disease_id": "DOID:1826",
  "disease_name": "epilepsy syndrome",
  "disease_percentile": 0.6170351105331601,
  "metapath_contribution": {
    "CbGaD": 0.745752396314956,
    "CbGeAlD": 0.016047753218385065,
    "CbGpPWpGaD": 0.14412491604943473,
    "CcSEcCtD": 0.0940749344172242
  },
  "n_trials": 0.0,
  "prediction": 0.0044669328638725705,
  "status": 0
}