{
  "compound_id": "DB01621",
  "compound_name": "Pipotiazine",
  "compound_percentile": 0.779411764705882,
  "disease_id": "DOID:784",
  "disease_name": "chronic kidney failure",
  "disease_percentile": 0.459037711313394,
  "metapath_contribution": {
    "CbGaD": 0.8197536225775486,
    "CbGeAlD": 0.04551734254969795,
    "CbGpPWpGaD": 0.12778715444027644,
    "CrCbGaD": 0.00694188043247709
  },
  "n_trials": 0.0,
  "prediction": 0.00147865502863948,
  "status": 0
}