{
  "compound_id": "DB01057",
  "compound_name": "Echothiophate",
  "compound_percentile": 0.779411764705882,
  "disease_id": "DOID:2994",
  "disease_name": "germ cell cancer",
  "disease_percentile": 0.831599479843953,
  "metapath_contribution": {
    "CbGbCtD": 0.935705515886031,
    "CbGeAlD": 0.064294484113969
  },
  "n_trials": 0.0,
  "prediction": 0.00251173333077374,
  "status": 0,
  "training_prediction": 0.0045849267054249
}