{
  "compound_id": "DB01174",
  "compound_name": "Phenobarbital",
  "compound_percentile": 0.6985294117647061,
  "disease_id": "DOID:1936",
  "disease_name": "atherosclerosis",
  "disease_percentile": 0.738621586475943,
  "metapath_contribution": {
    "CbGbCtD": 0.7773825476364142,
    "CbGpPWpGaD": 0.14735973510991746,
    "CcSEcCtD": 0.0752577172536683
  },
  "n_trials": 0.0,
  "prediction": 0.0025962542147096803,
  "status": 0,
  "training_prediction": 0.0042318093790307
}