{
  "compound_id": "DB08884",
  "compound_name": "Gadoxetate",
  "compound_percentile": 0.897058823529412,
  "disease_id": "DOID:11476",
  "disease_name": "osteoporosis",
  "disease_percentile": 0.9063719115734721,
  "metapath_contribution": {
    "CbGbCtD": 0.6813514777365114,
    "CbGpPWpGaD": 0.06380595238294368,
    "CcSEcCtD": 0.254842569880545
  },
  "n_trials": 0.0,
  "prediction": 0.004076375301571129,
  "status": 0
}