{
  "compound_id": "DB01367",
  "compound_name": "Rasagiline",
  "compound_percentile": 0.448529411764706,
  "disease_id": "DOID:4362",
  "disease_name": "cervical cancer",
  "disease_percentile": 0.893368010403121,
  "metapath_contribution": {
    "CbGdCrCtD": 0.05176563500852919,
    "CbGeAlD": 0.33274298793160323,
    "CbGpPWpGaD": 0.360411958528437,
    "CcSEcCtD": 0.2550794185314305
  },
  "n_trials": 0.0,
  "prediction": 0.00226667813844676,
  "status": 0
}