{
  "compound_id": "DB00261",
  "compound_name": "Anagrelide",
  "compound_percentile": 0.9558823529411771,
  "disease_id": "DOID:635",
  "disease_name": "acquired immunodeficiency syndrome",
  "disease_percentile": 0.7932379713914169,
  "metapath_contribution": {
    "CbGbCtD": 0.644907021965668,
    "CbGeAlD": 0.00024077669927837078,
    "CcSEcCtD": 0.35485220133505374
  },
  "n_trials": 0.0,
  "prediction": 0.00405901510453486,
  "status": 0,
  "training_prediction": 0.0124356720663668
}