{
  "compound_id": "DB01399",
  "compound_name": "Salsalate",
  "compound_percentile": 0.617647058823529,
  "disease_id": "DOID:10283",
  "disease_name": "prostate cancer",
  "disease_percentile": 0.21391417425227602,
  "metapath_contribution": {
    "CbGaD": 0.552501753249345,
    "CbGbCtD": 0.10851954501762077,
    "CbGpPWpGaD": 0.17529203616071226,
    "CcSEcCtD": 0.15245805218938435,
    "CrCbGaD": 0.011228613382937588
  },
  "n_trials": 0.0,
  "prediction": 0.00125734814689442,
  "status": 0
}