{
  "compound_id": "DB00487",
  "compound_name": "Pefloxacin",
  "compound_percentile": 0.992647058823529,
  "disease_id": "DOID:1612",
  "disease_name": "breast cancer",
  "disease_percentile": 0.578673602080624,
  "metapath_contribution": {
    "CbGaD": 0.4201086544022122,
    "CbGbCtD": 0.5134575470857826,
    "CbGdCrCtD": 0.0039453064252109845,
    "CbGpPWpGaD": 0.058968134246248596,
    "CrCbGaD": 0.003520357840545659
  },
  "n_trials": 0.0,
  "prediction": 0.0027563031832121302,
  "status": 0
}