{
  "compound_id": "DB01393",
  "compound_name": "Bezafibrate",
  "compound_percentile": 0.661764705882353,
  "disease_id": "DOID:0060073",
  "disease_name": "lymphatic system cancer",
  "disease_percentile": 0.459037711313394,
  "metapath_contribution": {
    "CbGbCtD": 0.406248888760237,
    "CbGdCrCtD": 0.028225719878255742,
    "CcSEcCtD": 0.5655253913615073
  },
  "n_trials": 0.0,
  "prediction": 0.00151575950011514,
  "status": 0
}