{
  "compound_id": "DB00117",
  "compound_name": "L-Histidine",
  "compound_percentile": 0.816176470588235,
  "disease_id": "DOID:3083",
  "disease_name": "chronic obstructive pulmonary disease",
  "disease_percentile": 0.26853055916775,
  "metapath_contribution": {
    "CbGeAlD": 0.5584780901108759,
    "CbGpPWpGaD": 0.4110836581999502,
    "CrCbGaD": 0.03043825168917401
  },
  "n_trials": 0.0,
  "prediction": 0.0015289510693170002,
  "status": 0
}