{
  "compound_id": "DB01197",
  "compound_name": "Captopril",
  "compound_percentile": 0.7647058823529409,
  "disease_id": "DOID:13241",
  "disease_name": "Behcet's disease",
  "disease_percentile": 0.995448634590377,
  "metapath_contribution": {
    "CbGeAlD": 0.1188281729716737,
    "CbGpPWpGaD": 0.05333293211930945,
    "CtDrD": 0.8278388949090169
  },
  "n_trials": 0.0,
  "prediction": 0.0051817099406089705,
  "status": 0
}