{
  "compound_id": "DB00014",
  "compound_name": "Goserelin",
  "compound_percentile": 0.544117647058823,
  "disease_id": "DOID:1312",
  "disease_name": "focal segmental glomerulosclerosis",
  "disease_percentile": 0.5494148244473339,
  "metapath_contribution": {
    "CbGpPWpGaD": 0.3245971036233461,
    "CcSEcCtD": 0.6754028963766538
  },
  "n_trials": 0.0,
  "prediction": 0.00153746341445199,
  "status": 0,
  "training_prediction": 0.00115639009378421
}