{
  "compound_id": "DB09020",
  "compound_name": "Bisacodyl",
  "compound_percentile": 0.992647058823529,
  "disease_id": "DOID:4481",
  "disease_name": "allergic rhinitis",
  "disease_percentile": 0.516905071521456,
  "metapath_contribution": {
    "CbGpPWpGaD": 0.03922622322325184,
    "CcSEcCtD": 0.10921109534237194,
    "CrCrCtD": 0.8515626814343761
  },
  "n_trials": 0.0,
  "prediction": 0.00235954337224334,
  "status": 0
}