{
  "compound_id": "DB00444",
  "compound_name": "Teniposide",
  "compound_percentile": 0.139705882352941,
  "disease_id": "DOID:3312",
  "disease_name": "bipolar disorder",
  "disease_percentile": 0.0143042912873862,
  "metapath_contribution": {
    "CbGeAlD": 0.3236299423140253,
    "CbGpPWpGaD": 0.6584098166166855,
    "CrCbGaD": 0.017960241069289118
  },
  "n_trials": 0.0,
  "prediction": 0.000605436234702355,
  "status": 0
}