{
  "compound_id": "DB01624",
  "compound_name": "Zuclopenthixol",
  "compound_percentile": 0.23529411764705901,
  "disease_id": "DOID:8778",
  "disease_name": "Crohn's disease",
  "disease_percentile": 0.08777633289987,
  "metapath_contribution": {
    "CbGeAlD": 0.08779261484464367,
    "CbGpPWpGaD": 0.2921268404685642,
    "CcSEcCtD": 0.6200805446867923
  },
  "n_trials": 0.0,
  "prediction": 0.000862097751440625,
  "status": 0
}