{
  "compound_id": "DB09020",
  "compound_name": "Bisacodyl",
  "compound_percentile": 0.5220588235294121,
  "disease_id": "DOID:10652",
  "disease_name": "Alzheimer's disease",
  "disease_percentile": 0.289336801040312,
  "metapath_contribution": {
    "CbGpPWpGaD": 0.44667750751912894,
    "CcSEcCtD": 0.5436930858700982,
    "CrCbGaD": 0.00962940661077279
  },
  "n_trials": 0.0,
  "prediction": 0.0012616996120024802,
  "status": 0
}