{
  "compound_id": "DB08860",
  "compound_name": "Pitavastatin",
  "compound_percentile": 0.852941176470588,
  "disease_id": "DOID:4481",
  "disease_name": "allergic rhinitis",
  "disease_percentile": 0.4603381014304289,
  "metapath_contribution": {
    "CbGbCtD": 0.8239987077202909,
    "CcSEcCtD": 0.17600129227970907
  },
  "n_trials": 0.0,
  "prediction": 0.0022042443079760697,
  "status": 0,
  "training_prediction": 0.007152924151906641
}