{
  "compound_id": "DB01254",
  "compound_name": "Dasatinib",
  "compound_percentile": 0.375,
  "disease_id": "DOID:3953",
  "disease_name": "adrenal gland cancer",
  "disease_percentile": 0.933680104031209,
  "metapath_contribution": {
    "CbGaD": 0.35173956052474903,
    "CbGeAlD": 0.2253981493410664,
    "CbGpPWpGaD": 0.42286229013418447
  },
  "n_trials": 0.0,
  "prediction": 0.00262370366631993,
  "status": 0
}