{
  "compound_id": "DB01591",
  "compound_name": "Solifenacin",
  "compound_percentile": 0.3970588235294121,
  "disease_id": "DOID:14330",
  "disease_name": "Parkinson's disease",
  "disease_percentile": 0.5715214564369311,
  "metapath_contribution": {
    "CbGeAlD": 0.020532845432051357,
    "CbGpPWpGaD": 0.9509147512022812,
    "CrCbGaD": 0.02855240336566739
  },
  "n_trials": 0.0,
  "prediction": 0.00152810498438804,
  "status": 0
}