{
  "compound_id": "DB00831",
  "compound_name": "Trifluoperazine",
  "compound_percentile": 0.926470588235294,
  "disease_id": "DOID:10652",
  "disease_name": "Alzheimer's disease",
  "disease_percentile": 0.514304291287386,
  "metapath_contribution": {
    "CbGaD": 0.44746910185098837,
    "CbGbCtD": 0.31313114924151625,
    "CbGeAlD": 0.054842373931905636,
    "CbGpPWpGaD": 0.09599576210421043,
    "CcSEcCtD": 0.08458720365504209,
    "CrCbGaD": 0.003974409216337216
  },
  "n_trials": 0.0,
  "prediction": 0.0019061556288297301,
  "status": 0
}