{
  "compound_id": "DB06148",
  "compound_name": "Mianserin",
  "compound_percentile": 0.580882352941177,
  "disease_id": "DOID:2998",
  "disease_name": "testicular cancer",
  "disease_percentile": 0.349804941482445,
  "metapath_contribution": {
    "CbGbCtD": 0.4301833936200437,
    "CbGeAlD": 0.13482304843086987,
    "CbGpPWpGaD": 0.03174737603305476,
    "CcSEcCtD": 0.4032461819160317
  },
  "n_trials": 0.0,
  "prediction": 0.00133173866614298,
  "status": 0
}