{
  "compound_id": "DB00611",
  "compound_name": "Butorphanol",
  "compound_percentile": 0.669117647058823,
  "disease_id": "DOID:1595",
  "disease_name": "endogenous depression",
  "disease_percentile": 0.211963589076723,
  "metapath_contribution": {
    "CbGeAlD": 0.7629716953391835,
    "CbGpPWpGaD": 0.15824341149314342,
    "CrCbGaD": 0.07878489316767293
  },
  "n_trials": 0.0,
  "prediction": 0.00108337030428889,
  "status": 0
}