{
  "compound_id": "DB04845",
  "compound_name": "Ixabepilone",
  "compound_percentile": 0.19852941176470604,
  "disease_id": "DOID:1459",
  "disease_name": "hypothyroidism",
  "disease_percentile": 0.501300390117035,
  "metapath_contribution": {
    "CbGeAlD": 0.48666692894953856,
    "CcSEcCtD": 0.5133330710504614
  },
  "n_trials": 0.0,
  "prediction": 0.0016686952283269099,
  "status": 0,
  "training_prediction": 0.0020253753221989397
}