{
  "compound_id": "DB00143",
  "compound_name": "Glutathione",
  "compound_percentile": 0.720588235294118,
  "disease_id": "DOID:635",
  "disease_name": "acquired immunodeficiency syndrome",
  "disease_percentile": 0.683355006501951,
  "metapath_contribution": {
    "CbGbCtD": 0.7097016871866924,
    "CbGeAlD": 0.21450186304526037,
    "CbGpPWpGaD": 0.07579644976804738
  },
  "n_trials": 0.0,
  "prediction": 0.00326245925351195,
  "status": 0
}