{
  "compound_id": "DB00444",
  "compound_name": "Teniposide",
  "compound_percentile": 0.0367647058823529,
  "disease_id": "DOID:12849",
  "disease_name": "autistic disorder",
  "disease_percentile": 0.0169050715214564,
  "metapath_contribution": {
    "CbGeAlD": 0.22493281129616172,
    "CbGpPWpGaD": 0.7584952570520267,
    "CrCbGaD": 0.016571931651811474
  },
  "n_trials": 0.0,
  "prediction": 0.000435176685817214,
  "status": 0
}