{
  "compound_id": "DB00679",
  "compound_name": "Thioridazine",
  "compound_percentile": 0.7058823529411771,
  "disease_id": "DOID:2994",
  "disease_name": "germ cell cancer",
  "disease_percentile": 0.189206762028609,
  "metapath_contribution": {
    "CbGbCtD": 0.5191668734642712,
    "CbGeAlD": 0.3169449828444161,
    "CcSEcCtD": 0.1638881436913127
  },
  "n_trials": 0.0,
  "prediction": 0.0010608444796499801,
  "status": 0
}