{
  "compound_id": "DB06262",
  "compound_name": "Droxidopa",
  "compound_percentile": 1.0,
  "disease_id": "DOID:10763",
  "disease_name": "hypertension",
  "disease_percentile": 0.918075422626788,
  "metapath_contribution": {
    "CbGaD": 0.18835233999568834,
    "CbGbCtD": 0.2629488928790548,
    "CbGdCrCtD": 0.00038322400763824343,
    "CbGeAlD": 0.013018384386449887,
    "CbGpPWpGaD": 0.04995202278227434,
    "CcSEcCtD": 0.04192268294743604,
    "CrCbGaD": 0.0019329971134423056,
    "CrCrCtD": 0.18154857568315547,
    "CrCtD": 0.2599408802048605
  },
  "n_trials": 0.0,
  "prediction": 0.0301957821107257,
  "status": 0
}