{
  "compound_id": "DB00286",
  "compound_name": "Conjugated Estrogens",
  "compound_percentile": 0.882352941176471,
  "disease_id": "DOID:184",
  "disease_name": "bone cancer",
  "disease_percentile": 0.920026007802341,
  "metapath_contribution": {
    "CbGaD": 0.10616512509430841,
    "CbGbCtD": 0.33214222816064676,
    "CbGpPWpGaD": 0.04413910489803068,
    "CcSEcCtD": 0.055640461305808714,
    "CrCbGaD": 0.0019103437974780583,
    "CtDrD": 0.46000273674372744
  },
  "n_trials": 0.0,
  "prediction": 0.00344294776044109,
  "status": 0,
  "training_prediction": 0.00816058238824933
}