{
  "compound_id": "DB00936",
  "compound_name": "Salicylic acid",
  "compound_percentile": 0.213235294117647,
  "disease_id": "DOID:332",
  "disease_name": "amyotrophic lateral sclerosis",
  "disease_percentile": 0.215864759427828,
  "metapath_contribution": {
    "CbGaD": 0.8084395570084011,
    "CbGpPWpGaD": 0.08820141460758057,
    "CcSEcCtD": 0.08963465323712831,
    "CrCbGaD": 0.013724375146889916
  },
  "n_trials": 0.0,
  "prediction": 0.000866843979753157,
  "status": 0
}