{
  "compound_id": "DB00279",
  "compound_name": "Liothyronine",
  "compound_percentile": 0.7352941176470591,
  "disease_id": "DOID:12365",
  "disease_name": "malaria",
  "disease_percentile": 0.463589076723017,
  "metapath_contribution": {
    "CbGbCtD": 0.7887958204901595,
    "CbGeAlD": 0.15754270080056354,
    "CbGpPWpGaD": 0.03026006003750587,
    "CcSEcCtD": 0.023401418671771083
  },
  "n_trials": 0.0,
  "prediction": 0.0019973355160598396,
  "status": 0,
  "training_prediction": 0.0051151403110522705
}