{
  "compound_id": "DB01411",
  "compound_name": "Pranlukast",
  "compound_percentile": 0.691176470588235,
  "disease_id": "DOID:9970",
  "disease_name": "obesity",
  "disease_percentile": 0.674902470741222,
  "metapath_contribution": {
    "CbGaD": 0.38283031850329236,
    "CbGbCtD": 0.2889587039938094,
    "CbGeAlD": 0.095300412840202,
    "CbGpPWpGaD": 0.2321212487738691,
    "CrCbGaD": 0.000789315888827152
  },
  "n_trials": 0.0,
  "prediction": 0.00361469542991628,
  "status": 0
}