{
  "compound_id": "DB01216",
  "compound_name": "Finasteride",
  "compound_percentile": 0.227941176470588,
  "disease_id": "DOID:11054",
  "disease_name": "urinary bladder cancer",
  "disease_percentile": 0.350455136540962,
  "metapath_contribution": {
    "CbGeAlD": 0.13697217799938982,
    "CbGpPWpGaD": 0.3846777524562693,
    "CcSEcCtD": 0.47835006954434095
  },
  "n_trials": 0.0,
  "prediction": 0.00119306771022376,
  "status": 0
}