{
  "compound_id": "DB00283",
  "compound_name": "Clemastine",
  "compound_percentile": 0.882352941176471,
  "disease_id": "DOID:9970",
  "disease_name": "obesity",
  "disease_percentile": 0.349804941482445,
  "metapath_contribution": {
    "CbGbCtD": 0.4302655613898669,
    "CbGpPWpGaD": 0.05703033267269963,
    "CcSEcCtD": 0.17374111717206947,
    "CrCbGaD": 0.0035810986942458514,
    "CrCrCtD": 0.3353818900711182
  },
  "n_trials": 0.0,
  "prediction": 0.00184717631497523,
  "status": 0
}