{
  "compound_id": "DB00744",
  "compound_name": "Zileuton",
  "compound_percentile": 0.647058823529412,
  "disease_id": "DOID:2355",
  "disease_name": "anemia",
  "disease_percentile": 0.750325097529259,
  "metapath_contribution": {
    "CbGaD": 0.6745595771157117,
    "CbGeAlD": 0.14275015785527573,
    "CbGpPWpGaD": 0.18269026502901256
  },
  "n_trials": 0.0,
  "prediction": 0.00180629184141039,
  "status": 0
}