{
  "compound_id": "DB01118",
  "compound_name": "Amiodarone",
  "compound_percentile": 0.720588235294118,
  "disease_id": "DOID:12361",
  "disease_name": "Graves' disease",
  "disease_percentile": 0.6007802340702211,
  "metapath_contribution": {
    "CbGbCtD": 0.75897418286214,
    "CbGeAlD": 0.02688795198044785,
    "CcSEcCtD": 0.2141378651574122
  },
  "n_trials": 0.0,
  "prediction": 0.0017100611990373302,
  "status": 0
}