{
  "compound_id": "DB00968",
  "compound_name": "Methyldopa",
  "compound_percentile": 0.904411764705882,
  "disease_id": "DOID:1312",
  "disease_name": "focal segmental glomerulosclerosis",
  "disease_percentile": 0.8693107932379709,
  "metapath_contribution": {
    "CbGeAlD": 0.01653579659888804,
    "CcSEcCtD": 0.007236041215999734,
    "CtDrD": 0.9762281621851122
  },
  "n_trials": 0.0,
  "prediction": 0.00244934923948995,
  "status": 0,
  "training_prediction": 0.00110483152359088
}