{
  "compound_id": "DB00715",
  "compound_name": "Paroxetine",
  "compound_percentile": 0.882352941176471,
  "disease_id": "DOID:2531",
  "disease_name": "hematologic cancer",
  "disease_percentile": 0.801690507152146,
  "metapath_contribution": {
    "CbGaD": 0.0785782456322388,
    "CbGbCtD": 0.4801424391466636,
    "CbGeAlD": 0.024246148622828142,
    "CbGpPWpGaD": 0.09364260113778107,
    "CcSEcCtD": 0.3233905654604884
  },
  "n_trials": 0.0,
  "prediction": 0.0048039702874196795,
  "status": 0
}