{
  "compound_id": "DB00654",
  "compound_name": "Latanoprost",
  "compound_percentile": 0.6764705882352939,
  "disease_id": "DOID:1459",
  "disease_name": "hypothyroidism",
  "disease_percentile": 0.139141742522757,
  "metapath_contribution": {
    "CbGeAlD": 0.7934055479897156,
    "CbGpPWpGaD": 0.1549705191581181,
    "CcSEcCtD": 0.05162393285216629
  },
  "n_trials": 0.0,
  "prediction": 0.00104516300144024,
  "status": 0,
  "training_prediction": 0.00126873377164936
}