{
  "compound_id": "DB00978",
  "compound_name": "Lomefloxacin",
  "compound_percentile": 0.639705882352941,
  "disease_id": "DOID:418",
  "disease_name": "systemic scleroderma",
  "disease_percentile": 0.41027308192457707,
  "metapath_contribution": {
    "CbGbCtD": 0.5660163511682439,
    "CbGdCrCtD": 0.0010962586467082004,
    "CcSEcCtD": 0.4328873901850479
  },
  "n_trials": 0.0,
  "prediction": 0.00151533875953565,
  "status": 0
}