{
  "compound_id": "DB01015",
  "compound_name": "Sulfamethoxazole",
  "compound_percentile": 0.4779411764705879,
  "disease_id": "DOID:2394",
  "disease_name": "ovarian cancer",
  "disease_percentile": 0.27438231469440805,
  "metapath_contribution": {
    "CbGbCtD": 0.25124038317581354,
    "CbGeAlD": 0.17213028150288362,
    "CbGpPWpGaD": 0.023316216879235786,
    "CcSEcCtD": 0.553313118442067
  },
  "n_trials": 0.0,
  "prediction": 0.00105735376230121,
  "status": 0
}