{
  "compound_id": "DB00454",
  "compound_name": "Pethidine",
  "compound_percentile": 0.610294117647059,
  "disease_id": "DOID:11714",
  "disease_name": "gestational diabetes",
  "disease_percentile": 0.49609882964889507,
  "metapath_contribution": {
    "CbGbCtD": 0.9750142128356772,
    "CbGpPWpGaD": 0.013987967830198568,
    "CrCbGaD": 0.010997819334124182
  },
  "n_trials": 0.0,
  "prediction": 0.00162089652732345,
  "status": 0
}