{
  "compound_id": "DB00163",
  "compound_name": "Vitamin E",
  "compound_percentile": 0.867647058823529,
  "disease_id": "DOID:3393",
  "disease_name": "coronary artery disease",
  "disease_percentile": 0.8179453836150848,
  "metapath_contribution": {
    "CbGaD": 0.723199639259549,
    "CbGeAlD": 0.0652118299906219,
    "CbGpPWpGaD": 0.21158853074982925
  },
  "n_trials": 5.0,
  "prediction": 0.00506859327730918,
  "status": 0
}