{
  "compound_id": "DB01559",
  "compound_name": "Clotiazepam",
  "compound_percentile": 0.742647058823529,
  "disease_id": "DOID:2377",
  "disease_name": "multiple sclerosis",
  "disease_percentile": 0.392067620286086,
  "metapath_contribution": {
    "CbGbCtD": 0.5107513697102969,
    "CbGeAlD": 0.4687843920045499,
    "CbGpPWpGaD": 0.020464238285153345
  },
  "n_trials": 0.0,
  "prediction": 0.00161152901150853,
  "status": 0
}