{
  "compound_id": "DB00896",
  "compound_name": "Rimexolone",
  "compound_percentile": 0.963235294117647,
  "disease_id": "DOID:7147",
  "disease_name": "ankylosing spondylitis",
  "disease_percentile": 0.9869960988296491,
  "metapath_contribution": {
    "CbGbCtD": 0.1530043260883192,
    "CcSEcCtD": 0.024561722871901746,
    "CiPCiCtD": 0.3614575734614953,
    "CrCrCtD": 0.19531717635593474,
    "CrCtD": 0.2656592012223491
  },
  "n_trials": 0.0,
  "prediction": 0.0626658333654929,
  "status": 0
}