{
  "compound_id": "DB08881",
  "compound_name": "Vemurafenib",
  "compound_percentile": 0.19852941176470604,
  "disease_id": "DOID:14221",
  "disease_name": "metabolic syndrome X",
  "disease_percentile": 0.38036410923277003,
  "metapath_contribution": {
    "CbGaD": 0.7112835966882007,
    "CbGpPWpGaD": 0.26241516289876055,
    "CcSEcCtD": 0.022513133192611435,
    "CrCbGaD": 0.003788107220427281
  },
  "n_trials": 0.0,
  "prediction": 0.00119330780070051,
  "status": 0,
  "training_prediction": 0.000897459689020408
}