{
  "compound_id": "DB00997",
  "compound_name": "Doxorubicin",
  "compound_percentile": 0.3529411764705879,
  "disease_id": "DOID:824",
  "disease_name": "periodontitis",
  "disease_percentile": 0.5286085825747721,
  "metapath_contribution": {
    "CbGaD": 0.7618140202862496,
    "CbGeAlD": 0.11970958444914057,
    "CbGpPWpGaD": 0.11847639526460975
  },
  "n_trials": 0.0,
  "prediction": 0.00135410031507574,
  "status": 0
}