{
  "compound_id": "DB00127",
  "compound_name": "Spermine",
  "compound_percentile": 0.801470588235294,
  "disease_id": "DOID:5041",
  "disease_name": "esophageal cancer",
  "disease_percentile": 0.8868660598179449,
  "metapath_contribution": {
    "CbGbCtD": 0.5728898544835274,
    "CbGeAlD": 0.16766105574955684,
    "CbGpPWpGaD": 0.2594490897669159
  },
  "n_trials": 0.0,
  "prediction": 0.00273260731138003,
  "status": 0
}