{
  "category": "DM",
  "compound_id": "DB00997",
  "compound_name": "Doxorubicin",
  "compound_percentile": 0.9191176470588229,
  "disease_id": "DOID:3571",
  "disease_name": "liver cancer",
  "disease_percentile": 1.0,
  "metapath_contribution": {
    "CbGbCtD": 0.136064135042574,
    "CbGdCrCtD": 0.000539068064872573,
    "CbGeAlD": 0.015539246879452026,
    "CbGpPWpGaD": 0.025957224706608058,
    "CcSEcCtD": 0.03841548363740093,
    "CiPCiCtD": 0.2671788280883169,
    "CrCbGaD": 1.658909416169613e-05,
    "CrCrCtD": 0.1387176533239054,
    "CrCtD": 0.21704000978714347,
    "CtDrD": 0.16053176137556496
  },
  "prediction": 0.122378210016045,
  "status": 1,
  "training_prediction": 0.59125707562477
}