{
  "compound_id": "DB01081",
  "compound_name": "Diphenoxylate",
  "compound_percentile": 0.970588235294118,
  "disease_id": "DOID:12849",
  "disease_name": "autistic disorder",
  "disease_percentile": 0.7184655396618991,
  "metapath_contribution": {
    "CbGaD": 0.9056642775759429,
    "CbGeAlD": 0.048341356569528954,
    "CbGpPWpGaD": 0.03750785255604431,
    "CrCbGaD": 0.008486513298483763
  },
  "n_trials": 0.0,
  "prediction": 0.0018868931584184398,
  "status": 0
}