{
  "compound_id": "DB01622",
  "compound_name": "Thioproperazine",
  "compound_percentile": 0.0367647058823529,
  "disease_id": "DOID:2986",
  "disease_name": "IgA glomerulonephritis",
  "disease_percentile": 0.21651495448634603,
  "metapath_contribution": {
    "CbGaD": 0.7581403163875514,
    "CbGeAlD": 0.008878461665026854,
    "CbGpPWpGaD": 0.23298122194742166
  },
  "n_trials": 0.0,
  "prediction": 0.000636843916156899,
  "status": 0
}