{
  "compound_id": "DB08893",
  "compound_name": "Mirabegron",
  "compound_percentile": 0.661764705882353,
  "disease_id": "DOID:2043",
  "disease_name": "hepatitis B",
  "disease_percentile": 0.7113133940182049,
  "metapath_contribution": {
    "CbGaD": 0.7825246794244016,
    "CbGeAlD": 0.01758980631964405,
    "CcSEcCtD": 0.19988551425595436
  },
  "n_trials": 0.0,
  "prediction": 0.00204052935605364,
  "status": 0
}