{
  "compound_id": "DB06705",
  "compound_name": "Gadofosveset trisodium",
  "compound_percentile": 0.992647058823529,
  "disease_id": "DOID:1826",
  "disease_name": "epilepsy syndrome",
  "disease_percentile": 0.669700910273082,
  "metapath_contribution": {
    "CbGaD": 0.26890739298172767,
    "CbGbCtD": 0.4931087557447007,
    "CbGpPWpGaD": 0.014696548632620144,
    "CcSEcCtD": 0.22188758393718735,
    "CrCbGaD": 0.0013997187037642267
  },
  "n_trials": 0.0,
  "prediction": 0.005251198494134629,
  "status": 0
}