{
  "compound_id": "DB00358",
  "compound_name": "Mefloquine",
  "compound_percentile": 0.801470588235294,
  "disease_id": "DOID:14227",
  "disease_name": "azoospermia",
  "disease_percentile": 0.962288686605982,
  "metapath_contribution": {
    "CbGbCtD": 0.8459567453153223,
    "CbGeAlD": 0.07271554889719105,
    "CcSEcCtD": 0.08132770578748666
  },
  "n_trials": 0.0,
  "prediction": 0.00362370165639735,
  "status": 0
}