{
  "compound_id": "DB01083",
  "compound_name": "Orlistat",
  "compound_percentile": 0.610294117647059,
  "disease_id": "DOID:1312",
  "disease_name": "focal segmental glomerulosclerosis",
  "disease_percentile": 0.710663198959688,
  "metapath_contribution": {
    "CbGeAlD": 0.02880135461075502,
    "CbGpPWpGaD": 0.536713800797521,
    "CcSEcCtD": 0.4344848445917241
  },
  "n_trials": 0.0,
  "prediction": 0.0019310689931905398,
  "status": 0,
  "training_prediction": 0.0014525791278916
}