{
  "compound_id": "DB01616",
  "compound_name": "Alverine",
  "compound_percentile": 0.948529411764706,
  "disease_id": "DOID:1595",
  "disease_name": "endogenous depression",
  "disease_percentile": 0.887516254876463,
  "metapath_contribution": {
    "CbGaD": 0.9827879838500762,
    "CbGpPWpGaD": 0.013086021608110768,
    "CrCbGaD": 0.004125994541813109
  },
  "n_trials": 0.0,
  "prediction": 0.00248025477064569,
  "status": 0
}