{
  "compound_id": "DB00590",
  "compound_name": "Doxazosin",
  "compound_percentile": 0.933823529411765,
  "disease_id": "DOID:3393",
  "disease_name": "coronary artery disease",
  "disease_percentile": 0.7152145643693109,
  "metapath_contribution": {
    "CbGaD": 0.18181915212430408,
    "CbGbCtD": 0.4841500167627152,
    "CbGeAlD": 0.029639194900313925,
    "CbGpPWpGaD": 0.08333018939725802,
    "CcSEcCtD": 0.21954491569838475,
    "CrCbGaD": 0.001516531117024062
  },
  "n_trials": 1.0,
  "prediction": 0.00364403855947774,
  "status": 0,
  "training_prediction": 0.0193454693036015
}