{
  "compound_id": "DB01179",
  "compound_name": "Podofilox",
  "compound_percentile": 0.227941176470588,
  "disease_id": "DOID:824",
  "disease_name": "periodontitis",
  "disease_percentile": 0.11118335500650199,
  "metapath_contribution": {
    "CbGeAlD": 0.6884143206305482,
    "CbGpPWpGaD": 0.22519226577509652,
    "CrCbGaD": 0.08639341359435518
  },
  "n_trials": 0.0,
  "prediction": 0.000866561985077193,
  "status": 0
}