{
  "compound_id": "DB08901",
  "compound_name": "Ponatinib",
  "compound_percentile": 0.308823529411765,
  "disease_id": "DOID:5419",
  "disease_name": "schizophrenia",
  "disease_percentile": 0.427178153446034,
  "metapath_contribution": {
    "CbGaD": 0.4984123198262707,
    "CbGeAlD": 0.1839664430932501,
    "CbGpPWpGaD": 0.3136174125874231,
    "CrCbGaD": 0.0040038244930560955
  },
  "n_trials": 0.0,
  "prediction": 0.00140613334775546,
  "status": 0
}