{
  "compound_id": "DB00316",
  "compound_name": "Acetaminophen",
  "compound_percentile": 0.75,
  "disease_id": "DOID:11934",
  "disease_name": "head and neck cancer",
  "disease_percentile": 0.97074122236671,
  "metapath_contribution": {
    "CbGaD": 0.662792607545881,
    "CbGbCtD": 0.1598259864132386,
    "CbGeAlD": 0.02397222527028259,
    "CbGpPWpGaD": 0.0942985407041369,
    "CcSEcCtD": 0.05911064006646092
  },
  "n_trials": 2.0,
  "prediction": 0.00449922388840681,
  "status": 0
}