{
  "compound_id": "DB00122",
  "compound_name": "Choline",
  "compound_percentile": 0.595588235294118,
  "disease_id": "DOID:0050741",
  "disease_name": "alcohol dependence",
  "disease_percentile": 0.431079323797139,
  "metapath_contribution": {
    "CbGeAlD": 0.48393956590508375,
    "CbGpPWpGaD": 0.5033273539396724,
    "CrCbGaD": 0.01273308015524401
  },
  "n_trials": 1.0,
  "prediction": 0.00191541822063898,
  "status": 0
}