{
  "compound_id": "DB01008",
  "compound_name": "Busulfan",
  "compound_percentile": 0.808823529411765,
  "disease_id": "DOID:9352",
  "disease_name": "type 2 diabetes mellitus",
  "disease_percentile": 0.7698309492847851,
  "metapath_contribution": {
    "CbGaD": 0.4698102083133021,
    "CbGbCtD": 0.1879585405011211,
    "CbGdCrCtD": 0.002651985044472972,
    "CbGeAlD": 0.04555989260578606,
    "CbGpPWpGaD": 0.09836191910607421,
    "CcSEcCtD": 0.19565745442924354
  },
  "n_trials": 0.0,
  "prediction": 0.00479830290120272,
  "status": 0,
  "training_prediction": 0.0208767148638851
}