{
  "compound_id": "DB00360",
  "compound_name": "Tetrahydrobiopterin",
  "compound_percentile": 0.801470588235294,
  "disease_id": "DOID:1686",
  "disease_name": "glaucoma",
  "disease_percentile": 0.9057217165149541,
  "metapath_contribution": {
    "CbGaD": 0.7391003664421312,
    "CbGpPWpGaD": 0.10149727398259498,
    "CcSEcCtD": 0.15940235957527382
  },
  "n_trials": 0.0,
  "prediction": 0.00467999063868095,
  "status": 0
}