{
  "compound_id": "DB01241",
  "compound_name": "Gemfibrozil",
  "compound_percentile": 0.7941176470588229,
  "disease_id": "DOID:11476",
  "disease_name": "osteoporosis",
  "disease_percentile": 0.82704811443433,
  "metapath_contribution": {
    "CbGbCtD": 0.7139309258937278,
    "CbGpPWpGaD": 0.05431752304918353,
    "CcSEcCtD": 0.23175155105708867
  },
  "n_trials": 0.0,
  "prediction": 0.00312846447711279,
  "status": 0,
  "training_prediction": 0.0101310144074142
}