{
  "compound_id": "DB00761",
  "compound_name": "Potassium Chloride",
  "compound_percentile": 0.816176470588235,
  "disease_id": "DOID:9970",
  "disease_name": "obesity",
  "disease_percentile": 0.46098829648894707,
  "metapath_contribution": {
    "CbGeAlD": 0.31339758435982246,
    "CbGpPWpGaD": 0.3792564127535887,
    "CcSEcCtD": 0.30734600288658903
  },
  "n_trials": 0.0,
  "prediction": 0.00231074810076702,
  "status": 0
}