{
  "compound_id": "DB00531",
  "compound_name": "Cyclophosphamide",
  "compound_percentile": 0.5367647058823529,
  "disease_id": "DOID:2377",
  "disease_name": "multiple sclerosis",
  "disease_percentile": 0.7126137841352409,
  "metapath_contribution": {
    "CbGbCtD": 0.6346107601225447,
    "CbGpPWpGaD": 0.04479498698227526,
    "CcSEcCtD": 0.32059425289517995
  },
  "n_trials": 7.0,
  "prediction": 0.002457900775212,
  "status": 0
}