{
  "compound_id": "DB00966",
  "compound_name": "Telmisartan",
  "compound_percentile": 0.5367647058823529,
  "disease_id": "DOID:11934",
  "disease_name": "head and neck cancer",
  "disease_percentile": 0.6755526657997399,
  "metapath_contribution": {
    "CbGbCtD": 0.7977977678077389,
    "CbGpPWpGaD": 0.055325664122897966,
    "CcSEcCtD": 0.14687656806936308
  },
  "n_trials": 0.0,
  "prediction": 0.00181679753910916,
  "status": 0,
  "training_prediction": 0.0036724071141479796
}