{
  "compound_id": "DB00731",
  "compound_name": "Nateglinide",
  "compound_percentile": 0.0294117647058824,
  "disease_id": "DOID:12849",
  "disease_name": "autistic disorder",
  "disease_percentile": 0.0767230169050715,
  "metapath_contribution": {
    "CbGeAlD": 0.2962094549026592,
    "CbGpPWpGaD": 0.6915847648882719,
    "CrCbGaD": 0.012205780209068855
  },
  "n_trials": 0.0,
  "prediction": 0.0006684624603137349,
  "status": 0
}