{
  "compound_id": "DB00598",
  "compound_name": "Labetalol",
  "compound_percentile": 0.0955882352941176,
  "disease_id": "DOID:3571",
  "disease_name": "liver cancer",
  "disease_percentile": 0.170351105331599,
  "metapath_contribution": {
    "CcSEcCtD": 0.9649442185826383,
    "CrCbGaD": 0.035055781417361646
  },
  "n_trials": 0.0,
  "prediction": 0.000860446747914901,
  "status": 0,
  "training_prediction": 0.000848797953157539
}