{
  "compound_id": "DB00349",
  "compound_name": "Clobazam",
  "compound_percentile": 0.772058823529412,
  "disease_id": "DOID:8893",
  "disease_name": "psoriasis",
  "disease_percentile": 0.21391417425227602,
  "metapath_contribution": {
    "CbGbCtD": 0.658366747747596,
    "CbGpPWpGaD": 0.03805324603791674,
    "CcSEcCtD": 0.3035800062144873
  },
  "n_trials": 0.0,
  "prediction": 0.00122602581708345,
  "status": 0,
  "training_prediction": 0.00519947734862385
}