{
  "compound_id": "DB00495",
  "compound_name": "Zidovudine",
  "compound_percentile": 0.867647058823529,
  "disease_id": "DOID:1612",
  "disease_name": "breast cancer",
  "disease_percentile": 0.6788036410923279,
  "metapath_contribution": {
    "CbGaD": 0.400640036483245,
    "CbGbCtD": 0.36860566176525705,
    "CbGdCrCtD": 0.0006885265869841738,
    "CbGeAlD": 0.03123100316705286,
    "CbGpPWpGaD": 0.08575543382101343,
    "CcSEcCtD": 0.11019458921597608,
    "CrCbGaD": 0.002884748960471462
  },
  "n_trials": 0.0,
  "prediction": 0.00346807711552757,
  "status": 0,
  "training_prediction": 0.0189529681978216
}