{
  "compound_id": "DB00704",
  "compound_name": "Naltrexone",
  "compound_percentile": 0.5514705882352939,
  "disease_id": "DOID:12930",
  "disease_name": "dilated cardiomyopathy",
  "disease_percentile": 0.393368010403121,
  "metapath_contribution": {
    "CbGbCtD": 0.603206153142653,
    "CbGpPWpGaD": 0.035483852793336955,
    "CcSEcCtD": 0.36130999406401004
  },
  "n_trials": 0.0,
  "prediction": 0.0014297316441078199,
  "status": 0,
  "training_prediction": 0.0014103867055504302
}