{
  "compound_id": "DB00218",
  "compound_name": "Moxifloxacin",
  "compound_percentile": 0.44117647058823495,
  "disease_id": "DOID:219",
  "disease_name": "colon cancer",
  "disease_percentile": 0.195708712613784,
  "metapath_contribution": {
    "CbGdCrCtD": 0.029719862397454836,
    "CcSEcCtD": 0.9631472621297071,
    "CrCbGaD": 0.007132875472837891
  },
  "n_trials": 0.0,
  "prediction": 0.0009620968655297689,
  "status": 0
}