{
  "compound_id": "DB00889",
  "compound_name": "Granisetron",
  "compound_percentile": 0.867647058823529,
  "disease_id": "DOID:3393",
  "disease_name": "coronary artery disease",
  "disease_percentile": 0.6137841352405721,
  "metapath_contribution": {
    "CbGbCtD": 0.6388357008523443,
    "CbGpPWpGaD": 0.07040494259812236,
    "CcSEcCtD": 0.2907593565495333
  },
  "n_trials": 0.0,
  "prediction": 0.00294461989959323,
  "status": 0
}