{
  "compound_id": "DB00722",
  "compound_name": "Lisinopril",
  "compound_percentile": 0.5367647058823529,
  "disease_id": "DOID:1909",
  "disease_name": "melanoma",
  "disease_percentile": 0.55331599479844,
  "metapath_contribution": {
    "CbGaD": 0.5545684250952686,
    "CbGeAlD": 0.07871666973080345,
    "CbGpPWpGaD": 0.04235706198038536,
    "CcSEcCtD": 0.3083194616689388,
    "CrCbGaD": 0.016038381524603813
  },
  "n_trials": 0.0,
  "prediction": 0.00157632366227076,
  "status": 0,
  "training_prediction": 0.00816081300774958
}