{
  "category": "DM",
  "compound_id": "DB01410",
  "compound_name": "Ciclesonide",
  "compound_percentile": 0.9852941176470591,
  "disease_id": "DOID:2841",
  "disease_name": "asthma",
  "disease_percentile": 0.958387516254877,
  "metapath_contribution": {
    "CbGaD": 0.09467979077866531,
    "CbGbCtD": 0.2389483399724915,
    "CbGeAlD": 0.0009743334772434247,
    "CcSEcCtD": 0.07370776376714738,
    "CrCbGaD": 0.0011749244049240625,
    "CrCrCtD": 0.24894999406413465,
    "CrCtD": 0.34156485353539356
  },
  "prediction": 0.0347683103428896,
  "status": 1,
  "training_prediction": 0.197510309268912
}