{
  "compound_id": "DB00544",
  "compound_name": "Fluorouracil",
  "compound_percentile": 0.7647058823529409,
  "disease_id": "DOID:12306",
  "disease_name": "vitiligo",
  "disease_percentile": 0.9947984395318601,
  "metapath_contribution": {
    "CbGbCtD": 0.2194318635589912,
    "CbGeAlD": 0.026068762035167347,
    "CcSEcCtD": 0.03288274481339889,
    "CtDrD": 0.7216166295924425
  },
  "n_trials": 0.0,
  "prediction": 0.00606615753008122,
  "status": 0,
  "training_prediction": 0.0122597020004606
}