{
  "compound_id": "DB01411",
  "compound_name": "Pranlukast",
  "compound_percentile": 0.566176470588235,
  "disease_id": "DOID:14330",
  "disease_name": "Parkinson's disease",
  "disease_percentile": 0.912873862158648,
  "metapath_contribution": {
    "CbGaD": 0.696112624852555,
    "CbGeAlD": 0.06679325810530692,
    "CbGpPWpGaD": 0.23709411704213798
  },
  "n_trials": 0.0,
  "prediction": 0.00277506787883985,
  "status": 0
}