{
  "compound_id": "DB00526",
  "compound_name": "Oxaliplatin",
  "compound_percentile": 0.5,
  "disease_id": "DOID:11714",
  "disease_name": "gestational diabetes",
  "disease_percentile": 0.9239271781534458,
  "metapath_contribution": {
    "CbGbCtD": 0.6995884807181646,
    "CbGeAlD": 0.1509937901309943,
    "CbGpPWpGaD": 0.14941772915084112
  },
  "n_trials": 0.0,
  "prediction": 0.00307188721195142,
  "status": 0
}