{
  "compound_id": "DB00446",
  "compound_name": "Chloramphenicol",
  "compound_percentile": 0.632352941176471,
  "disease_id": "DOID:1115",
  "disease_name": "sarcoma",
  "disease_percentile": 0.9018205461638491,
  "metapath_contribution": {
    "CbGbCtD": 0.7001465291965218,
    "CbGeAlD": 0.11849636319654985,
    "CcSEcCtD": 0.18135710760692839
  },
  "n_trials": 0.0,
  "prediction": 0.00284228136981659,
  "status": 0
}