{
  "compound_id": "DB01138",
  "compound_name": "Sulfinpyrazone",
  "compound_percentile": 0.8602941176470591,
  "disease_id": "DOID:184",
  "disease_name": "bone cancer",
  "disease_percentile": 0.9044213263979191,
  "metapath_contribution": {
    "CbGaD": 0.27481034093915674,
    "CbGbCtD": 0.6855606457455298,
    "CbGpPWpGaD": 0.03866481030848459,
    "CrCbGaD": 0.0009642030068289577
  },
  "n_trials": 0.0,
  "prediction": 0.0032594351564354603,
  "status": 0
}