{
  "compound_id": "DB06151",
  "compound_name": "Acetylcysteine",
  "compound_percentile": 0.595588235294118,
  "disease_id": "DOID:9206",
  "disease_name": "Barrett's esophagus",
  "disease_percentile": 0.336801040312094,
  "metapath_contribution": {
    "CbGeAlD": 0.1802539011115652,
    "CbGpPWpGaD": 0.4669248492126662,
    "CcSEcCtD": 0.3528212496757688
  },
  "n_trials": 0.0,
  "prediction": 0.00139800149196461,
  "status": 0
}