{
  "compound_id": "DB06616",
  "compound_name": "Bosutinib",
  "compound_percentile": 0.0955882352941176,
  "disease_id": "DOID:11476",
  "disease_name": "osteoporosis",
  "disease_percentile": 0.05851755526658001,
  "metapath_contribution": {
    "CbGbCtD": 0.020428773323067945,
    "CbGdCrCtD": 0.008392165101851683,
    "CbGeAlD": 0.15266771368848955,
    "CbGpPWpGaD": 0.4735861279522228,
    "CcSEcCtD": 0.3449252199343679
  },
  "n_trials": 0.0,
  "prediction": 0.0008803787231102131,
  "status": 0
}