{
  "compound_id": "DB00151",
  "compound_name": "L-Cysteine",
  "compound_percentile": 0.7352941176470591,
  "disease_id": "DOID:13241",
  "disease_name": "Behcet's disease",
  "disease_percentile": 0.48049414824447295,
  "metapath_contribution": {
    "CbGeAlD": 0.6603067464362942,
    "CbGpPWpGaD": 0.3224077649755504,
    "CrCbGaD": 0.01728548858815542
  },
  "n_trials": 0.0,
  "prediction": 0.00124317876507016,
  "status": 0
}