{
  "compound_id": "DB00526",
  "compound_name": "Oxaliplatin",
  "compound_percentile": 0.654411764705882,
  "disease_id": "DOID:1115",
  "disease_name": "sarcoma",
  "disease_percentile": 0.951235370611183,
  "metapath_contribution": {
    "CbGbCtD": 0.844865455971408,
    "CbGeAlD": 0.09369246306395136,
    "CbGpPWpGaD": 0.061442080964640676
  },
  "n_trials": 2.0,
  "prediction": 0.0038275805718867,
  "status": 0
}