{
  "compound_id": "DB00193",
  "compound_name": "Tramadol",
  "compound_percentile": 0.727941176470588,
  "disease_id": "DOID:14221",
  "disease_name": "metabolic syndrome X",
  "disease_percentile": 0.8140442132639789,
  "metapath_contribution": {
    "CbGaD": 0.7559990618051655,
    "CbGpPWpGaD": 0.06278628193965768,
    "CcSEcCtD": 0.18121465625517663
  },
  "n_trials": 0.0,
  "prediction": 0.00216707934317583,
  "status": 0
}