{
  "compound_id": "DB00736",
  "compound_name": "Esomeprazole",
  "compound_percentile": 0.8897058823529409,
  "disease_id": "DOID:8893",
  "disease_name": "psoriasis",
  "disease_percentile": 0.879713914174252,
  "metapath_contribution": {
    "CbGbCtD": 0.1747663931138402,
    "CcSEcCtD": 0.15553280792493976,
    "CpDpCtD": 0.6697007989612199
  },
  "n_trials": 1.0,
  "prediction": 0.0040068198456365105,
  "status": 0,
  "training_prediction": 0.0168406424768336
}