{
  "compound_id": "DB00131",
  "compound_name": "Adenosine monophosphate",
  "compound_percentile": 0.875,
  "disease_id": "DOID:3083",
  "disease_name": "chronic obstructive pulmonary disease",
  "disease_percentile": 0.378413524057217,
  "metapath_contribution": {
    "CbGbCtD": 0.7402195951008748,
    "CbGeAlD": 0.1224736538383638,
    "CbGpPWpGaD": 0.13730675106076143
  },
  "n_trials": 0.0,
  "prediction": 0.0018001948076252603,
  "status": 0
}