{
  "compound_id": "DB01424",
  "compound_name": "Aminophenazone",
  "compound_percentile": 0.970588235294118,
  "disease_id": "DOID:1612",
  "disease_name": "breast cancer",
  "disease_percentile": 0.8400520156046809,
  "metapath_contribution": {
    "CbGaD": 0.4461616541466008,
    "CbGbCtD": 0.47273604919927686,
    "CbGpPWpGaD": 0.07968071853686633,
    "CrCbGaD": 0.0014215781172560622
  },
  "n_trials": 0.0,
  "prediction": 0.00530913645600672,
  "status": 0
}