{
  "compound_id": "DB02546",
  "compound_name": "Vorinostat",
  "compound_percentile": 0.911764705882353,
  "disease_id": "DOID:3070",
  "disease_name": "malignant glioma",
  "disease_percentile": 0.985045513654096,
  "metapath_contribution": {
    "CbGaD": 0.6753345804304333,
    "CbGeAlD": 0.07768807290174233,
    "CbGpPWpGaD": 0.20803038019566292,
    "CcSEcCtD": 0.03894696647216159
  },
  "n_trials": 16.0,
  "prediction": 0.005708040158085161,
  "status": 0,
  "training_prediction": 0.00421443675125385
}