{
  "compound_id": "DB08865",
  "compound_name": "Crizotinib",
  "compound_percentile": 0.8897058823529409,
  "disease_id": "DOID:3393",
  "disease_name": "coronary artery disease",
  "disease_percentile": 0.9245773732119641,
  "metapath_contribution": {
    "CbGaD": 0.29468796567537225,
    "CbGbCtD": 0.11518900177012854,
    "CbGdCrCtD": 0.0018271711550726395,
    "CbGeAlD": 0.04518432881983615,
    "CbGpPWpGaD": 0.10912219909902476,
    "CcSEcCtD": 0.0756679649037564,
    "CiPCiCtD": 0.35832136857680935
  },
  "n_trials": 0.0,
  "prediction": 0.0106806869124343,
  "status": 0,
  "training_prediction": 0.0550271258846157
}