{
  "compound_id": "DB00832",
  "compound_name": "Phensuximide",
  "compound_percentile": 0.941176470588235,
  "disease_id": "DOID:10763",
  "disease_name": "hypertension",
  "disease_percentile": 0.15409622886866103,
  "metapath_contribution": {
    "CbGbCtD": 0.873506205838226,
    "CbGeAlD": 0.061290357824303345,
    "CbGpPWpGaD": 0.05756201494470302,
    "CrCbGaD": 0.0076414213927675605
  },
  "n_trials": 0.0,
  "prediction": 0.00158700526907558,
  "status": 0
}