{
  "compound_id": "DB00751",
  "compound_name": "Epinastine",
  "compound_percentile": 0.49264705882352894,
  "disease_id": "DOID:418",
  "disease_name": "systemic scleroderma",
  "disease_percentile": 0.15864759427828304,
  "metapath_contribution": {
    "CbGbCtD": 0.6366369288530778,
    "CbGeAlD": 0.22140378902899807,
    "CcSEcCtD": 0.14195928211792413
  },
  "n_trials": 0.0,
  "prediction": 0.00106471746567451,
  "status": 0
}