{
  "compound_id": "DB00481",
  "compound_name": "Raloxifene",
  "compound_percentile": 0.44117647058823495,
  "disease_id": "DOID:1909",
  "disease_name": "melanoma",
  "disease_percentile": 0.6020806241872559,
  "metapath_contribution": {
    "CbGbCtD": 0.023348956283684125,
    "CbGpPWpGaD": 0.45127143909594564,
    "CcSEcCtD": 0.5056011076074131,
    "CrCbGaD": 0.019778497012957228
  },
  "n_trials": 0.0,
  "prediction": 0.00168309218377119,
  "status": 0,
  "training_prediction": 0.005117319161596429
}