{
  "compound_id": "DB01579",
  "compound_name": "Phendimetrazine",
  "compound_percentile": 0.7941176470588229,
  "disease_id": "DOID:2841",
  "disease_name": "asthma",
  "disease_percentile": 0.15279583875162603,
  "metapath_contribution": {
    "CbGpPWpGaD": 0.25163768935599573,
    "CcSEcCtD": 0.7483623106440043
  },
  "n_trials": 0.0,
  "prediction": 0.00135915496715571,
  "status": 0,
  "training_prediction": 0.00921378135699881
}