{
  "compound_id": "DB00939",
  "compound_name": "Meclofenamic acid",
  "compound_percentile": 0.463235294117647,
  "disease_id": "DOID:3571",
  "disease_name": "liver cancer",
  "disease_percentile": 0.45708712613784097,
  "metapath_contribution": {
    "CbGbCtD": 0.736603053234328,
    "CbGpPWpGaD": 0.18537421668556578,
    "CcSEcCtD": 0.0642754009770506,
    "CrCbGaD": 0.013747329103055659
  },
  "n_trials": 0.0,
  "prediction": 0.00133453577297229,
  "status": 0
}