{
  "compound_id": "DB00230",
  "compound_name": "Pregabalin",
  "compound_percentile": 0.0441176470588235,
  "disease_id": "DOID:2986",
  "disease_name": "IgA glomerulonephritis",
  "disease_percentile": 0.7067620286085831,
  "metapath_contribution": {
    "CbGeAlD": 0.011123640423386606,
    "CbGpPWpGaD": 0.9243452415948067,
    "CrCbGaD": 0.06453111798180666
  },
  "n_trials": 0.0,
  "prediction": 0.0013306311161125199,
  "status": 0
}