{
  "compound_id": "DB00570",
  "compound_name": "Vinblastine",
  "compound_percentile": 0.10294117647058802,
  "disease_id": "DOID:332",
  "disease_name": "amyotrophic lateral sclerosis",
  "disease_percentile": 0.0838751625487646,
  "metapath_contribution": {
    "CbGeAlD": 0.2901996912595368,
    "CbGpPWpGaD": 0.5325560939754993,
    "CcSEcCtD": 0.1615164284773067,
    "CrCbGaD": 0.015727786287657138
  },
  "n_trials": 0.0,
  "prediction": 0.0006623228267889809,
  "status": 0,
  "training_prediction": 0.00134602594597134
}