{
  "compound_id": "DB06725",
  "compound_name": "Lornoxicam",
  "compound_percentile": 0.727941176470588,
  "disease_id": "DOID:1781",
  "disease_name": "thyroid cancer",
  "disease_percentile": 0.8888166449934979,
  "metapath_contribution": {
    "CbGaD": 0.9418792297567782,
    "CbGpPWpGaD": 0.05092282485969659,
    "CrCbGaD": 0.007197945383525188
  },
  "n_trials": 0.0,
  "prediction": 0.00263192999034125,
  "status": 0
}