{
  "compound_id": "DB06710",
  "compound_name": "Methyltestosterone",
  "compound_percentile": 0.110294117647059,
  "disease_id": "DOID:11054",
  "disease_name": "urinary bladder cancer",
  "disease_percentile": 0.011703511053316002,
  "metapath_contribution": {
    "CbGbCtD": 0.6655890166011227,
    "CbGeAlD": 0.1115438421026055,
    "CbGpPWpGaD": 0.097957379174744,
    "CcSEcCtD": 0.11425265049484404,
    "CrCbGaD": 0.01065711162668381
  },
  "n_trials": 0.0,
  "prediction": 0.00047731362388032803,
  "status": 0
}