{
  "compound_id": "DB01060",
  "compound_name": "Amoxicillin",
  "compound_percentile": 0.970588235294118,
  "disease_id": "DOID:1826",
  "disease_name": "epilepsy syndrome",
  "disease_percentile": 0.24707412223667105,
  "metapath_contribution": {
    "CbGaD": 0.2905318532214483,
    "CbGbCtD": 0.46526987586422797,
    "CbGpPWpGaD": 0.038450249692432666,
    "CcSEcCtD": 0.20574802122189115
  },
  "n_trials": 0.0,
  "prediction": 0.0019314881709240601,
  "status": 0
}