{
  "compound_id": "DB00630",
  "compound_name": "Alendronate",
  "compound_percentile": 0.242647058823529,
  "disease_id": "DOID:10652",
  "disease_name": "Alzheimer's disease",
  "disease_percentile": 0.27568270481144297,
  "metapath_contribution": {
    "CbGeAlD": 0.2888826006502916,
    "CbGpPWpGaD": 0.2308029251944027,
    "CcSEcCtD": 0.467177184565886,
    "CrCbGaD": 0.013137289589419805
  },
  "n_trials": 0.0,
  "prediction": 0.0012288115122486801,
  "status": 0,
  "training_prediction": 0.00248536928084513
}