{
  "compound_id": "DB01074",
  "compound_name": "Perhexiline",
  "compound_percentile": 0.882352941176471,
  "disease_id": "DOID:4481",
  "disease_name": "allergic rhinitis",
  "disease_percentile": 0.798439531859558,
  "metapath_contribution": {
    "CbGbCtD": 0.7244260257131709,
    "CbGeAlD": 0.012228325811652575,
    "CcSEcCtD": 0.2633456484751765
  },
  "n_trials": 0.0,
  "prediction": 0.003994940354953429,
  "status": 0
}