{
  "compound_id": "DB00449",
  "compound_name": "Dipivefrin",
  "compound_percentile": 0.448529411764706,
  "disease_id": "DOID:4362",
  "disease_name": "cervical cancer",
  "disease_percentile": 0.6410923276983089,
  "metapath_contribution": {
    "CbGeAlD": 0.5256596378276822,
    "CbGpPWpGaD": 0.47434036217231773
  },
  "n_trials": 0.0,
  "prediction": 0.0016347613117801301,
  "status": 0,
  "training_prediction": 0.000737063774649161
}