{
  "compound_id": "DB08868",
  "compound_name": "Fingolimod",
  "compound_percentile": 0.713235294117647,
  "disease_id": "DOID:1115",
  "disease_name": "sarcoma",
  "disease_percentile": 0.910273081924577,
  "metapath_contribution": {
    "CbGbCtD": 0.4496870215733409,
    "CbGeAlD": 0.2342381974178527,
    "CbGpPWpGaD": 0.20605912960101203,
    "CcSEcCtD": 0.11001565140779444
  },
  "n_trials": 0.0,
  "prediction": 0.00292508843292322,
  "status": 0,
  "training_prediction": 0.0058936207272898295
}