{
  "compound_id": "DB00537",
  "compound_name": "Ciprofloxacin",
  "compound_percentile": 0.8308823529411771,
  "disease_id": "DOID:8893",
  "disease_name": "psoriasis",
  "disease_percentile": 0.44473342002600796,
  "metapath_contribution": {
    "CbGbCtD": 0.6621070890228534,
    "CbGdCrCtD": 0.0015827967619064308,
    "CcSEcCtD": 0.3363101142152401
  },
  "n_trials": 0.0,
  "prediction": 0.00172687832342531,
  "status": 0
}