{
  "compound_id": "DB06616",
  "compound_name": "Bosutinib",
  "compound_percentile": 0.963235294117647,
  "disease_id": "DOID:1909",
  "disease_name": "melanoma",
  "disease_percentile": 0.985045513654096,
  "metapath_contribution": {
    "CbGaD": 0.3188676152154677,
    "CbGbCtD": 0.029807744160033928,
    "CbGdCrCtD": 0.0012733751611315922,
    "CbGeAlD": 0.03889601115041338,
    "CbGpPWpGaD": 0.09460001785027028,
    "CcSEcCtD": 0.035382703773146104,
    "CiPCiCtD": 0.47998847033720554,
    "CrCbGaD": 0.0011840623523315338
  },
  "n_trials": 0.0,
  "prediction": 0.009497321615238991,
  "status": 0
}