{
  "compound_id": "DB00621",
  "compound_name": "Oxandrolone",
  "compound_percentile": 0.0808823529411765,
  "disease_id": "DOID:3571",
  "disease_name": "liver cancer",
  "disease_percentile": 0.150195058517555,
  "metapath_contribution": {
    "CbGpPWpGaD": 0.740166411234058,
    "CcSEcCtD": 0.14250740640298798,
    "CrCbGaD": 0.11732618236295399
  },
  "n_trials": 0.0,
  "prediction": 0.000828171521023468,
  "status": 0
}