{
  "compound_id": "DB00240",
  "compound_name": "Alclometasone",
  "compound_percentile": 0.970588235294118,
  "disease_id": "DOID:9074",
  "disease_name": "systemic lupus erythematosus",
  "disease_percentile": 0.9902470741222371,
  "metapath_contribution": {
    "CbGaD": 0.0854988688393603,
    "CbGbCtD": 0.13193097283467062,
    "CbGeAlD": 0.004969652650056945,
    "CcSEcCtD": 0.027712291620772947,
    "CiPCiCtD": 0.32992057834162875,
    "CrCbGaD": 0.0010597151976676326,
    "CrCrCtD": 0.17312258716710818,
    "CrCtD": 0.2457853333487346
  },
  "n_trials": 0.0,
  "prediction": 0.0663683365554845,
  "status": 0
}