{
  "compound_id": "DB01608",
  "compound_name": "Propericiazine",
  "compound_percentile": 0.977941176470588,
  "disease_id": "DOID:1094",
  "disease_name": "attention deficit hyperactivity disorder",
  "disease_percentile": 0.8667100130039009,
  "metapath_contribution": {
    "CbGaD": 0.8614704081285919,
    "CbGeAlD": 0.0034794617034162017,
    "CbGpPWpGaD": 0.12621783705132944,
    "CrCbGaD": 0.008832293116662606
  },
  "n_trials": 0.0,
  "prediction": 0.00238536128714807,
  "status": 0
}