{
  "compound_id": "DB00692",
  "compound_name": "Phentolamine",
  "compound_percentile": 0.13235294117647098,
  "disease_id": "DOID:1909",
  "disease_name": "melanoma",
  "disease_percentile": 0.499349804941482,
  "metapath_contribution": {
    "CbGdCrCtD": 0.03850423321899026,
    "CbGpPWpGaD": 0.703647954309929,
    "CcSEcCtD": 0.25784781247108063
  },
  "n_trials": 0.0,
  "prediction": 0.00144260587123463,
  "status": 0
}