{
  "compound_id": "DB00793",
  "compound_name": "Haloprogin",
  "compound_percentile": 0.933823529411765,
  "disease_id": "DOID:1826",
  "disease_name": "epilepsy syndrome",
  "disease_percentile": 0.347204161248374,
  "metapath_contribution": {
    "CbGdCrCtD": 0.043615724382098084,
    "CbGeAlD": 0.3422714346062392,
    "CbGpPWpGaD": 0.6141128410116626
  },
  "n_trials": 0.0,
  "prediction": 0.00239465441319902,
  "status": 0
}