{
  "compound_id": "DB00936",
  "compound_name": "Salicylic acid",
  "compound_percentile": 0.617647058823529,
  "disease_id": "DOID:10534",
  "disease_name": "stomach cancer",
  "disease_percentile": 0.398569570871261,
  "metapath_contribution": {
    "CbGaD": 0.3083748058183782,
    "CbGbCtD": 0.48468947743416,
    "CbGeAlD": 0.03388279993639933,
    "CbGpPWpGaD": 0.07803657713455496,
    "CcSEcCtD": 0.0888070922134355,
    "CrCbGaD": 0.006209247463071981
  },
  "n_trials": 0.0,
  "prediction": 0.00132142543019641,
  "status": 0
}