{
  "compound_id": "DB01035",
  "compound_name": "Procainamide",
  "compound_percentile": 0.3970588235294121,
  "disease_id": "DOID:12995",
  "disease_name": "conduct disorder",
  "disease_percentile": 0.238621586475943,
  "metapath_contribution": {
    "CbGeAlD": 0.10081471181908781,
    "CbGpPWpGaD": 0.8281412184976172,
    "CrCbGaD": 0.07104406968329495
  },
  "n_trials": 0.0,
  "prediction": 0.00111644611292794,
  "status": 0
}