{
  "compound_id": "DB01089",
  "compound_name": "Deserpidine",
  "compound_percentile": 0.19852941176470604,
  "disease_id": "DOID:1826",
  "disease_name": "epilepsy syndrome",
  "disease_percentile": 0.023407022106632005,
  "metapath_contribution": {
    "CbGeAlD": 0.2412708874555311,
    "CbGpPWpGaD": 0.7353812155303284,
    "CrCbGaD": 0.02334789701414049
  },
  "n_trials": 0.0,
  "prediction": 0.000761719496136003,
  "status": 0
}