{
  "compound_id": "DB06196",
  "compound_name": "Icatibant",
  "compound_percentile": 0.7941176470588229,
  "disease_id": "DOID:3083",
  "disease_name": "chronic obstructive pulmonary disease",
  "disease_percentile": 0.414174252275683,
  "metapath_contribution": {
    "CbGeAlD": 0.3304262999205167,
    "CbGpPWpGaD": 0.4759767258279756,
    "CcSEcCtD": 0.1935969742515077
  },
  "n_trials": 0.0,
  "prediction": 0.00190763827112351,
  "status": 0
}