{
  "compound_id": "DB00405",
  "compound_name": "Dexbrompheniramine",
  "compound_percentile": 0.816176470588235,
  "disease_id": "DOID:1612",
  "disease_name": "breast cancer",
  "disease_percentile": 0.112483745123537,
  "metapath_contribution": {
    "CbGpPWpGaD": 0.00984146309693565,
    "CrCbGaD": 0.002950671532909749,
    "CrCrCtD": 0.9872078653701547
  },
  "n_trials": 0.0,
  "prediction": 0.0010315247103187,
  "status": 0
}