{
  "compound_id": "DB00576",
  "compound_name": "Sulfamethizole",
  "compound_percentile": 0.882352941176471,
  "disease_id": "DOID:2841",
  "disease_name": "asthma",
  "disease_percentile": 0.3777633289987,
  "metapath_contribution": {
    "CbGaD": 0.49083367970969677,
    "CbGbCtD": 0.5082293903310958,
    "CrCbGaD": 0.0009369299592074621
  },
  "n_trials": 0.0,
  "prediction": 0.0020203930971834897,
  "status": 0
}