{
  "compound_id": "DB00966",
  "compound_name": "Telmisartan",
  "compound_percentile": 0.632352941176471,
  "disease_id": "DOID:4045",
  "disease_name": "muscle cancer",
  "disease_percentile": 0.766579973992198,
  "metapath_contribution": {
    "CbGbCtD": 0.8396751127199747,
    "CbGdCrCtD": 0.004341368685207354,
    "CbGeAlD": 0.035005142905659065,
    "CcSEcCtD": 0.1209783756891588
  },
  "n_trials": 0.0,
  "prediction": 0.00210146503287922,
  "status": 0,
  "training_prediction": 0.00569783336750401
}