{
  "compound_id": "DB00661",
  "compound_name": "Verapamil",
  "compound_percentile": 0.6764705882352939,
  "disease_id": "DOID:1094",
  "disease_name": "attention deficit hyperactivity disorder",
  "disease_percentile": 0.897269180754226,
  "metapath_contribution": {
    "CbGaD": 0.7741876762901956,
    "CbGeAlD": 0.08046720084008811,
    "CbGpPWpGaD": 0.14534512286971632
  },
  "n_trials": 0.0,
  "prediction": 0.0026767753887120198,
  "status": 0
}