{
  "compound_id": "DB00440",
  "compound_name": "Trimethoprim",
  "compound_percentile": 0.9191176470588229,
  "disease_id": "DOID:635",
  "disease_name": "acquired immunodeficiency syndrome",
  "disease_percentile": 0.684655396618986,
  "metapath_contribution": {
    "CbGbCtD": 0.7391257184240357,
    "CbGeAlD": 0.039150140957588314,
    "CcSEcCtD": 0.22172414061837598
  },
  "n_trials": 6.0,
  "prediction": 0.00328521412729345,
  "status": 0
}