{
  "compound_id": "DB00804",
  "compound_name": "Dicyclomine",
  "compound_percentile": 0.7647058823529409,
  "disease_id": "DOID:363",
  "disease_name": "uterine cancer",
  "disease_percentile": 0.8667100130039009,
  "metapath_contribution": {
    "CbGbCtD": 0.37630505445281676,
    "CbGeAlD": 0.1654289518008829,
    "CcSEcCtD": 0.4582659937463004
  },
  "n_trials": 0.0,
  "prediction": 0.0031176330088918897,
  "status": 0
}