{
  "compound_id": "DB00996",
  "compound_name": "Gabapentin",
  "compound_percentile": 0.183823529411765,
  "disease_id": "DOID:1612",
  "disease_name": "breast cancer",
  "disease_percentile": 0.21976592977893397,
  "metapath_contribution": {
    "CbGeAlD": 0.11390587676830087,
    "CbGpPWpGaD": 0.1563203053002532,
    "CcSEcCtD": 0.7297738179314459
  },
  "n_trials": 4.0,
  "prediction": 0.00135062722589564,
  "status": 0,
  "training_prediction": 0.0123844995289243
}