{
  "compound_id": "DB01189",
  "compound_name": "Desflurane",
  "compound_percentile": 0.720588235294118,
  "disease_id": "DOID:418",
  "disease_name": "systemic scleroderma",
  "disease_percentile": 0.6293888166449929,
  "metapath_contribution": {
    "CbGbCtD": 0.1993691379161511,
    "CbGeAlD": 0.018824766497004635,
    "CcSEcCtD": 0.7818060955868443
  },
  "n_trials": 0.0,
  "prediction": 0.00204621690402749,
  "status": 0
}