{
  "compound_id": "DB00115",
  "compound_name": "Cyanocobalamin",
  "compound_percentile": 0.727941176470588,
  "disease_id": "DOID:4045",
  "disease_name": "muscle cancer",
  "disease_percentile": 0.831599479843953,
  "metapath_contribution": {
    "CbGbCtD": 0.4768868526279824,
    "CbGeAlD": 0.2623664017747638,
    "CbGpPWpGaD": 0.2607467455972538
  },
  "n_trials": 0.0,
  "prediction": 0.00225981796006856,
  "status": 0
}