{
  "compound_id": "DB00864",
  "compound_name": "Tacrolimus",
  "compound_percentile": 0.654411764705882,
  "disease_id": "DOID:1793",
  "disease_name": "pancreatic cancer",
  "disease_percentile": 0.301690507152146,
  "metapath_contribution": {
    "CbGbCtD": 0.5843362946140793,
    "CbGeAlD": 0.034849468113503625,
    "CbGpPWpGaD": 0.12306173564338775,
    "CcSEcCtD": 0.25775250162902935
  },
  "n_trials": 0.0,
  "prediction": 0.00131288448466765,
  "status": 0,
  "training_prediction": 0.0031297256632160397
}