{
  "compound_id": "DB01076",
  "compound_name": "Atorvastatin",
  "compound_percentile": 0.507352941176471,
  "disease_id": "DOID:1781",
  "disease_name": "thyroid cancer",
  "disease_percentile": 0.397919375812744,
  "metapath_contribution": {
    "CbGbCtD": 0.9142050058948092,
    "CbGeAlD": 0.018123016436425894,
    "CbGpPWpGaD": 0.06767197766876487
  },
  "n_trials": 0.0,
  "prediction": 0.0013196704517809,
  "status": 0,
  "training_prediction": 0.00266889045896135
}