{
  "compound_id": "DB01198",
  "compound_name": "Zopiclone",
  "compound_percentile": 0.933823529411765,
  "disease_id": "DOID:12849",
  "disease_name": "autistic disorder",
  "disease_percentile": 0.971391417425228,
  "metapath_contribution": {
    "CbGaD": 0.7848923224038656,
    "CbGeAlD": 0.04975620566010186,
    "CbGpPWpGaD": 0.15784730489041843,
    "CrCbGaD": 0.007504167045614034
  },
  "n_trials": 0.0,
  "prediction": 0.00451016108685353,
  "status": 0
}