{
  "compound_id": "DB00408",
  "compound_name": "Loxapine",
  "compound_percentile": 0.779411764705882,
  "disease_id": "DOID:11612",
  "disease_name": "polycystic ovary syndrome",
  "disease_percentile": 0.514954486345904,
  "metapath_contribution": {
    "CbGaD": 0.7357101239357614,
    "CbGeAlD": 0.013474336532424058,
    "CbGpPWpGaD": 0.23845352676809675,
    "CcSEcCtD": 0.006616911160275061,
    "CrCbGaD": 0.005745101603442761
  },
  "n_trials": 0.0,
  "prediction": 0.00143956535464631,
  "status": 0
}