{
  "compound_id": "DB01100",
  "compound_name": "Pimozide",
  "compound_percentile": 0.5367647058823529,
  "disease_id": "DOID:1781",
  "disease_name": "thyroid cancer",
  "disease_percentile": 0.46944083224967503,
  "metapath_contribution": {
    "CbGbCtD": 0.5103536188228304,
    "CbGeAlD": 0.030809345761156896,
    "CbGpPWpGaD": 0.26409042920454007,
    "CcSEcCtD": 0.19474660621147263
  },
  "n_trials": 0.0,
  "prediction": 0.00145287356471294,
  "status": 0
}