{
  "compound_id": "DB00384",
  "compound_name": "Triamterene",
  "compound_percentile": 0.294117647058824,
  "disease_id": "DOID:4989",
  "disease_name": "pancreatitis",
  "disease_percentile": 0.44408322496749,
  "metapath_contribution": {
    "CbGeAlD": 0.7213510964627109,
    "CbGpPWpGaD": 0.13751036954176607,
    "CcSEcCtD": 0.14113853399552312
  },
  "n_trials": 0.0,
  "prediction": 0.0013640430437628199,
  "status": 0,
  "training_prediction": 0.0010059685235387801
}