{
  "compound_id": "DB04573",
  "compound_name": "Estriol",
  "compound_percentile": 0.875,
  "disease_id": "DOID:2394",
  "disease_name": "ovarian cancer",
  "disease_percentile": 0.864109232769831,
  "metapath_contribution": {
    "CbGaD": 0.49113076959809804,
    "CbGbCtD": 0.29032968395496567,
    "CbGeAlD": 0.06374600310580217,
    "CbGpPWpGaD": 0.052958198029736135,
    "CcSEcCtD": 0.09739322891986595,
    "CrCbGaD": 0.00444211639153202
  },
  "n_trials": 0.0,
  "prediction": 0.0026215217254448604,
  "status": 0
}