{
  "compound_id": "DB00158",
  "compound_name": "Folic Acid",
  "compound_percentile": 0.713235294117647,
  "disease_id": "DOID:9206",
  "disease_name": "Barrett's esophagus",
  "disease_percentile": 0.779583875162549,
  "metapath_contribution": {
    "CbGbCtD": 0.7665844572172863,
    "CbGeAlD": 0.011871868326683077,
    "CbGpPWpGaD": 0.04853849840049928,
    "CcSEcCtD": 0.17300517605553137
  },
  "n_trials": 0.0,
  "prediction": 0.00242272710153751,
  "status": 0
}