{
  "compound_id": "DB00467",
  "compound_name": "Enoxacin",
  "compound_percentile": 0.992647058823529,
  "disease_id": "DOID:1612",
  "disease_name": "breast cancer",
  "disease_percentile": 0.559817945383615,
  "metapath_contribution": {
    "CbGaD": 0.419806210453645,
    "CbGbCtD": 0.5130878995521387,
    "CbGdCrCtD": 0.003942466126538142,
    "CbGpPWpGaD": 0.058925682001634755,
    "CrCbGaD": 0.004237741866043505
  },
  "n_trials": 0.0,
  "prediction": 0.0026763626376407,
  "status": 0
}