{
  "compound_id": "DB00939",
  "compound_name": "Meclofenamic acid",
  "compound_percentile": 0.0294117647058824,
  "disease_id": "DOID:5419",
  "disease_name": "schizophrenia",
  "disease_percentile": 0.19635890767230202,
  "metapath_contribution": {
    "CbGeAlD": 0.3454485113026927,
    "CbGpPWpGaD": 0.6330143347759032,
    "CrCbGaD": 0.02153715392140411
  },
  "n_trials": 0.0,
  "prediction": 0.0009595772683807869,
  "status": 0
}