{
  "compound_id": "DB00370",
  "compound_name": "Mirtazapine",
  "compound_percentile": 0.9852941176470591,
  "disease_id": "DOID:10763",
  "disease_name": "hypertension",
  "disease_percentile": 0.849154746423927,
  "metapath_contribution": {
    "CbGaD": 0.35447935837921496,
    "CbGbCtD": 0.3870943870431477,
    "CbGdCrCtD": 0.0005447220253344143,
    "CbGeAlD": 0.0386831856925503,
    "CbGpPWpGaD": 0.0866376896528415,
    "CcSEcCtD": 0.13102645326990156,
    "CrCbGaD": 0.0015342039370095188
  },
  "n_trials": 0.0,
  "prediction": 0.0129152439862199,
  "status": 0
}