{
  "compound_id": "DB00187",
  "compound_name": "Esmolol",
  "compound_percentile": 0.801470588235294,
  "disease_id": "DOID:2394",
  "disease_name": "ovarian cancer",
  "disease_percentile": 0.37581274382314706,
  "metapath_contribution": {
    "CcSEcCtD": 0.2413770775980253,
    "CrCbGaD": 0.0028484293108273426,
    "CrCrCtD": 0.7557744930911474
  },
  "n_trials": 0.0,
  "prediction": 0.00123586660165031,
  "status": 0,
  "training_prediction": 0.00294644068076478
}