{
  "compound_id": "DB00741",
  "compound_name": "Hydrocortisone",
  "compound_percentile": 0.294117647058824,
  "disease_id": "DOID:4045",
  "disease_name": "muscle cancer",
  "disease_percentile": 0.0143042912873862,
  "metapath_contribution": {
    "CbGbCtD": 0.7911499225381835,
    "CbGeAlD": 0.035451100695161754,
    "CcSEcCtD": 0.17279396677058576,
    "CrCbGaD": 0.0006050099960690394
  },
  "n_trials": 0.0,
  "prediction": 0.000538180430960799,
  "status": 0,
  "training_prediction": 0.00444568004339073
}