{
  "compound_id": "DB01221",
  "compound_name": "Ketamine",
  "compound_percentile": 0.9558823529411771,
  "disease_id": "DOID:3393",
  "disease_name": "coronary artery disease",
  "disease_percentile": 0.873211963589077,
  "metapath_contribution": {
    "CbGaD": 0.2938462953525448,
    "CbGbCtD": 0.47495001074010423,
    "CbGeAlD": 0.01885600878922452,
    "CbGpPWpGaD": 0.12155776666805367,
    "CcSEcCtD": 0.09078991845007289
  },
  "n_trials": 1.0,
  "prediction": 0.00651589546510958,
  "status": 0
}