{
  "compound_id": "DB08828",
  "compound_name": "Vismodegib",
  "compound_percentile": 0.669117647058823,
  "disease_id": "DOID:4989",
  "disease_name": "pancreatitis",
  "disease_percentile": 0.7678803641092329,
  "metapath_contribution": {
    "CbGaD": 0.8848796577681162,
    "CbGeAlD": 0.017992145684726808,
    "CbGpPWpGaD": 0.08603428380456049,
    "CcSEcCtD": 0.0063017899415835485,
    "CrCbGaD": 0.004792122801013027
  },
  "n_trials": 0.0,
  "prediction": 0.00207838988621848,
  "status": 0,
  "training_prediction": 0.0015330802763607301
}