{
  "compound_id": "DB00938",
  "compound_name": "Salmeterol",
  "compound_percentile": 0.007352941176470591,
  "disease_id": "DOID:5041",
  "disease_name": "esophageal cancer",
  "disease_percentile": 0.159297789336801,
  "metapath_contribution": {
    "CbGpPWpGaD": 0.3711737775256338,
    "CcSEcCtD": 0.6288262224743661
  },
  "n_trials": 0.0,
  "prediction": 0.000850222150227704,
  "status": 0,
  "training_prediction": 0.00103213621669308
}