{
  "compound_id": "DB01104",
  "compound_name": "Sertraline",
  "compound_percentile": 0.683823529411765,
  "disease_id": "DOID:219",
  "disease_name": "colon cancer",
  "disease_percentile": 0.830949284785436,
  "metapath_contribution": {
    "CbGaD": 0.469436640907109,
    "CbGbCtD": 0.2914047199301581,
    "CbGeAlD": 0.011656153460912219,
    "CcSEcCtD": 0.2272021868069058,
    "CrCbGaD": 0.0003002988949148451
  },
  "n_trials": 0.0,
  "prediction": 0.00251554019914071,
  "status": 0
}