{
  "compound_id": "DB01204",
  "compound_name": "Mitoxantrone",
  "compound_percentile": 1.0,
  "disease_id": "DOID:1324",
  "disease_name": "lung cancer",
  "disease_percentile": 0.9902470741222371,
  "metapath_contribution": {
    "CbGaD": 0.11942458300932549,
    "CbGbCtD": 0.16901748083678156,
    "CbGdCrCtD": 0.0010477777658505034,
    "CbGeAlD": 0.007924473071062426,
    "CbGpPWpGaD": 0.029281515673779627,
    "CcSEcCtD": 0.050275609570133134,
    "CiPCiCtD": 0.45003869701483235,
    "CtDrD": 0.17298986305823505
  },
  "n_trials": 0.0,
  "prediction": 0.0686529612186123,
  "status": 0,
  "training_prediction": 0.5013428796775891
}