{
  "compound_id": "DB00308",
  "compound_name": "Ibutilide",
  "compound_percentile": 0.7647058823529409,
  "disease_id": "DOID:1781",
  "disease_name": "thyroid cancer",
  "disease_percentile": 0.635240572171652,
  "metapath_contribution": {
    "CbGeAlD": 0.45584441157396416,
    "CbGpPWpGaD": 0.24788555789681538,
    "CcSEcCtD": 0.29627003052922063
  },
  "n_trials": 0.0,
  "prediction": 0.0018158694241926,
  "status": 0
}