{
  "compound_id": "DB00818",
  "compound_name": "Propofol",
  "compound_percentile": 0.448529411764706,
  "disease_id": "DOID:8778",
  "disease_name": "Crohn's disease",
  "disease_percentile": 0.773081924577373,
  "metapath_contribution": {
    "CbGaD": 0.7186074241212759,
    "CbGeAlD": 0.07234046764485653,
    "CcSEcCtD": 0.20292668858920435,
    "CrCbGaD": 0.006125419644663292
  },
  "n_trials": 0.0,
  "prediction": 0.0022702358328183397,
  "status": 0,
  "training_prediction": 0.0037011722178726296
}