{
  "compound_id": "DB00770",
  "compound_name": "Alprostadil",
  "compound_percentile": 0.242647058823529,
  "disease_id": "DOID:363",
  "disease_name": "uterine cancer",
  "disease_percentile": 0.0910273081924577,
  "metapath_contribution": {
    "CbGeAlD": 0.34999473268323344,
    "CbGpPWpGaD": 0.07348566475677333,
    "CcSEcCtD": 0.5515397492976049,
    "CrCbGaD": 0.024979853262388368
  },
  "n_trials": 0.0,
  "prediction": 0.000892631800034791,
  "status": 0
}