{
  "compound_id": "DB01037",
  "compound_name": "Selegiline",
  "compound_percentile": 0.514705882352941,
  "disease_id": "DOID:3312",
  "disease_name": "bipolar disorder",
  "disease_percentile": 0.5858257477243171,
  "metapath_contribution": {
    "CbGaD": 0.8097519121517476,
    "CbGeAlD": 0.08650951782998478,
    "CbGpPWpGaD": 0.0943270967922531,
    "CrCbGaD": 0.009411473226014627
  },
  "n_trials": 0.0,
  "prediction": 0.00157048928622795,
  "status": 0
}