{
  "compound_id": "DB00876",
  "compound_name": "Eprosartan",
  "compound_percentile": 0.411764705882353,
  "disease_id": "DOID:4362",
  "disease_name": "cervical cancer",
  "disease_percentile": 0.659297789336801,
  "metapath_contribution": {
    "CbGeAlD": 0.17404950255948123,
    "CcSEcCtD": 0.8259504974405187
  },
  "n_trials": 0.0,
  "prediction": 0.0016644777294787401,
  "status": 0,
  "training_prediction": 0.000750474263103488
}