{
  "compound_id": "DB05521",
  "compound_name": "Telaprevir",
  "compound_percentile": 0.44117647058823495,
  "disease_id": "DOID:363",
  "disease_name": "uterine cancer",
  "disease_percentile": 0.456436931079324,
  "metapath_contribution": {
    "CbGbCtD": 0.434403798271162,
    "CbGeAlD": 0.23296309379261254,
    "CbGpPWpGaD": 0.07087140282237676,
    "CcSEcCtD": 0.2617617051138487
  },
  "n_trials": 0.0,
  "prediction": 0.0015686088825003302,
  "status": 0
}