{
  "compound_id": "DB00818",
  "compound_name": "Propofol",
  "compound_percentile": 0.617647058823529,
  "disease_id": "DOID:1459",
  "disease_name": "hypothyroidism",
  "disease_percentile": 0.9343302990897271,
  "metapath_contribution": {
    "CbGbCtD": 0.6045908818256105,
    "CbGeAlD": 0.14367106834937635,
    "CcSEcCtD": 0.25173804982501324
  },
  "n_trials": 0.0,
  "prediction": 0.00318822701222793,
  "status": 0,
  "training_prediction": 0.0038684452690968102
}