{
  "compound_id": "DB00153",
  "compound_name": "Ergocalciferol",
  "compound_percentile": 0.639705882352941,
  "disease_id": "DOID:3310",
  "disease_name": "atopic dermatitis",
  "disease_percentile": 0.11833550065019502,
  "metapath_contribution": {
    "CbGbCtD": 0.7340350327369405,
    "CbGeAlD": 0.008574402716907976,
    "CcSEcCtD": 0.2573905645461515
  },
  "n_trials": 0.0,
  "prediction": 0.00125649946882694,
  "status": 0,
  "training_prediction": 0.0071513924085062205
}