{
  "compound_id": "DB09002",
  "compound_name": "Cloperastine",
  "compound_percentile": 0.992647058823529,
  "disease_id": "DOID:11476",
  "disease_name": "osteoporosis",
  "disease_percentile": 0.908972691807542,
  "metapath_contribution": {
    "CrCbGaD": 0.0019451720245831047,
    "CrCrCtD": 0.33428432440827144,
    "CrCtD": 0.6637705035671455
  },
  "n_trials": 0.0,
  "prediction": 0.004118606508865421,
  "status": 0
}