{
  "compound_id": "DB00937",
  "compound_name": "Diethylpropion",
  "compound_percentile": 0.3970588235294121,
  "disease_id": "DOID:9744",
  "disease_name": "type 1 diabetes mellitus",
  "disease_percentile": 0.17685305591677497,
  "metapath_contribution": {
    "CbGpPWpGaD": 0.26837565267865,
    "CcSEcCtD": 0.6465774560010182,
    "CrCbGaD": 0.08504689132033173
  },
  "n_trials": 0.0,
  "prediction": 0.0009427714289091721,
  "status": 0,
  "training_prediction": 0.000424905018752479
}