{
  "compound_id": "DB00623",
  "compound_name": "Fluphenazine",
  "compound_percentile": 0.125,
  "disease_id": "DOID:8778",
  "disease_name": "Crohn's disease",
  "disease_percentile": 0.0136540962288687,
  "metapath_contribution": {
    "CbGeAlD": 0.19470207833937686,
    "CbGpPWpGaD": 0.5559459551150526,
    "CcSEcCtD": 0.24935196654557049
  },
  "n_trials": 0.0,
  "prediction": 0.000654505460413686,
  "status": 0
}