{
  "compound_id": "DB00396",
  "compound_name": "Progesterone",
  "compound_percentile": 0.654411764705882,
  "disease_id": "DOID:11612",
  "disease_name": "polycystic ovary syndrome",
  "disease_percentile": 0.761378413524057,
  "metapath_contribution": {
    "CbGaD": 0.5826923985837847,
    "CbGbCtD": 0.21515988631308924,
    "CbGeAlD": 0.06684351642103467,
    "CbGpPWpGaD": 0.09747492451244273,
    "CcSEcCtD": 0.031053601336848237,
    "CrCbGaD": 0.006775672832800378
  },
  "n_trials": 11.0,
  "prediction": 0.00200608608736598,
  "status": 0,
  "training_prediction": 0.000904667504919224
}