{
  "compound_id": "DB06288",
  "compound_name": "Amisulpride",
  "compound_percentile": 0.9191176470588229,
  "disease_id": "DOID:0050742",
  "disease_name": "nicotine dependence",
  "disease_percentile": 0.951235370611183,
  "metapath_contribution": {
    "CbGaD": 0.817756501893134,
    "CbGpPWpGaD": 0.0819465416731843,
    "CcSEcCtD": 0.09151700562030211,
    "CrCbGaD": 0.00877995081337963
  },
  "n_trials": 0.0,
  "prediction": 0.00320265295987651,
  "status": 0
}