{
  "compound_id": "DB01198",
  "compound_name": "Zopiclone",
  "compound_percentile": 0.786764705882353,
  "disease_id": "DOID:363",
  "disease_name": "uterine cancer",
  "disease_percentile": 0.8107932379713909,
  "metapath_contribution": {
    "CbGbCtD": 0.6068431407828206,
    "CbGeAlD": 0.050043892314942016,
    "CcSEcCtD": 0.34311296690223736
  },
  "n_trials": 0.0,
  "prediction": 0.00265939551442837,
  "status": 0
}