{
  "compound_id": "DB00204",
  "compound_name": "Dofetilide",
  "compound_percentile": 0.654411764705882,
  "disease_id": "DOID:1319",
  "disease_name": "brain cancer",
  "disease_percentile": 0.560468140442133,
  "metapath_contribution": {
    "CbGbCtD": 0.6222847977702437,
    "CbGeAlD": 0.15124631330355,
    "CcSEcCtD": 0.21356190620147608,
    "CrCbGaD": 0.012906982724730315
  },
  "n_trials": 0.0,
  "prediction": 0.00170631242989573,
  "status": 0
}