{
  "compound_id": "DB04794",
  "compound_name": "Bifonazole",
  "compound_percentile": 0.669117647058823,
  "disease_id": "DOID:14330",
  "disease_name": "Parkinson's disease",
  "disease_percentile": 0.533159947984395,
  "metapath_contribution": {
    "CbGaD": 0.8745980026834338,
    "CbGpPWpGaD": 0.11966205394606572,
    "CrCbGaD": 0.005739943370500474
  },
  "n_trials": 0.0,
  "prediction": 0.00146332899380552,
  "status": 0
}