{
  "compound_id": "DB08868",
  "compound_name": "Fingolimod",
  "compound_percentile": 0.838235294117647,
  "disease_id": "DOID:14330",
  "disease_name": "Parkinson's disease",
  "disease_percentile": 0.9557867360208059,
  "metapath_contribution": {
    "CbGaD": 0.6879477709557015,
    "CbGeAlD": 0.10214525126956135,
    "CbGpPWpGaD": 0.2099069777747372
  },
  "n_trials": 0.0,
  "prediction": 0.0033512084877396,
  "status": 0
}