{
  "compound_id": "DB00434",
  "compound_name": "Cyproheptadine",
  "compound_percentile": 0.529411764705882,
  "disease_id": "DOID:1192",
  "disease_name": "peripheral nervous system neoplasm",
  "disease_percentile": 0.19830949284785399,
  "metapath_contribution": {
    "CbGeAlD": 0.15779870114490685,
    "CbGpPWpGaD": 0.09020444888790177,
    "CcSEcCtD": 0.7371263930628222,
    "CrCbGaD": 0.01487045690436923
  },
  "n_trials": 0.0,
  "prediction": 0.00106385248217073,
  "status": 0,
  "training_prediction": 0.0029139961656904
}