{
  "compound_id": "DB01190",
  "compound_name": "Clindamycin",
  "compound_percentile": 0.7352941176470591,
  "disease_id": "DOID:7148",
  "disease_name": "rheumatoid arthritis",
  "disease_percentile": 0.64889466840052,
  "metapath_contribution": {
    "CbGbCtD": 0.6158822904270975,
    "CcSEcCtD": 0.3841177095729025
  },
  "n_trials": 0.0,
  "prediction": 0.0021951619143726103,
  "status": 0,
  "training_prediction": 0.00712359673622257
}