{
  "compound_id": "DB05039",
  "compound_name": "Indacaterol",
  "compound_percentile": 0.49264705882352894,
  "disease_id": "DOID:2994",
  "disease_name": "germ cell cancer",
  "disease_percentile": 0.390767230169051,
  "metapath_contribution": {
    "CbGbCtD": 0.8728364957678402,
    "CcSEcCtD": 0.12716350423215975
  },
  "n_trials": 0.0,
  "prediction": 0.0014025510734272401,
  "status": 0,
  "training_prediction": 0.0025625735805801
}