{
  "compound_id": "DB01148",
  "compound_name": "Flavoxate",
  "compound_percentile": 0.5,
  "disease_id": "DOID:10283",
  "disease_name": "prostate cancer",
  "disease_percentile": 0.108582574772432,
  "metapath_contribution": {
    "CbGaD": 0.6503407477667922,
    "CbGeAlD": 0.06771403265580686,
    "CbGpPWpGaD": 0.1681610748188806,
    "CcSEcCtD": 0.10768063592944717,
    "CrCbGaD": 0.006103508829073204
  },
  "n_trials": 0.0,
  "prediction": 0.000921747141245171,
  "status": 0
}