{
  "compound_id": "DB00716",
  "compound_name": "Nedocromil",
  "compound_percentile": 0.6764705882352939,
  "disease_id": "DOID:8893",
  "disease_name": "psoriasis",
  "disease_percentile": 0.654096228868661,
  "metapath_contribution": {
    "CbGdCrCtD": 0.022688693825399366,
    "CbGpPWpGaD": 0.3440555687455669,
    "CcSEcCtD": 0.6332557374290336
  },
  "n_trials": 0.0,
  "prediction": 0.00230776078563381,
  "status": 0,
  "training_prediction": 0.00975279527772738
}