{
  "compound_id": "DB00207",
  "compound_name": "Azithromycin",
  "compound_percentile": 0.639705882352941,
  "disease_id": "DOID:3393",
  "disease_name": "coronary artery disease",
  "disease_percentile": 0.24837451235370603,
  "metapath_contribution": {
    "CbGbCtD": 0.6632851740941644,
    "CbGpPWpGaD": 0.04978054700861211,
    "CcSEcCtD": 0.28651749381055913,
    "CrCbGaD": 0.00041678508666418497
  },
  "n_trials": 0.0,
  "prediction": 0.0014191781497903,
  "status": 0
}