{
  "compound_id": "DB00622",
  "compound_name": "Nicardipine",
  "compound_percentile": 0.838235294117647,
  "disease_id": "DOID:3312",
  "disease_name": "bipolar disorder",
  "disease_percentile": 0.7652795838751629,
  "metapath_contribution": {
    "CbGaD": 0.7565191477678391,
    "CbGeAlD": 0.0670434306576636,
    "CbGpPWpGaD": 0.16780705288986883,
    "CrCbGaD": 0.00863036868462852
  },
  "n_trials": 0.0,
  "prediction": 0.00198743619396048,
  "status": 0
}