{
  "compound_id": "DB00153",
  "compound_name": "Ergocalciferol",
  "compound_percentile": 0.654411764705882,
  "disease_id": "DOID:784",
  "disease_name": "chronic kidney failure",
  "disease_percentile": 0.343953185955787,
  "metapath_contribution": {
    "CbGaD": 0.5424813157788815,
    "CbGeAlD": 0.11936336830075443,
    "CbGpPWpGaD": 0.33182763250994485,
    "CrCbGaD": 0.006327683410419243
  },
  "n_trials": 0.0,
  "prediction": 0.0012614200446056099,
  "status": 0
}