{
  "compound_id": "DB01567",
  "compound_name": "Fludiazepam",
  "compound_percentile": 0.963235294117647,
  "disease_id": "DOID:5419",
  "disease_name": "schizophrenia",
  "disease_percentile": 0.6755526657997399,
  "metapath_contribution": {
    "CbGaD": 0.6737013208490193,
    "CbGeAlD": 0.08592718020323709,
    "CbGpPWpGaD": 0.22916791502595896,
    "CrCbGaD": 0.011203583921784563
  },
  "n_trials": 0.0,
  "prediction": 0.00198901501199355,
  "status": 0
}