{
  "compound_id": "DB00744",
  "compound_name": "Zileuton",
  "compound_percentile": 0.544117647058823,
  "disease_id": "DOID:2043",
  "disease_name": "hepatitis B",
  "disease_percentile": 0.49349804941482395,
  "metapath_contribution": {
    "CbGeAlD": 0.09989446767814258,
    "CbGpPWpGaD": 0.2703153589089645,
    "CcSEcCtD": 0.6297901734128928
  },
  "n_trials": 0.0,
  "prediction": 0.00154728132426135,
  "status": 0,
  "training_prediction": 0.0018780582723846699
}