{
  "compound_id": "DB00765",
  "compound_name": "Metyrosine",
  "compound_percentile": 0.272058823529412,
  "disease_id": "DOID:5041",
  "disease_name": "esophageal cancer",
  "disease_percentile": 0.33615084525357597,
  "metapath_contribution": {
    "CbGeAlD": 0.439507010066549,
    "CbGpPWpGaD": 0.46309435729607923,
    "CcSEcCtD": 0.05699911253203427,
    "CrCbGaD": 0.040399520105337476
  },
  "n_trials": 0.0,
  "prediction": 0.0011214433750507801,
  "status": 0
}