{
  "compound_id": "DB00527",
  "compound_name": "Cinchocaine",
  "compound_percentile": 0.904411764705882,
  "disease_id": "DOID:1686",
  "disease_name": "glaucoma",
  "disease_percentile": 0.251625487646294,
  "metapath_contribution": {
    "CbGbCtD": 0.8975072884743865,
    "CbGpPWpGaD": 0.10170576024559644,
    "CrCbGaD": 0.0007869512800170403
  },
  "n_trials": 0.0,
  "prediction": 0.00130798792218013,
  "status": 0
}