{
  "compound_id": "DB01013",
  "compound_name": "Clobetasol propionate",
  "compound_percentile": 0.213235294117647,
  "disease_id": "DOID:11054",
  "disease_name": "urinary bladder cancer",
  "disease_percentile": 0.0546163849154746,
  "metapath_contribution": {
    "CbGeAlD": 0.10538035327567753,
    "CbGpPWpGaD": 0.36578011864735044,
    "CcSEcCtD": 0.5277014284402055,
    "CrCbGaD": 0.0011380996367664966
  },
  "n_trials": 0.0,
  "prediction": 0.0006800999264402769,
  "status": 0,
  "training_prediction": 0.00174531954716251
}