{
  "compound_id": "DB00358",
  "compound_name": "Mefloquine",
  "compound_percentile": 0.566176470588235,
  "disease_id": "DOID:2994",
  "disease_name": "germ cell cancer",
  "disease_percentile": 0.7737321196358911,
  "metapath_contribution": {
    "CbGbCtD": 0.4894784440893802,
    "CbGeAlD": 0.27457213563756544,
    "CbGpPWpGaD": 0.01287002714314667,
    "CcSEcCtD": 0.22307939312990774
  },
  "n_trials": 0.0,
  "prediction": 0.00229655688323848,
  "status": 0
}