{
  "compound_id": "DB00744",
  "compound_name": "Zileuton",
  "compound_percentile": 0.669117647058823,
  "disease_id": "DOID:2994",
  "disease_name": "germ cell cancer",
  "disease_percentile": 0.6170351105331601,
  "metapath_contribution": {
    "CbGbCtD": 0.7402619350639793,
    "CbGeAlD": 0.13419845813310732,
    "CcSEcCtD": 0.1255396068029134
  },
  "n_trials": 0.0,
  "prediction": 0.0018723574090560103,
  "status": 0,
  "training_prediction": 0.00341961691100844
}