{
  "compound_id": "DB00411",
  "compound_name": "Carbachol",
  "compound_percentile": 0.17647058823529396,
  "disease_id": "DOID:4045",
  "disease_name": "muscle cancer",
  "disease_percentile": 0.550065019505852,
  "metapath_contribution": {
    "CbGdCrCtD": 0.09969152319881033,
    "CbGeAlD": 0.22746356634647547,
    "CcSEcCtD": 0.6728449104547142
  },
  "n_trials": 0.0,
  "prediction": 0.00154687993357394,
  "status": 0,
  "training_prediction": 0.00252303590165424
}