{
  "compound_id": "DB01035",
  "compound_name": "Procainamide",
  "compound_percentile": 0.727941176470588,
  "disease_id": "DOID:12849",
  "disease_name": "autistic disorder",
  "disease_percentile": 0.6690507152145639,
  "metapath_contribution": {
    "CbGaD": 0.740314368850941,
    "CbGeAlD": 0.09035544876092375,
    "CbGpPWpGaD": 0.1631661281325321,
    "CrCbGaD": 0.00616405425560318
  },
  "n_trials": 0.0,
  "prediction": 0.00174536127013439,
  "status": 0
}