{
  "compound_id": "DB06777",
  "compound_name": "Chenodeoxycholic acid",
  "compound_percentile": 0.6985294117647061,
  "disease_id": "DOID:3310",
  "disease_name": "atopic dermatitis",
  "disease_percentile": 0.6410923276983089,
  "metapath_contribution": {
    "CbGbCtD": 0.4786249143543821,
    "CcSEcCtD": 0.521375085645618
  },
  "n_trials": 0.0,
  "prediction": 0.00255406297128279,
  "status": 0,
  "training_prediction": 0.00870702983849753
}