{
  "compound_id": "DB05812",
  "compound_name": "Abiraterone",
  "compound_percentile": 0.75,
  "disease_id": "DOID:2043",
  "disease_name": "hepatitis B",
  "disease_percentile": 0.9447334200260079,
  "metapath_contribution": {
    "CbGaD": 0.48193100983914183,
    "CbGbCtD": 0.23121584056603034,
    "CbGeAlD": 0.05772100766677829,
    "CbGpPWpGaD": 0.06191609373392818,
    "CcSEcCtD": 0.16721604819412145
  },
  "n_trials": 0.0,
  "prediction": 0.00376374234658285,
  "status": 0,
  "training_prediction": 0.00456618614329955
}