{
  "compound_id": "DB01133",
  "compound_name": "Tiludronate",
  "compound_percentile": 0.801470588235294,
  "disease_id": "DOID:8893",
  "disease_name": "psoriasis",
  "disease_percentile": 0.7093628088426529,
  "metapath_contribution": {
    "CbGpPWpGaD": 0.5271683531403576,
    "CcSEcCtD": 0.47283164685964246
  },
  "n_trials": 0.0,
  "prediction": 0.00251972334284437,
  "status": 0,
  "training_prediction": 0.0106412738137909
}