{
  "compound_id": "DB00324",
  "compound_name": "Fluorometholone",
  "compound_percentile": 0.9852941176470591,
  "disease_id": "DOID:8893",
  "disease_name": "psoriasis",
  "disease_percentile": 0.9830949284785441,
  "metapath_contribution": {
    "CbGbCtD": 0.1793432525980935,
    "CcSEcCtD": 0.0350472064962524,
    "CiPCiCtD": 0.3304287451372812,
    "CrCrCtD": 0.18927095904714236,
    "CrCtD": 0.26590983672123053
  },
  "n_trials": 0.0,
  "prediction": 0.0774888753254376,
  "status": 0
}