{
  "compound_id": "DB01076",
  "compound_name": "Atorvastatin",
  "compound_percentile": 0.779411764705882,
  "disease_id": "DOID:219",
  "disease_name": "colon cancer",
  "disease_percentile": 0.624837451235371,
  "metapath_contribution": {
    "CbGaD": 0.2067616539893661,
    "CbGbCtD": 0.6663390976744579,
    "CbGeAlD": 0.061132137113406114,
    "CbGpPWpGaD": 0.06547593611822403,
    "CrCbGaD": 0.0002911751045459065
  },
  "n_trials": 0.0,
  "prediction": 0.0018878760595372102,
  "status": 0,
  "training_prediction": 0.00448429101436618
}