{
  "category": "DM",
  "compound_id": "DB01275",
  "compound_name": "Hydralazine",
  "compound_percentile": 1.0,
  "disease_id": "DOID:10763",
  "disease_name": "hypertension",
  "disease_percentile": 0.905071521456437,
  "metapath_contribution": {
    "CbGbCtD": 0.09432047063547062,
    "CbGeAlD": 0.0440868026870103,
    "CbGpPWpGaD": 0.053933724991150137,
    "CcSEcCtD": 0.10486436317762536,
    "CiPCiCtD": 0.7027946385087436
  },
  "prediction": 0.0240450699944089,
  "status": 1,
  "training_prediction": 0.22762493737938003
}