{
  "compound_id": "DB08871",
  "compound_name": "Eribulin",
  "compound_percentile": 0.897058823529412,
  "disease_id": "DOID:4045",
  "disease_name": "muscle cancer",
  "disease_percentile": 0.9551365409622892,
  "metapath_contribution": {
    "CbGbCtD": 0.9515354498109292,
    "CbGeAlD": 0.048464550189070796
  },
  "n_trials": 0.0,
  "prediction": 0.00435735149848739,
  "status": 0,
  "training_prediction": 0.0070944489921356095
}