{
  "compound_id": "DB00456",
  "compound_name": "Cefalotin",
  "compound_percentile": 0.9852941176470591,
  "disease_id": "DOID:635",
  "disease_name": "acquired immunodeficiency syndrome",
  "disease_percentile": 0.6131339401820551,
  "metapath_contribution": {
    "CbGaD": 0.33964671059602,
    "CbGbCtD": 0.6128496438992039,
    "CbGeAlD": 0.04657784714466477,
    "CrCbGaD": 0.000925798360111279
  },
  "n_trials": 0.0,
  "prediction": 0.00289861121095233,
  "status": 0
}