{
  "compound_id": "DB01186",
  "compound_name": "Pergolide",
  "compound_percentile": 0.7058823529411771,
  "disease_id": "DOID:784",
  "disease_name": "chronic kidney failure",
  "disease_percentile": 0.536410923276983,
  "metapath_contribution": {
    "CbGaD": 0.7611435000189855,
    "CbGeAlD": 0.07703769174254717,
    "CbGpPWpGaD": 0.15384792103625505,
    "CrCbGaD": 0.007970887202212257
  },
  "n_trials": 0.0,
  "prediction": 0.0016351587344059,
  "status": 0
}