{
  "compound_id": "DB01022",
  "compound_name": "Phylloquinone",
  "compound_percentile": 0.264705882352941,
  "disease_id": "DOID:2355",
  "disease_name": "anemia",
  "disease_percentile": 0.624187256176853,
  "metapath_contribution": {
    "CbGeAlD": 0.637898253262705,
    "CbGpPWpGaD": 0.3161662714966535,
    "CrCbGaD": 0.04593547524064147
  },
  "n_trials": 0.0,
  "prediction": 0.00143643936653157,
  "status": 0
}