{
  "compound_id": "DB08815",
  "compound_name": "Lurasidone",
  "compound_percentile": 0.5220588235294121,
  "disease_id": "DOID:11612",
  "disease_name": "polycystic ovary syndrome",
  "disease_percentile": 0.847854356306892,
  "metapath_contribution": {
    "CbGeAlD": 0.07271476736523452,
    "CbGpPWpGaD": 0.7407125173930511,
    "CcSEcCtD": 0.16059521516471986,
    "CrCbGaD": 0.025977500076994477
  },
  "n_trials": 0.0,
  "prediction": 0.00229763816202602,
  "status": 0
}