{
  "compound_id": "DB00931",
  "compound_name": "Methacycline",
  "compound_percentile": 0.897058823529412,
  "disease_id": "DOID:8778",
  "disease_name": "Crohn's disease",
  "disease_percentile": 0.820546163849155,
  "metapath_contribution": {
    "CbGaD": 0.8982851543002035,
    "CbGbCtD": 0.09802988555248164,
    "CrCbGaD": 0.003684960147314732
  },
  "n_trials": 0.0,
  "prediction": 0.00244899592688587,
  "status": 0
}