{
  "compound_id": "DB01170",
  "compound_name": "Guanethidine",
  "compound_percentile": 0.948529411764706,
  "disease_id": "DOID:10283",
  "disease_name": "prostate cancer",
  "disease_percentile": 0.769180754226268,
  "metapath_contribution": {
    "CbGaD": 0.3875907995847716,
    "CbGbCtD": 0.5673161236421602,
    "CbGpPWpGaD": 0.04509307677306815
  },
  "n_trials": 0.0,
  "prediction": 0.00432248399905262,
  "status": 0,
  "training_prediction": 0.0181489535390688
}