{
  "compound_id": "DB06623",
  "compound_name": "Flupirtine",
  "compound_percentile": 0.9558823529411771,
  "disease_id": "DOID:1826",
  "disease_name": "epilepsy syndrome",
  "disease_percentile": 0.507802340702211,
  "metapath_contribution": {
    "CbGaD": 0.9181910510874655,
    "CbGpPWpGaD": 0.0652847482060128,
    "CrCbGaD": 0.01652420070652171
  },
  "n_trials": 0.0,
  "prediction": 0.00344974310285,
  "status": 0
}