{
  "compound_id": "DB06148",
  "compound_name": "Mianserin",
  "compound_percentile": 0.992647058823529,
  "disease_id": "DOID:1826",
  "disease_name": "epilepsy syndrome",
  "disease_percentile": 0.9278283485045509,
  "metapath_contribution": {
    "CbGaD": 0.16740231497483452,
    "CbGbCtD": 0.13775931697454138,
    "CbGeAlD": 0.032628495763617975,
    "CbGpPWpGaD": 0.055486324941203514,
    "CcSEcCtD": 0.06894921155060744,
    "CrCbGaD": 0.0019895416719310573,
    "CrCrCtD": 0.22019739632026475,
    "CrCtD": 0.31558739780299944
  },
  "n_trials": 0.0,
  "prediction": 0.0251585719220632,
  "status": 0
}