{
  "compound_id": "DB01033",
  "compound_name": "Mercaptopurine",
  "compound_percentile": 0.720588235294118,
  "disease_id": "DOID:2994",
  "disease_name": "germ cell cancer",
  "disease_percentile": 0.9115734720416121,
  "metapath_contribution": {
    "CbGbCtD": 0.6414644870010388,
    "CbGeAlD": 0.1259201978369857,
    "CbGpPWpGaD": 0.04279489689249647,
    "CcSEcCtD": 0.18982041826947912
  },
  "n_trials": 0.0,
  "prediction": 0.00314322276917388,
  "status": 0,
  "training_prediction": 0.012930487112536998
}