{
  "compound_id": "DB00393",
  "compound_name": "Nimodipine",
  "compound_percentile": 0.9558823529411771,
  "disease_id": "DOID:9835",
  "disease_name": "refractive error",
  "disease_percentile": 0.9694408322496751,
  "metapath_contribution": {
    "CbGaD": 0.8784314211842903,
    "CbGpPWpGaD": 0.11440196469955108,
    "CrCbGaD": 0.007166614116158779
  },
  "n_trials": 0.0,
  "prediction": 0.00225126265882588,
  "status": 0
}