{
  "compound_id": "DB00685",
  "compound_name": "Trovafloxacin",
  "compound_percentile": 0.845588235294118,
  "disease_id": "DOID:10534",
  "disease_name": "stomach cancer",
  "disease_percentile": 0.7607282184655401,
  "metapath_contribution": {
    "CbGbCtD": 0.7181259623690524,
    "CbGdCrCtD": 0.007677777387010481,
    "CbGpPWpGaD": 0.002113480195825646,
    "CcSEcCtD": 0.27208278004811154
  },
  "n_trials": 0.0,
  "prediction": 0.00225100207025285,
  "status": 0
}