{
  "compound_id": "DB04946",
  "compound_name": "Iloperidone",
  "compound_percentile": 0.375,
  "disease_id": "DOID:12930",
  "disease_name": "dilated cardiomyopathy",
  "disease_percentile": 0.399219765929779,
  "metapath_contribution": {
    "CbGeAlD": 0.10932711188239623,
    "CbGpPWpGaD": 0.43781408506429115,
    "CcSEcCtD": 0.44667929328983597,
    "CrCbGaD": 0.0061795097634767225
  },
  "n_trials": 0.0,
  "prediction": 0.00143802104529644,
  "status": 0
}