{
  "compound_id": "DB08911",
  "compound_name": "Trametinib",
  "compound_percentile": 0.632352941176471,
  "disease_id": "DOID:3571",
  "disease_name": "liver cancer",
  "disease_percentile": 0.930429128738622,
  "metapath_contribution": {
    "CbGbCtD": 0.05738267310505644,
    "CbGpPWpGaD": 0.5388015664230648,
    "CcSEcCtD": 0.40381576047187884
  },
  "n_trials": 3.0,
  "prediction": 0.00327789943096525,
  "status": 0
}