{
  "compound_id": "DB00228",
  "compound_name": "Enflurane",
  "compound_percentile": 0.455882352941176,
  "disease_id": "DOID:12995",
  "disease_name": "conduct disorder",
  "disease_percentile": 0.654096228868661,
  "metapath_contribution": {
    "CbGeAlD": 0.06752807991558035,
    "CbGpPWpGaD": 0.8040835660180219,
    "CrCbGaD": 0.12838835406639768
  },
  "n_trials": 0.0,
  "prediction": 0.0016617498371579301,
  "status": 0
}