{
  "compound_id": "DB00322",
  "compound_name": "Floxuridine",
  "compound_percentile": 0.639705882352941,
  "disease_id": "DOID:0050742",
  "disease_name": "nicotine dependence",
  "disease_percentile": 0.166449934980494,
  "metapath_contribution": {
    "CbGeAlD": 0.15113132198401522,
    "CcSEcCtD": 0.8488686780159848
  },
  "n_trials": 0.0,
  "prediction": 0.0011431998986317698,
  "status": 0,
  "training_prediction": 0.00051529447649758
}