{
  "compound_id": "DB00334",
  "compound_name": "Olanzapine",
  "compound_percentile": 0.742647058823529,
  "disease_id": "DOID:10534",
  "disease_name": "stomach cancer",
  "disease_percentile": 0.6924577373211961,
  "metapath_contribution": {
    "CbGaD": 0.6121037351547891,
    "CbGbCtD": 0.14880602945717694,
    "CbGeAlD": 0.0913855616969161,
    "CbGpPWpGaD": 0.14403152972948838,
    "CrCbGaD": 0.0036731439616294074
  },
  "n_trials": 0.0,
  "prediction": 0.00205406343721569,
  "status": 0
}