{
  "compound_id": "DB01421",
  "compound_name": "Paromomycin",
  "compound_percentile": 1.0,
  "disease_id": "DOID:9352",
  "disease_name": "type 2 diabetes mellitus",
  "disease_percentile": 0.9206762028608578,
  "metapath_contribution": {
    "CcSEcCtD": 0.02157416379452476,
    "CrCrCtD": 0.3810044707255313,
    "CrCtD": 0.597421365479944
  },
  "n_trials": 0.0,
  "prediction": 0.00968748014443492,
  "status": 0
}