{
  "compound_id": "DB00193",
  "compound_name": "Tramadol",
  "compound_percentile": 0.683823529411765,
  "disease_id": "DOID:2994",
  "disease_name": "germ cell cancer",
  "disease_percentile": 0.695708712613784,
  "metapath_contribution": {
    "CbGbCtD": 0.41373666887705396,
    "CbGeAlD": 0.17320930753263955,
    "CcSEcCtD": 0.41305402359030646
  },
  "n_trials": 0.0,
  "prediction": 0.00207532675127965,
  "status": 0
}