{
  "compound_id": "DB00796",
  "compound_name": "Candesartan",
  "compound_percentile": 0.558823529411765,
  "disease_id": "DOID:2043",
  "disease_name": "hepatitis B",
  "disease_percentile": 0.472691807542263,
  "metapath_contribution": {
    "CbGeAlD": 0.041302450394099695,
    "CbGpPWpGaD": 0.1128325133233308,
    "CcSEcCtD": 0.8161985483196611,
    "CrCbGaD": 0.029666487962908362
  },
  "n_trials": 0.0,
  "prediction": 0.00151018265884588,
  "status": 0,
  "training_prediction": 0.00183304323500835
}