{
  "compound_id": "DB00162",
  "compound_name": "Vitamin A",
  "compound_percentile": 0.0294117647058824,
  "disease_id": "DOID:3393",
  "disease_name": "coronary artery disease",
  "disease_percentile": 0.0299089726918075,
  "metapath_contribution": {
    "CbGeAlD": 0.26412061808309667,
    "CbGpPWpGaD": 0.6403761938595017,
    "CcSEcCtD": 0.07407607857972309,
    "CrCbGaD": 0.021427109477678424
  },
  "n_trials": 0.0,
  "prediction": 0.000599055466788137,
  "status": 0
}