{
  "compound_id": "DB00343",
  "compound_name": "Diltiazem",
  "compound_percentile": 0.786764705882353,
  "disease_id": "DOID:1793",
  "disease_name": "pancreatic cancer",
  "disease_percentile": 0.49349804941482395,
  "metapath_contribution": {
    "CbGbCtD": 0.5335245559269285,
    "CcSEcCtD": 0.15875798060633983,
    "CrCrCtD": 0.3077174634667318
  },
  "n_trials": 0.0,
  "prediction": 0.0017413622011425301,
  "status": 0,
  "training_prediction": 0.0041486910170087
}