{
  "compound_id": "DB00968",
  "compound_name": "Methyldopa",
  "compound_percentile": 0.610294117647059,
  "disease_id": "DOID:9206",
  "disease_name": "Barrett's esophagus",
  "disease_percentile": 0.208062418725618,
  "metapath_contribution": {
    "CcSEcCtD": 0.9727329175978234,
    "CrCbGaD": 0.02726708240217665
  },
  "n_trials": 0.0,
  "prediction": 0.00117537062971401,
  "status": 0,
  "training_prediction": 0.000866781458036397
}