{
  "compound_id": "DB00294",
  "compound_name": "Etonogestrel",
  "compound_percentile": 0.169117647058824,
  "disease_id": "DOID:2994",
  "disease_name": "germ cell cancer",
  "disease_percentile": 0.0442132639791938,
  "metapath_contribution": {
    "CbGeAlD": 0.3312152574464388,
    "CbGpPWpGaD": 0.03273050901312846,
    "CcSEcCtD": 0.6360542335404327
  },
  "n_trials": 0.0,
  "prediction": 0.000724602957306474,
  "status": 0
}