{
  "compound_id": "DB06729",
  "compound_name": "Sulfaphenazole",
  "compound_percentile": 0.838235294117647,
  "disease_id": "DOID:10763",
  "disease_name": "hypertension",
  "disease_percentile": 0.17945383615084498,
  "metapath_contribution": {
    "CbGbCtD": 0.865122043391903,
    "CbGpPWpGaD": 0.12778387845256808,
    "CrCbGaD": 0.007094078155528782
  },
  "n_trials": 0.0,
  "prediction": 0.00175848582810462,
  "status": 0
}