{
  "compound_id": "DB01118",
  "compound_name": "Amiodarone",
  "compound_percentile": 0.625,
  "disease_id": "DOID:11476",
  "disease_name": "osteoporosis",
  "disease_percentile": 0.35500650195058503,
  "metapath_contribution": {
    "CbGbCtD": 0.7260421303542222,
    "CbGdCrCtD": 0.0016239361650125183,
    "CbGpPWpGaD": 0.07699022284632126,
    "CcSEcCtD": 0.1953437106344441
  },
  "n_trials": 0.0,
  "prediction": 0.00154012816616168,
  "status": 0
}