{
  "compound_id": "DB01621",
  "compound_name": "Pipotiazine",
  "compound_percentile": 0.49264705882352894,
  "disease_id": "DOID:9744",
  "disease_name": "type 1 diabetes mellitus",
  "disease_percentile": 0.213263979193758,
  "metapath_contribution": {
    "CbGaD": 0.8356386412778525,
    "CbGeAlD": 0.015364655647947457,
    "CbGpPWpGaD": 0.1335893622818765,
    "CrCbGaD": 0.015407340792323648
  },
  "n_trials": 0.0,
  "prediction": 0.000996979517830167,
  "status": 0
}