{
  "compound_id": "DB00166",
  "compound_name": "Lipoic Acid",
  "compound_percentile": 1.0,
  "disease_id": "DOID:11054",
  "disease_name": "urinary bladder cancer",
  "disease_percentile": 0.9570871261378409,
  "metapath_contribution": {
    "CbGaD": 0.5012272543838946,
    "CbGbCtD": 0.4365201951364199,
    "CbGdCrCtD": 0.001737830202679224,
    "CbGeAlD": 0.04925639150718726,
    "CbGpPWpGaD": 0.011258328769819147
  },
  "n_trials": 0.0,
  "prediction": 0.006521987235941529,
  "status": 0
}