{
  "compound_id": "DB00600",
  "compound_name": "Monobenzone",
  "compound_percentile": 0.897058823529412,
  "disease_id": "DOID:2841",
  "disease_name": "asthma",
  "disease_percentile": 0.12808842652795802,
  "metapath_contribution": {
    "CbGpPWpGaD": 0.011917697265728852,
    "CrCbGaD": 0.005282133796294472,
    "CrCrCtD": 0.9828001689379766
  },
  "n_trials": 0.0,
  "prediction": 0.00125751046755152,
  "status": 0
}