{
  "compound_id": "DB01160",
  "compound_name": "Dinoprost Tromethamine",
  "compound_percentile": 0.11764705882352902,
  "disease_id": "DOID:2174",
  "disease_name": "ocular cancer",
  "disease_percentile": 0.581924577373212,
  "metapath_contribution": {
    "CbGeAlD": 0.5875666789249449,
    "CbGpPWpGaD": 0.297836420931074,
    "CcSEcCtD": 0.11459690014398118
  },
  "n_trials": 0.0,
  "prediction": 0.00126032938905548,
  "status": 0
}