{
  "compound_id": "DB00617",
  "compound_name": "Paramethadione",
  "compound_percentile": 0.713235294117647,
  "disease_id": "DOID:363",
  "disease_name": "uterine cancer",
  "disease_percentile": 0.70221066319896,
  "metapath_contribution": {
    "CbGbCtD": 0.9619759236999417,
    "CbGeAlD": 0.011149403460668691,
    "CbGpPWpGaD": 0.02687467283938958
  },
  "n_trials": 0.0,
  "prediction": 0.00224329260649065,
  "status": 0
}