{
  "compound_id": "DB01206",
  "compound_name": "Lomustine",
  "compound_percentile": 0.6764705882352939,
  "disease_id": "DOID:9970",
  "disease_name": "obesity",
  "disease_percentile": 0.391417425227568,
  "metapath_contribution": {
    "CbGbCtD": 0.8548901001933689,
    "CbGpPWpGaD": 0.005909516349094637,
    "CcSEcCtD": 0.13920038345753652
  },
  "n_trials": 0.0,
  "prediction": 0.00203558249651792,
  "status": 0,
  "training_prediction": 0.008664201647994729
}