{
  "compound_id": "DB06616",
  "compound_name": "Bosutinib",
  "compound_percentile": 0.816176470588235,
  "disease_id": "DOID:0050425",
  "disease_name": "restless legs syndrome",
  "disease_percentile": 0.979193758127438,
  "metapath_contribution": {
    "CbGaD": 0.7738256338230539,
    "CbGeAlD": 0.13336285369558482,
    "CbGpPWpGaD": 0.0851868997050843,
    "CrCbGaD": 0.007624612776276958
  },
  "n_trials": 0.0,
  "prediction": 0.00227134187492746,
  "status": 0
}