{
  "compound_id": "DB08877",
  "compound_name": "Ruxolitinib",
  "compound_percentile": 0.375,
  "disease_id": "DOID:3083",
  "disease_name": "chronic obstructive pulmonary disease",
  "disease_percentile": 0.3524057217165151,
  "metapath_contribution": {
    "CbGeAlD": 0.32636828825773717,
    "CbGpPWpGaD": 0.4251146477519739,
    "CcSEcCtD": 0.248517063990289
  },
  "n_trials": 0.0,
  "prediction": 0.0017281935687720699,
  "status": 0,
  "training_prediction": 0.0038073652904328102
}