{
  "compound_id": "DB01234",
  "compound_name": "Dexamethasone",
  "compound_percentile": 0.316176470588235,
  "disease_id": "DOID:0050742",
  "disease_name": "nicotine dependence",
  "disease_percentile": 0.0110533159947984,
  "metapath_contribution": {
    "CbGeAlD": 0.12593931116665957,
    "CbGpPWpGaD": 0.40203428431534105,
    "CcSEcCtD": 0.4720264045179993
  },
  "n_trials": 0.0,
  "prediction": 0.00069004186082029,
  "status": 0,
  "training_prediction": 0.00210818574439225
}