{
  "compound_id": "DB01073",
  "compound_name": "Fludarabine",
  "compound_percentile": 0.0882352941176471,
  "disease_id": "DOID:2174",
  "disease_name": "ocular cancer",
  "disease_percentile": 0.21001300390117,
  "metapath_contribution": {
    "CbGpPWpGaD": 0.9939833266138676,
    "CrCbGaD": 0.006016673386132431
  },
  "n_trials": 0.0,
  "prediction": 0.000786581764705046,
  "status": 0,
  "training_prediction": 0.0009656635595401981
}