{
  "compound_id": "DB00454",
  "compound_name": "Pethidine",
  "compound_percentile": 0.911764705882353,
  "disease_id": "DOID:9352",
  "disease_name": "type 2 diabetes mellitus",
  "disease_percentile": 0.5903771131339399,
  "metapath_contribution": {
    "CbGaD": 0.24133949892326567,
    "CbGbCtD": 0.4933152084084247,
    "CbGeAlD": 0.01890889942479471,
    "CbGpPWpGaD": 0.10612064397010619,
    "CcSEcCtD": 0.1365707601080397,
    "CrCbGaD": 0.00374498916536886
  },
  "n_trials": 0.0,
  "prediction": 0.00293518605269935,
  "status": 0
}