{
  "compound_id": "DB04786",
  "compound_name": "Suramin",
  "compound_percentile": 0.867647058823529,
  "disease_id": "DOID:13189",
  "disease_name": "gout",
  "disease_percentile": 0.8289986996098829,
  "metapath_contribution": {
    "CbGbCtD": 0.8832450682271518,
    "CbGdCrCtD": 0.0030800019679438355,
    "CbGeAlD": 0.07626908458643096,
    "CbGpPWpGaD": 0.037405845218473455
  },
  "n_trials": 0.0,
  "prediction": 0.00426593084856117,
  "status": 0
}