{
  "category": "DM",
  "compound_id": "DB00177",
  "compound_name": "Valsartan",
  "compound_percentile": 0.9852941176470591,
  "disease_id": "DOID:9352",
  "disease_name": "type 2 diabetes mellitus",
  "disease_percentile": 0.9934980494148241,
  "metapath_contribution": {
    "CbGaD": 0.030984612747637235,
    "CbGbCtD": 0.1271869666344639,
    "CbGeAlD": 0.0007138900483076996,
    "CbGpPWpGaD": 0.014119205680473972,
    "CcSEcCtD": 0.031633264560710306,
    "CiPCiCtD": 0.2827984275107109,
    "CrCbGaD": 0.000887781487347674,
    "CrCrCtD": 0.13850974616222866,
    "CrCtD": 0.2158288480010258,
    "CtDrD": 0.15733725716709382
  },
  "prediction": 0.34012092755315804,
  "status": 1,
  "training_prediction": 0.8383949738987919
}