{
  "compound_id": "DB01406",
  "compound_name": "Danazol",
  "compound_percentile": 0.867647058823529,
  "disease_id": "DOID:10763",
  "disease_name": "hypertension",
  "disease_percentile": 0.449934980494148,
  "metapath_contribution": {
    "CbGaD": 0.2973651787234254,
    "CbGbCtD": 0.2004435218178391,
    "CbGdCrCtD": 0.002238725129762537,
    "CbGeAlD": 0.0359650327575023,
    "CbGpPWpGaD": 0.08075495222120849,
    "CcSEcCtD": 0.12139709775719373,
    "CrCbGaD": 0.003324605510664364,
    "CrCrCtD": 0.25851088608240413
  },
  "n_trials": 0.0,
  "prediction": 0.0034132054714437897,
  "status": 0
}