{
  "compound_id": "DB02300",
  "compound_name": "Calcipotriol",
  "compound_percentile": 0.757352941176471,
  "disease_id": "DOID:184",
  "disease_name": "bone cancer",
  "disease_percentile": 0.524707412223667,
  "metapath_contribution": {
    "CbGbCtD": 0.8187828991297744,
    "CbGeAlD": 0.08001143319163129,
    "CbGpPWpGaD": 0.09667844910132864,
    "CrCbGaD": 0.004527218577265567
  },
  "n_trials": 0.0,
  "prediction": 0.0015787986084829,
  "status": 0,
  "training_prediction": 0.0022527670757140398
}