{
  "compound_id": "DB00704",
  "compound_name": "Naltrexone",
  "compound_percentile": 0.49264705882352894,
  "disease_id": "DOID:9970",
  "disease_name": "obesity",
  "disease_percentile": 0.201560468140442,
  "metapath_contribution": {
    "CbGpPWpGaD": 0.3517538842505223,
    "CcSEcCtD": 0.6430258157221203,
    "CrCbGaD": 0.005220300027357456
  },
  "n_trials": 2.0,
  "prediction": 0.0013440757047398699,
  "status": 0,
  "training_prediction": 0.0034456743693302198
}