{
  "compound_id": "DB00768",
  "compound_name": "Olopatadine",
  "compound_percentile": 0.49264705882352894,
  "disease_id": "DOID:12236",
  "disease_name": "primary biliary cirrhosis",
  "disease_percentile": 0.203511053315995,
  "metapath_contribution": {
    "CbGbCtD": 0.2526877600427118,
    "CbGeAlD": 0.09475547939336956,
    "CbGpPWpGaD": 0.24271112242700443,
    "CcSEcCtD": 0.407939893599967,
    "CrCbGaD": 0.0019057445369472007
  },
  "n_trials": 0.0,
  "prediction": 0.0010543608473325302,
  "status": 0,
  "training_prediction": 0.00104008956128866
}