{
  "compound_id": "DB00356",
  "compound_name": "Chlorzoxazone",
  "compound_percentile": 0.669117647058823,
  "disease_id": "DOID:12236",
  "disease_name": "primary biliary cirrhosis",
  "disease_percentile": 0.859557867360208,
  "metapath_contribution": {
    "CbGbCtD": 0.8661930926802499,
    "CbGpPWpGaD": 0.0693496813710232,
    "CcSEcCtD": 0.06445722594872681
  },
  "n_trials": 0.0,
  "prediction": 0.00299220332085318,
  "status": 0
}