{
  "compound_id": "DB00655",
  "compound_name": "Estrone",
  "compound_percentile": 0.44117647058823495,
  "disease_id": "DOID:8398",
  "disease_name": "osteoarthritis",
  "disease_percentile": 0.286736020806242,
  "metapath_contribution": {
    "CbGaD": 0.9764722119788726,
    "CbGpPWpGaD": 0.012749001642874373,
    "CrCbGaD": 0.010778786378253073
  },
  "n_trials": 0.0,
  "prediction": 0.00102059858954029,
  "status": 0
}