{
  "compound_id": "DB00700",
  "compound_name": "Eplerenone",
  "compound_percentile": 0.8897058823529409,
  "disease_id": "DOID:9008",
  "disease_name": "psoriatic arthritis",
  "disease_percentile": 0.9369310793237969,
  "metapath_contribution": {
    "CbGbCtD": 0.4471477261910728,
    "CcSEcCtD": 0.03944413423161842,
    "CrCrCtD": 0.5134081395773088
  },
  "n_trials": 0.0,
  "prediction": 0.0037645677763742296,
  "status": 0,
  "training_prediction": 0.0125678920129121
}