{
  "compound_id": "DB01582",
  "compound_name": "Sulfamethazine",
  "compound_percentile": 0.772058823529412,
  "disease_id": "DOID:11476",
  "disease_name": "osteoporosis",
  "disease_percentile": 0.347854356306892,
  "metapath_contribution": {
    "CbGbCtD": 0.9794745997600142,
    "CbGpPWpGaD": 0.013879421858180417,
    "CrCbGaD": 0.006645978381805401
  },
  "n_trials": 0.0,
  "prediction": 0.00152999499913583,
  "status": 0
}