{
  "compound_id": "DB01440",
  "compound_name": "Gamma Hydroxybutyric Acid",
  "compound_percentile": 0.727941176470588,
  "disease_id": "DOID:11054",
  "disease_name": "urinary bladder cancer",
  "disease_percentile": 0.8368010403120941,
  "metapath_contribution": {
    "CbGbCtD": 0.2709867751915532,
    "CbGdCrCtD": 0.011626200976177493,
    "CbGeAlD": 0.24441095529051174,
    "CcSEcCtD": 0.4729760685417576
  },
  "n_trials": 0.0,
  "prediction": 0.0026917867042871198,
  "status": 0
}