{
  "compound_id": "DB00990",
  "compound_name": "Exemestane",
  "compound_percentile": 0.823529411764706,
  "disease_id": "DOID:14227",
  "disease_name": "azoospermia",
  "disease_percentile": 0.9148244473342,
  "metapath_contribution": {
    "CbGbCtD": 0.826797711247732,
    "CbGeAlD": 0.06942810550840198,
    "CcSEcCtD": 0.10377418324386593
  },
  "n_trials": 0.0,
  "prediction": 0.00294081909931432,
  "status": 0,
  "training_prediction": 0.00132687839464499
}