{
  "compound_id": "DB00243",
  "compound_name": "Ranolazine",
  "compound_percentile": 0.970588235294118,
  "disease_id": "DOID:12365",
  "disease_name": "malaria",
  "disease_percentile": 0.9596879063719119,
  "metapath_contribution": {
    "CbGbCtD": 0.28119387458350514,
    "CcSEcCtD": 0.05904679467693805,
    "CiPCiCtD": 0.6597593307395568
  },
  "n_trials": 0.0,
  "prediction": 0.00760975347745325,
  "status": 0
}