{
  "compound_id": "DB00287",
  "compound_name": "Travoprost",
  "compound_percentile": 0.36764705882352894,
  "disease_id": "DOID:10534",
  "disease_name": "stomach cancer",
  "disease_percentile": 0.3901170351105329,
  "metapath_contribution": {
    "CbGpPWpGaD": 0.15762356315924506,
    "CcSEcCtD": 0.8186642134443529,
    "CrCbGaD": 0.023712223396402117
  },
  "n_trials": 0.0,
  "prediction": 0.00131020278297695,
  "status": 0,
  "training_prediction": 0.00288794894140171
}