{
  "compound_id": "DB01193",
  "compound_name": "Acebutolol",
  "compound_percentile": 0.845588235294118,
  "disease_id": "DOID:1192",
  "disease_name": "peripheral nervous system neoplasm",
  "disease_percentile": 0.5851755526658001,
  "metapath_contribution": {
    "CbGaD": 0.5102317176982467,
    "CbGbCtD": 0.24603540439603688,
    "CcSEcCtD": 0.24289955491127774,
    "CrCbGaD": 0.0008333229944386108
  },
  "n_trials": 0.0,
  "prediction": 0.0019462581703662,
  "status": 0,
  "training_prediction": 0.00532281475070965
}