{
  "compound_id": "DB05271",
  "compound_name": "Rotigotine",
  "compound_percentile": 0.926470588235294,
  "disease_id": "DOID:3310",
  "disease_name": "atopic dermatitis",
  "disease_percentile": 0.9096228868660601,
  "metapath_contribution": {
    "CbGbCtD": 0.18504418285552726,
    "CbGeAlD": 0.013615243337433624,
    "CbGpPWpGaD": 0.027360555126176148,
    "CcSEcCtD": 0.14444518468272197,
    "CpDpCtD": 0.629534833998141
  },
  "n_trials": 0.0,
  "prediction": 0.006396202046003821,
  "status": 0
}