{
  "compound_id": "DB00554",
  "compound_name": "Piroxicam",
  "compound_percentile": 0.7941176470588229,
  "disease_id": "DOID:8893",
  "disease_name": "psoriasis",
  "disease_percentile": 0.626788036410923,
  "metapath_contribution": {
    "CbGbCtD": 0.47575401216665303,
    "CbGdCrCtD": 0.004128293573088291,
    "CbGpPWpGaD": 0.0028876983783098415,
    "CpDpCtD": 0.517229995881949
  },
  "n_trials": 0.0,
  "prediction": 0.0021900599360374197,
  "status": 0
}