{
  "compound_id": "DB00842",
  "compound_name": "Oxazepam",
  "compound_percentile": 0.683823529411765,
  "disease_id": "DOID:1324",
  "disease_name": "lung cancer",
  "disease_percentile": 0.311443433029909,
  "metapath_contribution": {
    "CbGbCtD": 0.6372700076316025,
    "CbGpPWpGaD": 0.22340643828613796,
    "CcSEcCtD": 0.1354086338929205,
    "CrCbGaD": 0.003914920189339054
  },
  "n_trials": 0.0,
  "prediction": 0.00127915162424097,
  "status": 0
}