{
  "compound_id": "DB00775",
  "compound_name": "Tirofiban",
  "compound_percentile": 0.5367647058823529,
  "disease_id": "DOID:12306",
  "disease_name": "vitiligo",
  "disease_percentile": 0.916775032509753,
  "metapath_contribution": {
    "CbGeAlD": 0.9012687259872082,
    "CbGpPWpGaD": 0.09873127401279176
  },
  "n_trials": 0.0,
  "prediction": 0.0022483400073860897,
  "status": 0,
  "training_prediction": 0.0010140498322440301
}