{
  "compound_id": "DB00834",
  "compound_name": "Mifepristone",
  "compound_percentile": 0.970588235294118,
  "disease_id": "DOID:2531",
  "disease_name": "hematologic cancer",
  "disease_percentile": 0.897269180754226,
  "metapath_contribution": {
    "CbGaD": 0.30650112512825756,
    "CbGbCtD": 0.46932776194874026,
    "CbGeAlD": 0.021086800296187806,
    "CbGpPWpGaD": 0.06290564975198752,
    "CcSEcCtD": 0.1401786628748269
  },
  "n_trials": 0.0,
  "prediction": 0.00842576072242862,
  "status": 0
}