{
  "compound_id": "DB00963",
  "compound_name": "Bromfenac",
  "compound_percentile": 0.20588235294117604,
  "disease_id": "DOID:363",
  "disease_name": "uterine cancer",
  "disease_percentile": 0.107932379713914,
  "metapath_contribution": {
    "CbGbCtD": 0.8360727410068903,
    "CbGeAlD": 0.13593589121874836,
    "CrCbGaD": 0.027991367774361238
  },
  "n_trials": 0.0,
  "prediction": 0.0009304374542896301,
  "status": 0
}