{
  "compound_id": "DB01128",
  "compound_name": "Bicalutamide",
  "compound_percentile": 0.970588235294118,
  "disease_id": "DOID:10763",
  "disease_name": "hypertension",
  "disease_percentile": 0.6755526657997399,
  "metapath_contribution": {
    "CbGaD": 0.2570542332266917,
    "CbGbCtD": 0.4700678843286934,
    "CbGeAlD": 0.006294018549704099,
    "CbGpPWpGaD": 0.062112663502926546,
    "CcSEcCtD": 0.20190899496953846,
    "CrCbGaD": 0.0025622054224459295
  },
  "n_trials": 0.0,
  "prediction": 0.00629937272762645,
  "status": 0,
  "training_prediction": 0.0704845101507886
}