{
  "compound_id": "DB00288",
  "compound_name": "Amcinonide",
  "compound_percentile": 0.15441176470588197,
  "disease_id": "DOID:3953",
  "disease_name": "adrenal gland cancer",
  "disease_percentile": 0.00455136540962289,
  "metapath_contribution": {
    "CbGeAlD": 0.2621136601370748,
    "CbGpPWpGaD": 0.7145842589731762,
    "CrCbGaD": 0.02330208088974893
  },
  "n_trials": 0.0,
  "prediction": 0.00036275652212079,
  "status": 0
}