{
  "compound_id": "DB00471",
  "compound_name": "Montelukast",
  "compound_percentile": 0.7647058823529409,
  "disease_id": "DOID:8893",
  "disease_name": "psoriasis",
  "disease_percentile": 0.870611183355007,
  "metapath_contribution": {
    "CbGbCtD": 0.7146119750370394,
    "CbGpPWpGaD": 0.02317468883554675,
    "CcSEcCtD": 0.2622133361274138
  },
  "n_trials": 0.0,
  "prediction": 0.0038137709495040897,
  "status": 0,
  "training_prediction": 0.0357734654178291
}