{
  "compound_id": "DB04574",
  "compound_name": "Estropipate",
  "compound_percentile": 0.742647058823529,
  "disease_id": "DOID:2043",
  "disease_name": "hepatitis B",
  "disease_percentile": 0.663198959687906,
  "metapath_contribution": {
    "CbGaD": 0.5366567079268924,
    "CbGbCtD": 0.17144172165891275,
    "CbGeAlD": 0.04205591597541984,
    "CbGpPWpGaD": 0.055096941606820424,
    "CcSEcCtD": 0.1947487128319546
  },
  "n_trials": 0.0,
  "prediction": 0.00190619492146422,
  "status": 0,
  "training_prediction": 0.00231352243259601
}