{
  "compound_id": "DB00253",
  "compound_name": "Medrysone",
  "compound_percentile": 0.272058823529412,
  "disease_id": "DOID:3393",
  "disease_name": "coronary artery disease",
  "disease_percentile": 0.0221066319895969,
  "metapath_contribution": {
    "CbGpPWpGaD": 0.049988017764448944,
    "CcSEcCtD": 0.062408298729433515,
    "CrCbGaD": 0.004740735229446506,
    "CrCrCtD": 0.882862948276671
  },
  "n_trials": 0.0,
  "prediction": 0.00055081770788997,
  "status": 0
}