{
  "compound_id": "DB00823",
  "compound_name": "Ethynodiol",
  "compound_percentile": 0.963235294117647,
  "disease_id": "DOID:13223",
  "disease_name": "uterine fibroid",
  "disease_percentile": 0.9746423927178149,
  "metapath_contribution": {
    "CbGaD": 0.9291916819636694,
    "CbGeAlD": 0.06278592715852414,
    "CrCbGaD": 0.00802239087780641
  },
  "n_trials": 0.0,
  "prediction": 0.00270668609373954,
  "status": 0
}