{
  "compound_id": "DB06713",
  "compound_name": "Norelgestromin",
  "compound_percentile": 0.875,
  "disease_id": "DOID:11612",
  "disease_name": "polycystic ovary syndrome",
  "disease_percentile": 0.4128738621586479,
  "metapath_contribution": {
    "CbGaD": 0.8004449098527588,
    "CbGeAlD": 0.10390576743031339,
    "CbGpPWpGaD": 0.08630290946289185,
    "CrCbGaD": 0.009346413254035802
  },
  "n_trials": 0.0,
  "prediction": 0.00124766424139249,
  "status": 0
}