{
  "compound_id": "DB01137",
  "compound_name": "Levofloxacin",
  "compound_percentile": 0.47058823529411803,
  "disease_id": "DOID:1909",
  "disease_name": "melanoma",
  "disease_percentile": 0.355656697009103,
  "metapath_contribution": {
    "CbGaD": 0.26014046799544793,
    "CbGbCtD": 0.443113258911345,
    "CbGdCrCtD": 0.003195295456061092,
    "CbGpPWpGaD": 0.051058508372688216,
    "CcSEcCtD": 0.2418245007255888,
    "CrCbGaD": 0.0006679685388688788
  },
  "n_trials": 0.0,
  "prediction": 0.00115848499298299,
  "status": 0
}