{
  "compound_id": "DB01219",
  "compound_name": "Dantrolene",
  "compound_percentile": 0.375,
  "disease_id": "DOID:14330",
  "disease_name": "Parkinson's disease",
  "disease_percentile": 0.485695708712614,
  "metapath_contribution": {
    "CbGeAlD": 0.40045845513831113,
    "CbGpPWpGaD": 0.5515659557081433,
    "CrCbGaD": 0.04797558915354564
  },
  "n_trials": 0.0,
  "prediction": 0.00135363716742358,
  "status": 0
}