{
  "compound_id": "DB01367",
  "compound_name": "Rasagiline",
  "compound_percentile": 0.610294117647059,
  "disease_id": "DOID:1115",
  "disease_name": "sarcoma",
  "disease_percentile": 0.88296488946684,
  "metapath_contribution": {
    "CbGbCtD": 0.07321528275153155,
    "CbGeAlD": 0.08030413794168641,
    "CbGpPWpGaD": 0.2360544136978541,
    "CcSEcCtD": 0.610426165608928
  },
  "n_trials": 0.0,
  "prediction": 0.0026602017163461,
  "status": 0
}