{
  "compound_id": "DB00501",
  "compound_name": "Cimetidine",
  "compound_percentile": 0.639705882352941,
  "disease_id": "DOID:8893",
  "disease_name": "psoriasis",
  "disease_percentile": 0.834200260078023,
  "metapath_contribution": {
    "CbGbCtD": 0.7793363267229386,
    "CbGeAlD": 0.011402537139375512,
    "CbGpPWpGaD": 0.05643212726746662,
    "CcSEcCtD": 0.15282900887021927
  },
  "n_trials": 0.0,
  "prediction": 0.0033110277250753,
  "status": 0,
  "training_prediction": 0.0139474404692536
}