{
  "compound_id": "DB01260",
  "compound_name": "Desonide",
  "compound_percentile": 0.8897058823529409,
  "disease_id": "DOID:8778",
  "disease_name": "Crohn's disease",
  "disease_percentile": 0.9648894668400521,
  "metapath_contribution": {
    "CbGbCtD": 0.07048581219146076,
    "CcSEcCtD": 0.006995165332773543,
    "CiPCiCtD": 0.41701411511173325,
    "CrCrCtD": 0.2115750584171711,
    "CrCtD": 0.29392984894686125
  },
  "n_trials": 0.0,
  "prediction": 0.00689560043527769,
  "status": 0,
  "training_prediction": 0.0112091645170172
}