{
  "compound_id": "DB00219",
  "compound_name": "Oxyphenonium",
  "compound_percentile": 0.9558823529411771,
  "disease_id": "DOID:0050741",
  "disease_name": "alcohol dependence",
  "disease_percentile": 0.44408322496749,
  "metapath_contribution": {
    "CbGbCtD": 0.8081987484033765,
    "CbGpPWpGaD": 0.17524851461748026,
    "CrCbGaD": 0.01655273697914325
  },
  "n_trials": 0.0,
  "prediction": 0.00196117401459898,
  "status": 0
}