{
  "compound_id": "DB00918",
  "compound_name": "Almotriptan",
  "compound_percentile": 0.580882352941177,
  "disease_id": "DOID:2994",
  "disease_name": "germ cell cancer",
  "disease_percentile": 0.46553966189857,
  "metapath_contribution": {
    "CbGbCtD": 0.5687843316900095,
    "CbGeAlD": 0.2415048452681519,
    "CcSEcCtD": 0.18971082304183853
  },
  "n_trials": 0.0,
  "prediction": 0.00154763894955403,
  "status": 0
}