{
  "compound_id": "DB00318",
  "compound_name": "Codeine",
  "compound_percentile": 0.507352941176471,
  "disease_id": "DOID:14221",
  "disease_name": "metabolic syndrome X",
  "disease_percentile": 0.5253576072821851,
  "metapath_contribution": {
    "CbGbCtD": 0.38818858251930083,
    "CbGeAlD": 0.20868429122288973,
    "CbGpPWpGaD": 0.17413561991374726,
    "CcSEcCtD": 0.22899150634406215
  },
  "n_trials": 0.0,
  "prediction": 0.0014330266450550198,
  "status": 0
}