{
  "compound_id": "DB00762",
  "compound_name": "Irinotecan",
  "compound_percentile": 0.34558823529411803,
  "disease_id": "DOID:4159",
  "disease_name": "skin cancer",
  "disease_percentile": 0.149544863459038,
  "metapath_contribution": {
    "CbGbCtD": 0.7628339064728118,
    "CbGeAlD": 0.031756994188922305,
    "CbGpPWpGaD": 0.005338017616173514,
    "CcSEcCtD": 0.20007108172209231
  },
  "n_trials": 2.0,
  "prediction": 0.00103710943403805,
  "status": 0,
  "training_prediction": 0.00901210543915508
}