{
  "compound_id": "DB00605",
  "compound_name": "Sulindac",
  "compound_percentile": 0.8308823529411771,
  "disease_id": "DOID:9970",
  "disease_name": "obesity",
  "disease_percentile": 0.8107932379713909,
  "metapath_contribution": {
    "CbGaD": 0.5437625735358285,
    "CbGbCtD": 0.15202268987123804,
    "CbGeAlD": 0.04328911222891382,
    "CbGpPWpGaD": 0.1387603819839945,
    "CcSEcCtD": 0.12216524238002514
  },
  "n_trials": 0.0,
  "prediction": 0.00551942029994943,
  "status": 0
}