{
  "compound_id": "DB00655",
  "compound_name": "Estrone",
  "compound_percentile": 0.0220588235294118,
  "disease_id": "DOID:12849",
  "disease_name": "autistic disorder",
  "disease_percentile": 0.0591677503250975,
  "metapath_contribution": {
    "CbGeAlD": 0.35419197952874587,
    "CbGpPWpGaD": 0.6148932887964845,
    "CrCbGaD": 0.030914731674769685
  },
  "n_trials": 0.0,
  "prediction": 0.000616828965343515,
  "status": 0
}