{
  "compound_id": "DB01169",
  "compound_name": "Arsenic trioxide",
  "compound_percentile": 0.6764705882352939,
  "disease_id": "DOID:9206",
  "disease_name": "Barrett's esophagus",
  "disease_percentile": 0.9765929778933679,
  "metapath_contribution": {
    "CbGbCtD": 0.6815795430813889,
    "CbGeAlD": 0.1270573192357661,
    "CbGpPWpGaD": 0.19136313768284488
  },
  "n_trials": 0.0,
  "prediction": 0.00497246158169289,
  "status": 0
}