{
  "compound_id": "DB00231",
  "compound_name": "Temazepam",
  "compound_percentile": 0.5220588235294121,
  "disease_id": "DOID:11054",
  "disease_name": "urinary bladder cancer",
  "disease_percentile": 0.245123537061118,
  "metapath_contribution": {
    "CbGbCtD": 0.5466278354525961,
    "CbGeAlD": 0.07494430900562,
    "CbGpPWpGaD": 0.06085626391780218,
    "CcSEcCtD": 0.3047893359152872,
    "CrCbGaD": 0.012782255708694668
  },
  "n_trials": 0.0,
  "prediction": 0.0010559723835636698,
  "status": 0
}