{
  "compound_id": "DB00544",
  "compound_name": "Fluorouracil",
  "compound_percentile": 0.3970588235294121,
  "disease_id": "DOID:14227",
  "disease_name": "azoospermia",
  "disease_percentile": 0.925877763328999,
  "metapath_contribution": {
    "CbGbCtD": 0.6795640950072146,
    "CbGdCrCtD": 0.007916425074099806,
    "CbGeAlD": 0.07571084039949037,
    "CcSEcCtD": 0.2368086395191952
  },
  "n_trials": 0.0,
  "prediction": 0.00301863145273033,
  "status": 0,
  "training_prediction": 0.006119811136753171
}