{
  "compound_id": "DB01244",
  "compound_name": "Bepridil",
  "compound_percentile": 0.779411764705882,
  "disease_id": "DOID:1324",
  "disease_name": "lung cancer",
  "disease_percentile": 0.49739921976593005,
  "metapath_contribution": {
    "CbGaD": 0.17815583103542207,
    "CbGbCtD": 0.30588868902048494,
    "CbGeAlD": 0.07685963243619799,
    "CbGpPWpGaD": 0.2563366629641268,
    "CcSEcCtD": 0.1779384245207693,
    "CrCbGaD": 0.004820760022998846
  },
  "n_trials": 0.0,
  "prediction": 0.00185040452581365,
  "status": 0,
  "training_prediction": 0.0063189341965872205
}