{
  "compound_id": "DB00398",
  "compound_name": "Sorafenib",
  "compound_percentile": 0.514705882352941,
  "disease_id": "DOID:4481",
  "disease_name": "allergic rhinitis",
  "disease_percentile": 0.776332899869961,
  "metapath_contribution": {
    "CbGbCtD": 0.6469241868446114,
    "CbGeAlD": 0.10455207773773643,
    "CbGpPWpGaD": 0.062246274096233,
    "CcSEcCtD": 0.18627746132141923
  },
  "n_trials": 0.0,
  "prediction": 0.00380345054950785,
  "status": 0,
  "training_prediction": 0.0275585251548998
}