{
  "compound_id": "DB01190",
  "compound_name": "Clindamycin",
  "compound_percentile": 0.691176470588235,
  "disease_id": "DOID:1793",
  "disease_name": "pancreatic cancer",
  "disease_percentile": 0.5890767230169051,
  "metapath_contribution": {
    "CbGbCtD": 0.3919966433984555,
    "CcSEcCtD": 0.6080033566015445
  },
  "n_trials": 0.0,
  "prediction": 0.00198944371301582,
  "status": 0,
  "training_prediction": 0.00473810253804251
}