{
  "compound_id": "DB02187",
  "compound_name": "Equilin",
  "compound_percentile": 0.926470588235294,
  "disease_id": "DOID:9970",
  "disease_name": "obesity",
  "disease_percentile": 0.306241872561769,
  "metapath_contribution": {
    "CbGaD": 0.801714952072859,
    "CbGeAlD": 0.011247654868636967,
    "CbGpPWpGaD": 0.17720468452473884,
    "CrCbGaD": 0.009832708533765295
  },
  "n_trials": 0.0,
  "prediction": 0.00168443777011792,
  "status": 0
}