{
  "compound_id": "DB00934",
  "compound_name": "Maprotiline",
  "compound_percentile": 0.963235294117647,
  "disease_id": "DOID:4481",
  "disease_name": "allergic rhinitis",
  "disease_percentile": 0.871911573472042,
  "metapath_contribution": {
    "CbGbCtD": 0.4515139873843342,
    "CbGeAlD": 0.020543699122573558,
    "CbGpPWpGaD": 0.005915173746253245,
    "CcSEcCtD": 0.10902569157524639,
    "CrCrCtD": 0.4130014481715926
  },
  "n_trials": 0.0,
  "prediction": 0.00635443322636575,
  "status": 0
}