{
  "compound_id": "DB06695",
  "compound_name": "Dabigatran etexilate",
  "compound_percentile": 0.691176470588235,
  "disease_id": "DOID:3310",
  "disease_name": "atopic dermatitis",
  "disease_percentile": 0.76853055916775,
  "metapath_contribution": {
    "CbGbCtD": 0.47663779525841354,
    "CbGpPWpGaD": 0.019314488801295816,
    "CcSEcCtD": 0.5040477159402906
  },
  "n_trials": 0.0,
  "prediction": 0.0031845589354812897,
  "status": 0
}