{
  "compound_id": "DB00340",
  "compound_name": "Metixene",
  "compound_percentile": 0.977941176470588,
  "disease_id": "DOID:0050741",
  "disease_name": "alcohol dependence",
  "disease_percentile": 0.7067620286085831,
  "metapath_contribution": {
    "CbGaD": 0.5548525566835188,
    "CbGbCtD": 0.31898702031685544,
    "CbGeAlD": 0.014184730900609507,
    "CbGpPWpGaD": 0.10473161991007117,
    "CrCbGaD": 0.0072440721889449776
  },
  "n_trials": 0.0,
  "prediction": 0.0030960792464085,
  "status": 0
}