{
  "compound_id": "DB00946",
  "compound_name": "Phenprocoumon",
  "compound_percentile": 0.904411764705882,
  "disease_id": "DOID:1936",
  "disease_name": "atherosclerosis",
  "disease_percentile": 0.533810143042913,
  "metapath_contribution": {
    "CbGaD": 0.3192195413417747,
    "CbGbCtD": 0.5770318650453171,
    "CbGeAlD": 0.004285910304666104,
    "CbGpPWpGaD": 0.09363941374267318,
    "CrCbGaD": 0.005823269565568973
  },
  "n_trials": 1.0,
  "prediction": 0.00195413189186339,
  "status": 0
}