{
  "compound_id": "DB00669",
  "compound_name": "Sumatriptan",
  "compound_percentile": 0.727941176470588,
  "disease_id": "DOID:10534",
  "disease_name": "stomach cancer",
  "disease_percentile": 0.8042912873862159,
  "metapath_contribution": {
    "CbGaD": 0.3296879332503199,
    "CbGbCtD": 0.37069122242962027,
    "CbGeAlD": 0.041793448046263164,
    "CbGpPWpGaD": 0.06333327904008094,
    "CcSEcCtD": 0.19080890863904468,
    "CrCbGaD": 0.003685208594670993
  },
  "n_trials": 0.0,
  "prediction": 0.00244404143565639,
  "status": 0
}