{
  "category": "DM",
  "compound_id": "DB01075",
  "compound_name": "Diphenhydramine",
  "compound_percentile": 1.0,
  "disease_id": "DOID:4481",
  "disease_name": "allergic rhinitis",
  "disease_percentile": 0.9993498049414821,
  "metapath_contribution": {
    "CbGbCtD": 0.10207629464970817,
    "CbGeAlD": 0.00033668023834535946,
    "CcSEcCtD": 0.027954584020284588,
    "CiPCiCtD": 0.30308568692313276,
    "CpDpCtD": 0.11954559412790039,
    "CrCrCtD": 0.11049375696476883,
    "CrCtD": 0.16032930890668873,
    "CtDrD": 0.17617809416917127
  },
  "prediction": 0.27387314659426504,
  "status": 1,
  "training_prediction": 0.672455683331648
}