{
  "compound_id": "DB00211",
  "compound_name": "Midodrine",
  "compound_percentile": 0.8308823529411771,
  "disease_id": "DOID:3083",
  "disease_name": "chronic obstructive pulmonary disease",
  "disease_percentile": 0.5019505851755529,
  "metapath_contribution": {
    "CbGbCtD": 0.5021639236930059,
    "CbGpPWpGaD": 0.030253381393272837,
    "CcSEcCtD": 0.4525911093475902,
    "CrCbGaD": 0.014991585566131033
  },
  "n_trials": 0.0,
  "prediction": 0.00214121246947639,
  "status": 0
}