{
  "compound_id": "DB00728",
  "compound_name": "Rocuronium",
  "compound_percentile": 0.647058823529412,
  "disease_id": "DOID:2394",
  "disease_name": "ovarian cancer",
  "disease_percentile": 0.548764629388817,
  "metapath_contribution": {
    "CbGbCtD": 0.881774425592365,
    "CcSEcCtD": 0.11685122656537178,
    "CrCbGaD": 0.0013743478422631739
  },
  "n_trials": 0.0,
  "prediction": 0.0015841220806367,
  "status": 0
}