{
  "compound_id": "DB00465",
  "compound_name": "Ketorolac",
  "compound_percentile": 0.0808823529411765,
  "disease_id": "DOID:11612",
  "disease_name": "polycystic ovary syndrome",
  "disease_percentile": 0.081924577373212,
  "metapath_contribution": {
    "CbGeAlD": 0.21790749393336878,
    "CbGpPWpGaD": 0.3024863903363868,
    "CcSEcCtD": 0.4796061157302443
  },
  "n_trials": 0.0,
  "prediction": 0.000709085960136087,
  "status": 0
}