{
  "compound_id": "DB00266",
  "compound_name": "Dicoumarol",
  "compound_percentile": 0.227941176470588,
  "disease_id": "DOID:8778",
  "disease_name": "Crohn's disease",
  "disease_percentile": 0.442132639791938,
  "metapath_contribution": {
    "CbGdCrCtD": 0.09325052504315208,
    "CbGeAlD": 0.8696488835124423,
    "CrCbGaD": 0.03710059144440567
  },
  "n_trials": 0.0,
  "prediction": 0.00145362237200293,
  "status": 0
}