{
  "compound_id": "DB01283",
  "compound_name": "Lumiracoxib",
  "compound_percentile": 0.727941176470588,
  "disease_id": "DOID:9970",
  "disease_name": "obesity",
  "disease_percentile": 0.413524057217165,
  "metapath_contribution": {
    "CbGaD": 0.2802718437090446,
    "CbGbCtD": 0.5395316396031794,
    "CbGeAlD": 0.02433416985003341,
    "CbGpPWpGaD": 0.14979472740893024,
    "CrCbGaD": 0.00606761942881243
  },
  "n_trials": 0.0,
  "prediction": 0.00211591044590018,
  "status": 0
}