{
  "compound_id": "DB00619",
  "compound_name": "Imatinib",
  "compound_percentile": 0.838235294117647,
  "disease_id": "DOID:585",
  "disease_name": "nephrolithiasis",
  "disease_percentile": 0.939531859557867,
  "metapath_contribution": {
    "CbGbCtD": 0.7433647407030437,
    "CbGeAlD": 0.07175465599450984,
    "CbGpPWpGaD": 0.07921915537949384,
    "CcSEcCtD": 0.10566144792295258
  },
  "n_trials": 0.0,
  "prediction": 0.00301725491829683,
  "status": 0,
  "training_prediction": 0.00136142301564418
}