{
  "compound_id": "DB00594",
  "compound_name": "Amiloride",
  "compound_percentile": 0.808823529411765,
  "disease_id": "DOID:6364",
  "disease_name": "migraine",
  "disease_percentile": 0.7197659297789342,
  "metapath_contribution": {
    "CbGbCtD": 0.4574215543075881,
    "CbGeAlD": 0.12259350002884026,
    "CbGpPWpGaD": 0.21163621530537644,
    "CcSEcCtD": 0.2083487303581953
  },
  "n_trials": 0.0,
  "prediction": 0.0035789936254978704,
  "status": 0,
  "training_prediction": 0.00652734278907325
}