{
  "compound_id": "DB01182",
  "compound_name": "Propafenone",
  "compound_percentile": 0.6985294117647061,
  "disease_id": "DOID:1459",
  "disease_name": "hypothyroidism",
  "disease_percentile": 0.55851755526658,
  "metapath_contribution": {
    "CbGbCtD": 0.7066247785466586,
    "CbGeAlD": 0.05258854223285147,
    "CcSEcCtD": 0.2407866792204899
  },
  "n_trials": 0.0,
  "prediction": 0.0017633584523416602,
  "status": 0
}