{
  "compound_id": "DB01577",
  "compound_name": "Methamphetamine",
  "compound_percentile": 0.8602941176470591,
  "disease_id": "DOID:14330",
  "disease_name": "Parkinson's disease",
  "disease_percentile": 0.708712613784135,
  "metapath_contribution": {
    "CbGaD": 0.7753971833925432,
    "CbGeAlD": 0.07423875015024342,
    "CbGpPWpGaD": 0.1434312374051519,
    "CrCbGaD": 0.006932829052061511
  },
  "n_trials": 0.0,
  "prediction": 0.00186352875872892,
  "status": 0
}