{
  "compound_id": "DB06781",
  "compound_name": "Difluprednate",
  "compound_percentile": 0.9558823529411771,
  "disease_id": "DOID:4481",
  "disease_name": "allergic rhinitis",
  "disease_percentile": 0.9427828348504549,
  "metapath_contribution": {
    "CbGbCtD": 0.23216124930769738,
    "CcSEcCtD": 0.04825777780114344,
    "CrCrCtD": 0.30079644938573846,
    "CrCtD": 0.41878452350542067
  },
  "n_trials": 0.0,
  "prediction": 0.0149515356485827,
  "status": 0
}