{
  "compound_id": "DB00917",
  "compound_name": "Dinoprostone",
  "compound_percentile": 0.5514705882352939,
  "disease_id": "DOID:10652",
  "disease_name": "Alzheimer's disease",
  "disease_percentile": 0.355656697009103,
  "metapath_contribution": {
    "CbGbCtD": 0.28944233843165734,
    "CbGeAlD": 0.15568491541085366,
    "CbGpPWpGaD": 0.26935297361539096,
    "CcSEcCtD": 0.2825435681352725,
    "CrCbGaD": 0.0029762044068255443
  },
  "n_trials": 0.0,
  "prediction": 0.0014397617550442302,
  "status": 0
}