{
  "compound_id": "DB00513",
  "compound_name": "Aminocaproic Acid",
  "compound_percentile": 0.9191176470588229,
  "disease_id": "DOID:11612",
  "disease_name": "polycystic ovary syndrome",
  "disease_percentile": 0.920026007802341,
  "metapath_contribution": {
    "CbGaD": 0.8045029449345603,
    "CbGeAlD": 0.10518215127411179,
    "CbGpPWpGaD": 0.09031490379132791
  },
  "n_trials": 0.0,
  "prediction": 0.0028487884634251,
  "status": 0
}