{
  "compound_id": "DB00292",
  "compound_name": "Etomidate",
  "compound_percentile": 0.463235294117647,
  "disease_id": "DOID:11934",
  "disease_name": "head and neck cancer",
  "disease_percentile": 0.511053315994798,
  "metapath_contribution": {
    "CbGeAlD": 0.6884113721488605,
    "CbGpPWpGaD": 0.24668513230169947,
    "CrCbGaD": 0.06490349554944014
  },
  "n_trials": 0.0,
  "prediction": 0.00141526458261715,
  "status": 0
}