{
  "compound_id": "DB06697",
  "compound_name": "Artemether",
  "compound_percentile": 0.823529411764706,
  "disease_id": "DOID:184",
  "disease_name": "bone cancer",
  "disease_percentile": 0.931729518855657,
  "metapath_contribution": {
    "CbGaD": 0.8188434455113874,
    "CbGbCtD": 0.1603159375858992,
    "CbGpPWpGaD": 0.02084061690271335
  },
  "n_trials": 0.0,
  "prediction": 0.0036673426418236,
  "status": 0,
  "training_prediction": 0.00522821452684672
}