{
  "compound_id": "DB08877",
  "compound_name": "Ruxolitinib",
  "compound_percentile": 0.808823529411765,
  "disease_id": "DOID:8577",
  "disease_name": "ulcerative colitis",
  "disease_percentile": 0.7093628088426529,
  "metapath_contribution": {
    "CbGaD": 0.6068387711621447,
    "CbGdCrCtD": 0.0022091394325211553,
    "CbGeAlD": 0.0986067790011748,
    "CbGpPWpGaD": 0.2207791315669628,
    "CcSEcCtD": 0.07156617883719661
  },
  "n_trials": 0.0,
  "prediction": 0.00285555783184689,
  "status": 0,
  "training_prediction": 0.00972776922559733
}