{
  "compound_id": "DB01177",
  "compound_name": "Idarubicin",
  "compound_percentile": 0.801470588235294,
  "disease_id": "DOID:11714",
  "disease_name": "gestational diabetes",
  "disease_percentile": 0.295838751625488,
  "metapath_contribution": {
    "CbGbCtD": 0.9994108397694594,
    "CcSEcCtD": 0.0005891602305405717
  },
  "n_trials": 0.0,
  "prediction": 0.0012735311216269302,
  "status": 0,
  "training_prediction": 0.000957812899165192
}