{
  "compound_id": "DB00273",
  "compound_name": "Topiramate",
  "compound_percentile": 0.669117647058823,
  "disease_id": "DOID:1781",
  "disease_name": "thyroid cancer",
  "disease_percentile": 0.811443433029909,
  "metapath_contribution": {
    "CbGeAlD": 0.1682222912014661,
    "CbGpPWpGaD": 0.09799580879897855,
    "CcSEcCtD": 0.7337818999995553
  },
  "n_trials": 0.0,
  "prediction": 0.00228438820731475,
  "status": 0,
  "training_prediction": 0.00627007495279605
}