{
  "compound_id": "DB00145",
  "compound_name": "Glycine",
  "compound_percentile": 0.845588235294118,
  "disease_id": "DOID:12365",
  "disease_name": "malaria",
  "disease_percentile": 0.347854356306892,
  "metapath_contribution": {
    "CbGdCrCtD": 0.021645595155356884,
    "CbGeAlD": 0.4353157723869187,
    "CbGpPWpGaD": 0.30510308803202363,
    "CcSEcCtD": 0.2379355444257009
  },
  "n_trials": 0.0,
  "prediction": 0.0017012300157402199,
  "status": 0
}