{
  "compound_id": "DB06292",
  "compound_name": "Dapagliflozin",
  "compound_percentile": 0.4779411764705879,
  "disease_id": "DOID:13378",
  "disease_name": "Kawasaki disease",
  "disease_percentile": 0.826397919375813,
  "metapath_contribution": {
    "CbGbCtD": 0.7445447125975756,
    "CbGeAlD": 0.17736981926699458,
    "CcSEcCtD": 0.07808546813542977
  },
  "n_trials": 0.0,
  "prediction": 0.00222993662973927,
  "status": 0
}