{
  "compound_id": "DB00145",
  "compound_name": "Glycine",
  "compound_percentile": 0.36764705882352894,
  "disease_id": "DOID:263",
  "disease_name": "kidney cancer",
  "disease_percentile": 0.33875162548764604,
  "metapath_contribution": {
    "CbGdCrCtD": 0.009540717789466668,
    "CbGeAlD": 0.3307202524698819,
    "CbGpPWpGaD": 0.4319503413356929,
    "CcSEcCtD": 0.21189951456896586,
    "CrCbGaD": 0.01588917383599273
  },
  "n_trials": 0.0,
  "prediction": 0.00133431010196284,
  "status": 0
}