{
  "compound_id": "DB00353",
  "compound_name": "Methylergometrine",
  "compound_percentile": 0.904411764705882,
  "disease_id": "DOID:9970",
  "disease_name": "obesity",
  "disease_percentile": 0.514304291287386,
  "metapath_contribution": {
    "CbGaD": 0.4935665131772557,
    "CbGbCtD": 0.27717571718003386,
    "CbGeAlD": 0.0031276814877356112,
    "CbGpPWpGaD": 0.12692041098853316,
    "CcSEcCtD": 0.09363761390401702,
    "CrCbGaD": 0.005572063262424701
  },
  "n_trials": 0.0,
  "prediction": 0.0025501912014424897,
  "status": 0
}