{
  "compound_id": "DB01115",
  "compound_name": "Nifedipine",
  "compound_percentile": 0.948529411764706,
  "disease_id": "DOID:9970",
  "disease_name": "obesity",
  "disease_percentile": 0.6996098829648891,
  "metapath_contribution": {
    "CbGaD": 0.08096374059101762,
    "CbGbCtD": 0.261000461697633,
    "CbGeAlD": 0.033719042432023366,
    "CbGpPWpGaD": 0.07376335045937822,
    "CcSEcCtD": 0.09879899341832506,
    "CrCbGaD": 0.0004478627102555977,
    "CtDrD": 0.4513065486913672
  },
  "n_trials": 0.0,
  "prediction": 0.00381174482533685,
  "status": 0,
  "training_prediction": 0.00973418497692474
}