{
  "compound_id": "DB00970",
  "compound_name": "Dactinomycin",
  "compound_percentile": 0.992647058823529,
  "disease_id": "DOID:2531",
  "disease_name": "hematologic cancer",
  "disease_percentile": 0.9538361508452541,
  "metapath_contribution": {
    "CbGaD": 0.15644607324741194,
    "CbGbCtD": 0.3277706308472613,
    "CbGdCrCtD": 0.0013613478427527922,
    "CbGeAlD": 0.0038196768888637054,
    "CbGpPWpGaD": 0.021106393730583217,
    "CcSEcCtD": 0.10731733310717106,
    "CtDrD": 0.38217854433595594
  },
  "n_trials": 2.0,
  "prediction": 0.0237783096128742,
  "status": 0,
  "training_prediction": 0.5758860099637328
}