{
  "compound_id": "DB01582",
  "compound_name": "Sulfamethazine",
  "compound_percentile": 0.8897058823529409,
  "disease_id": "DOID:1324",
  "disease_name": "lung cancer",
  "disease_percentile": 0.527958387516255,
  "metapath_contribution": {
    "CbGaD": 0.5743558326076116,
    "CbGbCtD": 0.4225669853647212,
    "CrCbGaD": 0.003077182027667236
  },
  "n_trials": 0.0,
  "prediction": 0.0019270286403119301,
  "status": 0
}