{
  "compound_id": "DB00968",
  "compound_name": "Methyldopa",
  "compound_percentile": 0.808823529411765,
  "disease_id": "DOID:418",
  "disease_name": "systemic scleroderma",
  "disease_percentile": 0.507802340702211,
  "metapath_contribution": {
    "CbGbCtD": 0.7153298345937071,
    "CcSEcCtD": 0.28467016540629286
  },
  "n_trials": 0.0,
  "prediction": 0.00172278203189914,
  "status": 0,
  "training_prediction": 0.00410453049077086
}