{
  "compound_id": "DB00620",
  "compound_name": "Triamcinolone",
  "compound_percentile": 0.147058823529412,
  "disease_id": "DOID:4362",
  "disease_name": "cervical cancer",
  "disease_percentile": 0.00845253576072822,
  "metapath_contribution": {
    "CbGeAlD": 0.9521301471129706,
    "CcSEcCtD": 0.04786985288702941
  },
  "n_trials": 0.0,
  "prediction": 0.000508900851769582,
  "status": 0,
  "training_prediction": 0.00168821339193457
}