{
  "compound_id": "DB08889",
  "compound_name": "Carfilzomib",
  "compound_percentile": 0.911764705882353,
  "disease_id": "DOID:1459",
  "disease_name": "hypothyroidism",
  "disease_percentile": 0.6215864759427829,
  "metapath_contribution": {
    "CbGbCtD": 0.4234837643840553,
    "CbGeAlD": 0.27857620214016915,
    "CbGpPWpGaD": 0.12202201506502436,
    "CcSEcCtD": 0.1759180184107513
  },
  "n_trials": 0.0,
  "prediction": 0.0019087486127880601,
  "status": 0
}