{
  "compound_id": "DB00118",
  "compound_name": "S-Adenosylmethionine",
  "compound_percentile": 0.147058823529412,
  "disease_id": "DOID:219",
  "disease_name": "colon cancer",
  "disease_percentile": 0.0897269180754226,
  "metapath_contribution": {
    "CbGeAlD": 0.39571843636535003,
    "CbGpPWpGaD": 0.5907557194871857,
    "CrCbGaD": 0.01352584414746421
  },
  "n_trials": 0.0,
  "prediction": 0.000778248251310358,
  "status": 0
}