{
  "compound_id": "DB06716",
  "compound_name": "Fospropofol",
  "compound_percentile": 0.867647058823529,
  "disease_id": "DOID:9352",
  "disease_name": "type 2 diabetes mellitus",
  "disease_percentile": 0.691157347204161,
  "metapath_contribution": {
    "CbGaD": 0.20840323801871993,
    "CbGbCtD": 0.4638076799292061,
    "CbGpPWpGaD": 0.15828314744404612,
    "CcSEcCtD": 0.16298681345784824,
    "CrCbGaD": 0.006519121150179764
  },
  "n_trials": 0.0,
  "prediction": 0.0037460774908822103,
  "status": 0
}