{
  "compound_id": "DB00317",
  "compound_name": "Gefitinib",
  "compound_percentile": 0.632352941176471,
  "disease_id": "DOID:0060073",
  "disease_name": "lymphatic system cancer",
  "disease_percentile": 0.507802340702211,
  "metapath_contribution": {
    "CbGbCtD": 0.6891527080400023,
    "CbGdCrCtD": 0.009829945226611103,
    "CcSEcCtD": 0.2923313001865335,
    "CrCbGaD": 0.00868604654685307
  },
  "n_trials": 0.0,
  "prediction": 0.00159646592226645,
  "status": 0,
  "training_prediction": 0.00351771593475577
}