{
  "category": "DM",
  "compound_id": "DB00412",
  "compound_name": "Rosiglitazone",
  "compound_percentile": 1.0,
  "disease_id": "DOID:9352",
  "disease_name": "type 2 diabetes mellitus",
  "disease_percentile": 0.9902470741222371,
  "metapath_contribution": {
    "CbGaD": 0.09484642093706344,
    "CbGbCtD": 0.16801420874566605,
    "CbGeAlD": 0.007953781276100191,
    "CbGpPWpGaD": 0.025114398485446093,
    "CcSEcCtD": 0.042443438528051665,
    "CiPCiCtD": 0.3728287820429205,
    "CrCbGaD": 0.0005546169434588681,
    "CrCtD": 0.28824435304129314
  },
  "prediction": 0.138970616860923,
  "status": 1,
  "training_prediction": 0.416488302441392
}