{
  "compound_id": "DB00241",
  "compound_name": "Butalbital",
  "compound_percentile": 0.8897058823529409,
  "disease_id": "DOID:332",
  "disease_name": "amyotrophic lateral sclerosis",
  "disease_percentile": 0.8628088426527959,
  "metapath_contribution": {
    "CbGaD": 0.8347104190625849,
    "CbGeAlD": 0.07831452804928897,
    "CbGpPWpGaD": 0.07906687024829716,
    "CrCbGaD": 0.007908182639828926
  },
  "n_trials": 0.0,
  "prediction": 0.0022414309114320396,
  "status": 0
}