{
  "compound_id": "DB00899",
  "compound_name": "Remifentanil",
  "compound_percentile": 0.40441176470588197,
  "disease_id": "DOID:3070",
  "disease_name": "malignant glioma",
  "disease_percentile": 0.457737321196359,
  "metapath_contribution": {
    "CbGeAlD": 0.18145598349907976,
    "CbGpPWpGaD": 0.09758020923737896,
    "CcSEcCtD": 0.7005994316780002,
    "CrCbGaD": 0.02036437558554109
  },
  "n_trials": 0.0,
  "prediction": 0.00133134221888235,
  "status": 0
}