{
  "compound_id": "DB01407",
  "compound_name": "Clenbuterol",
  "compound_percentile": 0.5367647058823529,
  "disease_id": "DOID:4481",
  "disease_name": "allergic rhinitis",
  "disease_percentile": 0.29973992197659305,
  "metapath_contribution": {
    "CbGbCtD": 0.5024463179345399,
    "CbGeAlD": 0.19569895680670601,
    "CbGpPWpGaD": 0.30185472525875406
  },
  "n_trials": 0.0,
  "prediction": 0.0018209300619764898,
  "status": 0
}