{
  "compound_id": "DB01338",
  "compound_name": "Pipecuronium",
  "compound_percentile": 1.0,
  "disease_id": "DOID:10652",
  "disease_name": "Alzheimer's disease",
  "disease_percentile": 0.948634590377113,
  "metapath_contribution": {
    "CbGaD": 0.2845683623560964,
    "CbGbCtD": 0.6274115313776001,
    "CbGeAlD": 0.008378084599522294,
    "CbGpPWpGaD": 0.07873671785510865,
    "CrCbGaD": 0.0009053038116726415
  },
  "n_trials": 0.0,
  "prediction": 0.0067155977917999704,
  "status": 0
}