{
  "compound_id": "DB06777",
  "compound_name": "Chenodeoxycholic acid",
  "compound_percentile": 0.9191176470588229,
  "disease_id": "DOID:14268",
  "disease_name": "sclerosing cholangitis",
  "disease_percentile": 0.99739921976593,
  "metapath_contribution": {
    "CbGeAlD": 0.06903926473345111,
    "CbGpPWpGaD": 0.01753879340089271,
    "CtDrD": 0.9134219418656562
  },
  "n_trials": 0.0,
  "prediction": 0.00566250038594086,
  "status": 0
}