{
  "compound_id": "DB00752",
  "compound_name": "Tranylcypromine",
  "compound_percentile": 0.808823529411765,
  "disease_id": "DOID:2043",
  "disease_name": "hepatitis B",
  "disease_percentile": 0.8407022106631992,
  "metapath_contribution": {
    "CbGaD": 0.8398301679873332,
    "CbGeAlD": 0.023881366300993627,
    "CbGpPWpGaD": 0.023896851672777348,
    "CcSEcCtD": 0.11239161403889582
  },
  "n_trials": 0.0,
  "prediction": 0.00237139183772932,
  "status": 0
}