{
  "compound_id": "DB00484",
  "compound_name": "Brimonidine",
  "compound_percentile": 0.43382352941176505,
  "disease_id": "DOID:1459",
  "disease_name": "hypothyroidism",
  "disease_percentile": 0.39401820546163896,
  "metapath_contribution": {
    "CbGeAlD": 0.270499556139218,
    "CcSEcCtD": 0.729500443860782
  },
  "n_trials": 0.0,
  "prediction": 0.00148427587249551,
  "status": 0,
  "training_prediction": 0.00180160785383892
}