{
  "compound_id": "DB00527",
  "compound_name": "Cinchocaine",
  "compound_percentile": 0.0147058823529412,
  "disease_id": "DOID:10283",
  "disease_name": "prostate cancer",
  "disease_percentile": 0.011703511053316002,
  "metapath_contribution": {
    "CbGeAlD": 0.19625326584943548,
    "CbGpPWpGaD": 0.7705024074602879,
    "CrCbGaD": 0.03324432669027673
  },
  "n_trials": 0.0,
  "prediction": 0.000579787411796825,
  "status": 0
}