{
  "compound_id": "DB00413",
  "compound_name": "Pramipexole",
  "compound_percentile": 0.463235294117647,
  "disease_id": "DOID:8778",
  "disease_name": "Crohn's disease",
  "disease_percentile": 0.823146944083225,
  "metapath_contribution": {
    "CbGeAlD": 0.0037494302846980752,
    "CbGpPWpGaD": 0.35375105722740346,
    "CcSEcCtD": 0.6424995124878985
  },
  "n_trials": 0.0,
  "prediction": 0.00246621259834782,
  "status": 0
}