{
  "compound_id": "DB01046",
  "compound_name": "Lubiprostone",
  "compound_percentile": 0.47058823529411803,
  "disease_id": "DOID:1936",
  "disease_name": "atherosclerosis",
  "disease_percentile": 0.340702210663199,
  "metapath_contribution": {
    "CbGeAlD": 0.260003523895638,
    "CbGpPWpGaD": 0.24560663850006317,
    "CcSEcCtD": 0.49438983760429867
  },
  "n_trials": 0.0,
  "prediction": 0.00142347028671878,
  "status": 0
}