{
  "compound_id": "DB01131",
  "compound_name": "Proguanil",
  "compound_percentile": 0.683823529411765,
  "disease_id": "DOID:8577",
  "disease_name": "ulcerative colitis",
  "disease_percentile": 0.7516254876462941,
  "metapath_contribution": {
    "CbGbCtD": 0.8780561008252304,
    "CcSEcCtD": 0.12194389917476955
  },
  "n_trials": 0.0,
  "prediction": 0.0031066214106506397,
  "status": 0,
  "training_prediction": 0.0105766358617793
}