{
  "compound_id": "DB00822",
  "compound_name": "Disulfiram",
  "compound_percentile": 0.602941176470588,
  "disease_id": "DOID:7148",
  "disease_name": "rheumatoid arthritis",
  "disease_percentile": 0.750325097529259,
  "metapath_contribution": {
    "CbGbCtD": 0.7401135373468121,
    "CbGeAlD": 0.020753626436884835,
    "CcSEcCtD": 0.23913283621630296
  },
  "n_trials": 0.0,
  "prediction": 0.00258488435607431,
  "status": 0,
  "training_prediction": 0.00838094937633367
}