{
  "compound_id": "DB00539",
  "compound_name": "Toremifene",
  "compound_percentile": 0.882352941176471,
  "disease_id": "DOID:2531",
  "disease_name": "hematologic cancer",
  "disease_percentile": 0.653446033810143,
  "metapath_contribution": {
    "CbGaD": 0.2886128334048594,
    "CbGbCtD": 0.4616447301938186,
    "CbGeAlD": 0.017263913981631195,
    "CbGpPWpGaD": 0.06256250232233508,
    "CcSEcCtD": 0.1689138084756828,
    "CrCbGaD": 0.0010022116216729777
  },
  "n_trials": 0.0,
  "prediction": 0.00306988612017896,
  "status": 0,
  "training_prediction": 0.0272705562797829
}