{
  "compound_id": "DB02300",
  "compound_name": "Calcipotriol",
  "compound_percentile": 0.7941176470588229,
  "disease_id": "DOID:2841",
  "disease_name": "asthma",
  "disease_percentile": 0.296488946684005,
  "metapath_contribution": {
    "CbGaD": 0.7323168753224987,
    "CbGeAlD": 0.054306538226249555,
    "CbGpPWpGaD": 0.05321543473206345,
    "CcSEcCtD": 0.15257074142848664,
    "CrCbGaD": 0.007590410290701668
  },
  "n_trials": 0.0,
  "prediction": 0.0018057605512932398,
  "status": 0,
  "training_prediction": 0.0122097877371655
}