{
  "compound_id": "DB00787",
  "compound_name": "Aciclovir",
  "compound_percentile": 0.801470588235294,
  "disease_id": "DOID:12930",
  "disease_name": "dilated cardiomyopathy",
  "disease_percentile": 0.5793237971391421,
  "metapath_contribution": {
    "CbGbCtD": 0.6459909136867389,
    "CbGpPWpGaD": 0.05957589803434807,
    "CcSEcCtD": 0.294433188278913
  },
  "n_trials": 0.0,
  "prediction": 0.0018105196172833,
  "status": 0
}