{
  "compound_id": "DB06772",
  "compound_name": "Cabazitaxel",
  "compound_percentile": 0.20588235294117604,
  "disease_id": "DOID:14330",
  "disease_name": "Parkinson's disease",
  "disease_percentile": 0.201560468140442,
  "metapath_contribution": {
    "CbGaD": 0.4501407145609591,
    "CbGeAlD": 0.1663891413094167,
    "CbGpPWpGaD": 0.3640928023743278,
    "CrCbGaD": 0.019377341755296342
  },
  "n_trials": 0.0,
  "prediction": 0.000896031459517865,
  "status": 0
}