{
  "compound_id": "DB00127",
  "compound_name": "Spermine",
  "compound_percentile": 0.9558823529411771,
  "disease_id": "DOID:2531",
  "disease_name": "hematologic cancer",
  "disease_percentile": 0.8361508452535759,
  "metapath_contribution": {
    "CbGaD": 0.2608464519639035,
    "CbGbCtD": 0.5715803868425705,
    "CbGeAlD": 0.06901070178680915,
    "CbGpPWpGaD": 0.09856245940671694
  },
  "n_trials": 0.0,
  "prediction": 0.0054700501447153,
  "status": 0
}