{
  "compound_id": "DB00396",
  "compound_name": "Progesterone",
  "compound_percentile": 0.647058823529412,
  "disease_id": "DOID:1024",
  "disease_name": "leprosy",
  "disease_percentile": 0.567620286085826,
  "metapath_contribution": {
    "CbGbCtD": 0.870079207331684,
    "CbGeAlD": 0.02728793653037595,
    "CcSEcCtD": 0.10263285613794006
  },
  "n_trials": 0.0,
  "prediction": 0.00197921983606143,
  "status": 0,
  "training_prediction": 0.0019524546019487102
}