{
  "compound_id": "DB00651",
  "compound_name": "Dyphylline",
  "compound_percentile": 0.926470588235294,
  "disease_id": "DOID:3393",
  "disease_name": "coronary artery disease",
  "disease_percentile": 0.5435630689206761,
  "metapath_contribution": {
    "CbGaD": 0.718741055009927,
    "CbGeAlD": 0.014174566915480651,
    "CbGpPWpGaD": 0.14411896919778786,
    "CcSEcCtD": 0.11586230898634661,
    "CrCbGaD": 0.007103099890457945
  },
  "n_trials": 0.0,
  "prediction": 0.00260822137888858,
  "status": 0,
  "training_prediction": 0.0139088277154923
}