{
  "compound_id": "DB01626",
  "compound_name": "Pargyline",
  "compound_percentile": 1.0,
  "disease_id": "DOID:9970",
  "disease_name": "obesity",
  "disease_percentile": 0.9746423927178149,
  "metapath_contribution": {
    "CbGbCtD": 0.257225781373452,
    "CbGeAlD": 0.006229871716473329,
    "CbGpPWpGaD": 0.016871407786988195,
    "CrCbGaD": 0.0013192049857679298,
    "CrCrCtD": 0.297036397995,
    "CrCtD": 0.4213173361423185
  },
  "n_trials": 0.0,
  "prediction": 0.0252811094791494,
  "status": 0
}