{
  "compound_id": "DB00126",
  "compound_name": "Vitamin C",
  "compound_percentile": 0.5367647058823529,
  "disease_id": "DOID:3083",
  "disease_name": "chronic obstructive pulmonary disease",
  "disease_percentile": 0.5494148244473339,
  "metapath_contribution": {
    "CbGeAlD": 0.5342751541221238,
    "CbGpPWpGaD": 0.4657248458778763
  },
  "n_trials": 1.0,
  "prediction": 0.00229744922231755,
  "status": 0,
  "training_prediction": 0.00505801644634521
}