{
  "compound_id": "DB01179",
  "compound_name": "Podofilox",
  "compound_percentile": 0.661764705882353,
  "disease_id": "DOID:263",
  "disease_name": "kidney cancer",
  "disease_percentile": 0.334200260078023,
  "metapath_contribution": {
    "CbGbCtD": 0.7908238497978515,
    "CbGdCrCtD": 0.005908981252362215,
    "CbGeAlD": 0.033777769171252775,
    "CbGpPWpGaD": 0.04885452096093272,
    "CcSEcCtD": 0.11515278015798336,
    "CrCbGaD": 0.005482098659617388
  },
  "n_trials": 0.0,
  "prediction": 0.0013239248986425302,
  "status": 0
}