{
  "compound_id": "DB00990",
  "compound_name": "Exemestane",
  "compound_percentile": 0.683823529411765,
  "disease_id": "DOID:1686",
  "disease_name": "glaucoma",
  "disease_percentile": 0.38556566970091,
  "metapath_contribution": {
    "CbGbCtD": 0.48055431326236914,
    "CcSEcCtD": 0.5115669991879483,
    "CrCbGaD": 0.007878687549682371
  },
  "n_trials": 0.0,
  "prediction": 0.00160708854477985,
  "status": 0,
  "training_prediction": 0.006807116806681421
}