{
  "compound_id": "DB00887",
  "compound_name": "Bumetanide",
  "compound_percentile": 0.7352941176470591,
  "disease_id": "DOID:2841",
  "disease_name": "asthma",
  "disease_percentile": 0.538361508452536,
  "metapath_contribution": {
    "CbGaD": 0.21472835189164852,
    "CbGbCtD": 0.34475542169426754,
    "CbGdCrCtD": 0.005759522173057116,
    "CbGeAlD": 0.12259950157901503,
    "CbGpPWpGaD": 0.06972896321137116,
    "CcSEcCtD": 0.24118971037555811,
    "CrCbGaD": 0.0012385290750825178
  },
  "n_trials": 0.0,
  "prediction": 0.0026037709845727,
  "status": 0,
  "training_prediction": 0.0175248745685585
}