{
  "compound_id": "DB01259",
  "compound_name": "Lapatinib",
  "compound_percentile": 0.360294117647059,
  "disease_id": "DOID:585",
  "disease_name": "nephrolithiasis",
  "disease_percentile": 0.586475942782835,
  "metapath_contribution": {
    "CbGeAlD": 0.8018058935304884,
    "CcSEcCtD": 0.1981941064695116
  },
  "n_trials": 0.0,
  "prediction": 0.00167427312140403,
  "status": 0,
  "training_prediction": 0.0007548948445658821
}