{
  "compound_id": "DB06695",
  "compound_name": "Dabigatran etexilate",
  "compound_percentile": 0.5220588235294121,
  "disease_id": "DOID:585",
  "disease_name": "nephrolithiasis",
  "disease_percentile": 0.9070221066319899,
  "metapath_contribution": {
    "CbGeAlD": 0.45960221193179884,
    "CbGpPWpGaD": 0.061845084774226594,
    "CcSEcCtD": 0.4785527032939746
  },
  "n_trials": 0.0,
  "prediction": 0.00253934221849492,
  "status": 0
}