{
  "compound_id": "DB00195",
  "compound_name": "Betaxolol",
  "compound_percentile": 0.5735294117647061,
  "disease_id": "DOID:12306",
  "disease_name": "vitiligo",
  "disease_percentile": 0.45058517555266603,
  "metapath_contribution": {
    "CbGbCtD": 0.9005956494236483,
    "CcSEcCtD": 0.09940435057635157
  },
  "n_trials": 0.0,
  "prediction": 0.00128077921689222,
  "status": 0,
  "training_prediction": 0.000963265868572333
}