{
  "compound_id": "DB01039",
  "compound_name": "Fenofibrate",
  "compound_percentile": 0.992647058823529,
  "disease_id": "DOID:13189",
  "disease_name": "gout",
  "disease_percentile": 0.973992197659298,
  "metapath_contribution": {
    "CbGbCtD": 0.22842465589901947,
    "CcSEcCtD": 0.05601344730817716,
    "CrCbGaD": 0.0011435943887717548,
    "CrCrCtD": 0.24092293059946937,
    "CrCtD": 0.47349537180456225
  },
  "n_trials": 0.0,
  "prediction": 0.0314718807813612,
  "status": 0,
  "training_prediction": 0.0669359686436953
}