{
  "compound_id": "DB00331",
  "compound_name": "Metformin",
  "compound_percentile": 0.360294117647059,
  "disease_id": "DOID:12361",
  "disease_name": "Graves' disease",
  "disease_percentile": 0.7847854356306891,
  "metapath_contribution": {
    "CbGeAlD": 0.8519571644451114,
    "CcSEcCtD": 0.14804283555488854
  },
  "n_trials": 0.0,
  "prediction": 0.0021506100613377602,
  "status": 0,
  "training_prediction": 0.00359831195954996
}