{
  "compound_id": "DB00563",
  "compound_name": "Methotrexate",
  "compound_percentile": 0.191176470588235,
  "disease_id": "DOID:4989",
  "disease_name": "pancreatitis",
  "disease_percentile": 0.591027308192458,
  "metapath_contribution": {
    "CbGaD": 0.3860416422155388,
    "CbGeAlD": 0.1751395624420483,
    "CbGpPWpGaD": 0.28772451553348183,
    "CcSEcCtD": 0.15109427980893117
  },
  "n_trials": 0.0,
  "prediction": 0.00164639449414578,
  "status": 0,
  "training_prediction": 0.0142693676286849
}