{
  "compound_id": "DB00671",
  "compound_name": "Cefixime",
  "compound_percentile": 0.882352941176471,
  "disease_id": "DOID:3310",
  "disease_name": "atopic dermatitis",
  "disease_percentile": 0.211963589076723,
  "metapath_contribution": {
    "CbGbCtD": 0.5328198633086937,
    "CbGdCrCtD": 0.016218459470619093,
    "CcSEcCtD": 0.4509616772206873
  },
  "n_trials": 0.0,
  "prediction": 0.00147413369259497,
  "status": 0
}