{
  "compound_id": "DB00571",
  "compound_name": "Propranolol",
  "compound_percentile": 0.610294117647059,
  "disease_id": "DOID:2998",
  "disease_name": "testicular cancer",
  "disease_percentile": 0.279583875162549,
  "metapath_contribution": {
    "CbGbCtD": 0.8266342615441818,
    "CcSEcCtD": 0.17336573845581804
  },
  "n_trials": 0.0,
  "prediction": 0.00121215336126759,
  "status": 0,
  "training_prediction": 0.00517327867767627
}