{
  "compound_id": "DB00879",
  "compound_name": "Emtricitabine",
  "compound_percentile": 0.20588235294117604,
  "disease_id": "DOID:184",
  "disease_name": "bone cancer",
  "disease_percentile": 0.116384915474642,
  "metapath_contribution": {
    "CbGdCrCtD": 0.046852822021423476,
    "CcSEcCtD": 0.952737903833679,
    "CrCbGaD": 0.00040927414489753743
  },
  "n_trials": 0.0,
  "prediction": 0.000833216651343564,
  "status": 0
}