{
  "compound_id": "DB00629",
  "compound_name": "Guanabenz",
  "compound_percentile": 0.757352941176471,
  "disease_id": "DOID:12306",
  "disease_name": "vitiligo",
  "disease_percentile": 0.9239271781534458,
  "metapath_contribution": {
    "CbGbCtD": 0.73750459545456,
    "CcSEcCtD": 0.26249540454544007
  },
  "n_trials": 0.0,
  "prediction": 0.00233013229800442,
  "status": 0,
  "training_prediction": 0.00105098721727347
}