{
  "compound_id": "DB00871",
  "compound_name": "Terbutaline",
  "compound_percentile": 0.8308823529411771,
  "disease_id": "DOID:10283",
  "disease_name": "prostate cancer",
  "disease_percentile": 0.296488946684005,
  "metapath_contribution": {
    "CbGaD": 0.7368675578525159,
    "CbGpPWpGaD": 0.04646296469043547,
    "CcSEcCtD": 0.20820812433702646,
    "CrCbGaD": 0.008461353120022226
  },
  "n_trials": 0.0,
  "prediction": 0.00152419397365972,
  "status": 0,
  "training_prediction": 0.00645773660892697
}