{
  "compound_id": "DB00650",
  "compound_name": "Leucovorin",
  "compound_percentile": 0.213235294117647,
  "disease_id": "DOID:2355",
  "disease_name": "anemia",
  "disease_percentile": 0.432379713914174,
  "metapath_contribution": {
    "CbGeAlD": 0.2995821077112268,
    "CbGpPWpGaD": 0.6511792024973482,
    "CrCbGaD": 0.04923868979142503
  },
  "n_trials": 0.0,
  "prediction": 0.0011238700834868,
  "status": 0
}