{
  "compound_id": "DB01435",
  "compound_name": "Antipyrine",
  "compound_percentile": 0.720588235294118,
  "disease_id": "DOID:1936",
  "disease_name": "atherosclerosis",
  "disease_percentile": 0.806241872561768,
  "metapath_contribution": {
    "CbGaD": 0.24878327717044146,
    "CbGbCtD": 0.6319861500597992,
    "CbGeAlD": 0.005669771975647628,
    "CbGpPWpGaD": 0.11356080079411174
  },
  "n_trials": 0.0,
  "prediction": 0.00302941519266291,
  "status": 0
}