{
  "compound_id": "DB08896",
  "compound_name": "Regorafenib",
  "compound_percentile": 0.183823529411765,
  "disease_id": "DOID:11054",
  "disease_name": "urinary bladder cancer",
  "disease_percentile": 0.18465539661898603,
  "metapath_contribution": {
    "CbGbCtD": 0.4589969852610405,
    "CbGdCrCtD": 0.005267834085066872,
    "CbGeAlD": 0.1477210570196529,
    "CbGpPWpGaD": 0.2376187735651068,
    "CcSEcCtD": 0.15039535006913282
  },
  "n_trials": 0.0,
  "prediction": 0.0009293111104598109,
  "status": 0
}