{
  "compound_id": "DB00270",
  "compound_name": "Isradipine",
  "compound_percentile": 0.6764705882352939,
  "disease_id": "DOID:5408",
  "disease_name": "Paget's disease of bone",
  "disease_percentile": 0.18465539661898603,
  "metapath_contribution": {
    "CbGeAlD": 0.06523414424713896,
    "CcSEcCtD": 0.9347658557528611
  },
  "n_trials": 0.0,
  "prediction": 0.0010718802633212698,
  "status": 0,
  "training_prediction": 0.00174881350719915
}