{
  "compound_id": "DB01168",
  "compound_name": "Procarbazine",
  "compound_percentile": 0.911764705882353,
  "disease_id": "DOID:0060073",
  "disease_name": "lymphatic system cancer",
  "disease_percentile": 0.9746423927178149,
  "metapath_contribution": {
    "CbGbCtD": 0.10566599588986136,
    "CcSEcCtD": 0.0721656303728836,
    "CiPCiCtD": 0.822168373737255
  },
  "n_trials": 6.0,
  "prediction": 0.0109159940058706,
  "status": 0,
  "training_prediction": 0.039025075591973
}