{
  "compound_id": "DB00764",
  "compound_name": "Mometasone",
  "compound_percentile": 0.948529411764706,
  "disease_id": "DOID:986",
  "disease_name": "alopecia areata",
  "disease_percentile": 0.9876462938881659,
  "metapath_contribution": {
    "CbGbCtD": 0.10845195111947999,
    "CcSEcCtD": 0.032932671316172335,
    "CrCrCtD": 0.23708412232880274,
    "CrCtD": 0.3083258826281983,
    "CtDrD": 0.3132053726073466
  },
  "n_trials": 0.0,
  "prediction": 0.0232956779395767,
  "status": 0,
  "training_prediction": 0.0238375591330493
}