{
  "compound_id": "DB02546",
  "compound_name": "Vorinostat",
  "compound_percentile": 0.867647058823529,
  "disease_id": "DOID:1192",
  "disease_name": "peripheral nervous system neoplasm",
  "disease_percentile": 0.948634590377113,
  "metapath_contribution": {
    "CbGbCtD": 0.6668905271678286,
    "CbGdCrCtD": 0.0020144628271502566,
    "CbGeAlD": 0.044357127051827004,
    "CbGpPWpGaD": 0.1494045716562341,
    "CcSEcCtD": 0.13733331129696005
  },
  "n_trials": 6.0,
  "prediction": 0.00492563595586364,
  "status": 0,
  "training_prediction": 0.0134016974874256
}