{
  "compound_id": "DB01005",
  "compound_name": "Hydroxyurea",
  "compound_percentile": 0.897058823529412,
  "disease_id": "DOID:2174",
  "disease_name": "ocular cancer",
  "disease_percentile": 0.9947984395318601,
  "metapath_contribution": {
    "CbGpPWpGaD": 0.10878484208779617,
    "CcSEcCtD": 0.056096757985613255,
    "CtDrD": 0.8351183999265905
  },
  "n_trials": 0.0,
  "prediction": 0.00578463682994485,
  "status": 0,
  "training_prediction": 0.0120647729392776
}