{
  "compound_id": "DB01179",
  "compound_name": "Podofilox",
  "compound_percentile": 0.875,
  "disease_id": "DOID:3310",
  "disease_name": "atopic dermatitis",
  "disease_percentile": 0.476592977893368,
  "metapath_contribution": {
    "CbGbCtD": 0.8423534220417712,
    "CbGdCrCtD": 0.005186582355644235,
    "CcSEcCtD": 0.15245999560258455
  },
  "n_trials": 0.0,
  "prediction": 0.00206206577227735,
  "status": 0
}