{
  "compound_id": "DB08868",
  "compound_name": "Fingolimod",
  "compound_percentile": 0.867647058823529,
  "disease_id": "DOID:1595",
  "disease_name": "endogenous depression",
  "disease_percentile": 0.968790637191157,
  "metapath_contribution": {
    "CbGaD": 0.6434526388857724,
    "CbGeAlD": 0.16288185740431618,
    "CbGpPWpGaD": 0.19366550370991148
  },
  "n_trials": 0.0,
  "prediction": 0.00361189213492116,
  "status": 0
}