{
  "compound_id": "DB00138",
  "compound_name": "L-Cystine",
  "compound_percentile": 0.308823529411765,
  "disease_id": "DOID:5041",
  "disease_name": "esophageal cancer",
  "disease_percentile": 0.451885565669701,
  "metapath_contribution": {
    "CbGeAlD": 0.40424497419087546,
    "CbGpPWpGaD": 0.5533405690678187,
    "CrCbGaD": 0.0424144567413057
  },
  "n_trials": 0.0,
  "prediction": 0.00133067250024511,
  "status": 0
}