{
  "compound_id": "DB00640",
  "compound_name": "Adenosine",
  "compound_percentile": 0.911764705882353,
  "disease_id": "DOID:418",
  "disease_name": "systemic scleroderma",
  "disease_percentile": 0.539661898569571,
  "metapath_contribution": {
    "CbGbCtD": 0.8437704028958793,
    "CbGeAlD": 0.028756696629275644,
    "CcSEcCtD": 0.1258291223091315,
    "CrCbGaD": 0.0016437781657134586
  },
  "n_trials": 0.0,
  "prediction": 0.00180900274065077,
  "status": 0
}