{
  "compound_id": "DB01132",
  "compound_name": "Pioglitazone",
  "compound_percentile": 0.977941176470588,
  "disease_id": "DOID:10763",
  "disease_name": "hypertension",
  "disease_percentile": 0.776332899869961,
  "metapath_contribution": {
    "CbGaD": 0.16015203725573302,
    "CbGbCtD": 0.3106778804061431,
    "CbGeAlD": 0.011946651926411627,
    "CbGpPWpGaD": 0.04733863921458694,
    "CcSEcCtD": 0.10005171307020612,
    "CrCbGaD": 0.000928039336657247,
    "CtDrD": 0.3689050387902619
  },
  "n_trials": 1.0,
  "prediction": 0.00895167305729307,
  "status": 0,
  "training_prediction": 0.0975095813271638
}