{
  "compound_id": "DB00335",
  "compound_name": "Atenolol",
  "compound_percentile": 0.963235294117647,
  "disease_id": "DOID:1319",
  "disease_name": "brain cancer",
  "disease_percentile": 0.9765929778933679,
  "metapath_contribution": {
    "CcSEcCtD": 0.040093863103817816,
    "CrCrCtD": 0.259902577944668,
    "CrCtD": 0.7000035589515142
  },
  "n_trials": 0.0,
  "prediction": 0.00551353645220157,
  "status": 0
}