{
  "compound_id": "DB00735",
  "compound_name": "Naftifine",
  "compound_percentile": 0.11764705882352902,
  "disease_id": "DOID:3393",
  "disease_name": "coronary artery disease",
  "disease_percentile": 0.0130039011703511,
  "metapath_contribution": {
    "CbGpPWpGaD": 0.4075774192845996,
    "CcSEcCtD": 0.5681978270206589,
    "CrCbGaD": 0.024224753694741467
  },
  "n_trials": 0.0,
  "prediction": 0.000500367791157529,
  "status": 0
}