{
  "compound_id": "DB00640",
  "compound_name": "Adenosine",
  "compound_percentile": 0.5,
  "disease_id": "DOID:1595",
  "disease_name": "endogenous depression",
  "disease_percentile": 0.0461638491547464,
  "metapath_contribution": {
    "CbGeAlD": 0.6236346236874544,
    "CbGpPWpGaD": 0.36311572466862996,
    "CrCbGaD": 0.013249651643915682
  },
  "n_trials": 1.0,
  "prediction": 0.000841890401208643,
  "status": 0
}