{
  "compound_id": "DB00887",
  "compound_name": "Bumetanide",
  "compound_percentile": 0.852941176470588,
  "disease_id": "DOID:14268",
  "disease_name": "sclerosing cholangitis",
  "disease_percentile": 0.988946684005202,
  "metapath_contribution": {
    "CbGaD": 0.8797596893974434,
    "CbGeAlD": 0.11910255882240728,
    "CbGpPWpGaD": 0.0011377517801493514
  },
  "n_trials": 0.0,
  "prediction": 0.0036299317007478797,
  "status": 0
}