{
  "compound_id": "DB08887",
  "compound_name": "Icosapent ethyl",
  "compound_percentile": 0.867647058823529,
  "disease_id": "DOID:1936",
  "disease_name": "atherosclerosis",
  "disease_percentile": 0.41742522756827005,
  "metapath_contribution": {
    "CbGeAlD": 0.008294883596184481,
    "CbGpPWpGaD": 0.569343204048413,
    "CcSEcCtD": 0.402375508982937,
    "CrCbGaD": 0.019986403372465437
  },
  "n_trials": 0.0,
  "prediction": 0.0016015283001393301,
  "status": 0
}