{
  "compound_id": "DB00287",
  "compound_name": "Travoprost",
  "compound_percentile": 0.926470588235294,
  "disease_id": "DOID:0050741",
  "disease_name": "alcohol dependence",
  "disease_percentile": 0.347204161248374,
  "metapath_contribution": {
    "CbGpPWpGaD": 0.23311825274514753,
    "CcSEcCtD": 0.7668817472548525
  },
  "n_trials": 0.0,
  "prediction": 0.00167598830639297,
  "status": 0,
  "training_prediction": 0.00203422410394398
}