{
  "compound_id": "DB00194",
  "compound_name": "Vidarabine",
  "compound_percentile": 0.875,
  "disease_id": "DOID:9970",
  "disease_name": "obesity",
  "disease_percentile": 0.232769830949285,
  "metapath_contribution": {
    "CbGaD": 0.6500446223593627,
    "CbGeAlD": 0.05709945580540333,
    "CbGpPWpGaD": 0.12875065901337268,
    "CcSEcCtD": 0.1580838883332228,
    "CrCbGaD": 0.006021374488638514
  },
  "n_trials": 0.0,
  "prediction": 0.0014479086985864698,
  "status": 0
}