{
  "compound_id": "DB00890",
  "compound_name": "Dienestrol",
  "compound_percentile": 0.911764705882353,
  "disease_id": "DOID:2394",
  "disease_name": "ovarian cancer",
  "disease_percentile": 0.9024707412223671,
  "metapath_contribution": {
    "CbGaD": 0.86584224853946,
    "CbGeAlD": 0.06841777939448335,
    "CbGpPWpGaD": 0.06282155721882929,
    "CrCbGaD": 0.002918414847227341
  },
  "n_trials": 0.0,
  "prediction": 0.00295683569268571,
  "status": 0
}