{
  "compound_id": "DB00570",
  "compound_name": "Vinblastine",
  "compound_percentile": 0.19852941176470604,
  "disease_id": "DOID:4362",
  "disease_name": "cervical cancer",
  "disease_percentile": 0.0721716514954486,
  "metapath_contribution": {
    "CbGbCtD": 0.18869761950573954,
    "CbGeAlD": 0.5203923282016141,
    "CbGpPWpGaD": 0.1827286504569286,
    "CcSEcCtD": 0.10818140183571767
  },
  "n_trials": 2.0,
  "prediction": 0.000837922450761039,
  "status": 0,
  "training_prediction": 0.00170258485650876
}