{
  "compound_id": "DB01143",
  "compound_name": "Amifostine",
  "compound_percentile": 0.691176470588235,
  "disease_id": "DOID:332",
  "disease_name": "amyotrophic lateral sclerosis",
  "disease_percentile": 0.9356306892067621,
  "metapath_contribution": {
    "CbGeAlD": 0.5836843294496264,
    "CbGpPWpGaD": 0.19279333925864892,
    "CcSEcCtD": 0.22352233129172472
  },
  "n_trials": 0.0,
  "prediction": 0.0028091687653464103,
  "status": 0
}