{
  "compound_id": "DB01240",
  "compound_name": "Epoprostenol",
  "compound_percentile": 0.823529411764706,
  "disease_id": "DOID:13378",
  "disease_name": "Kawasaki disease",
  "disease_percentile": 0.22886866059817898,
  "metapath_contribution": {
    "CbGbCtD": 0.34230977615600455,
    "CbGeAlD": 0.5962785733975824,
    "CcSEcCtD": 0.061411650446413106
  },
  "n_trials": 0.0,
  "prediction": 0.00107856747379086,
  "status": 0
}