{
  "compound_id": "DB00979",
  "compound_name": "Cyclopentolate",
  "compound_percentile": 0.948529411764706,
  "disease_id": "DOID:6364",
  "disease_name": "migraine",
  "disease_percentile": 0.727568270481144,
  "metapath_contribution": {
    "CbGbCtD": 0.2753344862108213,
    "CbGpPWpGaD": 0.052440629773958726,
    "CcSEcCtD": 0.1354838824474134,
    "CrCbGaD": 0.005405571937923933,
    "CrCrCtD": 0.5313354296298826
  },
  "n_trials": 0.0,
  "prediction": 0.003642789057221,
  "status": 0
}