{
  "compound_id": "DB06287",
  "compound_name": "Temsirolimus",
  "compound_percentile": 0.28676470588235303,
  "disease_id": "DOID:11934",
  "disease_name": "head and neck cancer",
  "disease_percentile": 0.0715214564369311,
  "metapath_contribution": {
    "CbGbCtD": 0.6112238365174583,
    "CbGpPWpGaD": 0.17050843136239097,
    "CcSEcCtD": 0.21826773212015077
  },
  "n_trials": 0.0,
  "prediction": 0.000740536230470652,
  "status": 0,
  "training_prediction": 0.000899002944674765
}