{
  "compound_id": "DB01245",
  "compound_name": "Decamethonium",
  "compound_percentile": 0.875,
  "disease_id": "DOID:10283",
  "disease_name": "prostate cancer",
  "disease_percentile": 0.5435630689206761,
  "metapath_contribution": {
    "CbGaD": 0.7895557554449697,
    "CbGeAlD": 0.06382100578350633,
    "CbGpPWpGaD": 0.14662323877152403
  },
  "n_trials": 0.0,
  "prediction": 0.00245273787655652,
  "status": 0
}