{
  "compound_id": "DB00576",
  "compound_name": "Sulfamethizole",
  "compound_percentile": 0.948529411764706,
  "disease_id": "DOID:8778",
  "disease_name": "Crohn's disease",
  "disease_percentile": 0.854356306892068,
  "metapath_contribution": {
    "CbGaD": 0.3935289325191654,
    "CbGbCtD": 0.009859488993466189,
    "CrCbGaD": 0.001671338393685137,
    "CrCrCtD": 0.5949402400936833
  },
  "n_trials": 0.0,
  "prediction": 0.00284560949990361,
  "status": 0
}