{
  "compound_id": "DB00843",
  "compound_name": "Donepezil",
  "compound_percentile": 0.867647058823529,
  "disease_id": "DOID:1319",
  "disease_name": "brain cancer",
  "disease_percentile": 0.91222366710013,
  "metapath_contribution": {
    "CbGaD": 0.5765482073341549,
    "CbGbCtD": 0.22774204990762859,
    "CbGeAlD": 0.059271283103732454,
    "CcSEcCtD": 0.13643845965448398
  },
  "n_trials": 1.0,
  "prediction": 0.00342086673039292,
  "status": 0,
  "training_prediction": 0.0062397678323787105
}