{
  "compound_id": "DB00234",
  "compound_name": "Reboxetine",
  "compound_percentile": 0.7647058823529409,
  "disease_id": "DOID:4989",
  "disease_name": "pancreatitis",
  "disease_percentile": 0.8400520156046809,
  "metapath_contribution": {
    "CbGpPWpGaD": 0.01431250113963029,
    "CcSEcCtD": 0.16397069767775252,
    "CrCrCtD": 0.8217168011826173
  },
  "n_trials": 0.0,
  "prediction": 0.00232917316082406,
  "status": 0
}