{
  "compound_id": "DB01196",
  "compound_name": "Estramustine",
  "compound_percentile": 0.882352941176471,
  "disease_id": "DOID:2994",
  "disease_name": "germ cell cancer",
  "disease_percentile": 0.893368010403121,
  "metapath_contribution": {
    "CbGbCtD": 0.06933129886622463,
    "CbGeAlD": 0.053844598910670255,
    "CbGpPWpGaD": 0.022470276782721465,
    "CcSEcCtD": 0.03731260897423035,
    "CiPCiCtD": 0.8161959073646377,
    "CrCbGaD": 0.0008453091015155988
  },
  "n_trials": 0.0,
  "prediction": 0.00290260234100852,
  "status": 0,
  "training_prediction": 0.00529670719680805
}