{
  "compound_id": "DB00619",
  "compound_name": "Imatinib",
  "compound_percentile": 0.970588235294118,
  "disease_id": "DOID:263",
  "disease_name": "kidney cancer",
  "disease_percentile": 0.9239271781534458,
  "metapath_contribution": {
    "CbGaD": 0.30498437550613783,
    "CbGbCtD": 0.4655599295778601,
    "CbGdCrCtD": 0.0008852143574293588,
    "CbGeAlD": 0.033410613497299194,
    "CbGpPWpGaD": 0.07119755165648638,
    "CcSEcCtD": 0.12139460288331841,
    "CrCbGaD": 0.002567712521468746
  },
  "n_trials": 0.0,
  "prediction": 0.00541357239173646,
  "status": 0,
  "training_prediction": 0.0156396462732293
}