{
  "compound_id": "DB01611",
  "compound_name": "Hydroxychloroquine",
  "compound_percentile": 0.669117647058823,
  "disease_id": "DOID:4989",
  "disease_name": "pancreatitis",
  "disease_percentile": 0.325747724317295,
  "metapath_contribution": {
    "CbGpPWpGaD": 0.6763133944135489,
    "CcSEcCtD": 0.3176368108056747,
    "CrCbGaD": 0.0060497947807763896
  },
  "n_trials": 0.0,
  "prediction": 0.00119923236248884,
  "status": 0
}