{
  "compound_id": "DB06209",
  "compound_name": "Prasugrel",
  "compound_percentile": 0.8602941176470591,
  "disease_id": "DOID:8893",
  "disease_name": "psoriasis",
  "disease_percentile": 0.5214564369310789,
  "metapath_contribution": {
    "CbGbCtD": 0.8255526453368263,
    "CbGpPWpGaD": 0.016263472895342457,
    "CcSEcCtD": 0.15818388176783132
  },
  "n_trials": 0.0,
  "prediction": 0.00193624339561375,
  "status": 0
}