{
  "compound_id": "DB00263",
  "compound_name": "Sulfisoxazole",
  "compound_percentile": 0.904411764705882,
  "disease_id": "DOID:635",
  "disease_name": "acquired immunodeficiency syndrome",
  "disease_percentile": 0.319895968790637,
  "metapath_contribution": {
    "CbGbCtD": 0.9564011248918398,
    "CbGpPWpGaD": 0.03968228225938442,
    "CrCbGaD": 0.003916592848775814
  },
  "n_trials": 0.0,
  "prediction": 0.0018543861706537,
  "status": 0
}