{
  "compound_id": "DB00497",
  "compound_name": "Oxycodone",
  "compound_percentile": 0.8602941176470591,
  "disease_id": "DOID:1936",
  "disease_name": "atherosclerosis",
  "disease_percentile": 0.5039011703511049,
  "metapath_contribution": {
    "CbGbCtD": 0.7307770472056088,
    "CbGpPWpGaD": 0.06379719781861137,
    "CcSEcCtD": 0.20207058664151936,
    "CrCbGaD": 0.003355168334260384
  },
  "n_trials": 0.0,
  "prediction": 0.0018662407011757899,
  "status": 0
}