{
  "compound_id": "DB01177",
  "compound_name": "Idarubicin",
  "compound_percentile": 0.28676470588235303,
  "disease_id": "DOID:8577",
  "disease_name": "ulcerative colitis",
  "disease_percentile": 0.005851755526658001,
  "metapath_contribution": {
    "CbGbCtD": 0.48635021427869723,
    "CbGdCrCtD": 0.008576039635462777,
    "CcSEcCtD": 0.5040185850070606,
    "CrCbGaD": 0.0010551610787794376
  },
  "n_trials": 0.0,
  "prediction": 0.000575848440119402,
  "status": 0,
  "training_prediction": 0.00328796579828939
}