{
  "compound_id": "DB00688",
  "compound_name": "Mycophenolate mofetil",
  "compound_percentile": 0.8602941176470591,
  "disease_id": "DOID:10976",
  "disease_name": "membranous glomerulonephritis",
  "disease_percentile": 0.9863459037711311,
  "metapath_contribution": {
    "CbGaD": 0.21496901879665595,
    "CbGeAlD": 0.035758621156462646,
    "CbGpPWpGaD": 0.010772897941082427,
    "CtDrD": 0.7384994621057991
  },
  "n_trials": 5.0,
  "prediction": 0.00337169085455377,
  "status": 0
}