{
  "compound_id": "DB01214",
  "compound_name": "Metipranolol",
  "compound_percentile": 0.9852941176470591,
  "disease_id": "DOID:2841",
  "disease_name": "asthma",
  "disease_percentile": 0.8699609882964889,
  "metapath_contribution": {
    "CbGaD": 0.2388035658408239,
    "CbGbCtD": 0.5059357586259554,
    "CbGpPWpGaD": 0.024245643816202766,
    "CcSEcCtD": 0.08804567948950606,
    "CrCbGaD": 0.0018074608499302786,
    "CrCrCtD": 0.14116189137758156
  },
  "n_trials": 0.0,
  "prediction": 0.006984384034844171,
  "status": 0,
  "training_prediction": 0.0458547992447715
}