{
  "compound_id": "DB00498",
  "compound_name": "Phenindione",
  "compound_percentile": 0.911764705882353,
  "disease_id": "DOID:10763",
  "disease_name": "hypertension",
  "disease_percentile": 0.0552665799739922,
  "metapath_contribution": {
    "CbGeAlD": 0.048119528951639845,
    "CbGpPWpGaD": 0.07221383363941566,
    "CrCbGaD": 0.011815733437278148,
    "CrCrCtD": 0.8678509039716662
  },
  "n_trials": 0.0,
  "prediction": 0.00101527639343249,
  "status": 0
}