{
  "compound_id": "DB01248",
  "compound_name": "Docetaxel",
  "compound_percentile": 0.6985294117647061,
  "disease_id": "DOID:14227",
  "disease_name": "azoospermia",
  "disease_percentile": 0.9284785435630691,
  "metapath_contribution": {
    "CbGaD": 0.7347454641003829,
    "CbGbCtD": 0.06825647446688307,
    "CbGdCrCtD": 0.0045516799715286166,
    "CbGeAlD": 0.050003940066609145,
    "CbGpPWpGaD": 0.015575819671176782,
    "CcSEcCtD": 0.1219574481758088,
    "CrCbGaD": 0.0049091735476108275
  },
  "n_trials": 0.0,
  "prediction": 0.0030262094482751698,
  "status": 0,
  "training_prediction": 0.00764656064927075
}