{
  "compound_id": "DB00909",
  "compound_name": "Zonisamide",
  "compound_percentile": 0.602941176470588,
  "disease_id": "DOID:2377",
  "disease_name": "multiple sclerosis",
  "disease_percentile": 0.58777633289987,
  "metapath_contribution": {
    "CbGbCtD": 0.22520573279015044,
    "CbGeAlD": 0.2597353233427389,
    "CbGpPWpGaD": 0.18882487500512674,
    "CcSEcCtD": 0.3262340688619838
  },
  "n_trials": 0.0,
  "prediction": 0.0021027515582043603,
  "status": 0,
  "training_prediction": 0.00538422113739216
}