{
  "compound_id": "DB00647",
  "compound_name": "Dextropropoxyphene",
  "compound_percentile": 0.7941176470588229,
  "disease_id": "DOID:1936",
  "disease_name": "atherosclerosis",
  "disease_percentile": 0.264629388816645,
  "metapath_contribution": {
    "CbGbCtD": 0.7802767005834765,
    "CbGpPWpGaD": 0.07105467139636099,
    "CcSEcCtD": 0.14128985642600522,
    "CrCbGaD": 0.007378771594157159
  },
  "n_trials": 0.0,
  "prediction": 0.00128266952320489,
  "status": 0
}