{
  "compound_id": "DB00988",
  "compound_name": "Dopamine",
  "compound_percentile": 0.941176470588235,
  "disease_id": "DOID:2994",
  "disease_name": "germ cell cancer",
  "disease_percentile": 0.9453836150845251,
  "metapath_contribution": {
    "CbGaD": 0.6695333123822591,
    "CbGbCtD": 0.1496089441441611,
    "CbGeAlD": 0.06774497475047324,
    "CbGpPWpGaD": 0.0999981517227985,
    "CcSEcCtD": 0.01009775480252184,
    "CrCbGaD": 0.003016862197786247
  },
  "n_trials": 0.0,
  "prediction": 0.0037704429937348797,
  "status": 0
}