{
  "compound_id": "DB01008",
  "compound_name": "Busulfan",
  "compound_percentile": 0.713235294117647,
  "disease_id": "DOID:12365",
  "disease_name": "malaria",
  "disease_percentile": 0.8068920676202859,
  "metapath_contribution": {
    "CbGbCtD": 0.4790141360800818,
    "CbGeAlD": 0.15002462512967213,
    "CbGpPWpGaD": 0.08946910389449901,
    "CcSEcCtD": 0.2814921348957471
  },
  "n_trials": 0.0,
  "prediction": 0.00337809917558159,
  "status": 0,
  "training_prediction": 0.00863260768946288
}