{
  "compound_id": "DB06772",
  "compound_name": "Cabazitaxel",
  "compound_percentile": 0.0588235294117647,
  "disease_id": "DOID:3070",
  "disease_name": "malignant glioma",
  "disease_percentile": 0.0598179453836151,
  "metapath_contribution": {
    "CbGeAlD": 0.22869797604542158,
    "CbGpPWpGaD": 0.423721710612769,
    "CcSEcCtD": 0.3273121272677228,
    "CrCbGaD": 0.02026818607408663
  },
  "n_trials": 0.0,
  "prediction": 0.000649212456255995,
  "status": 0,
  "training_prediction": 0.00047869794353344006
}