{
  "compound_id": "DB04572",
  "compound_name": "Thiotepa",
  "compound_percentile": 0.948529411764706,
  "disease_id": "DOID:2994",
  "disease_name": "germ cell cancer",
  "disease_percentile": 0.992197659297789,
  "metapath_contribution": {
    "CbGbCtD": 0.08546504599739033,
    "CcSEcCtD": 0.05903320378948647,
    "CiPCiCtD": 0.5711526271093953,
    "CtDrD": 0.2843491231037279
  },
  "n_trials": 4.0,
  "prediction": 0.0204265703068938,
  "status": 0,
  "training_prediction": 0.0980204695193987
}