{
  "compound_id": "DB00585",
  "compound_name": "Nizatidine",
  "compound_percentile": 0.926470588235294,
  "disease_id": "DOID:2841",
  "disease_name": "asthma",
  "disease_percentile": 0.624187256176853,
  "metapath_contribution": {
    "CbGbCtD": 0.6196995614162908,
    "CbGeAlD": 0.02903936393874525,
    "CbGpPWpGaD": 0.08690547366210806,
    "CcSEcCtD": 0.2643556009828559
  },
  "n_trials": 0.0,
  "prediction": 0.00308125245522099,
  "status": 0
}