{
  "compound_id": "DB00569",
  "compound_name": "Fondaparinux sodium",
  "compound_percentile": 0.838235294117647,
  "disease_id": "DOID:1115",
  "disease_name": "sarcoma",
  "disease_percentile": 0.698309492847854,
  "metapath_contribution": {
    "CbGeAlD": 0.06908395162589169,
    "CbGpPWpGaD": 0.06508903564689958,
    "CcSEcCtD": 0.8658270127272086
  },
  "n_trials": 0.0,
  "prediction": 0.0019374571528832398,
  "status": 0
}