{
  "compound_id": "DB00710",
  "compound_name": "Ibandronate",
  "compound_percentile": 0.0367647058823529,
  "disease_id": "DOID:10283",
  "disease_name": "prostate cancer",
  "disease_percentile": 0.0942782834850455,
  "metapath_contribution": {
    "CbGeAlD": 0.055711363695117914,
    "CbGpPWpGaD": 0.12880435887676497,
    "CcSEcCtD": 0.8154842774281171
  },
  "n_trials": 1.0,
  "prediction": 0.00087520930988843,
  "status": 0,
  "training_prediction": 0.00371592269615514
}