{
  "compound_id": "DB00499",
  "compound_name": "Flutamide",
  "compound_percentile": 0.75,
  "disease_id": "DOID:11476",
  "disease_name": "osteoporosis",
  "disease_percentile": 0.875812743823147,
  "metapath_contribution": {
    "CbGbCtD": 0.7289511484700355,
    "CbGpPWpGaD": 0.05147518167215335,
    "CcSEcCtD": 0.21957366985781118
  },
  "n_trials": 0.0,
  "prediction": 0.00357239843981451,
  "status": 0,
  "training_prediction": 0.0115571010530052
}