{
  "compound_id": "DB04942",
  "compound_name": "Tamibarotene",
  "compound_percentile": 1.0,
  "disease_id": "DOID:2531",
  "disease_name": "hematologic cancer",
  "disease_percentile": 0.9681404421326401,
  "metapath_contribution": {
    "CbGaD": 0.23699091858569207,
    "CbGbCtD": 0.20455339517696144,
    "CbGeAlD": 0.006721838722970667,
    "CbGpPWpGaD": 0.02677470729474253,
    "CrCtD": 0.5249591402196333
  },
  "n_trials": 0.0,
  "prediction": 0.0378219391566009,
  "status": 0
}