{
  "compound_id": "DB01042",
  "compound_name": "Melphalan",
  "compound_percentile": 0.279411764705882,
  "disease_id": "DOID:418",
  "disease_name": "systemic scleroderma",
  "disease_percentile": 0.192457737321196,
  "metapath_contribution": {
    "CbGdCrCtD": 0.02579553912021427,
    "CbGeAlD": 0.027459760764698943,
    "CcSEcCtD": 0.9467447001150868
  },
  "n_trials": 0.0,
  "prediction": 0.0011221997128059,
  "status": 0,
  "training_prediction": 0.0075914162758777
}