{
  "compound_id": "DB08826",
  "compound_name": "Deferiprone",
  "compound_percentile": 0.867647058823529,
  "disease_id": "DOID:9970",
  "disease_name": "obesity",
  "disease_percentile": 0.490897269180754,
  "metapath_contribution": {
    "CbGeAlD": 0.006139379196845616,
    "CbGpPWpGaD": 0.3317723940283586,
    "CcSEcCtD": 0.6620882267747958
  },
  "n_trials": 0.0,
  "prediction": 0.00245497913694209,
  "status": 0
}