{
  "compound_id": "DB01214",
  "compound_name": "Metipranolol",
  "compound_percentile": 0.10294117647058802,
  "disease_id": "DOID:10652",
  "disease_name": "Alzheimer's disease",
  "disease_percentile": 0.120936280884265,
  "metapath_contribution": {
    "CbGpPWpGaD": 0.11088347850246767,
    "CcSEcCtD": 0.874035169628372,
    "CrCbGaD": 0.015081351869160332
  },
  "n_trials": 0.0,
  "prediction": 0.000868542368752184,
  "status": 0,
  "training_prediction": 0.0010543721042549099
}