{
  "compound_id": "DB05246",
  "compound_name": "Methsuximide",
  "compound_percentile": 0.838235294117647,
  "disease_id": "DOID:4159",
  "disease_name": "skin cancer",
  "disease_percentile": 0.333550065019506,
  "metapath_contribution": {
    "CbGbCtD": 0.22378062627577852,
    "CcSEcCtD": 0.7559397549654687,
    "CrCbGaD": 0.02027961875875277
  },
  "n_trials": 0.0,
  "prediction": 0.00137163535418654,
  "status": 0
}