{
  "compound_id": "DB01211",
  "compound_name": "Clarithromycin",
  "compound_percentile": 0.845588235294118,
  "disease_id": "DOID:0050741",
  "disease_name": "alcohol dependence",
  "disease_percentile": 0.41222366710013003,
  "metapath_contribution": {
    "CbGbCtD": 0.6162839128377144,
    "CbGeAlD": 0.004214720495044339,
    "CbGpPWpGaD": 0.09277980965565047,
    "CcSEcCtD": 0.2867215570115908
  },
  "n_trials": 0.0,
  "prediction": 0.0018593581252346698,
  "status": 0
}