{
  "compound_id": "DB06770",
  "compound_name": "Benzyl alcohol",
  "compound_percentile": 0.602941176470588,
  "disease_id": "DOID:1115",
  "disease_name": "sarcoma",
  "disease_percentile": 0.505851755526658,
  "metapath_contribution": {
    "CbGbCtD": 0.974584651908073,
    "CbGeAlD": 0.022896576654092594,
    "CrCbGaD": 0.002518771437834455
  },
  "n_trials": 0.0,
  "prediction": 0.0014379905378214901,
  "status": 0
}