{
  "compound_id": "DB01080",
  "compound_name": "Vigabatrin",
  "compound_percentile": 0.757352941176471,
  "disease_id": "DOID:332",
  "disease_name": "amyotrophic lateral sclerosis",
  "disease_percentile": 0.697659297789337,
  "metapath_contribution": {
    "CbGeAlD": 0.14425262696665606,
    "CbGpPWpGaD": 0.2632218178390875,
    "CcSEcCtD": 0.5925255551942564
  },
  "n_trials": 0.0,
  "prediction": 0.00172933255345041,
  "status": 0,
  "training_prediction": 0.000779743609101224
}