{
  "compound_id": "DB00136",
  "compound_name": "Calcitriol",
  "compound_percentile": 0.639705882352941,
  "disease_id": "DOID:9970",
  "disease_name": "obesity",
  "disease_percentile": 0.20026007802340698,
  "metapath_contribution": {
    "CbGbCtD": 0.3467670987639032,
    "CbGeAlD": 0.08237952883695401,
    "CbGpPWpGaD": 0.25798440323308386,
    "CcSEcCtD": 0.3123067773099182,
    "CrCbGaD": 0.0005621918561405743
  },
  "n_trials": 0.0,
  "prediction": 0.00133484701508858,
  "status": 0,
  "training_prediction": 0.005694629775936121
}