{
  "compound_id": "DB00784",
  "compound_name": "Mefenamic acid",
  "compound_percentile": 0.20588235294117604,
  "disease_id": "DOID:1312",
  "disease_name": "focal segmental glomerulosclerosis",
  "disease_percentile": 0.19830949284785399,
  "metapath_contribution": {
    "CbGbCtD": 0.603295510505711,
    "CbGeAlD": 0.012144269674528241,
    "CbGpPWpGaD": 0.004274692514787759,
    "CcSEcCtD": 0.3675299420576935,
    "CrCbGaD": 0.01275558524727958
  },
  "n_trials": 0.0,
  "prediction": 0.000976608938358751,
  "status": 0
}