{
  "compound_id": "DB04574",
  "compound_name": "Estropipate",
  "compound_percentile": 0.977941176470588,
  "disease_id": "DOID:363",
  "disease_name": "uterine cancer",
  "disease_percentile": 0.9596879063719119,
  "metapath_contribution": {
    "CbGaD": 0.3214854162490553,
    "CbGbCtD": 0.3414358916112416,
    "CbGeAlD": 0.02002340233009342,
    "CbGpPWpGaD": 0.01620714288843529,
    "CcSEcCtD": 0.11903540379323832,
    "CrCbGaD": 0.0029673283985502466,
    "CrCrCtD": 0.17884541472938592
  },
  "n_trials": 0.0,
  "prediction": 0.00746979510874455,
  "status": 0,
  "training_prediction": 0.0135796763926567
}