{
  "compound_id": "DB00898",
  "compound_name": "Ethanol",
  "compound_percentile": 0.823529411764706,
  "disease_id": "DOID:2531",
  "disease_name": "hematologic cancer",
  "disease_percentile": 0.7223667100130041,
  "metapath_contribution": {
    "CbGbCtD": 0.8478483858999244,
    "CbGeAlD": 0.04508102843995972,
    "CbGpPWpGaD": 0.10707058566011596
  },
  "n_trials": 0.0,
  "prediction": 0.00373008662540489,
  "status": 0
}