{
  "compound_id": "DB01328",
  "compound_name": "Cefonicid",
  "compound_percentile": 0.948529411764706,
  "disease_id": "DOID:3393",
  "disease_name": "coronary artery disease",
  "disease_percentile": 0.330299089726918,
  "metapath_contribution": {
    "CbGaD": 0.35694691701015974,
    "CbGbCtD": 0.5646405431931033,
    "CbGpPWpGaD": 0.07569521015320331,
    "CrCbGaD": 0.002717329643533788
  },
  "n_trials": 0.0,
  "prediction": 0.0017138836772119198,
  "status": 0
}