{
  "compound_id": "DB00262",
  "compound_name": "Carmustine",
  "compound_percentile": 0.632352941176471,
  "disease_id": "DOID:3393",
  "disease_name": "coronary artery disease",
  "disease_percentile": 0.4661898569570871,
  "metapath_contribution": {
    "CbGbCtD": 0.2799762423218362,
    "CbGpPWpGaD": 0.29762474245563525,
    "CcSEcCtD": 0.42239901522252854
  },
  "n_trials": 0.0,
  "prediction": 0.00221538611948905,
  "status": 0,
  "training_prediction": 0.0392057993270287
}