{
  "compound_id": "DB06196",
  "compound_name": "Icatibant",
  "compound_percentile": 0.485294117647059,
  "disease_id": "DOID:10534",
  "disease_name": "stomach cancer",
  "disease_percentile": 0.5851755526658001,
  "metapath_contribution": {
    "CbGeAlD": 0.3837328145496379,
    "CbGpPWpGaD": 0.5154442005598346,
    "CcSEcCtD": 0.10082298489052739
  },
  "n_trials": 0.0,
  "prediction": 0.0017648490460959398,
  "status": 0
}