{
  "compound_id": "DB00422",
  "compound_name": "Methylphenidate",
  "compound_percentile": 0.9558823529411771,
  "disease_id": "DOID:1686",
  "disease_name": "glaucoma",
  "disease_percentile": 0.8654096228868661,
  "metapath_contribution": {
    "CbGbCtD": 0.22186099006140889,
    "CbGpPWpGaD": 0.018222639337897268,
    "CcSEcCtD": 0.19103168125894646,
    "CpDpCtD": 0.5688846893417474
  },
  "n_trials": 0.0,
  "prediction": 0.00368745542137892,
  "status": 0
}