{
  "compound_id": "DB00334",
  "compound_name": "Olanzapine",
  "compound_percentile": 0.617647058823529,
  "disease_id": "DOID:12361",
  "disease_name": "Graves' disease",
  "disease_percentile": 0.578023407022107,
  "metapath_contribution": {
    "CbGbCtD": 0.7921185911408065,
    "CbGeAlD": 0.09633078232344168,
    "CbGpPWpGaD": 0.11155062653575176
  },
  "n_trials": 0.0,
  "prediction": 0.00165072433820852,
  "status": 0
}