{
  "compound_id": "DB00872",
  "compound_name": "Conivaptan",
  "compound_percentile": 0.808823529411765,
  "disease_id": "DOID:1324",
  "disease_name": "lung cancer",
  "disease_percentile": 0.499349804941482,
  "metapath_contribution": {
    "CbGbCtD": 0.41041342568481365,
    "CbGeAlD": 0.014189467932862502,
    "CbGpPWpGaD": 0.21071199906634971,
    "CcSEcCtD": 0.3545045866077363,
    "CrCbGaD": 0.010180520708237854
  },
  "n_trials": 0.0,
  "prediction": 0.0018580200661210801,
  "status": 0
}