{
  "compound_id": "DB01248",
  "compound_name": "Docetaxel",
  "compound_percentile": 0.5,
  "disease_id": "DOID:1319",
  "disease_name": "brain cancer",
  "disease_percentile": 0.732769830949285,
  "metapath_contribution": {
    "CbGaD": 0.31348224953709225,
    "CbGbCtD": 0.3792302358843898,
    "CbGdCrCtD": 0.00220720202134177,
    "CbGeAlD": 0.0729421666881641,
    "CbGpPWpGaD": 0.08562590071444241,
    "CcSEcCtD": 0.14506986106770578,
    "CrCbGaD": 0.0014423840868638957
  },
  "n_trials": 1.0,
  "prediction": 0.00218715092498106,
  "status": 0,
  "training_prediction": 0.0221414746532464
}