{
  "compound_id": "DB00996",
  "compound_name": "Gabapentin",
  "compound_percentile": 0.11764705882352902,
  "disease_id": "DOID:2174",
  "disease_name": "ocular cancer",
  "disease_percentile": 0.612483745123537,
  "metapath_contribution": {
    "CbGpPWpGaD": 0.9709690997191438,
    "CcSEcCtD": 0.029030900280856232
  },
  "n_trials": 0.0,
  "prediction": 0.00130533303449745,
  "status": 0,
  "training_prediction": 0.00160233001722669
}