{
  "compound_id": "DB00132",
  "compound_name": "Alpha-Linolenic Acid",
  "compound_percentile": 0.455882352941176,
  "disease_id": "DOID:11934",
  "disease_name": "head and neck cancer",
  "disease_percentile": 0.45058517555266603,
  "metapath_contribution": {
    "CbGeAlD": 0.8757826841915587,
    "CbGpPWpGaD": 0.10051140506137304,
    "CrCbGaD": 0.023705910747068414
  },
  "n_trials": 0.0,
  "prediction": 0.00130709629247327,
  "status": 0
}