{
  "compound_id": "DB05109",
  "compound_name": "Trabectedin",
  "compound_percentile": 0.852941176470588,
  "disease_id": "DOID:0050741",
  "disease_name": "alcohol dependence",
  "disease_percentile": 0.905071521456437,
  "metapath_contribution": {
    "CbGaD": 0.40823512630726905,
    "CbGbCtD": 0.4028315331419556,
    "CbGeAlD": 0.020823718082956043,
    "CbGpPWpGaD": 0.0753715551598156,
    "CcSEcCtD": 0.09273806730800366
  },
  "n_trials": 0.0,
  "prediction": 0.0066487363208247,
  "status": 0
}