{
  "compound_id": "DB00768",
  "compound_name": "Olopatadine",
  "compound_percentile": 0.264705882352941,
  "disease_id": "DOID:1094",
  "disease_name": "attention deficit hyperactivity disorder",
  "disease_percentile": 0.167750325097529,
  "metapath_contribution": {
    "CbGeAlD": 0.6188690040298784,
    "CbGpPWpGaD": 0.3202783448067538,
    "CrCbGaD": 0.060852651163367855
  },
  "n_trials": 0.0,
  "prediction": 0.0009583280912120881,
  "status": 0
}