{
  "compound_id": "DB00952",
  "compound_name": "Naratriptan",
  "compound_percentile": 0.7647058823529409,
  "disease_id": "DOID:635",
  "disease_name": "acquired immunodeficiency syndrome",
  "disease_percentile": 0.315344603381014,
  "metapath_contribution": {
    "CbGeAlD": 0.0696410199095042,
    "CbGpPWpGaD": 0.07660328531214104,
    "CcSEcCtD": 0.8537556947783548
  },
  "n_trials": 0.0,
  "prediction": 0.00182710785778276,
  "status": 0
}