{
  "compound_id": "DB01154",
  "compound_name": "Thiamylal",
  "compound_percentile": 0.941176470588235,
  "disease_id": "DOID:12361",
  "disease_name": "Graves' disease",
  "disease_percentile": 0.9538361508452541,
  "metapath_contribution": {
    "CbGaD": 0.8676816797731389,
    "CbGeAlD": 0.005719786496570562,
    "CbGpPWpGaD": 0.11794311384089795,
    "CrCbGaD": 0.00865541988939259
  },
  "n_trials": 0.0,
  "prediction": 0.00324446283676747,
  "status": 0
}