{
  "compound_id": "DB00352",
  "compound_name": "Tioguanine",
  "compound_percentile": 0.5220588235294121,
  "disease_id": "DOID:11612",
  "disease_name": "polycystic ovary syndrome",
  "disease_percentile": 0.7184655396618991,
  "metapath_contribution": {
    "CbGeAlD": 0.7139825487943142,
    "CbGpPWpGaD": 0.2860174512056857
  },
  "n_trials": 0.0,
  "prediction": 0.0019002350729315199,
  "status": 0,
  "training_prediction": 0.0008568828782673701
}