{
  "compound_id": "DB00651",
  "compound_name": "Dyphylline",
  "compound_percentile": 0.897058823529412,
  "disease_id": "DOID:1826",
  "disease_name": "epilepsy syndrome",
  "disease_percentile": 0.310793237971391,
  "metapath_contribution": {
    "CbGbCtD": 0.4740830593585681,
    "CbGeAlD": 0.09693652412400516,
    "CbGpPWpGaD": 0.1906675945962772,
    "CcSEcCtD": 0.23107155070812258,
    "CrCbGaD": 0.007241271213027111
  },
  "n_trials": 0.0,
  "prediction": 0.00222243839161595,
  "status": 0,
  "training_prediction": 0.0108175668685671
}