{
  "compound_id": "DB00804",
  "compound_name": "Dicyclomine",
  "compound_percentile": 0.882352941176471,
  "disease_id": "DOID:2531",
  "disease_name": "hematologic cancer",
  "disease_percentile": 0.7548764629388821,
  "metapath_contribution": {
    "CbGbCtD": 0.5588636070430621,
    "CbGpPWpGaD": 0.07495916494426123,
    "CcSEcCtD": 0.3661772280126766
  },
  "n_trials": 0.0,
  "prediction": 0.004055845078413179,
  "status": 0
}