{
  "compound_id": "DB00831",
  "compound_name": "Trifluoperazine",
  "compound_percentile": 0.5514705882352939,
  "disease_id": "DOID:11714",
  "disease_name": "gestational diabetes",
  "disease_percentile": 0.0364109232769831,
  "metapath_contribution": {
    "CbGeAlD": 0.6676058663082879,
    "CbGpPWpGaD": 0.05969170378624104,
    "CcSEcCtD": 0.27270242990547106
  },
  "n_trials": 0.0,
  "prediction": 0.0008327877626915559,
  "status": 0
}