{
  "compound_id": "DB00779",
  "compound_name": "Nalidixic Acid",
  "compound_percentile": 0.617647058823529,
  "disease_id": "DOID:5041",
  "disease_name": "esophageal cancer",
  "disease_percentile": 0.52925877763329,
  "metapath_contribution": {
    "CbGpPWpGaD": 0.3364802475589273,
    "CcSEcCtD": 0.5902445425963241,
    "CrCbGaD": 0.07327520984474854
  },
  "n_trials": 0.0,
  "prediction": 0.00151397044870966,
  "status": 0
}