{
  "compound_id": "DB00198",
  "compound_name": "Oseltamivir",
  "compound_percentile": 0.970588235294118,
  "disease_id": "DOID:13189",
  "disease_name": "gout",
  "disease_percentile": 0.877113133940182,
  "metapath_contribution": {
    "CbGbCtD": 0.7388659617862393,
    "CbGpPWpGaD": 0.1103680490732389,
    "CcSEcCtD": 0.15076598914052175
  },
  "n_trials": 0.0,
  "prediction": 0.0053728321745942,
  "status": 0
}