{
  "compound_id": "DB00854",
  "compound_name": "Levorphanol",
  "compound_percentile": 0.0735294117647059,
  "disease_id": "DOID:5419",
  "disease_name": "schizophrenia",
  "disease_percentile": 0.10338101430429099,
  "metapath_contribution": {
    "CbGeAlD": 0.31698845488788996,
    "CbGpPWpGaD": 0.6289474792313104,
    "CrCbGaD": 0.05406406588079955
  },
  "n_trials": 0.0,
  "prediction": 0.000786609023450698,
  "status": 0
}