{
  "compound_id": "DB00344",
  "compound_name": "Protriptyline",
  "compound_percentile": 0.970588235294118,
  "disease_id": "DOID:9970",
  "disease_name": "obesity",
  "disease_percentile": 0.8003901170351109,
  "metapath_contribution": {
    "CbGaD": 0.17760805438312324,
    "CbGbCtD": 0.4664101049114751,
    "CbGeAlD": 0.009844824799617777,
    "CbGpPWpGaD": 0.0238811587511369,
    "CcSEcCtD": 0.09665035964346065,
    "CrCbGaD": 0.002854928135183555,
    "CrCrCtD": 0.22275056937600277
  },
  "n_trials": 0.0,
  "prediction": 0.005299216221385739,
  "status": 0
}