{
  "compound_id": "DB01212",
  "compound_name": "Ceftriaxone",
  "compound_percentile": 0.0514705882352941,
  "disease_id": "DOID:263",
  "disease_name": "kidney cancer",
  "disease_percentile": 0.0858257477243173,
  "metapath_contribution": {
    "CbGeAlD": 0.20048841553774752,
    "CbGpPWpGaD": 0.05122470347902454,
    "CcSEcCtD": 0.7482868809832279
  },
  "n_trials": 0.0,
  "prediction": 0.000773144454425968,
  "status": 0
}