{
  "compound_id": "DB06262",
  "compound_name": "Droxidopa",
  "compound_percentile": 0.191176470588235,
  "disease_id": "DOID:10652",
  "disease_name": "Alzheimer's disease",
  "disease_percentile": 0.0650195058517555,
  "metapath_contribution": {
    "CbGeAlD": 0.23669821373247896,
    "CbGpPWpGaD": 0.4680584911317809,
    "CcSEcCtD": 0.27540825487854026,
    "CrCbGaD": 0.01983504025719984
  },
  "n_trials": 0.0,
  "prediction": 0.0007445013610051691,
  "status": 0
}