{
  "compound_id": "DB01022",
  "compound_name": "Phylloquinone",
  "compound_percentile": 0.632352941176471,
  "disease_id": "DOID:3083",
  "disease_name": "chronic obstructive pulmonary disease",
  "disease_percentile": 0.273081924577373,
  "metapath_contribution": {
    "CbGeAlD": 0.3243946923308693,
    "CbGpPWpGaD": 0.3140219729822755,
    "CcSEcCtD": 0.284244318645457,
    "CrCbGaD": 0.07733901604139802
  },
  "n_trials": 0.0,
  "prediction": 0.00153864301109251,
  "status": 0
}