{
  "compound_id": "DB08827",
  "compound_name": "Lomitapide",
  "compound_percentile": 0.963235294117647,
  "disease_id": "DOID:12236",
  "disease_name": "primary biliary cirrhosis",
  "disease_percentile": 0.9681404421326401,
  "metapath_contribution": {
    "CbGbCtD": 0.12194260615499963,
    "CbGpPWpGaD": 0.02133034562430916,
    "CcSEcCtD": 0.07345255383685165,
    "CiPCiCtD": 0.7832744943838396
  },
  "n_trials": 0.0,
  "prediction": 0.00635862733854479,
  "status": 0
}