{
  "compound_id": "DB00752",
  "compound_name": "Tranylcypromine",
  "compound_percentile": 0.948529411764706,
  "disease_id": "DOID:635",
  "disease_name": "acquired immunodeficiency syndrome",
  "disease_percentile": 0.73146944083225,
  "metapath_contribution": {
    "CbGbCtD": 0.7921125838815058,
    "CbGeAlD": 0.035817047751783765,
    "CcSEcCtD": 0.16846537910669523,
    "CrCbGaD": 0.0036049892600150558
  },
  "n_trials": 0.0,
  "prediction": 0.0035899060917854897,
  "status": 0
}