{
  "compound_id": "DB00472",
  "compound_name": "Fluoxetine",
  "compound_percentile": 0.933823529411765,
  "disease_id": "DOID:10652",
  "disease_name": "Alzheimer's disease",
  "disease_percentile": 0.900520156046814,
  "metapath_contribution": {
    "CbGaD": 0.32442161925686647,
    "CbGbCtD": 0.41521684312403845,
    "CbGeAlD": 0.04015098133487961,
    "CbGpPWpGaD": 0.04002183371985983,
    "CcSEcCtD": 0.17784270610249178,
    "CrCbGaD": 0.002346016461863987
  },
  "n_trials": 0.0,
  "prediction": 0.00479654464666223,
  "status": 0
}