{
  "compound_id": "DB01067",
  "compound_name": "Glipizide",
  "compound_percentile": 0.375,
  "disease_id": "DOID:13378",
  "disease_name": "Kawasaki disease",
  "disease_percentile": 0.22366710013003896,
  "metapath_contribution": {
    "CbGbCtD": 0.41263329926802533,
    "CbGeAlD": 0.062078211245238914,
    "CcSEcCtD": 0.48965289266981044,
    "CrCbGaD": 0.035635596816925345
  },
  "n_trials": 0.0,
  "prediction": 0.0010718028209513802,
  "status": 0,
  "training_prediction": 0.00048309345725910995
}