{
  "compound_id": "DB00187",
  "compound_name": "Esmolol",
  "compound_percentile": 0.264705882352941,
  "disease_id": "DOID:8778",
  "disease_name": "Crohn's disease",
  "disease_percentile": 0.14499349804941503,
  "metapath_contribution": {
    "CcSEcCtD": 0.9628156671800572,
    "CrCbGaD": 0.03718433281994279
  },
  "n_trials": 0.0,
  "prediction": 0.0009695484774792189,
  "status": 0,
  "training_prediction": 0.00158195764391455
}