{
  "compound_id": "DB00800",
  "compound_name": "Fenoldopam",
  "compound_percentile": 0.867647058823529,
  "disease_id": "DOID:5419",
  "disease_name": "schizophrenia",
  "disease_percentile": 0.9720416124837451,
  "metapath_contribution": {
    "CbGaD": 0.7328667978872175,
    "CbGeAlD": 0.061138007393818736,
    "CbGpPWpGaD": 0.2059951947189637
  },
  "n_trials": 0.0,
  "prediction": 0.00422052126998019,
  "status": 0
}