{
  "compound_id": "DB00159",
  "compound_name": "Icosapent",
  "compound_percentile": 0.838235294117647,
  "disease_id": "DOID:7693",
  "disease_name": "abdominal aortic aneurysm",
  "disease_percentile": 0.9694408322496751,
  "metapath_contribution": {
    "CbGaD": 0.8513446875787586,
    "CbGeAlD": 0.08457747636739185,
    "CbGpPWpGaD": 0.06017252867625922,
    "CrCbGaD": 0.0039053073775903884
  },
  "n_trials": 0.0,
  "prediction": 0.00251827659407335,
  "status": 0
}