{
  "compound_id": "DB00871",
  "compound_name": "Terbutaline",
  "compound_percentile": 0.911764705882353,
  "disease_id": "DOID:12930",
  "disease_name": "dilated cardiomyopathy",
  "disease_percentile": 0.7639791937581271,
  "metapath_contribution": {
    "CbGaD": 0.9424978803345563,
    "CcSEcCtD": 0.04524440485947548,
    "CrCbGaD": 0.01225771480596819
  },
  "n_trials": 0.0,
  "prediction": 0.0022705658657932,
  "status": 0,
  "training_prediction": 0.00223986956574508
}