{
  "compound_id": "DB00706",
  "compound_name": "Tamsulosin",
  "compound_percentile": 0.683823529411765,
  "disease_id": "DOID:1319",
  "disease_name": "brain cancer",
  "disease_percentile": 0.7542262678803641,
  "metapath_contribution": {
    "CbGbCtD": 0.5449015071696418,
    "CbGeAlD": 0.19506469953926722,
    "CbGpPWpGaD": 0.027748325908065502,
    "CcSEcCtD": 0.2261709307254505,
    "CrCbGaD": 0.006114536657574934
  },
  "n_trials": 0.0,
  "prediction": 0.00225476875589471,
  "status": 0
}