{
  "compound_id": "DB00856",
  "compound_name": "Chlorphenesin",
  "compound_percentile": 0.882352941176471,
  "disease_id": "DOID:1192",
  "disease_name": "peripheral nervous system neoplasm",
  "disease_percentile": 0.8725617685305591,
  "metapath_contribution": {
    "CbGaD": 0.5754400570799585,
    "CbGbCtD": 0.41401452507917763,
    "CbGpPWpGaD": 0.010169160151064727,
    "CrCbGaD": 0.0003762576897992036
  },
  "n_trials": 0.0,
  "prediction": 0.00319974365249057,
  "status": 0
}