{
  "compound_id": "DB00141",
  "compound_name": "N-Acetyl-D-glucosamine",
  "compound_percentile": 1.0,
  "disease_id": "DOID:10283",
  "disease_name": "prostate cancer",
  "disease_percentile": 0.882314694408322,
  "metapath_contribution": {
    "CbGaD": 0.8065419378122155,
    "CbGeAlD": 0.0796238457828865,
    "CbGpPWpGaD": 0.113834216404898
  },
  "n_trials": 0.0,
  "prediction": 0.00636727968533118,
  "status": 0
}