{
  "compound_id": "DB00401",
  "compound_name": "Nisoldipine",
  "compound_percentile": 0.742647058823529,
  "disease_id": "DOID:7147",
  "disease_name": "ankylosing spondylitis",
  "disease_percentile": 0.291287386215865,
  "metapath_contribution": {
    "CbGbCtD": 0.7817826967641694,
    "CcSEcCtD": 0.21821730323583055
  },
  "n_trials": 0.0,
  "prediction": 0.00127313855478158,
  "status": 0,
  "training_prediction": 0.00256950633441452
}