{
  "compound_id": "DB00786",
  "compound_name": "Marimastat",
  "compound_percentile": 0.779411764705882,
  "disease_id": "DOID:9352",
  "disease_name": "type 2 diabetes mellitus",
  "disease_percentile": 0.8328998699609879,
  "metapath_contribution": {
    "CbGaD": 0.6848620603404866,
    "CbGdCrCtD": 0.004217168887610264,
    "CbGeAlD": 0.1214475580372543,
    "CbGpPWpGaD": 0.1894732127346489
  },
  "n_trials": 0.0,
  "prediction": 0.00571852724563585,
  "status": 0
}