{
  "compound_id": "DB00751",
  "compound_name": "Epinastine",
  "compound_percentile": 0.0294117647058824,
  "disease_id": "DOID:14221",
  "disease_name": "metabolic syndrome X",
  "disease_percentile": 0.0741222366710013,
  "metapath_contribution": {
    "CbGeAlD": 0.459306596016133,
    "CbGpPWpGaD": 0.5143391039940438,
    "CrCbGaD": 0.026354299989823162
  },
  "n_trials": 0.0,
  "prediction": 0.000721617415297527,
  "status": 0
}