{
  "compound_id": "DB01182",
  "compound_name": "Propafenone",
  "compound_percentile": 0.19852941176470604,
  "disease_id": "DOID:1094",
  "disease_name": "attention deficit hyperactivity disorder",
  "disease_percentile": 0.240572171651495,
  "metapath_contribution": {
    "CbGeAlD": 0.1316435622135837,
    "CbGpPWpGaD": 0.7509084202480044,
    "CrCbGaD": 0.11744801753841191
  },
  "n_trials": 0.0,
  "prediction": 0.0010467317381417,
  "status": 0
}