{
  "compound_id": "DB01159",
  "compound_name": "Halothane",
  "compound_percentile": 0.941176470588235,
  "disease_id": "DOID:12849",
  "disease_name": "autistic disorder",
  "disease_percentile": 0.996749024707412,
  "metapath_contribution": {
    "CbGaD": 0.7122953920223402,
    "CbGeAlD": 0.0978434370664038,
    "CbGpPWpGaD": 0.1839650166117097,
    "CrCbGaD": 0.005896154299546437
  },
  "n_trials": 0.0,
  "prediction": 0.0061247823132935105,
  "status": 0
}