{
  "compound_id": "DB01050",
  "compound_name": "Ibuprofen",
  "compound_percentile": 0.0735294117647059,
  "disease_id": "DOID:332",
  "disease_name": "amyotrophic lateral sclerosis",
  "disease_percentile": 0.26202860858257504,
  "metapath_contribution": {
    "CbGaD": 0.38642699517384727,
    "CbGeAlD": 0.0846362793995078,
    "CbGpPWpGaD": 0.22704646904233894,
    "CcSEcCtD": 0.29846004494916917,
    "CrCbGaD": 0.0034302114351368105
  },
  "n_trials": 0.0,
  "prediction": 0.000915870238578876,
  "status": 0
}