{
  "compound_id": "DB00611",
  "compound_name": "Butorphanol",
  "compound_percentile": 0.34558823529411803,
  "disease_id": "DOID:332",
  "disease_name": "amyotrophic lateral sclerosis",
  "disease_percentile": 0.313394018205462,
  "metapath_contribution": {
    "CbGeAlD": 0.018961764418110982,
    "CcSEcCtD": 0.9425560301234912,
    "CrCbGaD": 0.03848220545839782
  },
  "n_trials": 0.0,
  "prediction": 0.000991891467374132,
  "status": 0
}