{
  "compound_id": "DB00530",
  "compound_name": "Erlotinib",
  "compound_percentile": 0.7941176470588229,
  "disease_id": "DOID:2841",
  "disease_name": "asthma",
  "disease_percentile": 0.7652795838751629,
  "metapath_contribution": {
    "CbGaD": 0.26421699000407606,
    "CbGbCtD": 0.4494671899145604,
    "CbGdCrCtD": 0.0012665287003566902,
    "CbGeAlD": 0.04927278814974965,
    "CbGpPWpGaD": 0.08916138793104797,
    "CcSEcCtD": 0.14429117202030817,
    "CrCbGaD": 0.0023239432799010582
  },
  "n_trials": 0.0,
  "prediction": 0.004365276976182821,
  "status": 0,
  "training_prediction": 0.0638742189157999
}