{
  "category": "DM",
  "compound_id": "DB01200",
  "compound_name": "Bromocriptine",
  "compound_percentile": 0.852941176470588,
  "disease_id": "DOID:9352",
  "disease_name": "type 2 diabetes mellitus",
  "disease_percentile": 0.5936280884265279,
  "metapath_contribution": {
    "CbGaD": 0.44551380643572924,
    "CbGbCtD": 0.23190126406659642,
    "CbGeAlD": 0.03677381465331367,
    "CbGpPWpGaD": 0.12638793500260342,
    "CcSEcCtD": 0.15541059956908376,
    "CrCbGaD": 0.004012580272673452
  },
  "prediction": 0.0029463104380968,
  "status": 1,
  "training_prediction": 0.0128994027502726
}