{
  "compound_id": "DB00513",
  "compound_name": "Aminocaproic Acid",
  "compound_percentile": 0.544117647058823,
  "disease_id": "DOID:4481",
  "disease_name": "allergic rhinitis",
  "disease_percentile": 0.131989596879064,
  "metapath_contribution": {
    "CbGeAlD": 0.20461420720284734,
    "CbGpPWpGaD": 0.07928757077773418,
    "CcSEcCtD": 0.7160982220194185
  },
  "n_trials": 0.0,
  "prediction": 0.00136360911107606,
  "status": 0
}