{
  "compound_id": "DB06287",
  "compound_name": "Temsirolimus",
  "compound_percentile": 0.801470588235294,
  "disease_id": "DOID:11054",
  "disease_name": "urinary bladder cancer",
  "disease_percentile": 0.47854356306892104,
  "metapath_contribution": {
    "CbGbCtD": 0.12618101337707627,
    "CbGeAlD": 0.02465686823290115,
    "CbGpPWpGaD": 0.05778134907076555,
    "CcSEcCtD": 0.11333389395441033,
    "CtDrD": 0.6780468753648468
  },
  "n_trials": 0.0,
  "prediction": 0.00149380440153249,
  "status": 0,
  "training_prediction": 0.00382862151933576
}