{
  "compound_id": "DB00328",
  "compound_name": "Indomethacin",
  "compound_percentile": 0.419117647058824,
  "disease_id": "DOID:10976",
  "disease_name": "membranous glomerulonephritis",
  "disease_percentile": 0.5994798439531861,
  "metapath_contribution": {
    "CbGaD": 0.6127190641537987,
    "CbGeAlD": 0.16758149976982167,
    "CbGpPWpGaD": 0.21969943607637962
  },
  "n_trials": 0.0,
  "prediction": 0.0013664520002769599,
  "status": 0
}