{
  "compound_id": "DB00304",
  "compound_name": "Desogestrel",
  "compound_percentile": 0.10294117647058802,
  "disease_id": "DOID:1115",
  "disease_name": "sarcoma",
  "disease_percentile": 0.0260078023407022,
  "metapath_contribution": {
    "CbGeAlD": 0.3667629571375601,
    "CbGpPWpGaD": 0.36194551555347476,
    "CcSEcCtD": 0.2712915273089652
  },
  "n_trials": 0.0,
  "prediction": 0.0005862042955774879,
  "status": 0
}