{
  "compound_id": "DB01133",
  "compound_name": "Tiludronate",
  "compound_percentile": 0.11764705882352902,
  "disease_id": "DOID:1459",
  "disease_name": "hypothyroidism",
  "disease_percentile": 0.64889466840052,
  "metapath_contribution": {
    "CbGeAlD": 0.9535886141674383,
    "CcSEcCtD": 0.04641138583256171
  },
  "n_trials": 0.0,
  "prediction": 0.00197451994607489,
  "status": 0,
  "training_prediction": 0.0023964125159993
}