{
  "compound_id": "DB06216",
  "compound_name": "Asenapine",
  "compound_percentile": 0.279411764705882,
  "disease_id": "DOID:5041",
  "disease_name": "esophageal cancer",
  "disease_percentile": 0.61443433029909,
  "metapath_contribution": {
    "CbGeAlD": 0.22247799031093046,
    "CbGpPWpGaD": 0.543656151594018,
    "CcSEcCtD": 0.2338658580950514
  },
  "n_trials": 0.0,
  "prediction": 0.00171793471918146,
  "status": 0
}