{
  "compound_id": "DB00341",
  "compound_name": "Cetirizine",
  "compound_percentile": 0.0294117647058824,
  "disease_id": "DOID:10534",
  "disease_name": "stomach cancer",
  "disease_percentile": 0.0442132639791938,
  "metapath_contribution": {
    "CcSEcCtD": 0.9879117600020848,
    "CrCbGaD": 0.012088239997915083
  },
  "n_trials": 0.0,
  "prediction": 0.000569627000662213,
  "status": 0,
  "training_prediction": 0.00125669401228468
}