{
  "compound_id": "DB08811",
  "compound_name": "Tofisopam",
  "compound_percentile": 0.742647058823529,
  "disease_id": "DOID:784",
  "disease_name": "chronic kidney failure",
  "disease_percentile": 0.461638491547464,
  "metapath_contribution": {
    "CbGaD": 0.7520958003183811,
    "CbGeAlD": 0.06503085741176039,
    "CbGpPWpGaD": 0.1683131668644925,
    "CrCbGaD": 0.014560175405366036
  },
  "n_trials": 0.0,
  "prediction": 0.0014811389808709302,
  "status": 0
}