{
  "compound_id": "DB00194",
  "compound_name": "Vidarabine",
  "compound_percentile": 0.43382352941176505,
  "disease_id": "DOID:824",
  "disease_name": "periodontitis",
  "disease_percentile": 0.120286085825748,
  "metapath_contribution": {
    "CbGeAlD": 0.308193640654606,
    "CbGpPWpGaD": 0.48149544288556045,
    "CrCbGaD": 0.21031091645983338
  },
  "n_trials": 0.0,
  "prediction": 0.000884264704141744,
  "status": 0
}