{
  "compound_id": "DB00591",
  "compound_name": "Fluocinolone Acetonide",
  "compound_percentile": 0.926470588235294,
  "disease_id": "DOID:2377",
  "disease_name": "multiple sclerosis",
  "disease_percentile": 0.9934980494148241,
  "metapath_contribution": {
    "CbGbCtD": 0.1403022091178921,
    "CbGdCrCtD": 0.000748357745706458,
    "CbGeAlD": 0.0006359847157319708,
    "CbGpPWpGaD": 0.00263980894278355,
    "CcSEcCtD": 0.040876260183970406,
    "CiPCiCtD": 0.3627582869378887,
    "CrCbGaD": 0.00023105247242368593,
    "CrCrCtD": 0.19187868716577444,
    "CrCtD": 0.2599293527178287
  },
  "n_trials": 0.0,
  "prediction": 0.0425996058521747,
  "status": 0,
  "training_prediction": 0.160125495836518
}