{
  "compound_id": "DB01108",
  "compound_name": "Trilostane",
  "compound_percentile": 0.9191176470588229,
  "disease_id": "DOID:9352",
  "disease_name": "type 2 diabetes mellitus",
  "disease_percentile": 0.391417425227568,
  "metapath_contribution": {
    "CbGaD": 0.8072599419730633,
    "CbGpPWpGaD": 0.18665158715182076,
    "CrCbGaD": 0.006088470875115963
  },
  "n_trials": 0.0,
  "prediction": 0.00207683538030176,
  "status": 0
}