{
  "compound_id": "DB00653",
  "compound_name": "Magnesium Sulfate",
  "compound_percentile": 0.161764705882353,
  "disease_id": "DOID:1612",
  "disease_name": "breast cancer",
  "disease_percentile": 0.394668400520156,
  "metapath_contribution": {
    "CbGeAlD": 0.13372767473499328,
    "CbGpPWpGaD": 0.6054866345801666,
    "CcSEcCtD": 0.26078569068484014
  },
  "n_trials": 1.0,
  "prediction": 0.0019738576972437,
  "status": 0
}