{
  "compound_id": "DB00252",
  "compound_name": "Phenytoin",
  "compound_percentile": 0.7352941176470591,
  "disease_id": "DOID:2994",
  "disease_name": "germ cell cancer",
  "disease_percentile": 0.399869960988296,
  "metapath_contribution": {
    "CbGbCtD": 0.7338058090401508,
    "CbGeAlD": 0.06914188499998339,
    "CbGpPWpGaD": 0.028903041023569765,
    "CcSEcCtD": 0.1681492649362959
  },
  "n_trials": 0.0,
  "prediction": 0.00141667816415605,
  "status": 0,
  "training_prediction": 0.0025883546257700197
}