{
  "compound_id": "DB01424",
  "compound_name": "Aminophenazone",
  "compound_percentile": 0.948529411764706,
  "disease_id": "DOID:3083",
  "disease_name": "chronic obstructive pulmonary disease",
  "disease_percentile": 0.847854356306892,
  "metapath_contribution": {
    "CbGaD": 0.432025157235993,
    "CbGbCtD": 0.4988846712279455,
    "CbGpPWpGaD": 0.06797165786540717,
    "CrCbGaD": 0.0011185136706543788
  },
  "n_trials": 0.0,
  "prediction": 0.0044277363401614,
  "status": 0
}