{
  "compound_id": "DB00654",
  "compound_name": "Latanoprost",
  "compound_percentile": 0.647058823529412,
  "disease_id": "DOID:263",
  "disease_name": "kidney cancer",
  "disease_percentile": 0.19375812743823104,
  "metapath_contribution": {
    "CbGbCtD": 0.5289239210273675,
    "CbGpPWpGaD": 0.029907734727676886,
    "CcSEcCtD": 0.44064138024753674,
    "CrCbGaD": 0.0005269639974188134
  },
  "n_trials": 0.0,
  "prediction": 0.00102306654588575,
  "status": 0,
  "training_prediction": 0.0029804612845734
}