{
  "compound_id": "DB00590",
  "compound_name": "Doxazosin",
  "compound_percentile": 0.808823529411765,
  "disease_id": "DOID:2841",
  "disease_name": "asthma",
  "disease_percentile": 0.5214564369310789,
  "metapath_contribution": {
    "CbGbCtD": 0.5729611496130627,
    "CbGpPWpGaD": 0.09679332767695199,
    "CcSEcCtD": 0.3302455227099854
  },
  "n_trials": 0.0,
  "prediction": 0.00253275803609954,
  "status": 0,
  "training_prediction": 0.0170538747352674
}