{
  "compound_id": "DB01119",
  "compound_name": "Diazoxide",
  "compound_percentile": 0.875,
  "disease_id": "DOID:12930",
  "disease_name": "dilated cardiomyopathy",
  "disease_percentile": 0.879063719115735,
  "metapath_contribution": {
    "CbGbCtD": 0.7640909797763101,
    "CbGeAlD": 0.04999900248188286,
    "CbGpPWpGaD": 0.0938927549891742,
    "CcSEcCtD": 0.09201726275263283
  },
  "n_trials": 0.0,
  "prediction": 0.00293291583497179,
  "status": 0
}