{
  "compound_id": "DB08912",
  "compound_name": "Dabrafenib",
  "compound_percentile": 0.823529411764706,
  "disease_id": "DOID:10763",
  "disease_name": "hypertension",
  "disease_percentile": 0.454486345903771,
  "metapath_contribution": {
    "CbGbCtD": 0.606989709564138,
    "CbGeAlD": 0.04543458194977714,
    "CbGpPWpGaD": 0.14080897504348386,
    "CcSEcCtD": 0.206766733442601
  },
  "n_trials": 0.0,
  "prediction": 0.00343835093335663,
  "status": 0
}