{
  "compound_id": "DB00705",
  "compound_name": "Delavirdine",
  "compound_percentile": 0.5514705882352939,
  "disease_id": "DOID:11714",
  "disease_name": "gestational diabetes",
  "disease_percentile": 0.8816644993498051,
  "metapath_contribution": {
    "CbGbCtD": 0.7407671812330452,
    "CcSEcCtD": 0.25923281876695486
  },
  "n_trials": 0.0,
  "prediction": 0.00264727937735268,
  "status": 0,
  "training_prediction": 0.00119424223114743
}