{
  "compound_id": "DB00397",
  "compound_name": "Phenylpropanolamine",
  "compound_percentile": 0.683823529411765,
  "disease_id": "DOID:14227",
  "disease_name": "azoospermia",
  "disease_percentile": 0.347204161248374,
  "metapath_contribution": {
    "CbGbCtD": 0.9585143983705391,
    "CcSEcCtD": 0.04148560162946084
  },
  "n_trials": 0.0,
  "prediction": 0.0014134375393934,
  "status": 0,
  "training_prediction": 0.000637198099527996
}