{
  "compound_id": "DB01044",
  "compound_name": "Gatifloxacin",
  "compound_percentile": 0.75,
  "disease_id": "DOID:1612",
  "disease_name": "breast cancer",
  "disease_percentile": 0.293888166449935,
  "metapath_contribution": {
    "CbGaD": 0.48203666804305134,
    "CbGbCtD": 0.1406398401910963,
    "CbGpPWpGaD": 0.035016955110166434,
    "CcSEcCtD": 0.33348394253766594,
    "CrCbGaD": 0.008822594118020003
  },
  "n_trials": 0.0,
  "prediction": 0.0016106610197526901,
  "status": 0
}