{
  "compound_id": "DB01393",
  "compound_name": "Bezafibrate",
  "compound_percentile": 0.19852941176470604,
  "disease_id": "DOID:14268",
  "disease_name": "sclerosing cholangitis",
  "disease_percentile": 0.250975292587776,
  "metapath_contribution": {
    "CbGeAlD": 0.15027324191831515,
    "CbGpPWpGaD": 0.7718696107102332,
    "CrCbGaD": 0.07785714737145163
  },
  "n_trials": 1.0,
  "prediction": 0.00101042305015405,
  "status": 0
}