{
  "compound_id": "DB01018",
  "compound_name": "Guanfacine",
  "compound_percentile": 0.161764705882353,
  "disease_id": "DOID:11934",
  "disease_name": "head and neck cancer",
  "disease_percentile": 0.376462938881664,
  "metapath_contribution": {
    "CbGdCrCtD": 0.11563500661179063,
    "CcSEcCtD": 0.8573355732288842,
    "CrCbGaD": 0.02702942015932524
  },
  "n_trials": 0.0,
  "prediction": 0.00120612937810366,
  "status": 0,
  "training_prediction": 0.00146408199417111
}