{
  "compound_id": "DB04920",
  "compound_name": "Clevidipine",
  "compound_percentile": 0.20588235294117604,
  "disease_id": "DOID:1936",
  "disease_name": "atherosclerosis",
  "disease_percentile": 0.100780234070221,
  "metapath_contribution": {
    "CbGbCtD": 0.8701413949175542,
    "CbGpPWpGaD": 0.11160881164330286,
    "CcSEcCtD": 0.015730255209083426,
    "CrCbGaD": 0.0025195382300595755
  },
  "n_trials": 0.0,
  "prediction": 0.000906116682046318,
  "status": 0
}