{
  "compound_id": "DB00834",
  "compound_name": "Mifepristone",
  "compound_percentile": 0.8308823529411771,
  "disease_id": "DOID:13223",
  "disease_name": "uterine fibroid",
  "disease_percentile": 0.992847854356307,
  "metapath_contribution": {
    "CbGaD": 0.9055756669244529,
    "CbGeAlD": 0.08319278801812571,
    "CbGpPWpGaD": 0.01123154505742133
  },
  "n_trials": 6.0,
  "prediction": 0.00478129803179722,
  "status": 0
}