{
  "compound_id": "DB00957",
  "compound_name": "Norgestimate",
  "compound_percentile": 0.9852941176470591,
  "disease_id": "DOID:10283",
  "disease_name": "prostate cancer",
  "disease_percentile": 0.645643693107932,
  "metapath_contribution": {
    "CbGaD": 0.18986116555944582,
    "CbGbCtD": 0.35634968802445177,
    "CbGeAlD": 0.0028276535262584546,
    "CbGpPWpGaD": 0.04646026173215392,
    "CrCbGaD": 0.0034765129280234157,
    "CrCrCtD": 0.4010247182296666
  },
  "n_trials": 0.0,
  "prediction": 0.00307260818158572,
  "status": 0
}