{
  "category": "DM",
  "compound_id": "DB00655",
  "compound_name": "Estrone",
  "compound_percentile": 0.992647058823529,
  "disease_id": "DOID:10283",
  "disease_name": "prostate cancer",
  "disease_percentile": 0.992847854356307,
  "metapath_contribution": {
    "CbGaD": 0.1253095932860333,
    "CbGbCtD": 0.1615346642193166,
    "CbGeAlD": 0.00843865655554815,
    "CbGpPWpGaD": 0.03063873960521162,
    "CcSEcCtD": 0.0485881869961727,
    "CpDpCtD": 0.16871717793290295,
    "CrCbGaD": 0.0013297684163916057,
    "CrCrCtD": 0.17968713923969948,
    "CrCtD": 0.27575607374872363
  },
  "prediction": 0.132187012069455,
  "status": 1,
  "training_prediction": 0.393412076651233
}