{
  "compound_id": "DB00958",
  "compound_name": "Carboplatin",
  "compound_percentile": 0.7647058823529409,
  "disease_id": "DOID:8577",
  "disease_name": "ulcerative colitis",
  "disease_percentile": 0.9187256176853059,
  "metapath_contribution": {
    "CbGaD": 0.34822772589400336,
    "CbGbCtD": 0.5069752933113313,
    "CbGeAlD": 0.06311358891255565,
    "CbGpPWpGaD": 0.08168339188210962
  },
  "n_trials": 0.0,
  "prediction": 0.00695424975265195,
  "status": 0,
  "training_prediction": 0.119600866013087
}