{
  "compound_id": "DB00492",
  "compound_name": "Fosinopril",
  "compound_percentile": 0.5,
  "disease_id": "DOID:4362",
  "disease_name": "cervical cancer",
  "disease_percentile": 0.5370611183355011,
  "metapath_contribution": {
    "CbGeAlD": 0.43670116417161103,
    "CcSEcCtD": 0.5632988358283889
  },
  "n_trials": 0.0,
  "prediction": 0.0014346429446893802,
  "status": 0,
  "training_prediction": 0.000646765345839983
}