{
  "compound_id": "DB00300",
  "compound_name": "Tenofovir",
  "compound_percentile": 0.632352941176471,
  "disease_id": "DOID:1319",
  "disease_name": "brain cancer",
  "disease_percentile": 0.661248374512354,
  "metapath_contribution": {
    "CbGbCtD": 0.6823647033488452,
    "CbGeAlD": 0.12590810816374642,
    "CbGpPWpGaD": 0.06668822706121479,
    "CcSEcCtD": 0.12238052419794311,
    "CrCbGaD": 0.0026584372282504763
  },
  "n_trials": 0.0,
  "prediction": 0.00197161745363657,
  "status": 0
}