{
  "compound_id": "DB00717",
  "compound_name": "Norethindrone",
  "compound_percentile": 0.75,
  "disease_id": "DOID:14221",
  "disease_name": "metabolic syndrome X",
  "disease_percentile": 0.393368010403121,
  "metapath_contribution": {
    "CbGaD": 0.8932592333739645,
    "CbGeAlD": 0.005668333798420057,
    "CbGpPWpGaD": 0.08007368923800512,
    "CcSEcCtD": 0.012664266233308163,
    "CrCbGaD": 0.008334477356302068
  },
  "n_trials": 0.0,
  "prediction": 0.00121566160780923,
  "status": 0
}