{
  "compound_id": "DB00788",
  "compound_name": "Naproxen",
  "compound_percentile": 0.213235294117647,
  "disease_id": "DOID:3312",
  "disease_name": "bipolar disorder",
  "disease_percentile": 0.17230169050715197,
  "metapath_contribution": {
    "CbGeAlD": 0.3867304396766534,
    "CbGpPWpGaD": 0.6054458198590363,
    "CrCbGaD": 0.007823740464310407
  },
  "n_trials": 0.0,
  "prediction": 0.00097035012216951,
  "status": 0
}