{
  "compound_id": "DB01393",
  "compound_name": "Bezafibrate",
  "compound_percentile": 0.485294117647059,
  "disease_id": "DOID:4045",
  "disease_name": "muscle cancer",
  "disease_percentile": 0.35955786736020795,
  "metapath_contribution": {
    "CbGbCtD": 0.6648476759807074,
    "CbGdCrCtD": 0.009836292093086701,
    "CbGeAlD": 0.14466067471186525,
    "CbGpPWpGaD": 0.050973098495543885,
    "CcSEcCtD": 0.12620247376608681,
    "CrCbGaD": 0.0034797849527099392
  },
  "n_trials": 0.0,
  "prediction": 0.00119020530921321,
  "status": 0
}