{
  "compound_id": "DB00139",
  "compound_name": "Succinic acid",
  "compound_percentile": 0.882352941176471,
  "disease_id": "DOID:1459",
  "disease_name": "hypothyroidism",
  "disease_percentile": 0.73146944083225,
  "metapath_contribution": {
    "CbGbCtD": 0.42242645774376963,
    "CbGeAlD": 0.33698819566820815,
    "CbGpPWpGaD": 0.24058534658802222
  },
  "n_trials": 0.0,
  "prediction": 0.00217759123607972,
  "status": 0
}