{
  "compound_id": "DB01396",
  "compound_name": "Digitoxin",
  "compound_percentile": 0.8308823529411771,
  "disease_id": "DOID:1324",
  "disease_name": "lung cancer",
  "disease_percentile": 0.399869960988296,
  "metapath_contribution": {
    "CbGaD": 0.3744975605508782,
    "CbGbCtD": 0.5397086464171328,
    "CbGeAlD": 0.007362218486907654,
    "CbGpPWpGaD": 0.07758937878319146,
    "CrCbGaD": 0.0008421957618899349
  },
  "n_trials": 0.0,
  "prediction": 0.00152347844763191,
  "status": 0
}