{
  "compound_id": "DB01127",
  "compound_name": "Econazole",
  "compound_percentile": 0.7352941176470591,
  "disease_id": "DOID:9206",
  "disease_name": "Barrett's esophagus",
  "disease_percentile": 0.332899869960988,
  "metapath_contribution": {
    "CbGbCtD": 0.8368052236342262,
    "CbGpPWpGaD": 0.13190682129274356,
    "CrCbGaD": 0.03128795507303011
  },
  "n_trials": 0.0,
  "prediction": 0.00138892789772751,
  "status": 0
}