{
  "compound_id": "DB01225",
  "compound_name": "Enoxaparin",
  "compound_percentile": 0.727941176470588,
  "disease_id": "DOID:1793",
  "disease_name": "pancreatic cancer",
  "disease_percentile": 0.6710013003901171,
  "metapath_contribution": {
    "CbGeAlD": 0.3078056015277464,
    "CbGpPWpGaD": 0.029696006596999194,
    "CcSEcCtD": 0.6624983918752543
  },
  "n_trials": 0.0,
  "prediction": 0.00221633470464205,
  "status": 0
}