{
  "compound_id": "DB08893",
  "compound_name": "Mirabegron",
  "compound_percentile": 0.558823529411765,
  "disease_id": "DOID:10534",
  "disease_name": "stomach cancer",
  "disease_percentile": 0.5721716514954489,
  "metapath_contribution": {
    "CbGaD": 0.2660201836244539,
    "CbGbCtD": 0.5075261307691369,
    "CbGeAlD": 0.056717694403093516,
    "CbGpPWpGaD": 0.04227891775145325,
    "CcSEcCtD": 0.12176783913617849,
    "CrCbGaD": 0.005689234315683995
  },
  "n_trials": 0.0,
  "prediction": 0.00172090626416084,
  "status": 0
}