{
  "compound_id": "DB01049",
  "compound_name": "Ergoloid mesylate",
  "compound_percentile": 0.875,
  "disease_id": "DOID:3393",
  "disease_name": "coronary artery disease",
  "disease_percentile": 0.49154746423927204,
  "metapath_contribution": {
    "CbGbCtD": 0.9234512576115802,
    "CbGpPWpGaD": 0.07409647701537854,
    "CrCbGaD": 0.0024522653730412415
  },
  "n_trials": 0.0,
  "prediction": 0.00232605600879423,
  "status": 0
}