{
  "compound_id": "DB00929",
  "compound_name": "Misoprostol",
  "compound_percentile": 0.5514705882352939,
  "disease_id": "DOID:5041",
  "disease_name": "esophageal cancer",
  "disease_percentile": 0.519505851755527,
  "metapath_contribution": {
    "CbGeAlD": 0.4471616653932035,
    "CbGpPWpGaD": 0.2576987346299154,
    "CcSEcCtD": 0.2944449953432565,
    "CrCbGaD": 0.0006946046336246076
  },
  "n_trials": 0.0,
  "prediction": 0.0014970536669169801,
  "status": 0
}