{
  "compound_id": "DB00870",
  "compound_name": "Suprofen",
  "compound_percentile": 0.7058823529411771,
  "disease_id": "DOID:784",
  "disease_name": "chronic kidney failure",
  "disease_percentile": 0.580624187256177,
  "metapath_contribution": {
    "CbGaD": 0.7959684263607891,
    "CbGeAlD": 0.06756734708539157,
    "CbGpPWpGaD": 0.12725230520856196,
    "CrCbGaD": 0.009211921345257322
  },
  "n_trials": 0.0,
  "prediction": 0.00175382632157756,
  "status": 0
}