{
  "compound_id": "DB00815",
  "compound_name": "Sodium lauryl sulfate",
  "compound_percentile": 0.897058823529412,
  "disease_id": "DOID:2377",
  "disease_name": "multiple sclerosis",
  "disease_percentile": 0.8237971391417429,
  "metapath_contribution": {
    "CbGaD": 0.6987196227196051,
    "CbGbCtD": 0.12522075735998212,
    "CcSEcCtD": 0.17426302325021825,
    "CrCbGaD": 0.001796596670194539
  },
  "n_trials": 0.0,
  "prediction": 0.00303595872709828,
  "status": 0
}