{
  "compound_id": "DB01022",
  "compound_name": "Phylloquinone",
  "compound_percentile": 0.213235294117647,
  "disease_id": "DOID:4045",
  "disease_name": "muscle cancer",
  "disease_percentile": 0.481144343302991,
  "metapath_contribution": {
    "CbGeAlD": 0.911726414116088,
    "CbGpPWpGaD": 0.04502088525923088,
    "CcSEcCtD": 0.0432527006246811
  },
  "n_trials": 0.0,
  "prediction": 0.0014154833849112699,
  "status": 0
}