{
  "compound_id": "DB00260",
  "compound_name": "Cycloserine",
  "compound_percentile": 0.911764705882353,
  "disease_id": "DOID:2531",
  "disease_name": "hematologic cancer",
  "disease_percentile": 0.5299089726918079,
  "metapath_contribution": {
    "CbGeAlD": 0.13227052650954466,
    "CbGpPWpGaD": 0.22929727990690005,
    "CcSEcCtD": 0.6384321935835552
  },
  "n_trials": 0.0,
  "prediction": 0.00243817128752882,
  "status": 0
}