{
  "compound_id": "DB00900",
  "compound_name": "Didanosine",
  "compound_percentile": 0.75,
  "disease_id": "DOID:3277",
  "disease_name": "thymus cancer",
  "disease_percentile": 0.6274382314694411,
  "metapath_contribution": {
    "CbGeAlD": 0.27956116291932775,
    "CcSEcCtD": 0.7204388370806721
  },
  "n_trials": 0.0,
  "prediction": 0.00158399945226565,
  "status": 0,
  "training_prediction": 0.0007141568682595059
}