{
  "compound_id": "DB00201",
  "compound_name": "Caffeine",
  "compound_percentile": 0.411764705882353,
  "disease_id": "DOID:2986",
  "disease_name": "IgA glomerulonephritis",
  "disease_percentile": 0.690507152145644,
  "metapath_contribution": {
    "CbGaD": 0.6377074595300483,
    "CbGeAlD": 0.09605083544368914,
    "CbGpPWpGaD": 0.26624170502626254
  },
  "n_trials": 0.0,
  "prediction": 0.00130239343960456,
  "status": 0
}