{
  "compound_id": "DB00786",
  "compound_name": "Marimastat",
  "compound_percentile": 0.9558823529411771,
  "disease_id": "DOID:3083",
  "disease_name": "chronic obstructive pulmonary disease",
  "disease_percentile": 0.9479843953185959,
  "metapath_contribution": {
    "CbGaD": 0.7301433755985507,
    "CbGdCrCtD": 0.0012111418808407966,
    "CbGeAlD": 0.08136372140017598,
    "CbGpPWpGaD": 0.1872817611204325
  },
  "n_trials": 0.0,
  "prediction": 0.00874188936488928,
  "status": 0
}