{
  "compound_id": "DB09000",
  "compound_name": "Cyamemazine",
  "compound_percentile": 0.933823529411765,
  "disease_id": "DOID:3312",
  "disease_name": "bipolar disorder",
  "disease_percentile": 0.772431729518856,
  "metapath_contribution": {
    "CbGaD": 0.8622648870226325,
    "CbGeAlD": 0.042759609788068184,
    "CbGpPWpGaD": 0.08508801867841986,
    "CrCbGaD": 0.009887484510879466
  },
  "n_trials": 0.0,
  "prediction": 0.00201552786383522,
  "status": 0
}