{
  "compound_id": "DB00623",
  "compound_name": "Fluphenazine",
  "compound_percentile": 0.926470588235294,
  "disease_id": "DOID:1094",
  "disease_name": "attention deficit hyperactivity disorder",
  "disease_percentile": 0.743823146944083,
  "metapath_contribution": {
    "CbGaD": 0.7942950017889444,
    "CbGeAlD": 0.05208017280522811,
    "CbGpPWpGaD": 0.1454569435758715,
    "CrCbGaD": 0.008167881829956
  },
  "n_trials": 0.0,
  "prediction": 0.00199085009975729,
  "status": 0
}