{
  "compound_id": "DB00280",
  "compound_name": "Disopyramide",
  "compound_percentile": 0.661764705882353,
  "disease_id": "DOID:9074",
  "disease_name": "systemic lupus erythematosus",
  "disease_percentile": 0.401820546163849,
  "metapath_contribution": {
    "CbGbCtD": 0.3239942189847366,
    "CbGeAlD": 0.07762406013715535,
    "CcSEcCtD": 0.598381720878108
  },
  "n_trials": 0.0,
  "prediction": 0.0016300788927189,
  "status": 0
}