{
  "compound_id": "DB01149",
  "compound_name": "Nefazodone",
  "compound_percentile": 0.625,
  "disease_id": "DOID:363",
  "disease_name": "uterine cancer",
  "disease_percentile": 0.413524057217165,
  "metapath_contribution": {
    "CbGbCtD": 0.6547813998008857,
    "CbGeAlD": 0.00826263097284931,
    "CcSEcCtD": 0.336955969226265
  },
  "n_trials": 0.0,
  "prediction": 0.00148558149032704,
  "status": 0
}