{
  "compound_id": "DB08819",
  "compound_name": "Tafluprost",
  "compound_percentile": 0.625,
  "disease_id": "DOID:784",
  "disease_name": "chronic kidney failure",
  "disease_percentile": 0.49609882964889507,
  "metapath_contribution": {
    "CbGaD": 0.921319925786518,
    "CbGpPWpGaD": 0.07497795083850235,
    "CrCbGaD": 0.0037021233749797034
  },
  "n_trials": 0.0,
  "prediction": 0.00153622879738595,
  "status": 0
}