{
  "compound_id": "DB00982",
  "compound_name": "Isotretinoin",
  "compound_percentile": 0.8308823529411771,
  "disease_id": "DOID:635",
  "disease_name": "acquired immunodeficiency syndrome",
  "disease_percentile": 0.150195058517555,
  "metapath_contribution": {
    "CbGeAlD": 0.1523166853263917,
    "CcSEcCtD": 0.8461649605772219,
    "CrCbGaD": 0.0015183540963863821
  },
  "n_trials": 1.0,
  "prediction": 0.0013087138786347199,
  "status": 0,
  "training_prediction": 0.004032509640387811
}