{
  "compound_id": "DB01410",
  "compound_name": "Ciclesonide",
  "compound_percentile": 0.772058823529412,
  "disease_id": "DOID:219",
  "disease_name": "colon cancer",
  "disease_percentile": 0.442132639791938,
  "metapath_contribution": {
    "CbGbCtD": 0.8944540179469741,
    "CbGeAlD": 0.012632533794870119,
    "CcSEcCtD": 0.09255326874916968,
    "CrCbGaD": 0.0003601795089861232
  },
  "n_trials": 0.0,
  "prediction": 0.00143210342475845,
  "status": 0,
  "training_prediction": 0.00204357781339162
}