{
  "compound_id": "DB00928",
  "compound_name": "Azacitidine",
  "compound_percentile": 0.448529411764706,
  "disease_id": "DOID:6364",
  "disease_name": "migraine",
  "disease_percentile": 0.00910273081924577,
  "metapath_contribution": {
    "CbGdCrCtD": 0.014699017826474283,
    "CbGeAlD": 0.1298179627441082,
    "CcSEcCtD": 0.8512562944708882,
    "CrCbGaD": 0.0042267249585292935
  },
  "n_trials": 0.0,
  "prediction": 0.0007311315379559559,
  "status": 0
}