{
  "compound_id": "DB00627",
  "compound_name": "Niacin",
  "compound_percentile": 0.838235294117647,
  "disease_id": "DOID:4481",
  "disease_name": "allergic rhinitis",
  "disease_percentile": 0.7048114434330301,
  "metapath_contribution": {
    "CbGbCtD": 0.5839239079804419,
    "CbGeAlD": 0.09274045788812242,
    "CbGpPWpGaD": 0.030602355158506546,
    "CcSEcCtD": 0.2927332789729292
  },
  "n_trials": 0.0,
  "prediction": 0.00317350147432004,
  "status": 0,
  "training_prediction": 0.0170339086297303
}