{
  "compound_id": "DB00851",
  "compound_name": "Dacarbazine",
  "compound_percentile": 0.897058823529412,
  "disease_id": "DOID:1324",
  "disease_name": "lung cancer",
  "disease_percentile": 0.9544863459037709,
  "metapath_contribution": {
    "CbGaD": 0.2575513562993926,
    "CbGbCtD": 0.1656794650843074,
    "CbGdCrCtD": 0.0019259517819909247,
    "CbGeAlD": 0.0140759275677251,
    "CbGpPWpGaD": 0.043935502368749955,
    "CtDrD": 0.516831796897834
  },
  "n_trials": 13.0,
  "prediction": 0.00927593947132419,
  "status": 0,
  "training_prediction": 0.127021912665811
}