{
  "compound_id": "DB01029",
  "compound_name": "Irbesartan",
  "compound_percentile": 0.448529411764706,
  "disease_id": "DOID:0060073",
  "disease_name": "lymphatic system cancer",
  "disease_percentile": 0.42327698309492895,
  "metapath_contribution": {
    "CbGbCtD": 0.4806649501167499,
    "CcSEcCtD": 0.5193350498832502
  },
  "n_trials": 0.0,
  "prediction": 0.0014555660683923,
  "status": 0,
  "training_prediction": 0.0053351042096675
}