{
  "compound_id": "DB00604",
  "compound_name": "Cisapride",
  "compound_percentile": 1.0,
  "disease_id": "DOID:1324",
  "disease_name": "lung cancer",
  "disease_percentile": 0.9720416124837451,
  "metapath_contribution": {
    "CbGaD": 0.09876693309971066,
    "CbGbCtD": 0.15291217806908217,
    "CbGeAlD": 0.003327644479950363,
    "CbGpPWpGaD": 0.03346482690571803,
    "CrCbGaD": 0.0011378955973620033,
    "CrCrCtD": 0.25481743517930977,
    "CrCtD": 0.455573086668867
  },
  "n_trials": 0.0,
  "prediction": 0.020462092428354,
  "status": 0
}