{
  "compound_id": "DB00186",
  "compound_name": "Lorazepam",
  "compound_percentile": 0.852941176470588,
  "disease_id": "DOID:0050742",
  "disease_name": "nicotine dependence",
  "disease_percentile": 0.11118335500650199,
  "metapath_contribution": {
    "CbGpPWpGaD": 0.48167248508798605,
    "CcSEcCtD": 0.4857067887472951,
    "CrCbGaD": 0.03262072616471877
  },
  "n_trials": 0.0,
  "prediction": 0.0010640398275550199,
  "status": 0
}