{
  "compound_id": "DB00440",
  "compound_name": "Trimethoprim",
  "compound_percentile": 0.757352941176471,
  "disease_id": "DOID:2531",
  "disease_name": "hematologic cancer",
  "disease_percentile": 0.42327698309492895,
  "metapath_contribution": {
    "CbGaD": 0.11635926801863057,
    "CbGbCtD": 0.5560518094333433,
    "CbGdCrCtD": 0.003940143305856655,
    "CbGeAlD": 0.023159719114471573,
    "CbGpPWpGaD": 0.08312242744918794,
    "CcSEcCtD": 0.21580990296454095,
    "CrCbGaD": 0.0015567297139690859
  },
  "n_trials": 6.0,
  "prediction": 0.00201160231418447,
  "status": 0
}