{
  "compound_id": "DB00675",
  "compound_name": "Tamoxifen",
  "compound_percentile": 0.786764705882353,
  "disease_id": "DOID:0050741",
  "disease_name": "alcohol dependence",
  "disease_percentile": 0.753576072821847,
  "metapath_contribution": {
    "CbGaD": 0.2684880844601331,
    "CbGbCtD": 0.3760528700019609,
    "CbGeAlD": 0.08785427262031775,
    "CbGpPWpGaD": 0.12341581498746367,
    "CcSEcCtD": 0.13875067824228676,
    "CrCbGaD": 0.005438279687837678
  },
  "n_trials": 0.0,
  "prediction": 0.003511948488938,
  "status": 0,
  "training_prediction": 0.007086630457138679
}