{
  "compound_id": "DB00805",
  "compound_name": "Minaprine",
  "compound_percentile": 0.9191176470588229,
  "disease_id": "DOID:3312",
  "disease_name": "bipolar disorder",
  "disease_percentile": 0.9681404421326401,
  "metapath_contribution": {
    "CbGaD": 0.8100869918781092,
    "CbGeAlD": 0.05735677055566637,
    "CbGpPWpGaD": 0.13071364155221146,
    "CrCbGaD": 0.0018425960140130051
  },
  "n_trials": 0.0,
  "prediction": 0.00356643530060425,
  "status": 0
}