{
  "compound_id": "DB08916",
  "compound_name": "Afatinib",
  "compound_percentile": 0.933823529411765,
  "disease_id": "DOID:3121",
  "disease_name": "gallbladder cancer",
  "disease_percentile": 0.9934980494148241,
  "metapath_contribution": {
    "CbGaD": 0.8536374464484211,
    "CbGeAlD": 0.023263230819499117,
    "CbGpPWpGaD": 0.11740182450285155,
    "CrCbGaD": 0.005697498229228225
  },
  "n_trials": 0.0,
  "prediction": 0.00317906529408172,
  "status": 0
}