{
  "compound_id": "DB00493",
  "compound_name": "Cefotaxime",
  "compound_percentile": 0.316176470588235,
  "disease_id": "DOID:1319",
  "disease_name": "brain cancer",
  "disease_percentile": 0.128738621586476,
  "metapath_contribution": {
    "CbGeAlD": 0.253584461378986,
    "CcSEcCtD": 0.7333351402927203,
    "CrCbGaD": 0.013080398328293667
  },
  "n_trials": 0.0,
  "prediction": 0.000861101649105986,
  "status": 0
}