{
  "compound_id": "DB00616",
  "compound_name": "Candoxatril",
  "compound_percentile": 0.970588235294118,
  "disease_id": "DOID:12930",
  "disease_name": "dilated cardiomyopathy",
  "disease_percentile": 0.981794538361508,
  "metapath_contribution": {
    "CbGaD": 0.45398070602985846,
    "CbGbCtD": 0.45561826614536505,
    "CbGeAlD": 0.028540564592915953,
    "CbGpPWpGaD": 0.0618604632318605
  },
  "n_trials": 0.0,
  "prediction": 0.008252506566787509,
  "status": 0
}