{
  "compound_id": "DB01303",
  "compound_name": "Oxtriphylline",
  "compound_percentile": 0.852941176470588,
  "disease_id": "DOID:10283",
  "disease_name": "prostate cancer",
  "disease_percentile": 0.560468140442133,
  "metapath_contribution": {
    "CbGaD": 0.5750022048839617,
    "CbGbCtD": 0.15169056466017714,
    "CbGdCrCtD": 0.002536240102635013,
    "CbGeAlD": 0.07639663014577151,
    "CbGpPWpGaD": 0.18473204006898689,
    "CrCbGaD": 0.009642320138467836
  },
  "n_trials": 0.0,
  "prediction": 0.00253263334248894,
  "status": 0
}