{
  "compound_id": "DB00258",
  "compound_name": "Calcium Acetate",
  "compound_percentile": 0.948529411764706,
  "disease_id": "DOID:12930",
  "disease_name": "dilated cardiomyopathy",
  "disease_percentile": 0.9369310793237969,
  "metapath_contribution": {
    "CcSEcCtD": 0.0010237737580297633,
    "CpDpCtD": 0.9989762262419702
  },
  "n_trials": 0.0,
  "prediction": 0.0039858507433929,
  "status": 0,
  "training_prediction": 0.00393205650342971
}