{
  "compound_id": "DB00315",
  "compound_name": "Zolmitriptan",
  "compound_percentile": 0.757352941176471,
  "disease_id": "DOID:1024",
  "disease_name": "leprosy",
  "disease_percentile": 0.456436931079324,
  "metapath_contribution": {
    "CbGbCtD": 0.41719614038768926,
    "CbGeAlD": 0.23547669364340756,
    "CcSEcCtD": 0.34732716596890323
  },
  "n_trials": 0.0,
  "prediction": 0.0017349481209344199,
  "status": 0
}