{
  "compound_id": "DB00749",
  "compound_name": "Etodolac",
  "compound_percentile": 0.801470588235294,
  "disease_id": "DOID:1192",
  "disease_name": "peripheral nervous system neoplasm",
  "disease_percentile": 0.933680104031209,
  "metapath_contribution": {
    "CbGbCtD": 0.8210484700557977,
    "CbGpPWpGaD": 0.00343413821662141,
    "CcSEcCtD": 0.17551739172758088
  },
  "n_trials": 0.0,
  "prediction": 0.00426809616228327,
  "status": 0
}