{
  "compound_id": "DB00993",
  "compound_name": "Azathioprine",
  "compound_percentile": 0.13235294117647098,
  "disease_id": "DOID:10652",
  "disease_name": "Alzheimer's disease",
  "disease_percentile": 0.327698309492848,
  "metapath_contribution": {
    "CbGeAlD": 0.22434658892172585,
    "CbGpPWpGaD": 0.20388061765570556,
    "CcSEcCtD": 0.5717727934225685
  },
  "n_trials": 0.0,
  "prediction": 0.00136713310996735,
  "status": 0,
  "training_prediction": 0.0065429447526103605
}