{
  "category": "NOT",
  "compound_id": "DB00722",
  "compound_name": "Lisinopril",
  "compound_percentile": 0.933823529411765,
  "disease_id": "DOID:9074",
  "disease_name": "systemic lupus erythematosus",
  "disease_percentile": 0.9401820546163849,
  "metapath_contribution": {
    "CbGaD": 0.25789177889557796,
    "CbGbCtD": 0.09438937982107497,
    "CbGeAlD": 0.02900377516588768,
    "CbGpPWpGaD": 0.019079357309212935,
    "CcSEcCtD": 0.08913989498029398,
    "CrCbGaD": 0.0026457742158405447,
    "CtDrD": 0.507850039612112
  },
  "prediction": 0.00766001851936461,
  "status": 0,
  "training_prediction": 0.0603622115647967
}