{
  "compound_id": "DB00816",
  "compound_name": "Orciprenaline",
  "compound_percentile": 0.0808823529411765,
  "disease_id": "DOID:263",
  "disease_name": "kidney cancer",
  "disease_percentile": 0.10728218465539699,
  "metapath_contribution": {
    "CcSEcCtD": 0.9739937053752276,
    "CrCbGaD": 0.026006294624772417
  },
  "n_trials": 0.0,
  "prediction": 0.00081984017530913,
  "status": 0,
  "training_prediction": 0.00238933953097944
}