{
  "compound_id": "DB01133",
  "compound_name": "Tiludronate",
  "compound_percentile": 0.3970588235294121,
  "disease_id": "DOID:12306",
  "disease_name": "vitiligo",
  "disease_percentile": 0.8907672301690508,
  "metapath_contribution": {
    "CbGeAlD": 0.4891164556582518,
    "CbGpPWpGaD": 0.5108835443417482
  },
  "n_trials": 0.0,
  "prediction": 0.00217091013908994,
  "status": 0,
  "training_prediction": 0.000979085579653526
}