{
  "compound_id": "DB00651",
  "compound_name": "Dyphylline",
  "compound_percentile": 0.0514705882352941,
  "disease_id": "DOID:3571",
  "disease_name": "liver cancer",
  "disease_percentile": 0.298439531859558,
  "metapath_contribution": {
    "CbGpPWpGaD": 0.7949441526913201,
    "CrCbGaD": 0.2050558473086799
  },
  "n_trials": 0.0,
  "prediction": 0.0010604143588015301,
  "status": 0,
  "training_prediction": 0.00104606122134229
}