{
  "compound_id": "DB01262",
  "compound_name": "Decitabine",
  "compound_percentile": 0.316176470588235,
  "disease_id": "DOID:11476",
  "disease_name": "osteoporosis",
  "disease_percentile": 0.005851755526658001,
  "metapath_contribution": {
    "CbGdCrCtD": 0.01775872838941318,
    "CbGpPWpGaD": 0.25222656050778663,
    "CcSEcCtD": 0.7209087845975725,
    "CrCbGaD": 0.00910592650522792
  },
  "n_trials": 0.0,
  "prediction": 0.000553306312529926,
  "status": 0
}