{
  "compound_id": "DB00226",
  "compound_name": "Guanadrel",
  "compound_percentile": 0.977941176470588,
  "disease_id": "DOID:9352",
  "disease_name": "type 2 diabetes mellitus",
  "disease_percentile": 0.806241872561768,
  "metapath_contribution": {
    "CbGeAlD": 0.017068658981100843,
    "CtDrD": 0.9829313410188991
  },
  "n_trials": 0.0,
  "prediction": 0.00531034583483179,
  "status": 0,
  "training_prediction": 0.0230647739494108
}