{
  "compound_id": "DB00537",
  "compound_name": "Ciprofloxacin",
  "compound_percentile": 0.801470588235294,
  "disease_id": "DOID:2994",
  "disease_name": "germ cell cancer",
  "disease_percentile": 0.48244473342002603,
  "metapath_contribution": {
    "CbGbCtD": 0.726355984870478,
    "CbGdCrCtD": 0.005633707260092594,
    "CcSEcCtD": 0.2680103078694293
  },
  "n_trials": 0.0,
  "prediction": 0.00156691509578554,
  "status": 0
}