{
  "compound_id": "DB00572",
  "compound_name": "Atropine",
  "compound_percentile": 0.9191176470588229,
  "disease_id": "DOID:1686",
  "disease_name": "glaucoma",
  "disease_percentile": 0.5214564369310789,
  "metapath_contribution": {
    "CbGbCtD": 0.6785885957786849,
    "CbGpPWpGaD": 0.016404592905147092,
    "CcSEcCtD": 0.3050068113161681
  },
  "n_trials": 0.0,
  "prediction": 0.00195480521876151,
  "status": 0
}