{
  "compound_id": "DB01235",
  "compound_name": "L-DOPA",
  "compound_percentile": 0.169117647058824,
  "disease_id": "DOID:332",
  "disease_name": "amyotrophic lateral sclerosis",
  "disease_percentile": 0.0929778933680104,
  "metapath_contribution": {
    "CbGeAlD": 0.27302590889441813,
    "CbGpPWpGaD": 0.2234279067498761,
    "CcSEcCtD": 0.5035461843557058
  },
  "n_trials": 0.0,
  "prediction": 0.000685347190441228,
  "status": 0
}