{
  "compound_id": "DB00630",
  "compound_name": "Alendronate",
  "compound_percentile": 0.588235294117647,
  "disease_id": "DOID:12930",
  "disease_name": "dilated cardiomyopathy",
  "disease_percentile": 0.331599479843953,
  "metapath_contribution": {
    "CbGeAlD": 0.3936923727924966,
    "CbGpPWpGaD": 0.11245071107790079,
    "CcSEcCtD": 0.47790143941949464,
    "CrCbGaD": 0.015955476710108028
  },
  "n_trials": 0.0,
  "prediction": 0.00134683150337648,
  "status": 0,
  "training_prediction": 0.00221401190105983
}