{
  "compound_id": "DB00526",
  "compound_name": "Oxaliplatin",
  "compound_percentile": 0.514705882352941,
  "disease_id": "DOID:4989",
  "disease_name": "pancreatitis",
  "disease_percentile": 0.91222366710013,
  "metapath_contribution": {
    "CbGaD": 0.7073857942807614,
    "CbGeAlD": 0.13025911910029153,
    "CbGpPWpGaD": 0.16235508661894713
  },
  "n_trials": 0.0,
  "prediction": 0.00311432664154752,
  "status": 0
}