{
  "compound_id": "DB01148",
  "compound_name": "Flavoxate",
  "compound_percentile": 0.566176470588235,
  "disease_id": "DOID:1459",
  "disease_name": "hypothyroidism",
  "disease_percentile": 0.0949284785435631,
  "metapath_contribution": {
    "CbGeAlD": 0.4646979908662577,
    "CbGpPWpGaD": 0.3123692449270533,
    "CcSEcCtD": 0.2229327642066891
  },
  "n_trials": 0.0,
  "prediction": 0.000965136419406547,
  "status": 0
}