{
  "compound_id": "DB01010",
  "compound_name": "Edrophonium",
  "compound_percentile": 0.970588235294118,
  "disease_id": "DOID:1612",
  "disease_name": "breast cancer",
  "disease_percentile": 0.6690507152145639,
  "metapath_contribution": {
    "CbGaD": 0.6728935998420289,
    "CbGbCtD": 0.1865700987720637,
    "CbGpPWpGaD": 0.05343250840600054,
    "CcSEcCtD": 0.08375757736290972,
    "CrCbGaD": 0.0033462156169971075
  },
  "n_trials": 0.0,
  "prediction": 0.00337785060850698,
  "status": 0
}