{
  "compound_id": "DB08828",
  "compound_name": "Vismodegib",
  "compound_percentile": 0.595588235294118,
  "disease_id": "DOID:0050741",
  "disease_name": "alcohol dependence",
  "disease_percentile": 0.364759427828349,
  "metapath_contribution": {
    "CbGbCtD": 0.5843002776722339,
    "CbGeAlD": 0.11308421706659046,
    "CbGpPWpGaD": 0.14155734529890635,
    "CcSEcCtD": 0.15833342211405632,
    "CrCbGaD": 0.0027247378482128906
  },
  "n_trials": 0.0,
  "prediction": 0.0017228346980947401,
  "status": 0,
  "training_prediction": 0.0020910627510736
}