{
  "compound_id": "DB06781",
  "compound_name": "Difluprednate",
  "compound_percentile": 0.992647058823529,
  "disease_id": "DOID:3310",
  "disease_name": "atopic dermatitis",
  "disease_percentile": 0.971391417425228,
  "metapath_contribution": {
    "CbGbCtD": 0.2649354388770548,
    "CcSEcCtD": 0.04938360814852972,
    "CrCrCtD": 0.2908730166978413,
    "CrCtD": 0.39480793627657423
  },
  "n_trials": 0.0,
  "prediction": 0.0226816996088539,
  "status": 0
}