{
  "compound_id": "DB00726",
  "compound_name": "Trimipramine",
  "compound_percentile": 0.602941176470588,
  "disease_id": "DOID:10534",
  "disease_name": "stomach cancer",
  "disease_percentile": 0.401820546163849,
  "metapath_contribution": {
    "CbGaD": 0.43984710084429474,
    "CbGbCtD": 0.19078997415976395,
    "CbGeAlD": 0.08088593113557213,
    "CbGpPWpGaD": 0.12876024930731647,
    "CcSEcCtD": 0.15332588408941553,
    "CrCbGaD": 0.00639086046363714
  },
  "n_trials": 0.0,
  "prediction": 0.0013352483964669,
  "status": 0
}