{
  "compound_id": "DB01193",
  "compound_name": "Acebutolol",
  "compound_percentile": 0.294117647058824,
  "disease_id": "DOID:4989",
  "disease_name": "pancreatitis",
  "disease_percentile": 0.25227568270481104,
  "metapath_contribution": {
    "CbGpPWpGaD": 0.11177020168574774,
    "CcSEcCtD": 0.8882297983142522
  },
  "n_trials": 0.0,
  "prediction": 0.00108285649123148,
  "status": 0,
  "training_prediction": 0.00079853714261105
}