{
  "compound_id": "DB00909",
  "compound_name": "Zonisamide",
  "compound_percentile": 0.639705882352941,
  "disease_id": "DOID:9008",
  "disease_name": "psoriatic arthritis",
  "disease_percentile": 0.7139141742522759,
  "metapath_contribution": {
    "CbGbCtD": 0.4320180961469316,
    "CcSEcCtD": 0.5679819038530685
  },
  "n_trials": 0.0,
  "prediction": 0.00218581679525992,
  "status": 0,
  "training_prediction": 0.004407414045656001
}