{
  "compound_id": "DB08877",
  "compound_name": "Ruxolitinib",
  "compound_percentile": 0.23529411764705901,
  "disease_id": "DOID:363",
  "disease_name": "uterine cancer",
  "disease_percentile": 0.47074122236671,
  "metapath_contribution": {
    "CbGdCrCtD": 0.011501886449247442,
    "CbGeAlD": 0.36511073823390516,
    "CbGpPWpGaD": 0.4753304922612845,
    "CcSEcCtD": 0.1480568830555629
  },
  "n_trials": 0.0,
  "prediction": 0.00160497206124915,
  "status": 0,
  "training_prediction": 0.0029319214534889396
}