{
  "compound_id": "DB01611",
  "compound_name": "Hydroxychloroquine",
  "compound_percentile": 0.264705882352941,
  "disease_id": "DOID:11054",
  "disease_name": "urinary bladder cancer",
  "disease_percentile": 0.224967490247074,
  "metapath_contribution": {
    "CbGeAlD": 0.08845474422784523,
    "CbGpPWpGaD": 0.28296171001049825,
    "CcSEcCtD": 0.6231413375172671,
    "CrCbGaD": 0.005442208244389375
  },
  "n_trials": 0.0,
  "prediction": 0.00101439150726306,
  "status": 0
}