{
  "compound_id": "DB00459",
  "compound_name": "Acitretin",
  "compound_percentile": 0.823529411764706,
  "disease_id": "DOID:0050742",
  "disease_name": "nicotine dependence",
  "disease_percentile": 0.291937581274382,
  "metapath_contribution": {
    "CbGeAlD": 0.1921098819415522,
    "CbGpPWpGaD": 0.13487605595310392,
    "CcSEcCtD": 0.6730140621053439
  },
  "n_trials": 0.0,
  "prediction": 0.0012918800964271699,
  "status": 0,
  "training_prediction": 0.000582359312999234
}