{
  "compound_id": "DB00262",
  "compound_name": "Carmustine",
  "compound_percentile": 0.4779411764705879,
  "disease_id": "DOID:1459",
  "disease_name": "hypothyroidism",
  "disease_percentile": 0.561768530559168,
  "metapath_contribution": {
    "CbGeAlD": 0.2517120653662176,
    "CcSEcCtD": 0.7482879346337823
  },
  "n_trials": 0.0,
  "prediction": 0.0017756148551559899,
  "status": 0,
  "training_prediction": 0.0072950365873352295
}