{
  "compound_id": "DB01415",
  "compound_name": "Ceftibuten",
  "compound_percentile": 0.963235294117647,
  "disease_id": "DOID:3393",
  "disease_name": "coronary artery disease",
  "disease_percentile": 0.347854356306892,
  "metapath_contribution": {
    "CbGbCtD": 0.8114988720408433,
    "CcSEcCtD": 0.18837360801007985,
    "CrCbGaD": 0.00012751994907687735
  },
  "n_trials": 0.0,
  "prediction": 0.0017705525016225,
  "status": 0
}