{
  "compound_id": "DB00717",
  "compound_name": "Norethindrone",
  "compound_percentile": 0.36764705882352894,
  "disease_id": "DOID:3953",
  "disease_name": "adrenal gland cancer",
  "disease_percentile": 0.11508452535760699,
  "metapath_contribution": {
    "CbGaD": 0.9860429382738916,
    "CbGpPWpGaD": 0.0030246677157515305,
    "CrCbGaD": 0.010932394010356778
  },
  "n_trials": 0.0,
  "prediction": 0.000753354040665436,
  "status": 0
}