{
  "compound_id": "DB00753",
  "compound_name": "Isoflurane",
  "compound_percentile": 0.455882352941176,
  "disease_id": "DOID:184",
  "disease_name": "bone cancer",
  "disease_percentile": 0.561768530559168,
  "metapath_contribution": {
    "CbGpPWpGaD": 0.8925098372634113,
    "CcSEcCtD": 0.1004801362501206,
    "CrCbGaD": 0.007010026486468206
  },
  "n_trials": 0.0,
  "prediction": 0.00166819348375782,
  "status": 0
}