{
  "compound_id": "DB00703",
  "compound_name": "Methazolamide",
  "compound_percentile": 0.507352941176471,
  "disease_id": "DOID:1312",
  "disease_name": "focal segmental glomerulosclerosis",
  "disease_percentile": 0.8368010403120941,
  "metapath_contribution": {
    "CbGbCtD": 0.9788533392651884,
    "CbGeAlD": 0.019276963174717974,
    "CcSEcCtD": 0.001869697560093683
  },
  "n_trials": 0.0,
  "prediction": 0.0022995806680797,
  "status": 0,
  "training_prediction": 0.00103718971721136
}