{
  "compound_id": "DB09014",
  "compound_name": "Captodiame",
  "compound_percentile": 0.9852941176470591,
  "disease_id": "DOID:3310",
  "disease_name": "atopic dermatitis",
  "disease_percentile": 0.903771131339402,
  "metapath_contribution": {
    "CbGdCrCtD": 0.0007534467696102244,
    "CrCrCtD": 0.384969295015824,
    "CrCtD": 0.6142772582145657
  },
  "n_trials": 0.0,
  "prediction": 0.0058516990691946,
  "status": 0
}