{
  "compound_id": "DB00794",
  "compound_name": "Primidone",
  "compound_percentile": 0.669117647058823,
  "disease_id": "DOID:263",
  "disease_name": "kidney cancer",
  "disease_percentile": 0.432379713914174,
  "metapath_contribution": {
    "CbGbCtD": 0.6845796657897806,
    "CbGpPWpGaD": 0.07938570836871908,
    "CcSEcCtD": 0.23603462584150034
  },
  "n_trials": 0.0,
  "prediction": 0.0016157641939445301,
  "status": 0,
  "training_prediction": 0.00470180780269384
}