{
  "compound_id": "DB00542",
  "compound_name": "Benazepril",
  "compound_percentile": 0.772058823529412,
  "disease_id": "DOID:3953",
  "disease_name": "adrenal gland cancer",
  "disease_percentile": 0.730819245773732,
  "metapath_contribution": {
    "CbGeAlD": 0.05341814376358026,
    "CbGpPWpGaD": 0.005616703983306575,
    "CrCbGaD": 0.0020720376345310402,
    "CtDrD": 0.938893114618582
  },
  "n_trials": 0.0,
  "prediction": 0.00176748394837628,
  "status": 0
}