{
  "compound_id": "DB00975",
  "compound_name": "Dipyridamole",
  "compound_percentile": 0.43382352941176505,
  "disease_id": "DOID:3310",
  "disease_name": "atopic dermatitis",
  "disease_percentile": 0.48244473342002603,
  "metapath_contribution": {
    "CbGbCtD": 0.1773590976619922,
    "CbGeAlD": 0.08465057881643327,
    "CbGpPWpGaD": 0.2576080341753608,
    "CcSEcCtD": 0.4803822893462136
  },
  "n_trials": 0.0,
  "prediction": 0.00207132619896462,
  "status": 0
}