{
  "compound_id": "DB00127",
  "compound_name": "Spermine",
  "compound_percentile": 0.852941176470588,
  "disease_id": "DOID:635",
  "disease_name": "acquired immunodeficiency syndrome",
  "disease_percentile": 0.665799739921977,
  "metapath_contribution": {
    "CbGbCtD": 0.7422775259510953,
    "CbGeAlD": 0.25519752581614596,
    "CbGpPWpGaD": 0.0025249482327587363
  },
  "n_trials": 0.0,
  "prediction": 0.00317024835813947,
  "status": 0
}