{
  "compound_id": "DB00887",
  "compound_name": "Bumetanide",
  "compound_percentile": 0.49264705882352894,
  "disease_id": "DOID:1115",
  "disease_name": "sarcoma",
  "disease_percentile": 0.5546163849154749,
  "metapath_contribution": {
    "CbGeAlD": 0.4384419641794324,
    "CcSEcCtD": 0.5615580358205676
  },
  "n_trials": 0.0,
  "prediction": 0.00154570411829727,
  "status": 0,
  "training_prediction": 0.00311874391845717
}