{
  "compound_id": "DB00344",
  "compound_name": "Protriptyline",
  "compound_percentile": 0.852941176470588,
  "disease_id": "DOID:8577",
  "disease_name": "ulcerative colitis",
  "disease_percentile": 0.41807542262678793,
  "metapath_contribution": {
    "CbGaD": 0.49791136687359583,
    "CbGbCtD": 0.30715248992092664,
    "CcSEcCtD": 0.19085951452025357,
    "CrCbGaD": 0.0040766286852239935
  },
  "n_trials": 0.0,
  "prediction": 0.0018718340891561102,
  "status": 0
}