{
  "compound_id": "DB08816",
  "compound_name": "Ticagrelor",
  "compound_percentile": 0.6764705882352939,
  "disease_id": "DOID:418",
  "disease_name": "systemic scleroderma",
  "disease_percentile": 0.624837451235371,
  "metapath_contribution": {
    "CbGbCtD": 0.588415907536842,
    "CcSEcCtD": 0.4115840924631579
  },
  "n_trials": 0.0,
  "prediction": 0.0020302528191958697,
  "status": 0,
  "training_prediction": 0.00483502124016891
}