{
  "compound_id": "DB01438",
  "compound_name": "Phenazopyridine",
  "compound_percentile": 0.933823529411765,
  "disease_id": "DOID:332",
  "disease_name": "amyotrophic lateral sclerosis",
  "disease_percentile": 0.985695708712614,
  "metapath_contribution": {
    "CbGbCtD": 0.8318413940179015,
    "CbGeAlD": 0.13365478782163465,
    "CcSEcCtD": 0.034503818160463794
  },
  "n_trials": 0.0,
  "prediction": 0.00442652251970005,
  "status": 0
}