{
  "compound_id": "DB00360",
  "compound_name": "Tetrahydrobiopterin",
  "compound_percentile": 0.867647058823529,
  "disease_id": "DOID:3083",
  "disease_name": "chronic obstructive pulmonary disease",
  "disease_percentile": 0.879063719115735,
  "metapath_contribution": {
    "CbGaD": 0.7363628815034508,
    "CbGeAlD": 0.04445851577195211,
    "CbGpPWpGaD": 0.09536269095222148,
    "CcSEcCtD": 0.12381591177237572
  },
  "n_trials": 0.0,
  "prediction": 0.00511810189998304,
  "status": 0
}