{
  "compound_id": "DB00470",
  "compound_name": "Dronabinol",
  "compound_percentile": 0.49264705882352894,
  "disease_id": "DOID:1459",
  "disease_name": "hypothyroidism",
  "disease_percentile": 0.843953185955787,
  "metapath_contribution": {
    "CbGbCtD": 0.614000734382583,
    "CbGeAlD": 0.14875797069583024,
    "CcSEcCtD": 0.2372412949215868
  },
  "n_trials": 0.0,
  "prediction": 0.0025029560681195102,
  "status": 0
}