{
  "compound_id": "DB06292",
  "compound_name": "Dapagliflozin",
  "compound_percentile": 0.514705882352941,
  "disease_id": "DOID:585",
  "disease_name": "nephrolithiasis",
  "disease_percentile": 0.8784135240572171,
  "metapath_contribution": {
    "CbGeAlD": 0.43407321073997196,
    "CbGpPWpGaD": 0.48126964639009323,
    "CcSEcCtD": 0.08465714286993475
  },
  "n_trials": 0.0,
  "prediction": 0.0023905795751709103,
  "status": 0
}