{
  "compound_id": "DB00829",
  "compound_name": "Diazepam",
  "compound_percentile": 0.720588235294118,
  "disease_id": "DOID:363",
  "disease_name": "uterine cancer",
  "disease_percentile": 0.42912873862158596,
  "metapath_contribution": {
    "CbGbCtD": 0.6609818041873434,
    "CbGeAlD": 0.06256431823238862,
    "CbGpPWpGaD": 0.019604631513222438,
    "CcSEcCtD": 0.25684924606704546
  },
  "n_trials": 0.0,
  "prediction": 0.0015122334703585,
  "status": 0,
  "training_prediction": 0.0027627211631123102
}