{
  "compound_id": "DB00749",
  "compound_name": "Etodolac",
  "compound_percentile": 0.845588235294118,
  "disease_id": "DOID:9008",
  "disease_name": "psoriatic arthritis",
  "disease_percentile": 0.9551365409622892,
  "metapath_contribution": {
    "CbGbCtD": 0.28098962962771235,
    "CbGdCrCtD": 0.0027792210673719332,
    "CcSEcCtD": 0.09283844896620216,
    "CpDpCtD": 0.6233927003387135
  },
  "n_trials": 0.0,
  "prediction": 0.00568664565832676,
  "status": 0
}