{
  "compound_id": "DB00564",
  "compound_name": "Carbamazepine",
  "compound_percentile": 0.323529411764706,
  "disease_id": "DOID:4362",
  "disease_name": "cervical cancer",
  "disease_percentile": 0.0266579973992198,
  "metapath_contribution": {
    "CbGbCtD": 0.5635585185161249,
    "CbGeAlD": 0.23100865513933036,
    "CcSEcCtD": 0.20543282634454466
  },
  "n_trials": 0.0,
  "prediction": 0.000681566657828807,
  "status": 0,
  "training_prediction": 0.00030713649071339397
}