{
  "compound_id": "DB00448",
  "compound_name": "Lansoprazole",
  "compound_percentile": 0.647058823529412,
  "disease_id": "DOID:418",
  "disease_name": "systemic scleroderma",
  "disease_percentile": 0.6807542262678801,
  "metapath_contribution": {
    "CbGbCtD": 0.62386620472672,
    "CbGeAlD": 0.0318199455694538,
    "CcSEcCtD": 0.3443138497038262
  },
  "n_trials": 0.0,
  "prediction": 0.00217043959212406,
  "status": 0
}