{
  "compound_id": "DB00968",
  "compound_name": "Methyldopa",
  "compound_percentile": 0.9852941176470591,
  "disease_id": "DOID:9352",
  "disease_name": "type 2 diabetes mellitus",
  "disease_percentile": 0.8959687906371909,
  "metapath_contribution": {
    "CbGaD": 0.19108047912184753,
    "CbGbCtD": 0.24451474620729552,
    "CbGeAlD": 0.01201253392690756,
    "CbGpPWpGaD": 0.04927128825256171,
    "CcSEcCtD": 0.09085838551964363,
    "CrCbGaD": 0.0023646775892064084,
    "CtDrD": 0.40989788938253763
  },
  "n_trials": 0.0,
  "prediction": 0.00758555508369907,
  "status": 0,
  "training_prediction": 0.0326967921121531
}