{
  "compound_id": "DB01600",
  "compound_name": "Tiaprofenic acid",
  "compound_percentile": 0.0588235294117647,
  "disease_id": "DOID:3571",
  "disease_name": "liver cancer",
  "disease_percentile": 0.121586475942783,
  "metapath_contribution": {
    "CbGpPWpGaD": 0.3621521278537578,
    "CcSEcCtD": 0.6107734794856228,
    "CrCbGaD": 0.027074392660619406
  },
  "n_trials": 0.0,
  "prediction": 0.000795874846486608,
  "status": 0
}