{
  "compound_id": "DB01088",
  "compound_name": "Iloprost",
  "compound_percentile": 0.44117647058823495,
  "disease_id": "DOID:7693",
  "disease_name": "abdominal aortic aneurysm",
  "disease_percentile": 0.49024707412223706,
  "metapath_contribution": {
    "CbGeAlD": 0.14557938037493362,
    "CbGpPWpGaD": 0.8169440136579126,
    "CrCbGaD": 0.037476605967153825
  },
  "n_trials": 0.0,
  "prediction": 0.0012598332261820199,
  "status": 0
}