{
  "compound_id": "DB00335",
  "compound_name": "Atenolol",
  "compound_percentile": 0.580882352941177,
  "disease_id": "DOID:7148",
  "disease_name": "rheumatoid arthritis",
  "disease_percentile": 0.238621586475943,
  "metapath_contribution": {
    "CbGbCtD": 0.5758685355417744,
    "CcSEcCtD": 0.4225376539090575,
    "CrCbGaD": 0.0015938105491680483
  },
  "n_trials": 0.0,
  "prediction": 0.0011868213735345698,
  "status": 0
}