{
  "compound_id": "DB04841",
  "compound_name": "Flunarizine",
  "compound_percentile": 0.242647058823529,
  "disease_id": "DOID:4045",
  "disease_name": "muscle cancer",
  "disease_percentile": 0.293237971391417,
  "metapath_contribution": {
    "CbGbCtD": 0.6742207599845834,
    "CbGeAlD": 0.07116868759585929,
    "CbGpPWpGaD": 0.2546105524195574
  },
  "n_trials": 0.0,
  "prediction": 0.00109002905134363,
  "status": 0
}