{
  "compound_id": "DB00602",
  "compound_name": "Ivermectin",
  "compound_percentile": 0.661764705882353,
  "disease_id": "DOID:12365",
  "disease_name": "malaria",
  "disease_percentile": 0.8472041612483739,
  "metapath_contribution": {
    "CbGbCtD": 0.6703195356659624,
    "CbGeAlD": 0.05378688847878388,
    "CcSEcCtD": 0.27589357585525376
  },
  "n_trials": 3.0,
  "prediction": 0.0037677362722152797,
  "status": 0
}