{
  "compound_id": "DB00623",
  "compound_name": "Fluphenazine",
  "compound_percentile": 0.110294117647059,
  "disease_id": "DOID:3070",
  "disease_name": "malignant glioma",
  "disease_percentile": 0.052665799739922005,
  "metapath_contribution": {
    "CbGbCtD": 0.05245343503789187,
    "CbGeAlD": 0.34149627515092595,
    "CbGpPWpGaD": 0.413962092165214,
    "CcSEcCtD": 0.18325829179350722,
    "CrCbGaD": 0.008829905852461066
  },
  "n_trials": 0.0,
  "prediction": 0.000632281251547313,
  "status": 0
}