{
  "compound_id": "DB06775",
  "compound_name": "Carglumic Acid",
  "compound_percentile": 0.772058823529412,
  "disease_id": "DOID:2377",
  "disease_name": "multiple sclerosis",
  "disease_percentile": 0.177503250975293,
  "metapath_contribution": {
    "CbGeAlD": 0.27154236300897056,
    "CbGpPWpGaD": 0.27610438665508064,
    "CcSEcCtD": 0.4377574615048576,
    "CrCbGaD": 0.01459578883109128
  },
  "n_trials": 0.0,
  "prediction": 0.0011885486072104698,
  "status": 0
}