{
  "compound_id": "DB01008",
  "compound_name": "Busulfan",
  "compound_percentile": 0.742647058823529,
  "disease_id": "DOID:7148",
  "disease_name": "rheumatoid arthritis",
  "disease_percentile": 0.8589076723016908,
  "metapath_contribution": {
    "CbGbCtD": 0.8110572100729841,
    "CbGeAlD": 0.013458836772088584,
    "CcSEcCtD": 0.1754839531549273
  },
  "n_trials": 0.0,
  "prediction": 0.0037896207302457797,
  "status": 0,
  "training_prediction": 0.0122538682295681
}