{
  "compound_id": "DB01026",
  "compound_name": "Ketoconazole",
  "compound_percentile": 0.926470588235294,
  "disease_id": "DOID:9206",
  "disease_name": "Barrett's esophagus",
  "disease_percentile": 0.9843953185955792,
  "metapath_contribution": {
    "CbGaD": 0.47439620701511565,
    "CbGbCtD": 0.38170885644993685,
    "CbGeAlD": 0.013446747825176474,
    "CbGpPWpGaD": 0.059354366768153144,
    "CcSEcCtD": 0.07109382194161802
  },
  "n_trials": 0.0,
  "prediction": 0.0066682769141116,
  "status": 0
}