{
  "compound_id": "DB00484",
  "compound_name": "Brimonidine",
  "compound_percentile": 0.125,
  "disease_id": "DOID:3571",
  "disease_name": "liver cancer",
  "disease_percentile": 0.43433029908972703,
  "metapath_contribution": {
    "CcSEcCtD": 0.9964508966105581,
    "CrCbGaD": 0.0035491033894419106
  },
  "n_trials": 0.0,
  "prediction": 0.00129377517105349,
  "status": 0,
  "training_prediction": 0.00127626743610721
}