{
  "compound_id": "DB00514",
  "compound_name": "Dextromethorphan",
  "compound_percentile": 0.654411764705882,
  "disease_id": "DOID:219",
  "disease_name": "colon cancer",
  "disease_percentile": 0.39661898569570897,
  "metapath_contribution": {
    "CbGaD": 0.3801845028990024,
    "CbGbCtD": 0.547287534892328,
    "CbGeAlD": 0.07252796220866964
  },
  "n_trials": 0.0,
  "prediction": 0.0013393505893402801,
  "status": 0
}