{
  "compound_id": "DB00909",
  "compound_name": "Zonisamide",
  "compound_percentile": 0.580882352941177,
  "disease_id": "DOID:8778",
  "disease_name": "Crohn's disease",
  "disease_percentile": 0.6710013003901171,
  "metapath_contribution": {
    "CbGbCtD": 0.5636970767897458,
    "CbGeAlD": 0.13970195589115642,
    "CbGpPWpGaD": 0.01466518351885687,
    "CcSEcCtD": 0.28193578380024104
  },
  "n_trials": 0.0,
  "prediction": 0.00197745419157579,
  "status": 0,
  "training_prediction": 0.00322444583584104
}