{
  "compound_id": "DB08820",
  "compound_name": "Ivacaftor",
  "compound_percentile": 0.867647058823529,
  "disease_id": "DOID:10763",
  "disease_name": "hypertension",
  "disease_percentile": 0.533159947984395,
  "metapath_contribution": {
    "CbGaD": 0.12352158179712339,
    "CbGbCtD": 0.6172420377036034,
    "CbGeAlD": 0.031089469784848722,
    "CbGpPWpGaD": 0.0573092149567321,
    "CcSEcCtD": 0.17083769575769225
  },
  "n_trials": 0.0,
  "prediction": 0.00426275755273331,
  "status": 0
}