{
  "compound_id": "DB00449",
  "compound_name": "Dipivefrin",
  "compound_percentile": 0.411764705882353,
  "disease_id": "DOID:11476",
  "disease_name": "osteoporosis",
  "disease_percentile": 0.397919375812744,
  "metapath_contribution": {
    "CbGpPWpGaD": 0.5907595267036982,
    "CcSEcCtD": 0.40393684240811306,
    "CrCbGaD": 0.0053036308881887475
  },
  "n_trials": 0.0,
  "prediction": 0.00161955814902609,
  "status": 0,
  "training_prediction": 0.0052625005511477705
}