{
  "compound_id": "DB02546",
  "compound_name": "Vorinostat",
  "compound_percentile": 0.669117647058823,
  "disease_id": "DOID:418",
  "disease_name": "systemic scleroderma",
  "disease_percentile": 0.7594278283485051,
  "metapath_contribution": {
    "CbGdCrCtD": 0.01031110439937208,
    "CbGeAlD": 0.2634621711898634,
    "CbGpPWpGaD": 0.3716745768472758,
    "CcSEcCtD": 0.35455214756348874
  },
  "n_trials": 0.0,
  "prediction": 0.0024046407536004,
  "status": 0,
  "training_prediction": 0.00572365497287325
}