{
  "compound_id": "DB00172",
  "compound_name": "L-Proline",
  "compound_percentile": 0.9558823529411771,
  "disease_id": "DOID:1324",
  "disease_name": "lung cancer",
  "disease_percentile": 0.8400520156046809,
  "metapath_contribution": {
    "CbGaD": 0.7184797774691334,
    "CbGdCrCtD": 0.0045827296147788145,
    "CbGeAlD": 0.13706140916139345,
    "CbGpPWpGaD": 0.13987608375469432
  },
  "n_trials": 0.0,
  "prediction": 0.003923849870371521,
  "status": 0
}