{
  "compound_id": "DB01186",
  "compound_name": "Pergolide",
  "compound_percentile": 0.7941176470588229,
  "disease_id": "DOID:1612",
  "disease_name": "breast cancer",
  "disease_percentile": 0.472041612483745,
  "metapath_contribution": {
    "CbGaD": 0.25745852743968367,
    "CbGbCtD": 0.32539343981897406,
    "CbGeAlD": 0.017810193126787686,
    "CbGpPWpGaD": 0.11745555816996281,
    "CcSEcCtD": 0.27980240649605986,
    "CrCbGaD": 0.002079874948531937
  },
  "n_trials": 0.0,
  "prediction": 0.00223234279210601,
  "status": 0
}