{
  "compound_id": "DB00575",
  "compound_name": "Clonidine",
  "compound_percentile": 0.683823529411765,
  "disease_id": "DOID:1024",
  "disease_name": "leprosy",
  "disease_percentile": 0.616384915474642,
  "metapath_contribution": {
    "CbGbCtD": 0.8216366428027413,
    "CbGdCrCtD": 0.006968921024825465,
    "CcSEcCtD": 0.17139443617243322
  },
  "n_trials": 0.0,
  "prediction": 0.0020907018477082802,
  "status": 0,
  "training_prediction": 0.00343518831873242
}