{
  "compound_id": "DB00246",
  "compound_name": "Ziprasidone",
  "compound_percentile": 0.602941176470588,
  "disease_id": "DOID:184",
  "disease_name": "bone cancer",
  "disease_percentile": 0.6762028608582571,
  "metapath_contribution": {
    "CbGaD": 0.4645075807444446,
    "CbGeAlD": 0.10154609091777267,
    "CbGpPWpGaD": 0.14081871870912982,
    "CcSEcCtD": 0.28714882577805967,
    "CrCbGaD": 0.005978783850593293
  },
  "n_trials": 0.0,
  "prediction": 0.00197865368521602,
  "status": 0
}