{
  "compound_id": "DB00500",
  "compound_name": "Tolmetin",
  "compound_percentile": 0.169117647058824,
  "disease_id": "DOID:3312",
  "disease_name": "bipolar disorder",
  "disease_percentile": 0.14499349804941503,
  "metapath_contribution": {
    "CbGeAlD": 0.33716521062306337,
    "CbGpPWpGaD": 0.6215503562415511,
    "CrCbGaD": 0.04128443313538564
  },
  "n_trials": 0.0,
  "prediction": 0.0009336595388098849,
  "status": 0
}