{
  "compound_id": "DB04844",
  "compound_name": "Tetrabenazine",
  "compound_percentile": 0.838235294117647,
  "disease_id": "DOID:1686",
  "disease_name": "glaucoma",
  "disease_percentile": 0.624837451235371,
  "metapath_contribution": {
    "CbGbCtD": 0.5020003893600385,
    "CbGdCrCtD": 0.007777816204902049,
    "CbGpPWpGaD": 0.08205155009453344,
    "CcSEcCtD": 0.40817024434052596
  },
  "n_trials": 0.0,
  "prediction": 0.0022968080378545697,
  "status": 0
}