{
  "compound_id": "DB06207",
  "compound_name": "Silodosin",
  "compound_percentile": 0.647058823529412,
  "disease_id": "DOID:2377",
  "disease_name": "multiple sclerosis",
  "disease_percentile": 0.717815344603381,
  "metapath_contribution": {
    "CbGbCtD": 0.7647649548948686,
    "CbGpPWpGaD": 0.08338083556393147,
    "CcSEcCtD": 0.15185420954119996
  },
  "n_trials": 0.0,
  "prediction": 0.00248682162648155,
  "status": 0
}