{
  "compound_id": "DB01610",
  "compound_name": "Valganciclovir",
  "compound_percentile": 0.169117647058824,
  "disease_id": "DOID:2531",
  "disease_name": "hematologic cancer",
  "disease_percentile": 0.0754226267880364,
  "metapath_contribution": {
    "CbGpPWpGaD": 0.1260747805304637,
    "CcSEcCtD": 0.8665493924104758,
    "CrCbGaD": 0.007375827059060493
  },
  "n_trials": 4.0,
  "prediction": 0.00088201995172365,
  "status": 0
}