{
  "compound_id": "DB01019",
  "compound_name": "Bethanechol",
  "compound_percentile": 0.558823529411765,
  "disease_id": "DOID:10652",
  "disease_name": "Alzheimer's disease",
  "disease_percentile": 0.322496749024707,
  "metapath_contribution": {
    "CbGpPWpGaD": 0.06294022978936452,
    "CcSEcCtD": 0.9227795760879208,
    "CrCbGaD": 0.014280194122714654
  },
  "n_trials": 0.0,
  "prediction": 0.0013564113052812901,
  "status": 0
}