{
  "compound_id": "DB01007",
  "compound_name": "Tioconazole",
  "compound_percentile": 0.8897058823529409,
  "disease_id": "DOID:2841",
  "disease_name": "asthma",
  "disease_percentile": 0.506501950585176,
  "metapath_contribution": {
    "CbGbCtD": 0.9459994131114543,
    "CbGpPWpGaD": 0.05196528953387358,
    "CrCbGaD": 0.002035297354672095
  },
  "n_trials": 0.0,
  "prediction": 0.0024843882888129897,
  "status": 0
}