{
  "compound_id": "DB00530",
  "compound_name": "Erlotinib",
  "compound_percentile": 0.49264705882352894,
  "disease_id": "DOID:14227",
  "disease_name": "azoospermia",
  "disease_percentile": 0.864759427828348,
  "metapath_contribution": {
    "CbGbCtD": 0.8042427395557225,
    "CbGeAlD": 0.1075685025455483,
    "CcSEcCtD": 0.08818875789872926
  },
  "n_trials": 0.0,
  "prediction": 0.00255784641020245,
  "status": 0,
  "training_prediction": 0.00261863783788899
}