{
  "compound_id": "DB01045",
  "compound_name": "Rifampicin",
  "compound_percentile": 0.544117647058823,
  "disease_id": "DOID:3070",
  "disease_name": "malignant glioma",
  "disease_percentile": 0.725617685305592,
  "metapath_contribution": {
    "CbGaD": 0.6809145694237714,
    "CbGbCtD": 0.1334710058206818,
    "CbGpPWpGaD": 0.18561442475554674
  },
  "n_trials": 0.0,
  "prediction": 0.0019138460491450102,
  "status": 0,
  "training_prediction": 0.0014116469302838
}