{
  "compound_id": "DB00900",
  "compound_name": "Didanosine",
  "compound_percentile": 1.0,
  "disease_id": "DOID:2043",
  "disease_name": "hepatitis B",
  "disease_percentile": 0.9993498049414821,
  "metapath_contribution": {
    "CbGbCtD": 0.046574858531784405,
    "CbGeAlD": 0.0037909359224314212,
    "CcSEcCtD": 0.02598548453399582,
    "CiPCiCtD": 0.3278564636993167,
    "CrCrCtD": 0.12483576588768007,
    "CrCtD": 0.2733714852877515,
    "CtDrD": 0.19758500613704
  },
  "n_trials": 0.0,
  "prediction": 0.36023700943631,
  "status": 0,
  "training_prediction": 0.406062921413079
}