{
  "compound_id": "DB00312",
  "compound_name": "Pentobarbital",
  "compound_percentile": 0.816176470588235,
  "disease_id": "DOID:2531",
  "disease_name": "hematologic cancer",
  "disease_percentile": 0.49024707412223706,
  "metapath_contribution": {
    "CbGbCtD": 0.56099639929286,
    "CbGeAlD": 0.07727351334152664,
    "CbGpPWpGaD": 0.09358044994711365,
    "CcSEcCtD": 0.26814963741849973
  },
  "n_trials": 0.0,
  "prediction": 0.00222838506082887,
  "status": 0
}