{
  "compound_id": "DB00709",
  "compound_name": "Lamivudine",
  "compound_percentile": 0.330882352941176,
  "disease_id": "DOID:12361",
  "disease_name": "Graves' disease",
  "disease_percentile": 0.10988296488946699,
  "metapath_contribution": {
    "CbGeAlD": 0.46306299908702686,
    "CcSEcCtD": 0.5369370009129731
  },
  "n_trials": 0.0,
  "prediction": 0.0009452085068231731,
  "status": 0,
  "training_prediction": 0.0011603630589879699
}