{
  "compound_id": "DB01338",
  "compound_name": "Pipecuronium",
  "compound_percentile": 0.838235294117647,
  "disease_id": "DOID:263",
  "disease_name": "kidney cancer",
  "disease_percentile": 0.5773732119635889,
  "metapath_contribution": {
    "CbGaD": 0.9945601405737624,
    "CbGeAlD": 0.00048696327518493797,
    "CrCbGaD": 0.0049528961510526435
  },
  "n_trials": 0.0,
  "prediction": 0.00203844702738971,
  "status": 0
}