{
  "compound_id": "DB00159",
  "compound_name": "Icosapent",
  "compound_percentile": 0.5514705882352939,
  "disease_id": "DOID:184",
  "disease_name": "bone cancer",
  "disease_percentile": 0.559817945383615,
  "metapath_contribution": {
    "CbGaD": 0.7290707157050343,
    "CbGeAlD": 0.1369096339942781,
    "CbGpPWpGaD": 0.13164041571338547,
    "CrCbGaD": 0.0023792345873021427
  },
  "n_trials": 0.0,
  "prediction": 0.00165741564483439,
  "status": 0
}