{
  "compound_id": "DB01081",
  "compound_name": "Diphenoxylate",
  "compound_percentile": 0.933823529411765,
  "disease_id": "DOID:9970",
  "disease_name": "obesity",
  "disease_percentile": 0.252925877763329,
  "metapath_contribution": {
    "CbGpPWpGaD": 0.15168543917755611,
    "CrCbGaD": 0.006415721187733021,
    "CrCrCtD": 0.8418988396347109
  },
  "n_trials": 0.0,
  "prediction": 0.00149388634467421,
  "status": 0
}