{
  "compound_id": "DB00598",
  "compound_name": "Labetalol",
  "compound_percentile": 0.808823529411765,
  "disease_id": "DOID:10283",
  "disease_name": "prostate cancer",
  "disease_percentile": 0.29518855656696996,
  "metapath_contribution": {
    "CbGaD": 0.5179457123612711,
    "CbGbCtD": 0.10762978828186114,
    "CbGpPWpGaD": 0.08344284753734875,
    "CcSEcCtD": 0.28310214216342794,
    "CrCbGaD": 0.007879509656090987
  },
  "n_trials": 0.0,
  "prediction": 0.00152059607841245,
  "status": 0,
  "training_prediction": 0.0064425681148127705
}