{
  "compound_id": "DB00924",
  "compound_name": "Cyclobenzaprine",
  "compound_percentile": 0.933823529411765,
  "disease_id": "DOID:2841",
  "disease_name": "asthma",
  "disease_percentile": 0.697659297789337,
  "metapath_contribution": {
    "CbGbCtD": 0.3187512173133525,
    "CbGpPWpGaD": 0.010230175972884236,
    "CcSEcCtD": 0.12278290302631734,
    "CpDpCtD": 0.365913115655911,
    "CrCbGaD": 0.0011070887476648638,
    "CrCrCtD": 0.1812154992838702
  },
  "n_trials": 0.0,
  "prediction": 0.0036209146554978203,
  "status": 0
}