{
  "compound_id": "DB00928",
  "compound_name": "Azacitidine",
  "compound_percentile": 0.926470588235294,
  "disease_id": "DOID:219",
  "disease_name": "colon cancer",
  "disease_percentile": 0.966840052015605,
  "metapath_contribution": {
    "CbGbCtD": 0.27376113626197984,
    "CbGdCrCtD": 0.001080043544482234,
    "CbGeAlD": 0.01787684935014637,
    "CbGpPWpGaD": 0.006487451287022201,
    "CcSEcCtD": 0.04716777018796148,
    "CiPCiCtD": 0.6524280925076164,
    "CrCbGaD": 0.0011986568607915543
  },
  "n_trials": 0.0,
  "prediction": 0.00586459231801276,
  "status": 0
}