{
  "compound_id": "DB01420",
  "compound_name": "Testosterone Propionate",
  "compound_percentile": 0.941176470588235,
  "disease_id": "DOID:7148",
  "disease_name": "rheumatoid arthritis",
  "disease_percentile": 0.94408322496749,
  "metapath_contribution": {
    "CbGbCtD": 0.13945884336523184,
    "CbGeAlD": 0.010686704138316027,
    "CbGpPWpGaD": 0.001409602121761272,
    "CcSEcCtD": 0.04297353552506898,
    "CpDpCtD": 0.25280832878675374,
    "CrCbGaD": 0.0012336173492260832,
    "CrCrCtD": 0.2712514868653532,
    "CrCtD": 0.28017788184828896
  },
  "n_trials": 0.0,
  "prediction": 0.00851250296511893,
  "status": 0
}