{
  "compound_id": "DB00717",
  "compound_name": "Norethindrone",
  "compound_percentile": 0.654411764705882,
  "disease_id": "DOID:219",
  "disease_name": "colon cancer",
  "disease_percentile": 0.229518855656697,
  "metapath_contribution": {
    "CbGaD": 0.38429199586510016,
    "CbGbCtD": 0.5042115825910716,
    "CbGeAlD": 0.01053014390189168,
    "CcSEcCtD": 0.1005507378992327,
    "CrCbGaD": 0.0004155397427038896
  },
  "n_trials": 0.0,
  "prediction": 0.00103813507988489,
  "status": 0
}