{
  "compound_id": "DB00943",
  "compound_name": "Zalcitabine",
  "compound_percentile": 0.36764705882352894,
  "disease_id": "DOID:14330",
  "disease_name": "Parkinson's disease",
  "disease_percentile": 0.29713914174252304,
  "metapath_contribution": {
    "CbGaD": 0.8584688284974171,
    "CbGpPWpGaD": 0.14136205942999996,
    "CrCbGaD": 0.00016911207258290742
  },
  "n_trials": 0.0,
  "prediction": 0.0010539951463413,
  "status": 0
}