{
  "compound_id": "DB01200",
  "compound_name": "Bromocriptine",
  "compound_percentile": 0.808823529411765,
  "disease_id": "DOID:2841",
  "disease_name": "asthma",
  "disease_percentile": 0.5370611183355011,
  "metapath_contribution": {
    "CbGbCtD": 0.602706624158303,
    "CbGeAlD": 0.02967905382454455,
    "CbGpPWpGaD": 0.158543255447824,
    "CcSEcCtD": 0.2090710665693285
  },
  "n_trials": 0.0,
  "prediction": 0.00259169531273458,
  "status": 0,
  "training_prediction": 0.0174448087013082
}