{
  "compound_id": "DB01199",
  "compound_name": "Tubocurarine",
  "compound_percentile": 0.948529411764706,
  "disease_id": "DOID:10763",
  "disease_name": "hypertension",
  "disease_percentile": 0.486996098829649,
  "metapath_contribution": {
    "CbGbCtD": 0.7874490368149916,
    "CbGeAlD": 0.06361690136206269,
    "CbGpPWpGaD": 0.14893406182294563
  },
  "n_trials": 0.0,
  "prediction": 0.0037817552309078396,
  "status": 0
}