{
  "compound_id": "DB00211",
  "compound_name": "Midodrine",
  "compound_percentile": 0.823529411764706,
  "disease_id": "DOID:1936",
  "disease_name": "atherosclerosis",
  "disease_percentile": 0.5643693107932379,
  "metapath_contribution": {
    "CbGbCtD": 0.5129005415740335,
    "CbGpPWpGaD": 0.09628275583839423,
    "CcSEcCtD": 0.3851521881447799,
    "CrCbGaD": 0.0056645144427922775
  },
  "n_trials": 0.0,
  "prediction": 0.00205046081135272,
  "status": 0
}