{
  "compound_id": "DB00399",
  "compound_name": "Zoledronate",
  "compound_percentile": 0.661764705882353,
  "disease_id": "DOID:12365",
  "disease_name": "malaria",
  "disease_percentile": 0.32964889466840097,
  "metapath_contribution": {
    "CbGeAlD": 0.2548523130549065,
    "CbGpPWpGaD": 0.11457010072099964,
    "CcSEcCtD": 0.6305775862240938
  },
  "n_trials": 0.0,
  "prediction": 0.00163812499616597,
  "status": 0,
  "training_prediction": 0.006981528053155671
}