{
  "compound_id": "DB00129",
  "compound_name": "L-Ornithine",
  "compound_percentile": 0.654411764705882,
  "disease_id": "DOID:824",
  "disease_name": "periodontitis",
  "disease_percentile": 0.427178153446034,
  "metapath_contribution": {
    "CbGeAlD": 0.8694813954269152,
    "CbGpPWpGaD": 0.09612617131382646,
    "CrCbGaD": 0.03439243325925843
  },
  "n_trials": 0.0,
  "prediction": 0.00122440989690247,
  "status": 0
}