{
  "compound_id": "DB04843",
  "compound_name": "Mepenzolate",
  "compound_percentile": 0.970588235294118,
  "disease_id": "DOID:1826",
  "disease_name": "epilepsy syndrome",
  "disease_percentile": 0.48374512353706106,
  "metapath_contribution": {
    "CbGaD": 0.5724138538409479,
    "CbGpPWpGaD": 0.06743695919501574,
    "CcSEcCtD": 0.1267350781936602,
    "CrCbGaD": 0.00579827531771625,
    "CrCrCtD": 0.2276158334526598
  },
  "n_trials": 0.0,
  "prediction": 0.0032766307503304397,
  "status": 0
}