{
  "compound_id": "DB00177",
  "compound_name": "Valsartan",
  "compound_percentile": 0.8602941176470591,
  "disease_id": "DOID:1024",
  "disease_name": "leprosy",
  "disease_percentile": 0.7626788036410921,
  "metapath_contribution": {
    "CbGbCtD": 0.9008548433217188,
    "CcSEcCtD": 0.09914515667828108
  },
  "n_trials": 0.0,
  "prediction": 0.00244254698239908,
  "status": 0,
  "training_prediction": 0.00545590268276749
}