{
  "compound_id": "DB06292",
  "compound_name": "Dapagliflozin",
  "compound_percentile": 0.882352941176471,
  "disease_id": "DOID:1192",
  "disease_name": "peripheral nervous system neoplasm",
  "disease_percentile": 0.933029908972692,
  "metapath_contribution": {
    "CbGaD": 0.28021076475658574,
    "CbGbCtD": 0.5314451205474713,
    "CbGpPWpGaD": 0.04265452197396974,
    "CcSEcCtD": 0.14319660947487095,
    "CrCbGaD": 0.002492983247102343
  },
  "n_trials": 0.0,
  "prediction": 0.00425449713007062,
  "status": 0
}