{
  "compound_id": "DB00486",
  "compound_name": "Nabilone",
  "compound_percentile": 0.691176470588235,
  "disease_id": "DOID:1192",
  "disease_name": "peripheral nervous system neoplasm",
  "disease_percentile": 0.587126137841352,
  "metapath_contribution": {
    "CbGpPWpGaD": 0.11984555221998748,
    "CcSEcCtD": 0.8691610329158287,
    "CrCbGaD": 0.010993414864183848
  },
  "n_trials": 0.0,
  "prediction": 0.0019547228924677897,
  "status": 0
}