{
  "compound_id": "DB00831",
  "compound_name": "Trifluoperazine",
  "compound_percentile": 0.992647058823529,
  "disease_id": "DOID:4481",
  "disease_name": "allergic rhinitis",
  "disease_percentile": 0.894018205461638,
  "metapath_contribution": {
    "CbGbCtD": 0.28144751517434635,
    "CbGdCrCtD": 0.0014217938134329265,
    "CbGeAlD": 0.02657928020253236,
    "CbGpPWpGaD": 0.005673518281219615,
    "CcSEcCtD": 0.057377488121031966,
    "CpDpCtD": 0.351342240097628,
    "CrCrCtD": 0.2761581643098088
  },
  "n_trials": 0.0,
  "prediction": 0.0077613903127232,
  "status": 0
}