{
  "compound_id": "DB08847",
  "compound_name": "Hydroxyproline",
  "compound_percentile": 0.0588235294117647,
  "disease_id": "DOID:9970",
  "disease_name": "obesity",
  "disease_percentile": 0.290637191157347,
  "metapath_contribution": {
    "CbGeAlD": 0.37179896661183276,
    "CbGpPWpGaD": 0.427536798767147,
    "CrCbGaD": 0.2006642346210202
  },
  "n_trials": 0.0,
  "prediction": 0.00162687628538589,
  "status": 0
}