{
  "compound_id": "DB01203",
  "compound_name": "Nadolol",
  "compound_percentile": 0.279411764705882,
  "disease_id": "DOID:2994",
  "disease_name": "germ cell cancer",
  "disease_percentile": 0.107932379713914,
  "metapath_contribution": {
    "CbGbCtD": 0.621196795186294,
    "CcSEcCtD": 0.378803204813706
  },
  "n_trials": 0.0,
  "prediction": 0.000905505355746991,
  "status": 0,
  "training_prediction": 0.00165511245741233
}