{
  "compound_id": "DB00470",
  "compound_name": "Dronabinol",
  "compound_percentile": 0.882352941176471,
  "disease_id": "DOID:9352",
  "disease_name": "type 2 diabetes mellitus",
  "disease_percentile": 0.8244473342002601,
  "metapath_contribution": {
    "CbGaD": 0.15262359445409726,
    "CbGbCtD": 0.606809164506707,
    "CbGpPWpGaD": 0.10286441903954682,
    "CcSEcCtD": 0.13770282199964892
  },
  "n_trials": 0.0,
  "prediction": 0.00559788733785406,
  "status": 0
}