{
  "compound_id": "DB01069",
  "compound_name": "Promethazine",
  "compound_percentile": 0.6985294117647061,
  "disease_id": "DOID:12930",
  "disease_name": "dilated cardiomyopathy",
  "disease_percentile": 0.0832249674902471,
  "metapath_contribution": {
    "CbGbCtD": 0.13515510029540811,
    "CbGeAlD": 0.13724132874101969,
    "CbGpPWpGaD": 0.5008092015492016,
    "CcSEcCtD": 0.20999112618441243,
    "CrCbGaD": 0.016803243229958055
  },
  "n_trials": 0.0,
  "prediction": 0.000940564168639386,
  "status": 0
}