{
  "compound_id": "DB00321",
  "compound_name": "Amitriptyline",
  "compound_percentile": 0.448529411764706,
  "disease_id": "DOID:184",
  "disease_name": "bone cancer",
  "disease_percentile": 0.286736020806242,
  "metapath_contribution": {
    "CbGaD": 0.49374875860213646,
    "CbGbCtD": 0.06435057365002644,
    "CbGeAlD": 0.10199929269147831,
    "CbGpPWpGaD": 0.23019216523550115,
    "CcSEcCtD": 0.10138078159487747,
    "CrCbGaD": 0.008328428225980213
  },
  "n_trials": 0.0,
  "prediction": 0.00111661460814845,
  "status": 0,
  "training_prediction": 0.00159359768785016
}