{
  "compound_id": "DB00808",
  "compound_name": "Indapamide",
  "compound_percentile": 0.5220588235294121,
  "disease_id": "DOID:11054",
  "disease_name": "urinary bladder cancer",
  "disease_percentile": 0.44603381014304294,
  "metapath_contribution": {
    "CbGeAlD": 0.19280254923038417,
    "CbGpPWpGaD": 0.23258796957461422,
    "CcSEcCtD": 0.5746094811950017
  },
  "n_trials": 0.0,
  "prediction": 0.0014161699761593301,
  "status": 0,
  "training_prediction": 0.0036300855867298604
}