{
  "compound_id": "DB00534",
  "compound_name": "Chlormerodrin",
  "compound_percentile": 0.904411764705882,
  "disease_id": "DOID:0050741",
  "disease_name": "alcohol dependence",
  "disease_percentile": 0.560468140442133,
  "metapath_contribution": {
    "CbGeAlD": 0.40004164051107377,
    "CbGpPWpGaD": 0.11642245517160334,
    "CcSEcCtD": 0.4835359043173229
  },
  "n_trials": 0.0,
  "prediction": 0.0023370048243988,
  "status": 0
}