{
  "compound_id": "DB00203",
  "compound_name": "Sildenafil",
  "compound_percentile": 0.779411764705882,
  "disease_id": "DOID:2043",
  "disease_name": "hepatitis B",
  "disease_percentile": 0.9245773732119641,
  "metapath_contribution": {
    "CbGbCtD": 0.7483711703023014,
    "CbGeAlD": 0.03468106252597891,
    "CbGpPWpGaD": 0.06861888871656632,
    "CcSEcCtD": 0.14832887845515344
  },
  "n_trials": 0.0,
  "prediction": 0.00331122948890404,
  "status": 0
}