{
  "compound_id": "DB08868",
  "compound_name": "Fingolimod",
  "compound_percentile": 0.5367647058823529,
  "disease_id": "DOID:9008",
  "disease_name": "psoriatic arthritis",
  "disease_percentile": 0.7886866059817951,
  "metapath_contribution": {
    "CbGbCtD": 0.661859736435025,
    "CbGdCrCtD": 0.046908366903861666,
    "CcSEcCtD": 0.29123189666111327
  },
  "n_trials": 0.0,
  "prediction": 0.00241877011681035,
  "status": 0,
  "training_prediction": 0.004875976991485
}