{
  "compound_id": "DB00872",
  "compound_name": "Conivaptan",
  "compound_percentile": 0.9191176470588229,
  "disease_id": "DOID:4481",
  "disease_name": "allergic rhinitis",
  "disease_percentile": 0.424577373211964,
  "metapath_contribution": {
    "CbGbCtD": 0.6464616195630698,
    "CbGeAlD": 0.01737044877660333,
    "CbGpPWpGaD": 0.04022564540628033,
    "CcSEcCtD": 0.29594228625404645
  },
  "n_trials": 0.0,
  "prediction": 0.0021324392392532,
  "status": 0
}