{
  "compound_id": "DB00619",
  "compound_name": "Imatinib",
  "compound_percentile": 0.419117647058824,
  "disease_id": "DOID:2355",
  "disease_name": "anemia",
  "disease_percentile": 0.566970091027308,
  "metapath_contribution": {
    "CbGaD": 0.7033495653256867,
    "CbGeAlD": 0.11185730415222826,
    "CbGpPWpGaD": 0.17949514489833046,
    "CrCbGaD": 0.005297985623754641
  },
  "n_trials": 0.0,
  "prediction": 0.00134667850232279,
  "status": 0
}