{
  "compound_id": "DB01656",
  "compound_name": "Roflumilast",
  "compound_percentile": 0.786764705882353,
  "disease_id": "DOID:585",
  "disease_name": "nephrolithiasis",
  "disease_percentile": 0.8133940182054621,
  "metapath_contribution": {
    "CbGpPWpGaD": 0.09597058884893916,
    "CcSEcCtD": 0.9040294111510608
  },
  "n_trials": 0.0,
  "prediction": 0.00218144263567015,
  "status": 0,
  "training_prediction": 0.000983841461647206
}