{
  "compound_id": "DB01261",
  "compound_name": "Sitagliptin",
  "compound_percentile": 0.845588235294118,
  "disease_id": "DOID:12365",
  "disease_name": "malaria",
  "disease_percentile": 0.8634590377113129,
  "metapath_contribution": {
    "CbGbCtD": 0.7712159541923117,
    "CbGeAlD": 0.04951531461675387,
    "CcSEcCtD": 0.17926873119093437
  },
  "n_trials": 0.0,
  "prediction": 0.00395023060632309,
  "status": 0,
  "training_prediction": 0.0100856624821577
}