{
  "compound_id": "DB00275",
  "compound_name": "Olmesartan",
  "compound_percentile": 0.75,
  "disease_id": "DOID:6364",
  "disease_name": "migraine",
  "disease_percentile": 0.332899869960988,
  "metapath_contribution": {
    "CbGbCtD": 0.5071549892928515,
    "CbGpPWpGaD": 0.03276630747609507,
    "CcSEcCtD": 0.45001255956907404,
    "CrCbGaD": 0.010066143661979493
  },
  "n_trials": 0.0,
  "prediction": 0.0019828552717964802,
  "status": 0,
  "training_prediction": 0.00602503559693637
}