{
  "compound_id": "DB06237",
  "compound_name": "Avanafil",
  "compound_percentile": 0.882352941176471,
  "disease_id": "DOID:784",
  "disease_name": "chronic kidney failure",
  "disease_percentile": 0.893368010403121,
  "metapath_contribution": {
    "CbGaD": 0.8860329681371595,
    "CbGeAlD": 0.08605265244623189,
    "CbGpPWpGaD": 0.027914379416608563
  },
  "n_trials": 0.0,
  "prediction": 0.0032181649426759698,
  "status": 0
}