{
  "compound_id": "DB00381",
  "compound_name": "Amlodipine",
  "compound_percentile": 0.779411764705882,
  "disease_id": "DOID:8577",
  "disease_name": "ulcerative colitis",
  "disease_percentile": 0.386866059817945,
  "metapath_contribution": {
    "CbGaD": 0.18153624717162,
    "CbGbCtD": 0.6049075875674406,
    "CbGeAlD": 0.005771431129161273,
    "CbGpPWpGaD": 0.031004377775860653,
    "CcSEcCtD": 0.17137746333691947,
    "CrCbGaD": 0.005402893018998005
  },
  "n_trials": 0.0,
  "prediction": 0.0018002607030669301,
  "status": 0,
  "training_prediction": 0.00614844429496367
}