{
  "compound_id": "DB02546",
  "compound_name": "Vorinostat",
  "compound_percentile": 0.8602941176470591,
  "disease_id": "DOID:2841",
  "disease_name": "asthma",
  "disease_percentile": 0.7678803641092329,
  "metapath_contribution": {
    "CbGbCtD": 0.5808766779800308,
    "CbGdCrCtD": 0.00347704992120338,
    "CbGeAlD": 0.10205293802311559,
    "CbGpPWpGaD": 0.16369003184070344,
    "CcSEcCtD": 0.14990330223494677
  },
  "n_trials": 0.0,
  "prediction": 0.00439901417997351,
  "status": 0,
  "training_prediction": 0.0293056159856987
}