{
  "compound_id": "DB01259",
  "compound_name": "Lapatinib",
  "compound_percentile": 0.867647058823529,
  "disease_id": "DOID:9352",
  "disease_name": "type 2 diabetes mellitus",
  "disease_percentile": 0.7457737321196359,
  "metapath_contribution": {
    "CbGaD": 0.31903801880526805,
    "CbGbCtD": 0.4024705734504078,
    "CbGdCrCtD": 0.002031321929588509,
    "CbGeAlD": 0.041609434713020706,
    "CbGpPWpGaD": 0.10927300197584655,
    "CcSEcCtD": 0.12431766777102128,
    "CrCbGaD": 0.0012599813548471424
  },
  "n_trials": 0.0,
  "prediction": 0.0043262476122013895,
  "status": 0,
  "training_prediction": 0.0188528362482941
}