{
  "compound_id": "DB00871",
  "compound_name": "Terbutaline",
  "compound_percentile": 0.0220588235294118,
  "disease_id": "DOID:1909",
  "disease_name": "melanoma",
  "disease_percentile": 0.21651495448634603,
  "metapath_contribution": {
    "CbGpPWpGaD": 0.3221400369549049,
    "CcSEcCtD": 0.2744880112800407,
    "CrCbGaD": 0.4033719517650545
  },
  "n_trials": 0.0,
  "prediction": 0.000897514062240285,
  "status": 0,
  "training_prediction": 0.00164051657103022
}