{
  "compound_id": "DB00159",
  "compound_name": "Icosapent",
  "compound_percentile": 0.669117647058823,
  "disease_id": "DOID:1686",
  "disease_name": "glaucoma",
  "disease_percentile": 0.464889466840052,
  "metapath_contribution": {
    "CbGaD": 0.57055184483983,
    "CbGeAlD": 0.0427869891755784,
    "CbGpPWpGaD": 0.19353026253351557,
    "CcSEcCtD": 0.1915888740687027,
    "CrCbGaD": 0.0015420293823732902
  },
  "n_trials": 0.0,
  "prediction": 0.0018125576764209898,
  "status": 0
}