{
  "compound_id": "DB00945",
  "compound_name": "Acetylsalicylic acid",
  "compound_percentile": 0.808823529411765,
  "disease_id": "DOID:13241",
  "disease_name": "Behcet's disease",
  "disease_percentile": 0.9869960988296491,
  "metapath_contribution": {
    "CbGeAlD": 0.058610852830416726,
    "CbGpPWpGaD": 0.06064276384184319,
    "CtDrD": 0.8807463833277401
  },
  "n_trials": 0.0,
  "prediction": 0.00344826171048631,
  "status": 0
}