{
  "compound_id": "DB00736",
  "compound_name": "Esomeprazole",
  "compound_percentile": 0.786764705882353,
  "disease_id": "DOID:3083",
  "disease_name": "chronic obstructive pulmonary disease",
  "disease_percentile": 0.47984395318595596,
  "metapath_contribution": {
    "CbGbCtD": 0.5651254784439054,
    "CbGpPWpGaD": 0.10286616514936565,
    "CcSEcCtD": 0.3229302591172666,
    "CrCbGaD": 0.009078097289462489
  },
  "n_trials": 0.0,
  "prediction": 0.0020846372398321197,
  "status": 0,
  "training_prediction": 0.00459067059544644
}