{
  "compound_id": "DB04876",
  "compound_name": "Vildagliptin",
  "compound_percentile": 0.485294117647059,
  "disease_id": "DOID:11612",
  "disease_name": "polycystic ovary syndrome",
  "disease_percentile": 0.7262678803641089,
  "metapath_contribution": {
    "CbGeAlD": 0.5434568041157194,
    "CbGpPWpGaD": 0.12533883863024234,
    "CcSEcCtD": 0.3312043572540383
  },
  "n_trials": 0.0,
  "prediction": 0.00191895204191715,
  "status": 0
}