{
  "compound_id": "DB00920",
  "compound_name": "Ketotifen",
  "compound_percentile": 0.308823529411765,
  "disease_id": "DOID:9074",
  "disease_name": "systemic lupus erythematosus",
  "disease_percentile": 0.176202860858257,
  "metapath_contribution": {
    "CbGbCtD": 0.46400716114915014,
    "CbGeAlD": 0.21665961401953956,
    "CcSEcCtD": 0.31933322483131027
  },
  "n_trials": 0.0,
  "prediction": 0.00109404264035547,
  "status": 0,
  "training_prediction": 0.00318680007321568
}