{
  "compound_id": "DB00887",
  "compound_name": "Bumetanide",
  "compound_percentile": 0.11764705882352902,
  "disease_id": "DOID:5419",
  "disease_name": "schizophrenia",
  "disease_percentile": 0.323797139141743,
  "metapath_contribution": {
    "CbGeAlD": 0.5646889256146561,
    "CbGpPWpGaD": 0.41197767304845634,
    "CrCbGaD": 0.023333401336887535
  },
  "n_trials": 0.0,
  "prediction": 0.00121495575917091,
  "status": 0
}