{
  "compound_id": "DB00179",
  "compound_name": "Masoprocol",
  "compound_percentile": 0.4779411764705879,
  "disease_id": "DOID:1793",
  "disease_name": "pancreatic cancer",
  "disease_percentile": 0.319895968790637,
  "metapath_contribution": {
    "CbGbCtD": 0.46293652975269967,
    "CbGdCrCtD": 0.023377444783296727,
    "CbGpPWpGaD": 0.5136860254640035
  },
  "n_trials": 0.0,
  "prediction": 0.00134605012789755,
  "status": 0
}