{
  "compound_id": "DB00227",
  "compound_name": "Lovastatin",
  "compound_percentile": 0.823529411764706,
  "disease_id": "DOID:6364",
  "disease_name": "migraine",
  "disease_percentile": 0.541612483745123,
  "metapath_contribution": {
    "CbGbCtD": 0.8104858791793894,
    "CbGdCrCtD": 0.0019140543153320223,
    "CbGeAlD": 0.018555389957974382,
    "CcSEcCtD": 0.16904467654730418
  },
  "n_trials": 0.0,
  "prediction": 0.0025808105155701398,
  "status": 0,
  "training_prediction": 0.00783239533312315
}