{
  "compound_id": "DB00385",
  "compound_name": "Valrubicin",
  "compound_percentile": 0.36764705882352894,
  "disease_id": "DOID:1686",
  "disease_name": "glaucoma",
  "disease_percentile": 0.0370611183355007,
  "metapath_contribution": {
    "CbGdCrCtD": 0.019326270728287766,
    "CcSEcCtD": 0.9555033830349531,
    "CrCbGaD": 0.0251703462367592
  },
  "n_trials": 0.0,
  "prediction": 0.000801261015173237,
  "status": 0,
  "training_prediction": 0.00340277393206053
}