{
  "compound_id": "DB00797",
  "compound_name": "Tolazoline",
  "compound_percentile": 0.720588235294118,
  "disease_id": "DOID:12849",
  "disease_name": "autistic disorder",
  "disease_percentile": 0.3777633289987,
  "metapath_contribution": {
    "CbGeAlD": 0.14782504802484334,
    "CbGpPWpGaD": 0.8100151892160371,
    "CrCbGaD": 0.042159762759119535
  },
  "n_trials": 0.0,
  "prediction": 0.0011802279957116302,
  "status": 0
}