{
  "compound_id": "DB00377",
  "compound_name": "Palonosetron",
  "compound_percentile": 0.977941176470588,
  "disease_id": "DOID:10652",
  "disease_name": "Alzheimer's disease",
  "disease_percentile": 0.879063719115735,
  "metapath_contribution": {
    "CbGaD": 0.2854122650022231,
    "CbGbCtD": 0.557268369546555,
    "CbGpPWpGaD": 0.005488146620913774,
    "CcSEcCtD": 0.15008919656434105,
    "CrCbGaD": 0.0017420222659671704
  },
  "n_trials": 0.0,
  "prediction": 0.00439285782701966,
  "status": 0
}