{
  "compound_id": "DB00515",
  "compound_name": "Cisplatin",
  "compound_percentile": 0.227941176470588,
  "disease_id": "DOID:11612",
  "disease_name": "polycystic ovary syndrome",
  "disease_percentile": 0.8907672301690508,
  "metapath_contribution": {
    "CbGbCtD": 0.12981918860001532,
    "CbGeAlD": 0.385413820465029,
    "CbGpPWpGaD": 0.4045672563067567,
    "CcSEcCtD": 0.08019973462819889
  },
  "n_trials": 0.0,
  "prediction": 0.00249902707549006,
  "status": 0,
  "training_prediction": 0.0056838603299007705
}