{
  "compound_id": "DB01044",
  "compound_name": "Gatifloxacin",
  "compound_percentile": 0.867647058823529,
  "disease_id": "DOID:11476",
  "disease_name": "osteoporosis",
  "disease_percentile": 0.520156046814044,
  "metapath_contribution": {
    "CbGbCtD": 0.5657205432880719,
    "CbGpPWpGaD": 0.00801641418374503,
    "CcSEcCtD": 0.4262630425281831
  },
  "n_trials": 0.0,
  "prediction": 0.0019388749858857601,
  "status": 0
}