{
  "compound_id": "DB01133",
  "compound_name": "Tiludronate",
  "compound_percentile": 0.147058823529412,
  "disease_id": "DOID:1319",
  "disease_name": "brain cancer",
  "disease_percentile": 0.6723016905071519,
  "metapath_contribution": {
    "CbGeAlD": 0.4810648075459744,
    "CbGpPWpGaD": 0.49561743530354596,
    "CcSEcCtD": 0.023317757150479457
  },
  "n_trials": 0.0,
  "prediction": 0.00200043779198843,
  "status": 0,
  "training_prediction": 0.00365315166516356
}