{
  "compound_id": "DB00136",
  "compound_name": "Calcitriol",
  "compound_percentile": 0.6764705882352939,
  "disease_id": "DOID:14227",
  "disease_name": "azoospermia",
  "disease_percentile": 0.35110533159948,
  "metapath_contribution": {
    "CbGbCtD": 0.937907111161564,
    "CrCbGaD": 0.06209288883843605
  },
  "n_trials": 0.0,
  "prediction": 0.00141590944386985,
  "status": 0,
  "training_prediction": 0.00106493216979456
}