{
  "compound_id": "DB00624",
  "compound_name": "Testosterone",
  "compound_percentile": 0.213235294117647,
  "disease_id": "DOID:5419",
  "disease_name": "schizophrenia",
  "disease_percentile": 0.0364109232769831,
  "metapath_contribution": {
    "CbGaD": 0.6465055698826498,
    "CbGeAlD": 0.10857939344049511,
    "CbGpPWpGaD": 0.23760684320555558,
    "CrCbGaD": 0.007308193471299562
  },
  "n_trials": 0.0,
  "prediction": 0.000592729518343723,
  "status": 0
}