{
  "compound_id": "DB01410",
  "compound_name": "Ciclesonide",
  "compound_percentile": 0.7058823529411771,
  "disease_id": "DOID:1793",
  "disease_name": "pancreatic cancer",
  "disease_percentile": 0.284135240572172,
  "metapath_contribution": {
    "CbGbCtD": 0.8223010836276623,
    "CbGpPWpGaD": 0.01470938417383276,
    "CcSEcCtD": 0.162989532198505
  },
  "n_trials": 0.0,
  "prediction": 0.00127572179932884,
  "status": 0,
  "training_prediction": 0.0030412918387896603
}