{
  "compound_id": "DB01406",
  "compound_name": "Danazol",
  "compound_percentile": 0.330882352941176,
  "disease_id": "DOID:5419",
  "disease_name": "schizophrenia",
  "disease_percentile": 0.0981794538361508,
  "metapath_contribution": {
    "CbGaD": 0.6854991614677539,
    "CbGeAlD": 0.10468479703563414,
    "CbGpPWpGaD": 0.20191283775668176,
    "CrCbGaD": 0.007903203739930158
  },
  "n_trials": 0.0,
  "prediction": 0.000776378722545086,
  "status": 0
}