{
  "compound_id": "DB01267",
  "compound_name": "Paliperidone",
  "compound_percentile": 0.867647058823529,
  "disease_id": "DOID:12995",
  "disease_name": "conduct disorder",
  "disease_percentile": 0.9830949284785441,
  "metapath_contribution": {
    "CbGaD": 0.8921466605355554,
    "CbGpPWpGaD": 0.1001886011906287,
    "CrCbGaD": 0.007664738273815861
  },
  "n_trials": 0.0,
  "prediction": 0.0040209787591878295,
  "status": 0
}