{
  "compound_id": "DB00213",
  "compound_name": "Pantoprazole",
  "compound_percentile": 0.639705882352941,
  "disease_id": "DOID:10534",
  "disease_name": "stomach cancer",
  "disease_percentile": 0.79778933680104,
  "metapath_contribution": {
    "CbGbCtD": 0.586016292389638,
    "CbGeAlD": 0.09099734206961788,
    "CbGpPWpGaD": 0.053920364080065744,
    "CcSEcCtD": 0.2690660014606784
  },
  "n_trials": 1.0,
  "prediction": 0.00242646099444162,
  "status": 0
}