{
  "compound_id": "DB00967",
  "compound_name": "Desloratadine",
  "compound_percentile": 0.8308823529411771,
  "disease_id": "DOID:1324",
  "disease_name": "lung cancer",
  "disease_percentile": 0.659947984395319,
  "metapath_contribution": {
    "CbGaD": 0.23632054002368125,
    "CbGbCtD": 0.5296686144551876,
    "CbGpPWpGaD": 0.07634322614114397,
    "CcSEcCtD": 0.15766761937998713
  },
  "n_trials": 1.0,
  "prediction": 0.00237613795073712,
  "status": 0,
  "training_prediction": 0.00810395002894066
}