{
  "compound_id": "DB01200",
  "compound_name": "Bromocriptine",
  "compound_percentile": 0.529411764705882,
  "disease_id": "DOID:585",
  "disease_name": "nephrolithiasis",
  "disease_percentile": 0.366710013003901,
  "metapath_contribution": {
    "CbGeAlD": 0.024810509200284884,
    "CbGpPWpGaD": 0.6107646568563788,
    "CcSEcCtD": 0.36442483394333647
  },
  "n_trials": 0.0,
  "prediction": 0.00133326333083131,
  "status": 0,
  "training_prediction": 0.0006010279049161839
}