{
  "compound_id": "DB08911",
  "compound_name": "Trametinib",
  "compound_percentile": 0.992647058823529,
  "disease_id": "DOID:2531",
  "disease_name": "hematologic cancer",
  "disease_percentile": 0.916775032509753,
  "metapath_contribution": {
    "CbGaD": 0.4269936372043777,
    "CbGbCtD": 0.22294902775965827,
    "CbGeAlD": 0.02743470623791622,
    "CbGpPWpGaD": 0.15025363584148826,
    "CcSEcCtD": 0.17236899295655947
  },
  "n_trials": 5.0,
  "prediction": 0.0110304359860564,
  "status": 0
}