{
  "compound_id": "DB00852",
  "compound_name": "Pseudoephedrine",
  "compound_percentile": 0.882352941176471,
  "disease_id": "DOID:119",
  "disease_name": "vaginal cancer",
  "disease_percentile": 0.9863459037711311,
  "metapath_contribution": {
    "CbGaD": 0.9528779132511456,
    "CbGeAlD": 0.03468451039569727,
    "CbGpPWpGaD": 0.012437576353157223
  },
  "n_trials": 0.0,
  "prediction": 0.00302143575214372,
  "status": 0
}