{
  "compound_id": "DB00520",
  "compound_name": "Caspofungin",
  "compound_percentile": 0.948529411764706,
  "disease_id": "DOID:1826",
  "disease_name": "epilepsy syndrome",
  "disease_percentile": 0.6020806241872559,
  "metapath_contribution": {
    "CbGaD": 0.15212621428013628,
    "CbGbCtD": 0.5099598444288892,
    "CbGpPWpGaD": 0.09108911702986734,
    "CcSEcCtD": 0.2468248242611071
  },
  "n_trials": 0.0,
  "prediction": 0.00429137683775011,
  "status": 0
}