{
  "compound_id": "DB00361",
  "compound_name": "Vinorelbine",
  "compound_percentile": 0.0735294117647059,
  "disease_id": "DOID:9744",
  "disease_name": "type 1 diabetes mellitus",
  "disease_percentile": 0.0136540962288687,
  "metapath_contribution": {
    "CbGeAlD": 0.43866001860321946,
    "CcSEcCtD": 0.5613399813967805
  },
  "n_trials": 0.0,
  "prediction": 0.00045504467467935,
  "status": 0,
  "training_prediction": 0.000582698459403618
}