{
  "compound_id": "DB00694",
  "compound_name": "Daunorubicin",
  "compound_percentile": 0.125,
  "disease_id": "DOID:14221",
  "disease_name": "metabolic syndrome X",
  "disease_percentile": 0.007802340702210659,
  "metapath_contribution": {
    "CbGbCtD": 0.24612867248449727,
    "CbGeAlD": 0.14844774257302043,
    "CbGpPWpGaD": 0.473284695034749,
    "CcSEcCtD": 0.11187692824744715,
    "CrCbGaD": 0.020261961660286067
  },
  "n_trials": 0.0,
  "prediction": 0.000548095907742966,
  "status": 0,
  "training_prediction": 0.000246972032423168
}