{
  "compound_id": "DB00599",
  "compound_name": "Thiopental",
  "compound_percentile": 0.963235294117647,
  "disease_id": "DOID:12849",
  "disease_name": "autistic disorder",
  "disease_percentile": 0.9778933680104029,
  "metapath_contribution": {
    "CbGaD": 0.7505505551879366,
    "CbGeAlD": 0.08269235042300424,
    "CbGpPWpGaD": 0.15903551439472371,
    "CrCbGaD": 0.00772157999433546
  },
  "n_trials": 0.0,
  "prediction": 0.0046895502246805,
  "status": 0
}