{
  "compound_id": "DB00276",
  "compound_name": "Amsacrine",
  "compound_percentile": 0.875,
  "disease_id": "DOID:363",
  "disease_name": "uterine cancer",
  "disease_percentile": 0.9174252275682699,
  "metapath_contribution": {
    "CbGbCtD": 0.6537875017569406,
    "CbGdCrCtD": 0.0063007498836797245,
    "CbGeAlD": 0.07939685463185446,
    "CbGpPWpGaD": 0.06335979612436496,
    "CcSEcCtD": 0.19715509760316027
  },
  "n_trials": 0.0,
  "prediction": 0.00405536307197337,
  "status": 0
}