{
  "compound_id": "DB01092",
  "compound_name": "Ouabain",
  "compound_percentile": 0.661764705882353,
  "disease_id": "DOID:12236",
  "disease_name": "primary biliary cirrhosis",
  "disease_percentile": 0.22886866059817898,
  "metapath_contribution": {
    "CbGbCtD": 0.7799623673575701,
    "CbGeAlD": 0.04437589990982003,
    "CbGpPWpGaD": 0.15496310345538195,
    "CrCbGaD": 0.020698629277227883
  },
  "n_trials": 0.0,
  "prediction": 0.00111132567359626,
  "status": 0
}