{
  "compound_id": "DB01018",
  "compound_name": "Guanfacine",
  "compound_percentile": 0.610294117647059,
  "disease_id": "DOID:2394",
  "disease_name": "ovarian cancer",
  "disease_percentile": 0.531209362808843,
  "metapath_contribution": {
    "CbGbCtD": 0.2189832470069975,
    "CbGdCrCtD": 0.03028735338011334,
    "CbGeAlD": 0.03271080931391937,
    "CcSEcCtD": 0.7096725759577206,
    "CrCbGaD": 0.008346014341249255
  },
  "n_trials": 0.0,
  "prediction": 0.00155395055037172,
  "status": 0,
  "training_prediction": 0.0037031551048185203
}