{
  "compound_id": "DB00360",
  "compound_name": "Tetrahydrobiopterin",
  "compound_percentile": 0.7941176470588229,
  "disease_id": "DOID:5041",
  "disease_name": "esophageal cancer",
  "disease_percentile": 0.966840052015605,
  "metapath_contribution": {
    "CbGaD": 0.7585832927275602,
    "CbGbCtD": 0.010597326702713612,
    "CbGeAlD": 0.0909069439307411,
    "CbGpPWpGaD": 0.11881455581375462,
    "CcSEcCtD": 0.021097880825230432
  },
  "n_trials": 0.0,
  "prediction": 0.00466899671980937,
  "status": 0
}