{
  "compound_id": "DB00653",
  "compound_name": "Magnesium Sulfate",
  "compound_percentile": 0.3970588235294121,
  "disease_id": "DOID:3393",
  "disease_name": "coronary artery disease",
  "disease_percentile": 0.435630689206762,
  "metapath_contribution": {
    "CbGeAlD": 0.16411053962274902,
    "CbGpPWpGaD": 0.6493866629623551,
    "CcSEcCtD": 0.18650279741489584
  },
  "n_trials": 0.0,
  "prediction": 0.00210317088020819,
  "status": 0
}