{
  "compound_id": "DB08910",
  "compound_name": "Pomalidomide",
  "compound_percentile": 0.757352941176471,
  "disease_id": "DOID:1324",
  "disease_name": "lung cancer",
  "disease_percentile": 0.7997399219765929,
  "metapath_contribution": {
    "CbGaD": 0.33097085378520685,
    "CbGbCtD": 0.37451500910144014,
    "CbGeAlD": 0.010134923824777391,
    "CbGpPWpGaD": 0.09453360454906541,
    "CcSEcCtD": 0.18628109139676552,
    "CrCbGaD": 0.0035645173427447546
  },
  "n_trials": 1.0,
  "prediction": 0.00335267290998283,
  "status": 0
}