{
  "compound_id": "DB00464",
  "compound_name": "Sodium Tetradecyl Sulfate",
  "compound_percentile": 0.507352941176471,
  "disease_id": "DOID:1936",
  "disease_name": "atherosclerosis",
  "disease_percentile": 0.330299089726918,
  "metapath_contribution": {
    "CbGeAlD": 0.004292569773026467,
    "CbGpPWpGaD": 0.9165388747717562,
    "CcSEcCtD": 0.045334734595366924,
    "CrCbGaD": 0.03383382085985039
  },
  "n_trials": 0.0,
  "prediction": 0.00140262350031361,
  "status": 0
}