{
  "compound_id": "DB00862",
  "compound_name": "Vardenafil",
  "compound_percentile": 0.669117647058823,
  "disease_id": "DOID:219",
  "disease_name": "colon cancer",
  "disease_percentile": 0.6807542262678801,
  "metapath_contribution": {
    "CbGbCtD": 0.2258794143240539,
    "CbGeAlD": 0.16377024917623076,
    "CbGpPWpGaD": 0.06035911527784979,
    "CcSEcCtD": 0.5499912212218656
  },
  "n_trials": 0.0,
  "prediction": 0.0020545626027387103,
  "status": 0
}