{
  "compound_id": "DB00286",
  "compound_name": "Conjugated Estrogens",
  "compound_percentile": 0.801470588235294,
  "disease_id": "DOID:14227",
  "disease_name": "azoospermia",
  "disease_percentile": 0.770481144343303,
  "metapath_contribution": {
    "CbGbCtD": 0.6772964417847883,
    "CbGeAlD": 0.06484185430374573,
    "CbGpPWpGaD": 0.036743373598744765,
    "CcSEcCtD": 0.2211017030965153,
    "CrCbGaD": 1.662721620587424e-05
  },
  "n_trials": 0.0,
  "prediction": 0.00220137810123957,
  "status": 0,
  "training_prediction": 0.0016560208351773
}