{
  "compound_id": "DB00396",
  "compound_name": "Progesterone",
  "compound_percentile": 0.742647058823529,
  "disease_id": "DOID:2043",
  "disease_name": "hepatitis B",
  "disease_percentile": 0.8589076723016908,
  "metapath_contribution": {
    "CbGaD": 0.33692871133369773,
    "CbGbCtD": 0.4368942955494235,
    "CbGeAlD": 0.0598458627352798,
    "CbGpPWpGaD": 0.0544684188855685,
    "CcSEcCtD": 0.11163063836480383,
    "CrCbGaD": 0.00023207313122669088
  },
  "n_trials": 0.0,
  "prediction": 0.00247045790187972,
  "status": 0,
  "training_prediction": 0.00299799843918112
}