{
  "compound_id": "DB01238",
  "compound_name": "Aripiprazole",
  "compound_percentile": 0.44117647058823495,
  "disease_id": "DOID:12361",
  "disease_name": "Graves' disease",
  "disease_percentile": 0.38881664499349794,
  "metapath_contribution": {
    "CbGbCtD": 0.17939142723017612,
    "CbGeAlD": 0.29235194446380797,
    "CbGpPWpGaD": 0.3099581983967556,
    "CcSEcCtD": 0.2182984299092603
  },
  "n_trials": 0.0,
  "prediction": 0.00134769421306179,
  "status": 0
}