{
  "compound_id": "DB00185",
  "compound_name": "Cevimeline",
  "compound_percentile": 0.720588235294118,
  "disease_id": "DOID:11054",
  "disease_name": "urinary bladder cancer",
  "disease_percentile": 0.861508452535761,
  "metapath_contribution": {
    "CbGeAlD": 0.20968853601194584,
    "CbGpPWpGaD": 0.1555438162275113,
    "CcSEcCtD": 0.6347676477605428
  },
  "n_trials": 0.0,
  "prediction": 0.00294486564817634,
  "status": 0
}