{
  "category": "DM",
  "compound_id": "DB01098",
  "compound_name": "Rosuvastatin",
  "compound_percentile": 0.992647058823529,
  "disease_id": "DOID:1936",
  "disease_name": "atherosclerosis",
  "disease_percentile": 0.9869960988296491,
  "metapath_contribution": {
    "CbGaD": 0.20246355462177737,
    "CbGbCtD": 0.3163905833262266,
    "CbGpPWpGaD": 0.04720511307377901,
    "CcSEcCtD": 0.07596300435597385,
    "CrCbGaD": 0.0017235185847514932,
    "CtDrD": 0.3562542260374918
  },
  "prediction": 0.0143104184077756,
  "status": 1,
  "training_prediction": 0.0380049847614466
}