{
  "compound_id": "DB00568",
  "compound_name": "Cinnarizine",
  "compound_percentile": 0.588235294117647,
  "disease_id": "DOID:332",
  "disease_name": "amyotrophic lateral sclerosis",
  "disease_percentile": 0.531209362808843,
  "metapath_contribution": {
    "CbGbCtD": 0.9356575756695805,
    "CbGeAlD": 0.020899424390082418,
    "CbGpPWpGaD": 0.03773930540527256,
    "CrCbGaD": 0.005703694535064533
  },
  "n_trials": 0.0,
  "prediction": 0.00134013724758319,
  "status": 0
}