{
  "compound_id": "DB06695",
  "compound_name": "Dabigatran etexilate",
  "compound_percentile": 0.588235294117647,
  "disease_id": "DOID:2994",
  "disease_name": "germ cell cancer",
  "disease_percentile": 0.877113133940182,
  "metapath_contribution": {
    "CbGbCtD": 0.1995138448394397,
    "CbGeAlD": 0.423164704170841,
    "CcSEcCtD": 0.3773214509897193
  },
  "n_trials": 0.0,
  "prediction": 0.00277236267975015,
  "status": 0
}