{
  "compound_id": "DB00503",
  "compound_name": "Ritonavir",
  "compound_percentile": 0.8602941176470591,
  "disease_id": "DOID:1612",
  "disease_name": "breast cancer",
  "disease_percentile": 0.716514954486346,
  "metapath_contribution": {
    "CbGaD": 0.35595628219559955,
    "CbGbCtD": 0.42992891493036345,
    "CbGeAlD": 0.011638000475307074,
    "CbGpPWpGaD": 0.06666141473743298,
    "CcSEcCtD": 0.13367295795310163,
    "CrCbGaD": 0.002142429708195346
  },
  "n_trials": 1.0,
  "prediction": 0.0037065354187161897,
  "status": 0,
  "training_prediction": 0.020234518892334
}