{
  "compound_id": "DB01075",
  "compound_name": "Diphenhydramine",
  "compound_percentile": 0.0661764705882353,
  "disease_id": "DOID:12849",
  "disease_name": "autistic disorder",
  "disease_percentile": 0.023407022106632005,
  "metapath_contribution": {
    "CbGeAlD": 0.17295838560900506,
    "CbGpPWpGaD": 0.7677800336362102,
    "CrCbGaD": 0.05926158075478483
  },
  "n_trials": 0.0,
  "prediction": 0.000491613704856425,
  "status": 0
}