{
  "compound_id": "DB00775",
  "compound_name": "Tirofiban",
  "compound_percentile": 0.580882352941177,
  "disease_id": "DOID:585",
  "disease_name": "nephrolithiasis",
  "disease_percentile": 0.8511053315994799,
  "metapath_contribution": {
    "CbGeAlD": 0.03888344410669949,
    "CbGpPWpGaD": 0.9611165558933006
  },
  "n_trials": 0.0,
  "prediction": 0.00229220049622211,
  "status": 0,
  "training_prediction": 0.00103385680840595
}