{
  "compound_id": "DB01131",
  "compound_name": "Proguanil",
  "compound_percentile": 0.455882352941176,
  "disease_id": "DOID:3277",
  "disease_name": "thymus cancer",
  "disease_percentile": 0.8465539661898571,
  "metapath_contribution": {
    "CbGeAlD": 0.2238967641807608,
    "CcSEcCtD": 0.7761032358192392
  },
  "n_trials": 0.0,
  "prediction": 0.00207794472741558,
  "status": 0,
  "training_prediction": 0.000937110028210105
}