{
  "compound_id": "DB01206",
  "compound_name": "Lomustine",
  "compound_percentile": 0.13235294117647098,
  "disease_id": "DOID:3571",
  "disease_name": "liver cancer",
  "disease_percentile": 0.48374512353706106,
  "metapath_contribution": {
    "CbGbCtD": 0.6121202105264407,
    "CcSEcCtD": 0.38787978947355917
  },
  "n_trials": 0.0,
  "prediction": 0.00137876063385684,
  "status": 0,
  "training_prediction": 0.00226645248907006
}