{
  "compound_id": "DB00567",
  "compound_name": "Cephalexin",
  "compound_percentile": 0.801470588235294,
  "disease_id": "DOID:10283",
  "disease_name": "prostate cancer",
  "disease_percentile": 0.264629388816645,
  "metapath_contribution": {
    "CbGaD": 0.1422473539312568,
    "CbGbCtD": 0.5633652962334788,
    "CbGeAlD": 0.03198018066205145,
    "CbGpPWpGaD": 0.07411841641829099,
    "CcSEcCtD": 0.1868535430908366,
    "CrCbGaD": 0.0014352096640854574
  },
  "n_trials": 0.0,
  "prediction": 0.0014007925468113099,
  "status": 0
}