{
  "compound_id": "DB00543",
  "compound_name": "Amoxapine",
  "compound_percentile": 0.786764705882353,
  "disease_id": "DOID:4159",
  "disease_name": "skin cancer",
  "disease_percentile": 0.56111833550065,
  "metapath_contribution": {
    "CbGbCtD": 0.6586276922813057,
    "CbGeAlD": 0.08085297385039232,
    "CbGpPWpGaD": 0.05709583552446395,
    "CcSEcCtD": 0.2034234983438381
  },
  "n_trials": 0.0,
  "prediction": 0.0018619419121514102,
  "status": 0
}