{
  "compound_id": "DB05271",
  "compound_name": "Rotigotine",
  "compound_percentile": 0.970588235294118,
  "disease_id": "DOID:1826",
  "disease_name": "epilepsy syndrome",
  "disease_percentile": 0.841352405721717,
  "metapath_contribution": {
    "CbGaD": 0.10652062531577883,
    "CbGbCtD": 0.21635707068297103,
    "CbGeAlD": 0.0334707648959294,
    "CbGpPWpGaD": 0.08164789004348284,
    "CcSEcCtD": 0.1472683578328196,
    "CpDpCtD": 0.41473529122901825
  },
  "n_trials": 0.0,
  "prediction": 0.0108984609874109,
  "status": 0
}