{
  "compound_id": "DB00819",
  "compound_name": "Acetazolamide",
  "compound_percentile": 0.882352941176471,
  "disease_id": "DOID:5408",
  "disease_name": "Paget's disease of bone",
  "disease_percentile": 0.9824447334200258,
  "metapath_contribution": {
    "CbGbCtD": 0.876653844288577,
    "CcSEcCtD": 0.12334615571142302
  },
  "n_trials": 0.0,
  "prediction": 0.0038238369935405295,
  "status": 0,
  "training_prediction": 0.0103372736736992
}