{
  "compound_id": "DB00649",
  "compound_name": "Stavudine",
  "compound_percentile": 0.8602941176470591,
  "disease_id": "DOID:10763",
  "disease_name": "hypertension",
  "disease_percentile": 0.127438231469441,
  "metapath_contribution": {
    "CbGbCtD": 0.5712362642919467,
    "CbGeAlD": 0.018737829195794205,
    "CbGpPWpGaD": 0.0598219544709289,
    "CcSEcCtD": 0.3502039520413302
  },
  "n_trials": 0.0,
  "prediction": 0.00146251343310881,
  "status": 0,
  "training_prediction": 0.0172182062268353
}