{
  "compound_id": "DB08906",
  "compound_name": "Fluticasone furoate",
  "compound_percentile": 0.720588235294118,
  "disease_id": "DOID:784",
  "disease_name": "chronic kidney failure",
  "disease_percentile": 0.28543563068920697,
  "metapath_contribution": {
    "CbGaD": 0.915497946222699,
    "CbGeAlD": 0.01361629411696981,
    "CbGpPWpGaD": 0.062477682287453436,
    "CrCbGaD": 0.008408077372877777
  },
  "n_trials": 0.0,
  "prediction": 0.00116706675709113,
  "status": 0
}