{
  "compound_id": "DB00585",
  "compound_name": "Nizatidine",
  "compound_percentile": 0.911764705882353,
  "disease_id": "DOID:263",
  "disease_name": "kidney cancer",
  "disease_percentile": 0.7626788036410921,
  "metapath_contribution": {
    "CbGaD": 0.5850742412041093,
    "CbGbCtD": 0.28981244606355683,
    "CcSEcCtD": 0.12393843546340137,
    "CrCbGaD": 0.0011748772689324188
  },
  "n_trials": 0.0,
  "prediction": 0.00281069829596605,
  "status": 0
}