{
  "compound_id": "DB00255",
  "compound_name": "Diethylstilbestrol",
  "compound_percentile": 0.639705882352941,
  "disease_id": "DOID:10534",
  "disease_name": "stomach cancer",
  "disease_percentile": 0.6898569570871259,
  "metapath_contribution": {
    "CbGaD": 0.37159192201480323,
    "CbGbCtD": 0.4469949109203108,
    "CbGeAlD": 0.0503845821050474,
    "CbGpPWpGaD": 0.1297090081013591,
    "CrCbGaD": 0.0013195768584795958
  },
  "n_trials": 0.0,
  "prediction": 0.00204610726090795,
  "status": 0
}