{
  "compound_id": "DB00972",
  "compound_name": "Azelastine",
  "compound_percentile": 0.963235294117647,
  "disease_id": "DOID:0050741",
  "disease_name": "alcohol dependence",
  "disease_percentile": 0.8433029908972691,
  "metapath_contribution": {
    "CbGaD": 0.2997971183106925,
    "CbGbCtD": 0.43620367134115046,
    "CbGeAlD": 0.029806024381923493,
    "CbGpPWpGaD": 0.10475303703701123,
    "CcSEcCtD": 0.12482838854629727,
    "CrCbGaD": 0.004611760382924982
  },
  "n_trials": 0.0,
  "prediction": 0.0047967173578244895,
  "status": 0
}