{
  "compound_id": "DB00947",
  "compound_name": "Fulvestrant",
  "compound_percentile": 0.808823529411765,
  "disease_id": "DOID:10652",
  "disease_name": "Alzheimer's disease",
  "disease_percentile": 0.539661898569571,
  "metapath_contribution": {
    "CbGaD": 0.5194390562467834,
    "CbGbCtD": 0.15676748672334218,
    "CbGeAlD": 0.02049617769119295,
    "CbGpPWpGaD": 0.12978733965388797,
    "CcSEcCtD": 0.1734681750345132,
    "CrCbGaD": 4.176465028019425e-05
  },
  "n_trials": 0.0,
  "prediction": 0.00196681416088505,
  "status": 0,
  "training_prediction": 0.0023870641858495
}