{
  "compound_id": "DB01067",
  "compound_name": "Glipizide",
  "compound_percentile": 0.838235294117647,
  "disease_id": "DOID:3310",
  "disease_name": "atopic dermatitis",
  "disease_percentile": 0.36866059817945396,
  "metapath_contribution": {
    "CbGbCtD": 0.6332186081455918,
    "CbGdCrCtD": 0.008774663552980228,
    "CbGeAlD": 0.014434716185016086,
    "CcSEcCtD": 0.3435720121164118
  },
  "n_trials": 0.0,
  "prediction": 0.0018121229410089,
  "status": 0,
  "training_prediction": 0.00618877985365943
}