{
  "compound_id": "DB00887",
  "compound_name": "Bumetanide",
  "compound_percentile": 0.963235294117647,
  "disease_id": "DOID:1686",
  "disease_name": "glaucoma",
  "disease_percentile": 0.949934980494148,
  "metapath_contribution": {
    "CbGaD": 0.33678449387957954,
    "CbGbCtD": 0.5298034287208002,
    "CbGeAlD": 0.0025052541164650366,
    "CbGpPWpGaD": 0.06867296487855827,
    "CcSEcCtD": 0.05887058271346494,
    "CrCbGaD": 0.0033632756911319843
  },
  "n_trials": 0.0,
  "prediction": 0.009718581015283471,
  "status": 0,
  "training_prediction": 0.0401103831359988
}