{
  "compound_id": "DB01020",
  "compound_name": "Isosorbide Mononitrate",
  "compound_percentile": 0.139705882352941,
  "disease_id": "DOID:5041",
  "disease_name": "esophageal cancer",
  "disease_percentile": 0.401170351105332,
  "metapath_contribution": {
    "CbGeAlD": 0.04166206722002636,
    "CbGpPWpGaD": 0.29933148885954564,
    "CcSEcCtD": 0.659006443920428
  },
  "n_trials": 0.0,
  "prediction": 0.00123094046414516,
  "status": 0
}