{
  "compound_id": "DB00570",
  "compound_name": "Vinblastine",
  "compound_percentile": 0.580882352941177,
  "disease_id": "DOID:1024",
  "disease_name": "leprosy",
  "disease_percentile": 0.47789336801040294,
  "metapath_contribution": {
    "CbGbCtD": 0.7841935341703004,
    "CbGdCrCtD": 0.005546850080637816,
    "CbGeAlD": 0.12748199994091372,
    "CbGpPWpGaD": 0.046121857333210434,
    "CcSEcCtD": 0.036655758474937614
  },
  "n_trials": 0.0,
  "prediction": 0.00178173048457895,
  "status": 0,
  "training_prediction": 0.00789729672585164
}