{
  "compound_id": "DB01162",
  "compound_name": "Terazosin",
  "compound_percentile": 0.595588235294118,
  "disease_id": "DOID:2998",
  "disease_name": "testicular cancer",
  "disease_percentile": 0.6306892067620289,
  "metapath_contribution": {
    "CbGbCtD": 0.20703454247679723,
    "CbGeAlD": 0.2328215647168233,
    "CcSEcCtD": 0.5601438928063793
  },
  "n_trials": 0.0,
  "prediction": 0.0018833546156159198,
  "status": 0,
  "training_prediction": 0.0048240973077632796
}