{
  "compound_id": "DB00276",
  "compound_name": "Amsacrine",
  "compound_percentile": 0.713235294117647,
  "disease_id": "DOID:1936",
  "disease_name": "atherosclerosis",
  "disease_percentile": 0.830949284785436,
  "metapath_contribution": {
    "CbGbCtD": 0.6192466905660539,
    "CbGdCrCtD": 0.007208705503176032,
    "CbGpPWpGaD": 0.14173407694798834,
    "CcSEcCtD": 0.23181052698278173
  },
  "n_trials": 0.0,
  "prediction": 0.0032529055256131,
  "status": 0
}