{
  "compound_id": "DB00204",
  "compound_name": "Dofetilide",
  "compound_percentile": 0.6764705882352939,
  "disease_id": "DOID:1781",
  "disease_name": "thyroid cancer",
  "disease_percentile": 0.600130039011703,
  "metapath_contribution": {
    "CbGeAlD": 0.03370314148228845,
    "CcSEcCtD": 0.9354739897006438,
    "CrCbGaD": 0.030822868817067795
  },
  "n_trials": 0.0,
  "prediction": 0.0017327055068597698,
  "status": 0
}