{
  "compound_id": "DB01361",
  "compound_name": "Troleandomycin",
  "compound_percentile": 0.9558823529411771,
  "disease_id": "DOID:9352",
  "disease_name": "type 2 diabetes mellitus",
  "disease_percentile": 0.516905071521456,
  "metapath_contribution": {
    "CbGaD": 0.18232472874149064,
    "CbGbCtD": 0.7294958156778464,
    "CbGpPWpGaD": 0.08440007132890423,
    "CrCbGaD": 0.003779384251758815
  },
  "n_trials": 0.0,
  "prediction": 0.00257340234746195,
  "status": 0
}