{
  "compound_id": "DB00752",
  "compound_name": "Tranylcypromine",
  "compound_percentile": 0.875,
  "disease_id": "DOID:2841",
  "disease_name": "asthma",
  "disease_percentile": 0.539011703511053,
  "metapath_contribution": {
    "CbGbCtD": 0.7524024604749294,
    "CbGpPWpGaD": 0.03984531894677792,
    "CcSEcCtD": 0.20650552555024504,
    "CrCbGaD": 0.0012466950280475874
  },
  "n_trials": 0.0,
  "prediction": 0.00260528484983386,
  "status": 0
}