{
  "compound_id": "DB01182",
  "compound_name": "Propafenone",
  "compound_percentile": 0.485294117647059,
  "disease_id": "DOID:14330",
  "disease_name": "Parkinson's disease",
  "disease_percentile": 0.4369310793237971,
  "metapath_contribution": {
    "CbGaD": 0.8743059719966474,
    "CbGpPWpGaD": 0.1159192806871692,
    "CrCbGaD": 0.009774747316183493
  },
  "n_trials": 0.0,
  "prediction": 0.00128284068314886,
  "status": 0
}