{
  "compound_id": "DB01132",
  "compound_name": "Pioglitazone",
  "compound_percentile": 0.801470588235294,
  "disease_id": "DOID:10283",
  "disease_name": "prostate cancer",
  "disease_percentile": 0.548764629388817,
  "metapath_contribution": {
    "CbGaD": 0.23087337196924715,
    "CbGbCtD": 0.5098915878024048,
    "CbGdCrCtD": 0.0012384586487507647,
    "CbGeAlD": 0.012061219454245257,
    "CbGpPWpGaD": 0.09368729887205958,
    "CcSEcCtD": 0.14840061232510343,
    "CrCbGaD": 0.0038474509281891337
  },
  "n_trials": 2.0,
  "prediction": 0.00247296421830951,
  "status": 0,
  "training_prediction": 0.0104453793212466
}