{
  "compound_id": "DB01124",
  "compound_name": "Tolbutamide",
  "compound_percentile": 0.33823529411764697,
  "disease_id": "DOID:219",
  "disease_name": "colon cancer",
  "disease_percentile": 0.24707412223667105,
  "metapath_contribution": {
    "CbGbCtD": 0.827005767953152,
    "CbGeAlD": 0.09323319680414434,
    "CcSEcCtD": 0.05250203178118383,
    "CrCbGaD": 0.027259003461519913
  },
  "n_trials": 0.0,
  "prediction": 0.0010700087501074199,
  "status": 0,
  "training_prediction": 0.0015271136914274401
}