{
  "compound_id": "DB06288",
  "compound_name": "Amisulpride",
  "compound_percentile": 0.6764705882352939,
  "disease_id": "DOID:1686",
  "disease_name": "glaucoma",
  "disease_percentile": 0.347854356306892,
  "metapath_contribution": {
    "CbGpPWpGaD": 0.07084238888905826,
    "CcSEcCtD": 0.9141304529036507,
    "CrCbGaD": 0.015027158207290935
  },
  "n_trials": 0.0,
  "prediction": 0.00151319794027028,
  "status": 0
}