{
  "compound_id": "DB00420",
  "compound_name": "Promazine",
  "compound_percentile": 0.3970588235294121,
  "disease_id": "DOID:1192",
  "disease_name": "peripheral nervous system neoplasm",
  "disease_percentile": 0.0676202860858258,
  "metapath_contribution": {
    "CbGbCtD": 0.7013047671010701,
    "CbGeAlD": 0.09222517152009434,
    "CbGpPWpGaD": 0.18512679387706873,
    "CrCbGaD": 0.021343267501766686
  },
  "n_trials": 0.0,
  "prediction": 0.000811321168421522,
  "status": 0
}