{
  "compound_id": "DB01050",
  "compound_name": "Ibuprofen",
  "compound_percentile": 0.3970588235294121,
  "disease_id": "DOID:3953",
  "disease_name": "adrenal gland cancer",
  "disease_percentile": 0.425227568270481,
  "metapath_contribution": {
    "CbGaD": 0.7717187776871187,
    "CbGeAlD": 0.07126995165233675,
    "CbGpPWpGaD": 0.15152407689172245,
    "CrCbGaD": 0.005487193768822093
  },
  "n_trials": 0.0,
  "prediction": 0.0011888042452620699,
  "status": 0
}