{
  "compound_id": "DB06594",
  "compound_name": "Agomelatine",
  "compound_percentile": 0.0882352941176471,
  "disease_id": "DOID:14330",
  "disease_name": "Parkinson's disease",
  "disease_percentile": 0.323797139141743,
  "metapath_contribution": {
    "CbGeAlD": 0.18356596619697876,
    "CbGpPWpGaD": 0.7866298442391296,
    "CrCbGaD": 0.029804189563891584
  },
  "n_trials": 0.0,
  "prediction": 0.0011001545459025,
  "status": 0
}