{
  "compound_id": "DB00642",
  "compound_name": "Pemetrexed",
  "compound_percentile": 0.588235294117647,
  "disease_id": "DOID:4362",
  "disease_name": "cervical cancer",
  "disease_percentile": 0.43302990897269206,
  "metapath_contribution": {
    "CbGeAlD": 0.5225618125728803,
    "CbGpPWpGaD": 0.18205183778176523,
    "CcSEcCtD": 0.2720307078878741,
    "CrCbGaD": 0.023355641757480367
  },
  "n_trials": 0.0,
  "prediction": 0.00128236712470745,
  "status": 0,
  "training_prediction": 0.00057806799022477
}