{
  "compound_id": "DB00745",
  "compound_name": "Modafinil",
  "compound_percentile": 0.970588235294118,
  "disease_id": "DOID:10763",
  "disease_name": "hypertension",
  "disease_percentile": 0.8010403120936279,
  "metapath_contribution": {
    "CbGaD": 0.156981028585629,
    "CbGbCtD": 0.2523555371811982,
    "CbGeAlD": 0.009287180823123308,
    "CbGpPWpGaD": 0.04270569743876303,
    "CcSEcCtD": 0.10086745891111278,
    "CpDpCtD": 0.23307155812555533,
    "CrCbGaD": 0.002029595723837952,
    "CrCrCtD": 0.2027019432107805
  },
  "n_trials": 0.0,
  "prediction": 0.009900846064523329,
  "status": 0
}