{
  "compound_id": "DB00398",
  "compound_name": "Sorafenib",
  "compound_percentile": 0.779411764705882,
  "disease_id": "DOID:9352",
  "disease_name": "type 2 diabetes mellitus",
  "disease_percentile": 0.879063719115735,
  "metapath_contribution": {
    "CbGaD": 0.2837396986459743,
    "CbGbCtD": 0.40056272319285774,
    "CbGeAlD": 0.06143704739082236,
    "CbGpPWpGaD": 0.12005038491125004,
    "CcSEcCtD": 0.13321089959413954,
    "CrCbGaD": 0.0009992462649560563
  },
  "n_trials": 0.0,
  "prediction": 0.00690180135972838,
  "status": 0,
  "training_prediction": 0.06537792026851401
}