{
  "compound_id": "DB00570",
  "compound_name": "Vinblastine",
  "compound_percentile": 0.625,
  "disease_id": "DOID:12930",
  "disease_name": "dilated cardiomyopathy",
  "disease_percentile": 0.6853055916775029,
  "metapath_contribution": {
    "CbGaD": 0.611375466369678,
    "CbGbCtD": 0.1999185470422544,
    "CbGeAlD": 0.053364515815379564,
    "CbGpPWpGaD": 0.1085595809320513,
    "CcSEcCtD": 0.021729551592729813,
    "CrCbGaD": 0.00505233824790693
  },
  "n_trials": 0.0,
  "prediction": 0.00207349631270284,
  "status": 0,
  "training_prediction": 0.00918130111415045
}