{
  "compound_id": "DB00179",
  "compound_name": "Masoprocol",
  "compound_percentile": 0.948529411764706,
  "disease_id": "DOID:11476",
  "disease_name": "osteoporosis",
  "disease_percentile": 0.8810143042912869,
  "metapath_contribution": {
    "CbGaD": 0.4481105550389738,
    "CbGbCtD": 0.4559957922039167,
    "CbGdCrCtD": 0.0029359675951549915,
    "CbGpPWpGaD": 0.09165785911208404,
    "CrCbGaD": 0.0012998260498703928
  },
  "n_trials": 0.0,
  "prediction": 0.00362953941835834,
  "status": 0
}