{
  "compound_id": "DB04837",
  "compound_name": "Clofedanol",
  "compound_percentile": 0.933823529411765,
  "disease_id": "DOID:0050741",
  "disease_name": "alcohol dependence",
  "disease_percentile": 0.16319895968790601,
  "metapath_contribution": {
    "CbGbCtD": 0.9411789783413578,
    "CbGpPWpGaD": 0.03352727950182662,
    "CrCbGaD": 0.025293742156815624
  },
  "n_trials": 0.0,
  "prediction": 0.00123420844724372,
  "status": 0
}