{
  "compound_id": "DB01190",
  "compound_name": "Clindamycin",
  "compound_percentile": 0.816176470588235,
  "disease_id": "DOID:0050741",
  "disease_name": "alcohol dependence",
  "disease_percentile": 0.581274382314694,
  "metapath_contribution": {
    "CbGbCtD": 0.5297678057925881,
    "CbGpPWpGaD": 0.045832032334405665,
    "CcSEcCtD": 0.4244001618730062
  },
  "n_trials": 0.0,
  "prediction": 0.00241391298773382,
  "status": 0,
  "training_prediction": 0.0029294144069828103
}