{
  "compound_id": "DB00275",
  "compound_name": "Olmesartan",
  "compound_percentile": 0.0294117647058824,
  "disease_id": "DOID:2355",
  "disease_name": "anemia",
  "disease_percentile": 0.419375812743823,
  "metapath_contribution": {
    "CbGeAlD": 0.4783375051524965,
    "CbGpPWpGaD": 0.4957592880178595,
    "CrCbGaD": 0.02590320682964391
  },
  "n_trials": 0.0,
  "prediction": 0.00109972921222599,
  "status": 0
}