{
  "compound_id": "DB00411",
  "compound_name": "Carbachol",
  "compound_percentile": 0.23529411764705901,
  "disease_id": "DOID:263",
  "disease_name": "kidney cancer",
  "disease_percentile": 0.418725617685306,
  "metapath_contribution": {
    "CbGeAlD": 0.06535182194385807,
    "CbGpPWpGaD": 0.23678566961643657,
    "CcSEcCtD": 0.6699487945993988,
    "CrCbGaD": 0.027913713840306643
  },
  "n_trials": 0.0,
  "prediction": 0.0015668133623656,
  "status": 0,
  "training_prediction": 0.0045597898857084
}