{
  "compound_id": "DB00836",
  "compound_name": "Loperamide",
  "compound_percentile": 0.9191176470588229,
  "disease_id": "DOID:1459",
  "disease_name": "hypothyroidism",
  "disease_percentile": 0.9570871261378409,
  "metapath_contribution": {
    "CbGaD": 0.607876402246076,
    "CbGbCtD": 0.21313146341871744,
    "CbGeAlD": 0.08062176500351745,
    "CbGpPWpGaD": 0.05157159998449305,
    "CcSEcCtD": 0.04679876934719595
  },
  "n_trials": 0.0,
  "prediction": 0.00349857638818108,
  "status": 0
}