{
  "compound_id": "DB00913",
  "compound_name": "Anileridine",
  "compound_percentile": 0.992647058823529,
  "disease_id": "DOID:0050741",
  "disease_name": "alcohol dependence",
  "disease_percentile": 0.870611183355007,
  "metapath_contribution": {
    "CbGaD": 0.5690622628052293,
    "CbGbCtD": 0.4025094139686712,
    "CbGeAlD": 0.007655088643411215,
    "CbGpPWpGaD": 0.013914925011646597,
    "CrCbGaD": 0.006858309571041618
  },
  "n_trials": 0.0,
  "prediction": 0.005658312453835229,
  "status": 0
}