{
  "compound_id": "DB06218",
  "compound_name": "Lacosamide",
  "compound_percentile": 0.3970588235294121,
  "disease_id": "DOID:12236",
  "disease_name": "primary biliary cirrhosis",
  "disease_percentile": 0.0838751625487646,
  "metapath_contribution": {
    "CbGpPWpGaD": 0.02670408703520846,
    "CcSEcCtD": 0.9732959129647916
  },
  "n_trials": 0.0,
  "prediction": 0.000843887671084147,
  "status": 0,
  "training_prediction": 0.0008324628676116081
}