{
  "compound_id": "DB04938",
  "compound_name": "Ospemifene",
  "compound_percentile": 0.183823529411765,
  "disease_id": "DOID:1324",
  "disease_name": "lung cancer",
  "disease_percentile": 0.0559167750325098,
  "metapath_contribution": {
    "CbGbCtD": 0.7470793747197294,
    "CbGpPWpGaD": 0.1683188192068187,
    "CcSEcCtD": 0.07695073775034147,
    "CrCbGaD": 0.007651068323110398
  },
  "n_trials": 0.0,
  "prediction": 0.000696770661588752,
  "status": 0
}