{
  "compound_id": "DB01175",
  "compound_name": "Escitalopram",
  "compound_percentile": 0.845588235294118,
  "disease_id": "DOID:9206",
  "disease_name": "Barrett's esophagus",
  "disease_percentile": 0.879713914174252,
  "metapath_contribution": {
    "CbGbCtD": 0.6088101163386865,
    "CbGpPWpGaD": 0.00828134434588132,
    "CcSEcCtD": 0.3829085393154322
  },
  "n_trials": 0.0,
  "prediction": 0.0029496010252114103,
  "status": 0
}