{
  "compound_id": "DB00305",
  "compound_name": "Mitomycin",
  "compound_percentile": 0.948529411764706,
  "disease_id": "DOID:1192",
  "disease_name": "peripheral nervous system neoplasm",
  "disease_percentile": 0.9811443433029909,
  "metapath_contribution": {
    "CbGaD": 0.15989212987921178,
    "CbGbCtD": 0.15754024972718852,
    "CcSEcCtD": 0.06076030322780813,
    "CiPCiCtD": 0.6218073171657916
  },
  "n_trials": 0.0,
  "prediction": 0.0195558936359399,
  "status": 0,
  "training_prediction": 0.0836018081528731
}