{
  "compound_id": "DB00148",
  "compound_name": "Creatine",
  "compound_percentile": 0.9852941176470591,
  "disease_id": "DOID:12849",
  "disease_name": "autistic disorder",
  "disease_percentile": 0.9934980494148241,
  "metapath_contribution": {
    "CbGaD": 0.751148955917379,
    "CbGeAlD": 0.10818324524412094,
    "CbGpPWpGaD": 0.14066779883850014
  },
  "n_trials": 0.0,
  "prediction": 0.0057290953951853,
  "status": 0
}