{
  "compound_id": "DB00318",
  "compound_name": "Codeine",
  "compound_percentile": 0.713235294117647,
  "disease_id": "DOID:11476",
  "disease_name": "osteoporosis",
  "disease_percentile": 0.58777633289987,
  "metapath_contribution": {
    "CbGbCtD": 0.6787616144088744,
    "CbGpPWpGaD": 0.030409483809560753,
    "CcSEcCtD": 0.2908289017815648
  },
  "n_trials": 0.0,
  "prediction": 0.00210054309065815,
  "status": 0
}