{
  "compound_id": "DB06414",
  "compound_name": "Etravirine",
  "compound_percentile": 0.977941176470588,
  "disease_id": "DOID:1826",
  "disease_name": "epilepsy syndrome",
  "disease_percentile": 0.690507152145644,
  "metapath_contribution": {
    "CbGaD": 0.28785215277128207,
    "CbGbCtD": 0.5115194804555938,
    "CbGpPWpGaD": 0.02764903918291812,
    "CcSEcCtD": 0.17039579097452193,
    "CrCbGaD": 0.0025835366156842024
  },
  "n_trials": 0.0,
  "prediction": 0.00554192185872308,
  "status": 0
}