{
  "compound_id": "DB00482",
  "compound_name": "Celecoxib",
  "compound_percentile": 0.970588235294118,
  "disease_id": "DOID:8577",
  "disease_name": "ulcerative colitis",
  "disease_percentile": 0.947334200260078,
  "metapath_contribution": {
    "CbGaD": 0.13237652064148137,
    "CbGbCtD": 0.19857707838587957,
    "CbGdCrCtD": 0.0011641168209805147,
    "CbGeAlD": 0.011606594704981087,
    "CbGpPWpGaD": 0.04258111345752417,
    "CcSEcCtD": 0.07114001819902067,
    "CpDpCtD": 0.372454809714871,
    "CrCbGaD": 0.00026102502059748115,
    "CrCrCtD": 0.16983872305466421
  },
  "n_trials": 0.0,
  "prediction": 0.0109882834944397,
  "status": 0
}