{
  "compound_id": "DB01339",
  "compound_name": "Vecuronium",
  "compound_percentile": 0.661764705882353,
  "disease_id": "DOID:1115",
  "disease_name": "sarcoma",
  "disease_percentile": 0.611183355006502,
  "metapath_contribution": {
    "CbGbCtD": 0.5969968895828194,
    "CbGeAlD": 0.1634237019582246,
    "CcSEcCtD": 0.23957940845895606
  },
  "n_trials": 0.0,
  "prediction": 0.00168864992990824,
  "status": 0
}