{
  "compound_id": "DB00294",
  "compound_name": "Etonogestrel",
  "compound_percentile": 0.9852941176470591,
  "disease_id": "DOID:10283",
  "disease_name": "prostate cancer",
  "disease_percentile": 0.9603381014304291,
  "metapath_contribution": {
    "CbGaD": 0.15800915415445677,
    "CbGbCtD": 0.2073013103980475,
    "CbGeAlD": 0.006964772229633305,
    "CbGpPWpGaD": 0.023964895075260003,
    "CcSEcCtD": 0.08002584490136071,
    "CrCbGaD": 0.001739181263952022,
    "CrCrCtD": 0.24154806139754045,
    "CrCtD": 0.2804467805797491
  },
  "n_trials": 0.0,
  "prediction": 0.0196477283318622,
  "status": 0
}