{
  "compound_id": "DB06770",
  "compound_name": "Benzyl alcohol",
  "compound_percentile": 0.904411764705882,
  "disease_id": "DOID:2531",
  "disease_name": "hematologic cancer",
  "disease_percentile": 0.594928478543563,
  "metapath_contribution": {
    "CbGbCtD": 0.5617506138346254,
    "CbGeAlD": 0.015452186942829491,
    "CbGpPWpGaD": 0.03444081646216692,
    "CcSEcCtD": 0.09270645741089308,
    "CrCbGaD": 0.0008325773789001701,
    "CrCrCtD": 0.2948173479705849
  },
  "n_trials": 0.0,
  "prediction": 0.0027042106036475697,
  "status": 0
}