{
  "compound_id": "DB00884",
  "compound_name": "Risedronate",
  "compound_percentile": 0.0808823529411765,
  "disease_id": "DOID:1319",
  "disease_name": "brain cancer",
  "disease_percentile": 0.20871261378413503,
  "metapath_contribution": {
    "CbGbCtD": 0.21934027768552494,
    "CbGeAlD": 0.08212734888386272,
    "CcSEcCtD": 0.6876898948684866,
    "CrCbGaD": 0.01084247856212588
  },
  "n_trials": 0.0,
  "prediction": 0.0010159258101153801,
  "status": 0,
  "training_prediction": 0.0030930661127137
}