{
  "compound_id": "DB04946",
  "compound_name": "Iloperidone",
  "compound_percentile": 0.566176470588235,
  "disease_id": "DOID:2377",
  "disease_name": "multiple sclerosis",
  "disease_percentile": 0.4369310793237971,
  "metapath_contribution": {
    "CbGbCtD": 0.49351477412245004,
    "CbGeAlD": 0.1721026636619329,
    "CbGpPWpGaD": 0.13918980389131153,
    "CcSEcCtD": 0.1951927583243055
  },
  "n_trials": 0.0,
  "prediction": 0.00170203270150374,
  "status": 0
}