{
  "compound_id": "DB01579",
  "compound_name": "Phendimetrazine",
  "compound_percentile": 0.0808823529411765,
  "disease_id": "DOID:8577",
  "disease_name": "ulcerative colitis",
  "disease_percentile": 0.11443433029909,
  "metapath_contribution": {
    "CbGpPWpGaD": 0.2590375941564827,
    "CcSEcCtD": 0.7409624058435172
  },
  "n_trials": 0.0,
  "prediction": 0.00105660647983109,
  "status": 0,
  "training_prediction": 0.00361514133863195
}