{
  "compound_id": "DB00458",
  "compound_name": "Imipramine",
  "compound_percentile": 0.33823529411764697,
  "disease_id": "DOID:1312",
  "disease_name": "focal segmental glomerulosclerosis",
  "disease_percentile": 0.15409622886866103,
  "metapath_contribution": {
    "CbGbCtD": 0.6769875336541595,
    "CbGeAlD": 0.12399975272697115,
    "CbGpPWpGaD": 0.0790677950535761,
    "CcSEcCtD": 0.11339551270116263,
    "CrCbGaD": 0.0065494058641305496
  },
  "n_trials": 0.0,
  "prediction": 0.0009120253814312349,
  "status": 0
}