{
  "compound_id": "DB00657",
  "compound_name": "Mecamylamine",
  "compound_percentile": 0.7058823529411771,
  "disease_id": "DOID:4159",
  "disease_name": "skin cancer",
  "disease_percentile": 0.633289986996099,
  "metapath_contribution": {
    "CbGeAlD": 0.019684225938025796,
    "CcSEcCtD": 0.9803157740619741
  },
  "n_trials": 0.0,
  "prediction": 0.00203439934107533,
  "status": 0,
  "training_prediction": 0.004480310672672829
}