{
  "compound_id": "DB05109",
  "compound_name": "Trabectedin",
  "compound_percentile": 0.227941176470588,
  "disease_id": "DOID:12930",
  "disease_name": "dilated cardiomyopathy",
  "disease_percentile": 0.575422626788036,
  "metapath_contribution": {
    "CbGeAlD": 0.05427373435443804,
    "CbGpPWpGaD": 0.5434640876288845,
    "CcSEcCtD": 0.4022621780166775
  },
  "n_trials": 0.0,
  "prediction": 0.0017936808787055,
  "status": 0
}