{
  "compound_id": "DB00933",
  "compound_name": "Mesoridazine",
  "compound_percentile": 0.8897058823529409,
  "disease_id": "DOID:8986",
  "disease_name": "narcolepsy",
  "disease_percentile": 0.644343302990897,
  "metapath_contribution": {
    "CbGaD": 0.7600690797893742,
    "CbGeAlD": 0.07928861341348936,
    "CbGpPWpGaD": 0.15514875124910457,
    "CrCbGaD": 0.0054935555480317986
  },
  "n_trials": 0.0,
  "prediction": 0.00154880967655214,
  "status": 0
}