{
  "compound_id": "DB01078",
  "compound_name": "Deslanoside",
  "compound_percentile": 0.0367647058823529,
  "disease_id": "DOID:184",
  "disease_name": "bone cancer",
  "disease_percentile": 0.011703511053316002,
  "metapath_contribution": {
    "CbGdCrCtD": 0.5063610484286671,
    "CbGpPWpGaD": 0.33529048105060777,
    "CrCbGaD": 0.1583484705207251
  },
  "n_trials": 0.0,
  "prediction": 0.000531530237050482,
  "status": 0
}