{
  "compound_id": "DB01143",
  "compound_name": "Amifostine",
  "compound_percentile": 0.801470588235294,
  "disease_id": "DOID:1909",
  "disease_name": "melanoma",
  "disease_percentile": 0.891417425227568,
  "metapath_contribution": {
    "CbGeAlD": 0.46052652752752593,
    "CbGpPWpGaD": 0.34017633002885883,
    "CcSEcCtD": 0.1992971424436152
  },
  "n_trials": 0.0,
  "prediction": 0.0028935020896991,
  "status": 0
}