{
  "compound_id": "DB00397",
  "compound_name": "Phenylpropanolamine",
  "compound_percentile": 0.7941176470588229,
  "disease_id": "DOID:9744",
  "disease_name": "type 1 diabetes mellitus",
  "disease_percentile": 0.7288686605981791,
  "metapath_contribution": {
    "CbGaD": 0.8513961135626641,
    "CbGeAlD": 0.022513288031308608,
    "CbGpPWpGaD": 0.11696229137673005,
    "CrCbGaD": 0.009128307029297284
  },
  "n_trials": 0.0,
  "prediction": 0.00188168473168538,
  "status": 0,
  "training_prediction": 0.00084850921766217
}