{
  "compound_id": "DB01620",
  "compound_name": "Pheniramine",
  "compound_percentile": 0.9558823529411771,
  "disease_id": "DOID:1826",
  "disease_name": "epilepsy syndrome",
  "disease_percentile": 0.14629388816645003,
  "metapath_contribution": {
    "CbGpPWpGaD": 0.03541097245901421,
    "CrCbGaD": 0.010346470062112695,
    "CrCrCtD": 0.9542425574788731
  },
  "n_trials": 0.0,
  "prediction": 0.0014581616263241,
  "status": 0
}