{
  "compound_id": "DB00594",
  "compound_name": "Amiloride",
  "compound_percentile": 0.897058823529412,
  "disease_id": "DOID:3565",
  "disease_name": "meningioma",
  "disease_percentile": 0.995448634590377,
  "metapath_contribution": {
    "CbGaD": 0.9564463998589146,
    "CbGeAlD": 0.011157054468323898,
    "CbGpPWpGaD": 0.03239654567276162
  },
  "n_trials": 0.0,
  "prediction": 0.00463102532140427,
  "status": 0
}