{
  "compound_id": "DB00166",
  "compound_name": "Lipoic Acid",
  "compound_percentile": 0.0661764705882353,
  "disease_id": "DOID:1936",
  "disease_name": "atherosclerosis",
  "disease_percentile": 0.269830949284785,
  "metapath_contribution": {
    "CbGdCrCtD": 0.09249593762883032,
    "CbGeAlD": 0.14975518194099485,
    "CbGpPWpGaD": 0.6185494872513663,
    "CrCbGaD": 0.13919939317880864
  },
  "n_trials": 2.0,
  "prediction": 0.00129208394029528,
  "status": 0
}