{
  "compound_id": "DB00842",
  "compound_name": "Oxazepam",
  "compound_percentile": 0.801470588235294,
  "disease_id": "DOID:2531",
  "disease_name": "hematologic cancer",
  "disease_percentile": 0.264629388816645,
  "metapath_contribution": {
    "CbGbCtD": 0.6272170356763469,
    "CbGpPWpGaD": 0.11261301821790481,
    "CcSEcCtD": 0.2588194601677958,
    "CrCbGaD": 0.0013504859379523907
  },
  "n_trials": 0.0,
  "prediction": 0.00145092202874387,
  "status": 0
}