{
  "compound_id": "DB00694",
  "compound_name": "Daunorubicin",
  "compound_percentile": 0.544117647058823,
  "disease_id": "DOID:3070",
  "disease_name": "malignant glioma",
  "disease_percentile": 0.209362808842653,
  "metapath_contribution": {
    "CbGaD": 0.6886835243535079,
    "CbGbCtD": 0.08614506829716037,
    "CbGeAlD": 0.03281906537667028,
    "CbGpPWpGaD": 0.09931885615511596,
    "CcSEcCtD": 0.0868440871055653,
    "CrCbGaD": 0.006189398711980163
  },
  "n_trials": 0.0,
  "prediction": 0.0009141866744222471,
  "status": 0,
  "training_prediction": 0.000674124094295972
}