{
  "compound_id": "DB00788",
  "compound_name": "Naproxen",
  "compound_percentile": 0.647058823529412,
  "disease_id": "DOID:11714",
  "disease_name": "gestational diabetes",
  "disease_percentile": 0.605981794538362,
  "metapath_contribution": {
    "CbGbCtD": 0.7786636124623799,
    "CbGpPWpGaD": 0.016613391046214558,
    "CcSEcCtD": 0.19505548722050428,
    "CrCbGaD": 0.009667509270901228
  },
  "n_trials": 0.0,
  "prediction": 0.0018738442780238899,
  "status": 0,
  "training_prediction": 0.000844970072804913
}