{
  "compound_id": "DB00131",
  "compound_name": "Adenosine monophosphate",
  "compound_percentile": 0.5514705882352939,
  "disease_id": "DOID:0050741",
  "disease_name": "alcohol dependence",
  "disease_percentile": 0.0773732119635891,
  "metapath_contribution": {
    "CbGeAlD": 0.40084939408477116,
    "CbGpPWpGaD": 0.5907105540612962,
    "CrCbGaD": 0.008440051853932522
  },
  "n_trials": 0.0,
  "prediction": 0.0010077148506850199,
  "status": 0
}