{
  "compound_id": "DB01189",
  "compound_name": "Desflurane",
  "compound_percentile": 0.963235294117647,
  "disease_id": "DOID:9970",
  "disease_name": "obesity",
  "disease_percentile": 0.795838751625488,
  "metapath_contribution": {
    "CbGaD": 0.4139508379714029,
    "CbGbCtD": 0.29525587503812273,
    "CbGeAlD": 0.055711919012864014,
    "CbGpPWpGaD": 0.11378951521551586,
    "CcSEcCtD": 0.11801336725409996,
    "CrCbGaD": 0.0032784855079944233
  },
  "n_trials": 0.0,
  "prediction": 0.0052277257939331,
  "status": 0
}