{
  "compound_id": "DB00123",
  "compound_name": "L-Lysine",
  "compound_percentile": 0.838235294117647,
  "disease_id": "DOID:10608",
  "disease_name": "celiac disease",
  "disease_percentile": 0.560468140442133,
  "metapath_contribution": {
    "CbGeAlD": 0.7202325449442839,
    "CbGpPWpGaD": 0.23876490806862796,
    "CrCbGaD": 0.041002546987088086
  },
  "n_trials": 0.0,
  "prediction": 0.0013007097623749199,
  "status": 0
}