{
  "compound_id": "DB00491",
  "compound_name": "Miglitol",
  "compound_percentile": 0.808823529411765,
  "disease_id": "DOID:2043",
  "disease_name": "hepatitis B",
  "disease_percentile": 0.701560468140442,
  "metapath_contribution": {
    "CbGdCrCtD": 0.0730923143687776,
    "CbGeAlD": 0.6841679063362213,
    "CcSEcCtD": 0.2427397792950012
  },
  "n_trials": 0.0,
  "prediction": 0.00200808099535311,
  "status": 0,
  "training_prediction": 0.00243712699080865
}