{
  "compound_id": "DB00799",
  "compound_name": "Tazarotene",
  "compound_percentile": 0.992647058823529,
  "disease_id": "DOID:2531",
  "disease_name": "hematologic cancer",
  "disease_percentile": 0.962288686605982,
  "metapath_contribution": {
    "CbGaD": 0.18340355227398253,
    "CbGbCtD": 0.23861285838826643,
    "CbGeAlD": 0.009945435309965028,
    "CbGpPWpGaD": 0.03015297760751069,
    "CcSEcCtD": 0.051388480314270096,
    "CiPCiCtD": 0.48649669610600516
  },
  "n_trials": 1.0,
  "prediction": 0.0343816522465356,
  "status": 0,
  "training_prediction": 0.244806890473842
}