{
  "category": "DM",
  "compound_id": "DB00445",
  "compound_name": "Epirubicin",
  "compound_percentile": 0.970588235294118,
  "disease_id": "DOID:10283",
  "disease_name": "prostate cancer",
  "disease_percentile": 0.9934980494148241,
  "metapath_contribution": {
    "CbGaD": 0.10338268964581902,
    "CbGbCtD": 0.10686386071642287,
    "CbGdCrCtD": 0.0007472757863497888,
    "CbGeAlD": 0.011831791531543226,
    "CbGpPWpGaD": 0.023775672400679314,
    "CcSEcCtD": 0.04581412986334451,
    "CiPCiCtD": 0.25663985572245634,
    "CrCbGaD": 0.0010942294200095117,
    "CrCrCtD": 0.1099708129668244,
    "CrCtD": 0.17439420581558324,
    "CtDrD": 0.1654854761309679
  },
  "prediction": 0.133083291649831,
  "status": 1,
  "training_prediction": 0.8489215516193481
}