{
  "compound_id": "DB00921",
  "compound_name": "Buprenorphine",
  "compound_percentile": 0.617647058823529,
  "disease_id": "DOID:1781",
  "disease_name": "thyroid cancer",
  "disease_percentile": 0.710663198959688,
  "metapath_contribution": {
    "CbGbCtD": 0.7408755964259506,
    "CbGpPWpGaD": 0.04830138065314011,
    "CcSEcCtD": 0.21082302292090926
  },
  "n_trials": 0.0,
  "prediction": 0.00201876514381611,
  "status": 0
}