{
  "compound_id": "DB01011",
  "compound_name": "Metyrapone",
  "compound_percentile": 0.823529411764706,
  "disease_id": "DOID:12365",
  "disease_name": "malaria",
  "disease_percentile": 0.753576072821847,
  "metapath_contribution": {
    "CbGbCtD": 0.8327609750003225,
    "CbGeAlD": 0.07286182591934162,
    "CcSEcCtD": 0.09437719908033583
  },
  "n_trials": 0.0,
  "prediction": 0.00303242491041023,
  "status": 0
}