{
  "compound_id": "DB01049",
  "compound_name": "Ergoloid mesylate",
  "compound_percentile": 0.691176470588235,
  "disease_id": "DOID:1595",
  "disease_name": "endogenous depression",
  "disease_percentile": 0.600130039011703,
  "metapath_contribution": {
    "CbGeAlD": 0.26491241203748855,
    "CbGpPWpGaD": 0.6236292292276098,
    "CrCbGaD": 0.11145835873490177
  },
  "n_trials": 0.0,
  "prediction": 0.00168002527809295,
  "status": 0
}