{
  "compound_id": "DB01250",
  "compound_name": "Olsalazine",
  "compound_percentile": 0.632352941176471,
  "disease_id": "DOID:9970",
  "disease_name": "obesity",
  "disease_percentile": 0.28218465539661897,
  "metapath_contribution": {
    "CbGaD": 0.7466292480989012,
    "CbGeAlD": 0.06651945717600158,
    "CbGpPWpGaD": 0.18265541833506316,
    "CrCbGaD": 0.004195876390034038
  },
  "n_trials": 0.0,
  "prediction": 0.00160323967946709,
  "status": 0,
  "training_prediction": 0.00410840041556275
}