{
  "compound_id": "DB00894",
  "compound_name": "Testolactone",
  "compound_percentile": 0.49264705882352894,
  "disease_id": "DOID:263",
  "disease_name": "kidney cancer",
  "disease_percentile": 0.0578673602080624,
  "metapath_contribution": {
    "CbGbCtD": 0.6722086297911217,
    "CbGpPWpGaD": 0.005484661391535954,
    "CcSEcCtD": 0.3099620982225114,
    "CrCbGaD": 0.012344610594830973
  },
  "n_trials": 0.0,
  "prediction": 0.000718070320608614,
  "status": 0
}