{
  "compound_id": "DB00622",
  "compound_name": "Nicardipine",
  "compound_percentile": 0.801470588235294,
  "disease_id": "DOID:1094",
  "disease_name": "attention deficit hyperactivity disorder",
  "disease_percentile": 0.6898569570871259,
  "metapath_contribution": {
    "CbGaD": 0.7787374111435575,
    "CbGeAlD": 0.07092956115128517,
    "CbGpPWpGaD": 0.14154413087778658,
    "CrCbGaD": 0.008788896827370671
  },
  "n_trials": 0.0,
  "prediction": 0.00184088521486151,
  "status": 0
}