{
  "compound_id": "DB00228",
  "compound_name": "Enflurane",
  "compound_percentile": 0.911764705882353,
  "disease_id": "DOID:1324",
  "disease_name": "lung cancer",
  "disease_percentile": 0.7776332899869959,
  "metapath_contribution": {
    "CbGaD": 0.6152977000108996,
    "CbGbCtD": 0.13586486435965867,
    "CbGeAlD": 0.04996575591887657,
    "CbGpPWpGaD": 0.11403801714989643,
    "CcSEcCtD": 0.08247326630622433,
    "CrCbGaD": 0.00236039625444444
  },
  "n_trials": 0.0,
  "prediction": 0.00312979096259006,
  "status": 0
}