{
  "compound_id": "DB08865",
  "compound_name": "Crizotinib",
  "compound_percentile": 0.963235294117647,
  "disease_id": "DOID:2531",
  "disease_name": "hematologic cancer",
  "disease_percentile": 0.929778933680104,
  "metapath_contribution": {
    "CbGaD": 0.3422530806568103,
    "CbGbCtD": 0.4099159949011657,
    "CbGdCrCtD": 0.0018685434651793348,
    "CbGeAlD": 0.0551423318186338,
    "CbGpPWpGaD": 0.10462845695725735,
    "CcSEcCtD": 0.08619159220095336
  },
  "n_trials": 7.0,
  "prediction": 0.0155467367811728,
  "status": 0,
  "training_prediction": 0.12570347399093
}