{
  "compound_id": "DB06196",
  "compound_name": "Icatibant",
  "compound_percentile": 0.47058823529411803,
  "disease_id": "DOID:2394",
  "disease_name": "ovarian cancer",
  "disease_percentile": 0.61443433029909,
  "metapath_contribution": {
    "CbGeAlD": 0.5836522828477397,
    "CbGpPWpGaD": 0.3351880653471573,
    "CcSEcCtD": 0.08115965180510296
  },
  "n_trials": 0.0,
  "prediction": 0.0017630122469394801,
  "status": 0
}