{
  "compound_id": "DB00367",
  "compound_name": "Levonorgestrel",
  "compound_percentile": 0.38235294117647106,
  "disease_id": "DOID:4362",
  "disease_name": "cervical cancer",
  "disease_percentile": 0.05851755526658001,
  "metapath_contribution": {
    "CbGeAlD": 0.6203459609240621,
    "CbGpPWpGaD": 0.15485150860573196,
    "CcSEcCtD": 0.2248025304702059
  },
  "n_trials": 0.0,
  "prediction": 0.000799609467234001,
  "status": 0
}