{
  "compound_id": "DB00573",
  "compound_name": "Fenoprofen",
  "compound_percentile": 0.7647058823529409,
  "disease_id": "DOID:2043",
  "disease_name": "hepatitis B",
  "disease_percentile": 0.47854356306892104,
  "metapath_contribution": {
    "CbGaD": 0.7999588860806991,
    "CbGpPWpGaD": 0.021329880754593508,
    "CcSEcCtD": 0.17729260398481095,
    "CrCbGaD": 0.0014186291798963797
  },
  "n_trials": 0.0,
  "prediction": 0.00151850012627453,
  "status": 0
}