{
  "compound_id": "DB01240",
  "compound_name": "Epoprostenol",
  "compound_percentile": 0.617647058823529,
  "disease_id": "DOID:2998",
  "disease_name": "testicular cancer",
  "disease_percentile": 0.0825747724317295,
  "metapath_contribution": {
    "CbGeAlD": 0.02015588518214156,
    "CbGpPWpGaD": 0.042953456950023255,
    "CcSEcCtD": 0.8912036201597816,
    "CrCbGaD": 0.04568703770805354
  },
  "n_trials": 0.0,
  "prediction": 0.0009107534805672,
  "status": 0
}