{
  "compound_id": "DB01162",
  "compound_name": "Terazosin",
  "compound_percentile": 0.816176470588235,
  "disease_id": "DOID:1612",
  "disease_name": "breast cancer",
  "disease_percentile": 0.541612483745123,
  "metapath_contribution": {
    "CbGaD": 0.2176857141503053,
    "CbGbCtD": 0.29828097789928754,
    "CbGeAlD": 0.004712684958069189,
    "CbGpPWpGaD": 0.1108911864719412,
    "CcSEcCtD": 0.36026801471439146,
    "CrCbGaD": 0.008161421806005214
  },
  "n_trials": 0.0,
  "prediction": 0.00256983907465006,
  "status": 0,
  "training_prediction": 0.0141008662163319
}