{
  "compound_id": "DB00171",
  "compound_name": "Adenosine triphosphate",
  "compound_percentile": 0.691176470588235,
  "disease_id": "DOID:1686",
  "disease_name": "glaucoma",
  "disease_percentile": 0.46228868660598205,
  "metapath_contribution": {
    "CbGaD": 0.7144938526941078,
    "CbGdCrCtD": 0.004248662685121066,
    "CbGeAlD": 0.07007586706668015,
    "CbGpPWpGaD": 0.21118161755409096
  },
  "n_trials": 0.0,
  "prediction": 0.0018006699315195,
  "status": 0
}