{
  "compound_id": "DB00982",
  "compound_name": "Isotretinoin",
  "compound_percentile": 0.507352941176471,
  "disease_id": "DOID:4481",
  "disease_name": "allergic rhinitis",
  "disease_percentile": 0.007802340702210659,
  "metapath_contribution": {
    "CbGeAlD": 0.06192242275086134,
    "CcSEcCtD": 0.9380775772491386
  },
  "n_trials": 0.0,
  "prediction": 0.000917434097392034,
  "status": 0,
  "training_prediction": 0.0029857815597988603
}