{
  "compound_id": "DB00135",
  "compound_name": "L-Tyrosine",
  "compound_percentile": 0.169117647058824,
  "disease_id": "DOID:1324",
  "disease_name": "lung cancer",
  "disease_percentile": 0.254226267880364,
  "metapath_contribution": {
    "CbGeAlD": 0.41931151732736816,
    "CbGpPWpGaD": 0.5535247956092698,
    "CrCbGaD": 0.027163687063362002
  },
  "n_trials": 0.0,
  "prediction": 0.00115200495907147,
  "status": 0
}