{
  "compound_id": "DB06777",
  "compound_name": "Chenodeoxycholic acid",
  "compound_percentile": 0.9852941176470591,
  "disease_id": "DOID:3571",
  "disease_name": "liver cancer",
  "disease_percentile": 0.996098829648895,
  "metapath_contribution": {
    "CbGaD": 0.36085718346466983,
    "CbGbCtD": 0.09183824621177175,
    "CbGeAlD": 0.03012652335598306,
    "CbGpPWpGaD": 0.04042450338800283,
    "CcSEcCtD": 0.0424404255773975,
    "CrCbGaD": 0.0023156190332359605,
    "CtDrD": 0.43199749896893896
  },
  "n_trials": 0.0,
  "prediction": 0.0210027589519579,
  "status": 0,
  "training_prediction": 0.0207240780515208
}