{
  "compound_id": "DB00683",
  "compound_name": "Midazolam",
  "compound_percentile": 0.5,
  "disease_id": "DOID:418",
  "disease_name": "systemic scleroderma",
  "disease_percentile": 0.212613784135241,
  "metapath_contribution": {
    "CbGbCtD": 0.3326125237854222,
    "CcSEcCtD": 0.6673874762145778
  },
  "n_trials": 0.0,
  "prediction": 0.00116106228987017,
  "status": 0,
  "training_prediction": 0.0027683860341855197
}