{
  "compound_id": "DB00287",
  "compound_name": "Travoprost",
  "compound_percentile": 0.242647058823529,
  "disease_id": "DOID:9352",
  "disease_name": "type 2 diabetes mellitus",
  "disease_percentile": 0.166449934980494,
  "metapath_contribution": {
    "CbGpPWpGaD": 0.28593525071708165,
    "CcSEcCtD": 0.713630397190421,
    "CrCbGaD": 0.00043435209249745543
  },
  "n_trials": 0.0,
  "prediction": 0.00126729141191566,
  "status": 0,
  "training_prediction": 0.00558014180383416
}