{
  "compound_id": "DB08882",
  "compound_name": "Linagliptin",
  "compound_percentile": 0.639705882352941,
  "disease_id": "DOID:9074",
  "disease_name": "systemic lupus erythematosus",
  "disease_percentile": 0.615084525357607,
  "metapath_contribution": {
    "CbGbCtD": 0.7536429681802996,
    "CbGeAlD": 0.04722391064503509,
    "CcSEcCtD": 0.19913312117466525
  },
  "n_trials": 0.0,
  "prediction": 0.00221179085463253,
  "status": 0,
  "training_prediction": 0.00642889063145225
}