{
  "compound_id": "DB01231",
  "compound_name": "Diphenidol",
  "compound_percentile": 0.0882352941176471,
  "disease_id": "DOID:10283",
  "disease_name": "prostate cancer",
  "disease_percentile": 0.0149544863459038,
  "metapath_contribution": {
    "CbGeAlD": 0.4517001999568717,
    "CbGpPWpGaD": 0.4771170677494474,
    "CrCbGaD": 0.07118273229368087
  },
  "n_trials": 0.0,
  "prediction": 0.00059769790832494,
  "status": 0
}