{
  "compound_id": "DB00397",
  "compound_name": "Phenylpropanolamine",
  "compound_percentile": 0.757352941176471,
  "disease_id": "DOID:10283",
  "disease_name": "prostate cancer",
  "disease_percentile": 0.328348504551365,
  "metapath_contribution": {
    "CbGaD": 0.4709413273134662,
    "CbGbCtD": 0.14275686172657634,
    "CbGeAlD": 0.006964436234207101,
    "CbGpPWpGaD": 0.18580256428330724,
    "CcSEcCtD": 0.18519946229018944,
    "CrCbGaD": 0.0083353481522536
  },
  "n_trials": 0.0,
  "prediction": 0.00165247733790475,
  "status": 0,
  "training_prediction": 0.00699833986622097
}