{
  "compound_id": "DB00104",
  "compound_name": "Octreotide",
  "compound_percentile": 0.808823529411765,
  "disease_id": "DOID:9074",
  "disease_name": "systemic lupus erythematosus",
  "disease_percentile": 0.557867360208062,
  "metapath_contribution": {
    "CbGbCtD": 0.42103671535671683,
    "CbGeAlD": 0.07202818357066998,
    "CbGpPWpGaD": 0.1505270431265241,
    "CcSEcCtD": 0.3564080579460891
  },
  "n_trials": 0.0,
  "prediction": 0.00207089923163343,
  "status": 0,
  "training_prediction": 0.00602098971805774
}