{
  "compound_id": "DB01110",
  "compound_name": "Miconazole",
  "compound_percentile": 0.0882352941176471,
  "disease_id": "DOID:2355",
  "disease_name": "anemia",
  "disease_percentile": 0.39596879063719104,
  "metapath_contribution": {
    "CbGaD": 0.44499666891083883,
    "CbGeAlD": 0.2404352157571559,
    "CbGpPWpGaD": 0.31456811533200524
  },
  "n_trials": 0.0,
  "prediction": 0.00106812489520456,
  "status": 0
}