{
  "compound_id": "DB00035",
  "compound_name": "Desmopressin",
  "compound_percentile": 0.963235294117647,
  "disease_id": "DOID:8778",
  "disease_name": "Crohn's disease",
  "disease_percentile": 0.8953185955786741,
  "metapath_contribution": {
    "CbGaD": 0.2927028956527979,
    "CbGbCtD": 0.5662264627451549,
    "CbGpPWpGaD": 0.08948629269861191,
    "CcSEcCtD": 0.05082602289347595,
    "CrCbGaD": 0.0007583260099594049
  },
  "n_trials": 0.0,
  "prediction": 0.00349551871048323,
  "status": 0
}