{
  "compound_id": "DB00132",
  "compound_name": "Alpha-Linolenic Acid",
  "compound_percentile": 0.43382352941176505,
  "disease_id": "DOID:332",
  "disease_name": "amyotrophic lateral sclerosis",
  "disease_percentile": 0.5019505851755529,
  "metapath_contribution": {
    "CbGeAlD": 0.7223733767494005,
    "CbGpPWpGaD": 0.2698707201155436,
    "CrCbGaD": 0.007755903135055991
  },
  "n_trials": 0.0,
  "prediction": 0.00129417984595596,
  "status": 0
}