{
  "compound_id": "DB00528",
  "compound_name": "Lercanidipine",
  "compound_percentile": 0.904411764705882,
  "disease_id": "DOID:1094",
  "disease_name": "attention deficit hyperactivity disorder",
  "disease_percentile": 0.8368010403120941,
  "metapath_contribution": {
    "CbGaD": 0.9279605715977133,
    "CbGeAlD": 0.00337208798623574,
    "CbGpPWpGaD": 0.057426311530565016,
    "CrCbGaD": 0.011241028885485999
  },
  "n_trials": 0.0,
  "prediction": 0.0022806060324367,
  "status": 0
}