{
  "compound_id": "DB00280",
  "compound_name": "Disopyramide",
  "compound_percentile": 0.5514705882352939,
  "disease_id": "DOID:3070",
  "disease_name": "malignant glioma",
  "disease_percentile": 0.548764629388817,
  "metapath_contribution": {
    "CbGbCtD": 0.03242355446258811,
    "CbGeAlD": 0.4096911940191222,
    "CbGpPWpGaD": 0.2859253119009486,
    "CcSEcCtD": 0.2704898332089844,
    "CrCbGaD": 0.001470106408356765
  },
  "n_trials": 0.0,
  "prediction": 0.0014808333002377901,
  "status": 0
}