{
  "compound_id": "DB00273",
  "compound_name": "Topiramate",
  "compound_percentile": 0.845588235294118,
  "disease_id": "DOID:9835",
  "disease_name": "refractive error",
  "disease_percentile": 0.9934980494148241,
  "metapath_contribution": {
    "CbGaD": 0.8509089459968378,
    "CbGeAlD": 0.017528016477644855,
    "CbGpPWpGaD": 0.13156303752551746
  },
  "n_trials": 0.0,
  "prediction": 0.0043058977412586295,
  "status": 0
}