{
  "compound_id": "DB00898",
  "compound_name": "Ethanol",
  "compound_percentile": 0.801470588235294,
  "disease_id": "DOID:12361",
  "disease_name": "Graves' disease",
  "disease_percentile": 0.9720416124837451,
  "metapath_contribution": {
    "CbGbCtD": 0.9466940126130265,
    "CbGeAlD": 0.033260957383563314,
    "CbGpPWpGaD": 0.020045030003410104
  },
  "n_trials": 0.0,
  "prediction": 0.0037005298870751704,
  "status": 0
}