{
  "compound_id": "DB06637",
  "compound_name": "Dalfampridine",
  "compound_percentile": 0.632352941176471,
  "disease_id": "DOID:9744",
  "disease_name": "type 1 diabetes mellitus",
  "disease_percentile": 0.887516254876463,
  "metapath_contribution": {
    "CbGeAlD": 0.31711908053550586,
    "CbGpPWpGaD": 0.6672506437851294,
    "CcSEcCtD": 0.015630275679364754
  },
  "n_trials": 0.0,
  "prediction": 0.00235365972918576,
  "status": 0
}