{
  "compound_id": "DB00598",
  "compound_name": "Labetalol",
  "compound_percentile": 0.9852941176470591,
  "disease_id": "DOID:3083",
  "disease_name": "chronic obstructive pulmonary disease",
  "disease_percentile": 0.985045513654096,
  "metapath_contribution": {
    "CbGaD": 0.13798635233612158,
    "CbGbCtD": 0.19841248476733925,
    "CbGpPWpGaD": 0.003812361477459674,
    "CcSEcCtD": 0.03316982141250243,
    "CrCbGaD": 0.0014640897666173818,
    "CrCrCtD": 0.24559734207524742,
    "CrCtD": 0.37955754816471243
  },
  "n_trials": 0.0,
  "prediction": 0.0334849021861858,
  "status": 0,
  "training_prediction": 0.0710509559288468
}