{
  "compound_id": "DB00454",
  "compound_name": "Pethidine",
  "compound_percentile": 0.772058823529412,
  "disease_id": "DOID:11476",
  "disease_name": "osteoporosis",
  "disease_percentile": 0.565669700910273,
  "metapath_contribution": {
    "CbGbCtD": 0.6669072778671689,
    "CbGpPWpGaD": 0.08759365560658748,
    "CcSEcCtD": 0.24444728254169107,
    "CrCbGaD": 0.001051783984552657
  },
  "n_trials": 0.0,
  "prediction": 0.00205225783601933,
  "status": 0
}