{
  "compound_id": "DB00784",
  "compound_name": "Mefenamic acid",
  "compound_percentile": 0.647058823529412,
  "disease_id": "DOID:9008",
  "disease_name": "psoriatic arthritis",
  "disease_percentile": 0.37256176853055895,
  "metapath_contribution": {
    "CbGbCtD": 0.6429550544173451,
    "CbGdCrCtD": 0.010545218969427159,
    "CcSEcCtD": 0.3464997266132277
  },
  "n_trials": 0.0,
  "prediction": 0.0014924618416733801,
  "status": 0
}