{
  "compound_id": "DB00720",
  "compound_name": "Clodronate",
  "compound_percentile": 0.779411764705882,
  "disease_id": "DOID:2377",
  "disease_name": "multiple sclerosis",
  "disease_percentile": 0.569570871261378,
  "metapath_contribution": {
    "CbGbCtD": 0.5059916646599337,
    "CbGdCrCtD": 0.011344455561444007,
    "CbGeAlD": 0.17050560649215257,
    "CbGpPWpGaD": 0.12726060050089755,
    "CcSEcCtD": 0.18489767278557212
  },
  "n_trials": 0.0,
  "prediction": 0.0020502437863542103,
  "status": 0
}