{
  "compound_id": "DB00593",
  "compound_name": "Ethosuximide",
  "compound_percentile": 0.911764705882353,
  "disease_id": "DOID:263",
  "disease_name": "kidney cancer",
  "disease_percentile": 0.8179453836150848,
  "metapath_contribution": {
    "CbGbCtD": 0.7705004201092199,
    "CbGpPWpGaD": 0.041265946544031325,
    "CcSEcCtD": 0.18823363334674878
  },
  "n_trials": 0.0,
  "prediction": 0.0033568239186589,
  "status": 0
}