{
  "compound_id": "DB00181",
  "compound_name": "Baclofen",
  "compound_percentile": 0.308823529411765,
  "disease_id": "DOID:2355",
  "disease_name": "anemia",
  "disease_percentile": 0.5884265279583879,
  "metapath_contribution": {
    "CbGeAlD": 0.5406139014312428,
    "CbGpPWpGaD": 0.3090158146531116,
    "CrCbGaD": 0.15037028391564555
  },
  "n_trials": 0.0,
  "prediction": 0.00137519976817109,
  "status": 0
}