{
  "compound_id": "DB00166",
  "compound_name": "Lipoic Acid",
  "compound_percentile": 0.11764705882352902,
  "disease_id": "DOID:5041",
  "disease_name": "esophageal cancer",
  "disease_percentile": 0.448634590377113,
  "metapath_contribution": {
    "CbGeAlD": 0.4336660567365985,
    "CbGpPWpGaD": 0.49500625330699494,
    "CrCbGaD": 0.07132768995640651
  },
  "n_trials": 0.0,
  "prediction": 0.00132237787878881,
  "status": 0
}