{
  "compound_id": "DB00234",
  "compound_name": "Reboxetine",
  "compound_percentile": 0.7352941176470591,
  "disease_id": "DOID:2377",
  "disease_name": "multiple sclerosis",
  "disease_percentile": 0.6215864759427829,
  "metapath_contribution": {
    "CbGbCtD": 0.7351967440712519,
    "CbGeAlD": 0.008519573420881084,
    "CcSEcCtD": 0.25628368250786693
  },
  "n_trials": 0.0,
  "prediction": 0.00217886829698765,
  "status": 0
}