{
  "compound_id": "DB01110",
  "compound_name": "Miconazole",
  "compound_percentile": 0.669117647058823,
  "disease_id": "DOID:12361",
  "disease_name": "Graves' disease",
  "disease_percentile": 0.7366710013003901,
  "metapath_contribution": {
    "CbGbCtD": 0.8748756483306054,
    "CbGeAlD": 0.07281175769899863,
    "CbGpPWpGaD": 0.03233792176229034,
    "CcSEcCtD": 0.019974672208105754
  },
  "n_trials": 0.0,
  "prediction": 0.0020606061966292302,
  "status": 0
}