{
  "compound_id": "DB00995",
  "compound_name": "Auranofin",
  "compound_percentile": 0.455882352941176,
  "disease_id": "DOID:332",
  "disease_name": "amyotrophic lateral sclerosis",
  "disease_percentile": 0.9109232769830949,
  "metapath_contribution": {
    "CbGeAlD": 0.23881049535118265,
    "CbGpPWpGaD": 0.49378935051518213,
    "CcSEcCtD": 0.26740015413363516
  },
  "n_trials": 0.0,
  "prediction": 0.0025087518386457397,
  "status": 0,
  "training_prediction": 0.0018873915350439301
}