{
  "compound_id": "DB01320",
  "compound_name": "Fosphenytoin",
  "compound_percentile": 0.169117647058824,
  "disease_id": "DOID:11612",
  "disease_name": "polycystic ovary syndrome",
  "disease_percentile": 0.33615084525357597,
  "metapath_contribution": {
    "CbGeAlD": 0.04773337481540647,
    "CbGpPWpGaD": 0.6630072534197703,
    "CcSEcCtD": 0.2783922369324159,
    "CrCbGaD": 0.010867134832407421
  },
  "n_trials": 0.0,
  "prediction": 0.00112674641064313,
  "status": 0,
  "training_prediction": 0.000507873513238854
}