{
  "compound_id": "DB00655",
  "compound_name": "Estrone",
  "compound_percentile": 0.845588235294118,
  "disease_id": "DOID:1936",
  "disease_name": "atherosclerosis",
  "disease_percentile": 0.851755526657997,
  "metapath_contribution": {
    "CbGaD": 0.3611917932769503,
    "CbGbCtD": 0.5014640661325676,
    "CbGeAlD": 0.006213222194675899,
    "CbGpPWpGaD": 0.07730776040701133,
    "CcSEcCtD": 0.050523235580686714,
    "CrCbGaD": 0.003299922408108217
  },
  "n_trials": 0.0,
  "prediction": 0.00350694769381362,
  "status": 0,
  "training_prediction": 0.00571292386116686
}