{
  "compound_id": "DB00358",
  "compound_name": "Mefloquine",
  "compound_percentile": 0.8308823529411771,
  "disease_id": "DOID:8577",
  "disease_name": "ulcerative colitis",
  "disease_percentile": 0.82704811443433,
  "metapath_contribution": {
    "CbGaD": 0.2436397037588106,
    "CbGbCtD": 0.5049695865487379,
    "CbGeAlD": 0.026267285564843187,
    "CbGpPWpGaD": 0.06698154546206782,
    "CcSEcCtD": 0.1581418786655404
  },
  "n_trials": 0.0,
  "prediction": 0.00393195121237443,
  "status": 0
}