{
  "compound_id": "DB00464",
  "compound_name": "Sodium Tetradecyl Sulfate",
  "compound_percentile": 0.5,
  "disease_id": "DOID:2355",
  "disease_name": "anemia",
  "disease_percentile": 0.6079323797139139,
  "metapath_contribution": {
    "CbGeAlD": 0.3246501311341262,
    "CbGpPWpGaD": 0.6737521498406844,
    "CrCbGaD": 0.001597719025189333
  },
  "n_trials": 0.0,
  "prediction": 0.00140175527689764,
  "status": 0
}