{
  "compound_id": "DB04855",
  "compound_name": "Dronedarone",
  "compound_percentile": 0.838235294117647,
  "disease_id": "DOID:1324",
  "disease_name": "lung cancer",
  "disease_percentile": 0.7210663198959691,
  "metapath_contribution": {
    "CbGaD": 0.25894131127540815,
    "CbGbCtD": 0.36752582683273066,
    "CbGeAlD": 0.03879351756660277,
    "CbGpPWpGaD": 0.15937650285539637,
    "CcSEcCtD": 0.17345249076403915,
    "CrCbGaD": 0.0019103507058229041
  },
  "n_trials": 0.0,
  "prediction": 0.00270168858048734,
  "status": 0
}