{
  "compound_id": "DB00413",
  "compound_name": "Pramipexole",
  "compound_percentile": 0.992647058823529,
  "disease_id": "DOID:10763",
  "disease_name": "hypertension",
  "disease_percentile": 0.9206762028608578,
  "metapath_contribution": {
    "CbGaD": 0.2720082427317091,
    "CbGbCtD": 0.29730328263360295,
    "CbGeAlD": 0.020139466981114844,
    "CbGpPWpGaD": 0.07135057509133841,
    "CcSEcCtD": 0.11769433970767529,
    "CpDpCtD": 0.2215040928545594
  },
  "n_trials": 0.0,
  "prediction": 0.0318685426004896,
  "status": 0
}