{
  "compound_id": "DB00444",
  "compound_name": "Teniposide",
  "compound_percentile": 0.75,
  "disease_id": "DOID:11714",
  "disease_name": "gestational diabetes",
  "disease_percentile": 0.476592977893368,
  "metapath_contribution": {
    "CbGbCtD": 0.7431460009407072,
    "CbGeAlD": 0.07335495142813214,
    "CbGpPWpGaD": 0.1343926050436286,
    "CcSEcCtD": 0.04910644258753204
  },
  "n_trials": 0.0,
  "prediction": 0.00157157723339172,
  "status": 0,
  "training_prediction": 0.0016089661630239998
}