{
  "compound_id": "DB00651",
  "compound_name": "Dyphylline",
  "compound_percentile": 0.0955882352941176,
  "disease_id": "DOID:2355",
  "disease_name": "anemia",
  "disease_percentile": 0.42132639791937604,
  "metapath_contribution": {
    "CbGeAlD": 0.5517564798833197,
    "CbGpPWpGaD": 0.38712389905613553,
    "CrCbGaD": 0.06111962106054483
  },
  "n_trials": 0.0,
  "prediction": 0.0011014876330215301,
  "status": 0
}