{
  "compound_id": "DB06809",
  "compound_name": "Plerixafor",
  "compound_percentile": 0.8897058823529409,
  "disease_id": "DOID:363",
  "disease_name": "uterine cancer",
  "disease_percentile": 0.7886866059817951,
  "metapath_contribution": {
    "CbGeAlD": 0.3812942249329008,
    "CbGpPWpGaD": 0.15310230270147784,
    "CcSEcCtD": 0.46560347236562133
  },
  "n_trials": 0.0,
  "prediction": 0.00252922730406413,
  "status": 0
}