{
  "compound_id": "DB00912",
  "compound_name": "Repaglinide",
  "compound_percentile": 0.669117647058823,
  "disease_id": "DOID:263",
  "disease_name": "kidney cancer",
  "disease_percentile": 0.8192457737321199,
  "metapath_contribution": {
    "CbGbCtD": 0.6413260870009169,
    "CbGdCrCtD": 0.004743506471587437,
    "CbGeAlD": 0.013620331256662439,
    "CbGpPWpGaD": 0.07478008127894585,
    "CcSEcCtD": 0.2655299939918874
  },
  "n_trials": 0.0,
  "prediction": 0.00336174615756628,
  "status": 0,
  "training_prediction": 0.00974997759728434
}