{
  "compound_id": "DB00850",
  "compound_name": "Perphenazine",
  "compound_percentile": 0.360294117647059,
  "disease_id": "DOID:12849",
  "disease_name": "autistic disorder",
  "disease_percentile": 0.117685305591678,
  "metapath_contribution": {
    "CbGaD": 0.6224168053674494,
    "CbGeAlD": 0.13293383394891653,
    "CbGpPWpGaD": 0.23557882846477818,
    "CrCbGaD": 0.009070532218855912
  },
  "n_trials": 0.0,
  "prediction": 0.000742372070589452,
  "status": 0
}