{
  "compound_id": "DB00637",
  "compound_name": "Astemizole",
  "compound_percentile": 0.0661764705882353,
  "disease_id": "DOID:12849",
  "disease_name": "autistic disorder",
  "disease_percentile": 0.30494148244473307,
  "metapath_contribution": {
    "CbGeAlD": 0.2302155213915834,
    "CbGpPWpGaD": 0.6983170016201409,
    "CrCbGaD": 0.07146747698827569
  },
  "n_trials": 0.0,
  "prediction": 0.0010429166503076,
  "status": 0
}