{
  "compound_id": "DB00484",
  "compound_name": "Brimonidine",
  "compound_percentile": 0.34558823529411803,
  "disease_id": "DOID:10652",
  "disease_name": "Alzheimer's disease",
  "disease_percentile": 0.35370611183354994,
  "metapath_contribution": {
    "CbGpPWpGaD": 0.18787473746758768,
    "CcSEcCtD": 0.8121252625324122
  },
  "n_trials": 0.0,
  "prediction": 0.00143106597254925,
  "status": 0,
  "training_prediction": 0.0017370416896099199
}