{
  "compound_id": "DB01401",
  "compound_name": "Trisalicylate-choline",
  "compound_percentile": 0.6764705882352939,
  "disease_id": "DOID:11476",
  "disease_name": "osteoporosis",
  "disease_percentile": 0.7470741222366708,
  "metapath_contribution": {
    "CbGbCtD": 0.6661244617332861,
    "CbGpPWpGaD": 0.0027696705044441532,
    "CcSEcCtD": 0.3311058677622698
  },
  "n_trials": 0.0,
  "prediction": 0.00263073970131455,
  "status": 0
}