{
  "compound_id": "DB04855",
  "compound_name": "Dronedarone",
  "compound_percentile": 0.463235294117647,
  "disease_id": "DOID:4362",
  "disease_name": "cervical cancer",
  "disease_percentile": 0.667100130039012,
  "metapath_contribution": {
    "CbGbCtD": 0.3163246840328331,
    "CbGeAlD": 0.45377025634437995,
    "CbGpPWpGaD": 0.18979701732184362,
    "CcSEcCtD": 0.04010804230094326
  },
  "n_trials": 0.0,
  "prediction": 0.00168115933827374,
  "status": 0
}