{
  "compound_id": "DB00290",
  "compound_name": "Bleomycin",
  "compound_percentile": 0.47058823529411803,
  "disease_id": "DOID:7148",
  "disease_name": "rheumatoid arthritis",
  "disease_percentile": 0.758777633289987,
  "metapath_contribution": {
    "CbGdCrCtD": 0.023417690775604422,
    "CbGeAlD": 0.14682153613307528,
    "CbGpPWpGaD": 0.24589234388028564,
    "CcSEcCtD": 0.5838684292110345
  },
  "n_trials": 0.0,
  "prediction": 0.0026639450529294603,
  "status": 0,
  "training_prediction": 0.0334536993732891
}