{
  "compound_id": "DB00794",
  "compound_name": "Primidone",
  "compound_percentile": 0.720588235294118,
  "disease_id": "DOID:363",
  "disease_name": "uterine cancer",
  "disease_percentile": 0.518855656697009,
  "metapath_contribution": {
    "CbGbCtD": 0.7560020664189833,
    "CbGeAlD": 0.08119538935366465,
    "CcSEcCtD": 0.15706990675058716,
    "CrCbGaD": 0.005732637476764938
  },
  "n_trials": 0.0,
  "prediction": 0.00170299847743837,
  "status": 0,
  "training_prediction": 0.0031107410579232896
}