{
  "compound_id": "DB01124",
  "compound_name": "Tolbutamide",
  "compound_percentile": 0.257352941176471,
  "disease_id": "DOID:1781",
  "disease_name": "thyroid cancer",
  "disease_percentile": 0.20481144343302998,
  "metapath_contribution": {
    "CbGbCtD": 0.2717540070922468,
    "CbGpPWpGaD": 0.35599018372044233,
    "CcSEcCtD": 0.28737319753359913,
    "CrCbGaD": 0.0848826116537117
  },
  "n_trials": 0.0,
  "prediction": 0.00101834002737047,
  "status": 0,
  "training_prediction": 0.00123618019666701
}