{
  "compound_id": "DB00118",
  "compound_name": "S-Adenosylmethionine",
  "compound_percentile": 0.838235294117647,
  "disease_id": "DOID:2986",
  "disease_name": "IgA glomerulonephritis",
  "disease_percentile": 0.7516254876462941,
  "metapath_contribution": {
    "CbGaD": 0.7942872403294161,
    "CbGeAlD": 0.0505545264292709,
    "CbGpPWpGaD": 0.15075974147729088,
    "CrCbGaD": 0.004398491764022083
  },
  "n_trials": 0.0,
  "prediction": 0.00145966750482144,
  "status": 0
}