{
  "compound_id": "DB04920",
  "compound_name": "Clevidipine",
  "compound_percentile": 0.308823529411765,
  "disease_id": "DOID:2043",
  "disease_name": "hepatitis B",
  "disease_percentile": 0.127438231469441,
  "metapath_contribution": {
    "CbGeAlD": 0.21750934766822774,
    "CbGpPWpGaD": 0.6499378219548275,
    "CrCbGaD": 0.1325528303769448
  },
  "n_trials": 0.0,
  "prediction": 0.000955221018992643,
  "status": 0
}