{
  "compound_id": "DB01332",
  "compound_name": "Ceftizoxime",
  "compound_percentile": 0.992647058823529,
  "disease_id": "DOID:9352",
  "disease_name": "type 2 diabetes mellitus",
  "disease_percentile": 0.33875162548764604,
  "metapath_contribution": {
    "CbGbCtD": 0.8274460792151155,
    "CcSEcCtD": 0.17245215306340994,
    "CrCbGaD": 0.00010176772147456721
  },
  "n_trials": 0.0,
  "prediction": 0.0019076417834619898,
  "status": 0
}