{
  "compound_id": "DB00985",
  "compound_name": "Dimenhydrinate",
  "compound_percentile": 0.911764705882353,
  "disease_id": "DOID:418",
  "disease_name": "systemic scleroderma",
  "disease_percentile": 0.7574772431729521,
  "metapath_contribution": {
    "CcSEcCtD": 0.13200730601013422,
    "CrCrCtD": 0.8679926939898658
  },
  "n_trials": 0.0,
  "prediction": 0.00239755450217009,
  "status": 0,
  "training_prediction": 0.009488867102413309
}