{
  "compound_id": "DB00636",
  "compound_name": "Clofibrate",
  "compound_percentile": 0.588235294117647,
  "disease_id": "DOID:4159",
  "disease_name": "skin cancer",
  "disease_percentile": 0.5858257477243171,
  "metapath_contribution": {
    "CbGbCtD": 0.9294106408068059,
    "CbGeAlD": 0.0628255799335774,
    "CrCbGaD": 0.00776377925961674
  },
  "n_trials": 0.0,
  "prediction": 0.0019211828901936699,
  "status": 0
}