{
  "compound_id": "DB00977",
  "compound_name": "Ethinyl Estradiol",
  "compound_percentile": 0.3529411764705879,
  "disease_id": "DOID:3277",
  "disease_name": "thymus cancer",
  "disease_percentile": 0.0208062418725618,
  "metapath_contribution": {
    "CbGeAlD": 0.17227372335418356,
    "CcSEcCtD": 0.8277262766458164
  },
  "n_trials": 0.0,
  "prediction": 0.000729137475588333,
  "status": 0,
  "training_prediction": 0.0005483045584924111
}