{
  "compound_id": "DB00477",
  "compound_name": "Chlorpromazine",
  "compound_percentile": 0.669117647058823,
  "disease_id": "DOID:2043",
  "disease_name": "hepatitis B",
  "disease_percentile": 0.14369310793238002,
  "metapath_contribution": {
    "CbGaD": 0.4741517965427976,
    "CbGbCtD": 0.11930142729110024,
    "CbGeAlD": 0.1358296272402167,
    "CbGpPWpGaD": 0.17220114759197827,
    "CcSEcCtD": 0.09660862057573114,
    "CrCbGaD": 0.0019073807581760879
  },
  "n_trials": 0.0,
  "prediction": 0.000990514348749606,
  "status": 0
}