{
  "compound_id": "DB00413",
  "compound_name": "Pramipexole",
  "compound_percentile": 0.588235294117647,
  "disease_id": "DOID:3070",
  "disease_name": "malignant glioma",
  "disease_percentile": 0.9024707412223671,
  "metapath_contribution": {
    "CbGeAlD": 0.3723755278531844,
    "CbGpPWpGaD": 0.1510809721168383,
    "CcSEcCtD": 0.4765435000299773
  },
  "n_trials": 0.0,
  "prediction": 0.00263652271297552,
  "status": 0
}