{
  "compound_id": "DB00349",
  "compound_name": "Clobazam",
  "compound_percentile": 0.926470588235294,
  "disease_id": "DOID:3310",
  "disease_name": "atopic dermatitis",
  "disease_percentile": 0.373211963589077,
  "metapath_contribution": {
    "CbGbCtD": 0.6164747525901285,
    "CcSEcCtD": 0.19137771633158146,
    "CrCrCtD": 0.19214753107829
  },
  "n_trials": 0.0,
  "prediction": 0.0018242400332515397,
  "status": 0,
  "training_prediction": 0.00622997961134577
}