{
  "compound_id": "DB00549",
  "compound_name": "Zafirlukast",
  "compound_percentile": 0.5735294117647061,
  "disease_id": "DOID:14330",
  "disease_name": "Parkinson's disease",
  "disease_percentile": 0.639141742522757,
  "metapath_contribution": {
    "CbGaD": 0.8401789585941788,
    "CbGpPWpGaD": 0.15591966134247598,
    "CrCbGaD": 0.0039013800633450947
  },
  "n_trials": 0.0,
  "prediction": 0.00168583962940305,
  "status": 0
}