{
  "compound_id": "DB00348",
  "compound_name": "Nitisinone",
  "compound_percentile": 0.8308823529411771,
  "disease_id": "DOID:11054",
  "disease_name": "urinary bladder cancer",
  "disease_percentile": 0.5253576072821851,
  "metapath_contribution": {
    "CbGeAlD": 0.19321153624576645,
    "CbGpPWpGaD": 0.4294751460133908,
    "CcSEcCtD": 0.35111322378085114,
    "CrCbGaD": 0.026200093959991642
  },
  "n_trials": 0.0,
  "prediction": 0.00162842732273923,
  "status": 0
}