{
  "compound_id": "DB01229",
  "compound_name": "Paclitaxel",
  "compound_percentile": 0.963235294117647,
  "disease_id": "DOID:11934",
  "disease_name": "head and neck cancer",
  "disease_percentile": 1.0,
  "metapath_contribution": {
    "CbGaD": 0.09121533988961078,
    "CbGbCtD": 0.18122365344848224,
    "CbGeAlD": 0.008176727601055351,
    "CbGpPWpGaD": 0.01519466833443846,
    "CcSEcCtD": 0.02858989389959865,
    "CiPCiCtD": 0.27238992687412306,
    "CrCbGaD": 0.0007901880968044139,
    "CrCrCtD": 0.1473167218426816,
    "CrCtD": 0.2551028800132056
  },
  "n_trials": 69.0,
  "prediction": 0.260079161249845,
  "status": 0,
  "training_prediction": 0.548371565514021
}