{
  "compound_id": "DB04794",
  "compound_name": "Bifonazole",
  "compound_percentile": 0.691176470588235,
  "disease_id": "DOID:12849",
  "disease_name": "autistic disorder",
  "disease_percentile": 0.5728218465539661,
  "metapath_contribution": {
    "CbGaD": 0.8750887636413672,
    "CbGeAlD": 0.0062428325288774,
    "CbGpPWpGaD": 0.10958468092342988,
    "CrCbGaD": 0.009083722906325524
  },
  "n_trials": 0.0,
  "prediction": 0.00153289936734706,
  "status": 0
}