{
  "compound_id": "DB00595",
  "compound_name": "Oxytetracycline",
  "compound_percentile": 0.992647058823529,
  "disease_id": "DOID:13189",
  "disease_name": "gout",
  "disease_percentile": 0.9356306892067621,
  "metapath_contribution": {
    "CbGaD": 0.48149311158743385,
    "CbGbCtD": 0.42441607420749,
    "CbGpPWpGaD": 0.09011192618802788,
    "CrCbGaD": 0.003978888017048302
  },
  "n_trials": 0.0,
  "prediction": 0.009327565084830779,
  "status": 0
}