{
  "compound_id": "DB01002",
  "compound_name": "Levobupivacaine",
  "compound_percentile": 0.977941176470588,
  "disease_id": "DOID:1612",
  "disease_name": "breast cancer",
  "disease_percentile": 0.729518855656697,
  "metapath_contribution": {
    "CbGaD": 0.4486913787031576,
    "CbGbCtD": 0.3330647438578457,
    "CbGpPWpGaD": 0.04921971582375013,
    "CcSEcCtD": 0.1643051169097041,
    "CrCbGaD": 0.004719044705542471
  },
  "n_trials": 1.0,
  "prediction": 0.0038665051558142297,
  "status": 0
}