{
  "compound_id": "DB00718",
  "compound_name": "Adefovir Dipivoxil",
  "compound_percentile": 0.970588235294118,
  "disease_id": "DOID:2394",
  "disease_name": "ovarian cancer",
  "disease_percentile": 0.9603381014304291,
  "metapath_contribution": {
    "CbGaD": 0.6298268321308271,
    "CbGbCtD": 0.19601716467762878,
    "CbGdCrCtD": 0.0035217867234639357,
    "CbGeAlD": 0.05352759342512596,
    "CbGpPWpGaD": 0.04941233681674183,
    "CcSEcCtD": 0.06327450874922426,
    "CrCbGaD": 0.004419777476988038
  },
  "n_trials": 0.0,
  "prediction": 0.0057575051669875605,
  "status": 0,
  "training_prediction": 0.0136410425601983
}