{
  "compound_id": "DB00888",
  "compound_name": "Mechlorethamine",
  "compound_percentile": 0.904411764705882,
  "disease_id": "DOID:1612",
  "disease_name": "breast cancer",
  "disease_percentile": 0.8283485045513649,
  "metapath_contribution": {
    "CcSEcCtD": 0.0980244186802134,
    "CiPCiCtD": 0.900769888981169,
    "CrCbGaD": 0.0012056923386175606
  },
  "n_trials": 0.0,
  "prediction": 0.00513152198964979,
  "status": 0,
  "training_prediction": 0.045641525839304996
}