{
  "compound_id": "DB01129",
  "compound_name": "Rabeprazole",
  "compound_percentile": 0.7647058823529409,
  "disease_id": "DOID:184",
  "disease_name": "bone cancer",
  "disease_percentile": 0.871911573472042,
  "metapath_contribution": {
    "CbGaD": 0.47366622588766577,
    "CbGbCtD": 0.29991461143950965,
    "CbGpPWpGaD": 0.03253089375884754,
    "CcSEcCtD": 0.18919842907427717,
    "CrCbGaD": 0.00468983983969985
  },
  "n_trials": 0.0,
  "prediction": 0.00287786824698984,
  "status": 0
}