{
  "compound_id": "DB00822",
  "compound_name": "Disulfiram",
  "compound_percentile": 0.5514705882352939,
  "disease_id": "DOID:4045",
  "disease_name": "muscle cancer",
  "disease_percentile": 0.85370611183355,
  "metapath_contribution": {
    "CbGbCtD": 0.9340231069141215,
    "CcSEcCtD": 0.06597689308587858
  },
  "n_trials": 0.0,
  "prediction": 0.0023504624433101397,
  "status": 0,
  "training_prediction": 0.0038317716967697603
}