{
  "compound_id": "DB00263",
  "compound_name": "Sulfisoxazole",
  "compound_percentile": 0.38235294117647106,
  "disease_id": "DOID:11612",
  "disease_name": "polycystic ovary syndrome",
  "disease_percentile": 0.24772431729518898,
  "metapath_contribution": {
    "CbGeAlD": 0.2882273173498064,
    "CbGpPWpGaD": 0.706146834693564,
    "CrCbGaD": 0.0056258479566295445
  },
  "n_trials": 0.0,
  "prediction": 0.0009747418894414891,
  "status": 0
}