{
  "compound_id": "DB00969",
  "compound_name": "Alosetron",
  "compound_percentile": 0.963235294117647,
  "disease_id": "DOID:635",
  "disease_name": "acquired immunodeficiency syndrome",
  "disease_percentile": 0.8140442132639789,
  "metapath_contribution": {
    "CbGbCtD": 0.7353182336366109,
    "CbGeAlD": 0.017750867115015796,
    "CcSEcCtD": 0.2469308992483734
  },
  "n_trials": 0.0,
  "prediction": 0.00424327165649006,
  "status": 0
}