{
  "compound_id": "DB01294",
  "compound_name": "Bismuth Subsalicylate",
  "compound_percentile": 0.691176470588235,
  "disease_id": "DOID:12236",
  "disease_name": "primary biliary cirrhosis",
  "disease_percentile": 0.903771131339402,
  "metapath_contribution": {
    "CbGaD": 0.6645928498868038,
    "CbGeAlD": 0.10014746010495362,
    "CbGpPWpGaD": 0.023572869557244927,
    "CcSEcCtD": 0.21168682045099765
  },
  "n_trials": 0.0,
  "prediction": 0.00363383758763181,
  "status": 0
}