{
  "compound_id": "DB00398",
  "compound_name": "Sorafenib",
  "compound_percentile": 0.455882352941176,
  "disease_id": "DOID:11476",
  "disease_name": "osteoporosis",
  "disease_percentile": 0.8725617685305591,
  "metapath_contribution": {
    "CbGbCtD": 0.5451967948715014,
    "CbGdCrCtD": 0.0033651131795253554,
    "CbGeAlD": 0.03402148063339918,
    "CbGpPWpGaD": 0.18859369304548745,
    "CcSEcCtD": 0.22882291827008658
  },
  "n_trials": 0.0,
  "prediction": 0.0035099853270136,
  "status": 0,
  "training_prediction": 0.0254790532033758
}