{
  "compound_id": "DB00168",
  "compound_name": "Aspartame",
  "compound_percentile": 0.816176470588235,
  "disease_id": "DOID:2994",
  "disease_name": "germ cell cancer",
  "disease_percentile": 0.26072821846554,
  "metapath_contribution": {
    "CbGbCtD": 0.49615898161124705,
    "CbGeAlD": 0.4188660075852173,
    "CbGpPWpGaD": 0.07798058932069622,
    "CrCbGaD": 0.006994421482839448
  },
  "n_trials": 0.0,
  "prediction": 0.0011867070369226901,
  "status": 0
}