{
  "compound_id": "DB00500",
  "compound_name": "Tolmetin",
  "compound_percentile": 0.566176470588235,
  "disease_id": "DOID:4606",
  "disease_name": "bile duct cancer",
  "disease_percentile": 0.542912873862159,
  "metapath_contribution": {
    "CbGaD": 0.8354078524304794,
    "CbGeAlD": 0.12899237812043754,
    "CbGpPWpGaD": 0.02762973967250611,
    "CrCbGaD": 0.007970029776576869
  },
  "n_trials": 0.0,
  "prediction": 0.0012563529334224698,
  "status": 0
}