{
  "compound_id": "DB06287",
  "compound_name": "Temsirolimus",
  "compound_percentile": 0.661764705882353,
  "disease_id": "DOID:1595",
  "disease_name": "endogenous depression",
  "disease_percentile": 0.267880364109233,
  "metapath_contribution": {
    "CbGaD": 0.9258781565576347,
    "CbGeAlD": 0.06984203815997196,
    "CbGpPWpGaD": 0.004279805282393346
  },
  "n_trials": 0.0,
  "prediction": 0.00116101566957176,
  "status": 0
}