{
  "compound_id": "DB00563",
  "compound_name": "Methotrexate",
  "compound_percentile": 0.220588235294118,
  "disease_id": "DOID:3312",
  "disease_name": "bipolar disorder",
  "disease_percentile": 0.741222366710013,
  "metapath_contribution": {
    "CbGaD": 0.7038539912122475,
    "CbGeAlD": 0.13697553911487975,
    "CbGpPWpGaD": 0.1548129144493012,
    "CrCbGaD": 0.004357555223571465
  },
  "n_trials": 0.0,
  "prediction": 0.0019352411468088102,
  "status": 0
}