{
  "compound_id": "DB01186",
  "compound_name": "Pergolide",
  "compound_percentile": 0.43382352941176505,
  "disease_id": "DOID:11714",
  "disease_name": "gestational diabetes",
  "disease_percentile": 0.290637191157347,
  "metapath_contribution": {
    "CbGeAlD": 0.08421465147449912,
    "CbGpPWpGaD": 0.08061962845866251,
    "CcSEcCtD": 0.8351657200668384
  },
  "n_trials": 0.0,
  "prediction": 0.00126826480427062,
  "status": 0
}