{
  "compound_id": "DB00710",
  "compound_name": "Ibandronate",
  "compound_percentile": 0.5220588235294121,
  "disease_id": "DOID:4989",
  "disease_name": "pancreatitis",
  "disease_percentile": 0.332899869960988,
  "metapath_contribution": {
    "CcSEcCtD": 0.9911644643725531,
    "CrCbGaD": 0.008835535627446803
  },
  "n_trials": 0.0,
  "prediction": 0.00120696235530824,
  "status": 0,
  "training_prediction": 0.000890086285315198
}