{
  "compound_id": "DB02187",
  "compound_name": "Equilin",
  "compound_percentile": 0.0955882352941176,
  "disease_id": "DOID:2394",
  "disease_name": "ovarian cancer",
  "disease_percentile": 0.152145643693108,
  "metapath_contribution": {
    "CbGeAlD": 0.35208176405829844,
    "CbGpPWpGaD": 0.5897311371466053,
    "CrCbGaD": 0.05818709879509645
  },
  "n_trials": 0.0,
  "prediction": 0.000847432023847432,
  "status": 0
}