{
  "compound_id": "DB01074",
  "compound_name": "Perhexiline",
  "compound_percentile": 0.580882352941177,
  "disease_id": "DOID:10534",
  "disease_name": "stomach cancer",
  "disease_percentile": 0.8244473342002601,
  "metapath_contribution": {
    "CbGbCtD": 0.2563080992233195,
    "CbGeAlD": 0.10721600002064527,
    "CbGpPWpGaD": 0.3314162289446502,
    "CcSEcCtD": 0.3050596718113851
  },
  "n_trials": 0.0,
  "prediction": 0.0025994745454796697,
  "status": 0
}