{
  "compound_id": "DB01173",
  "compound_name": "Orphenadrine",
  "compound_percentile": 0.8308823529411771,
  "disease_id": "DOID:4159",
  "disease_name": "skin cancer",
  "disease_percentile": 0.4382314694408321,
  "metapath_contribution": {
    "CbGaD": 0.7739329157576756,
    "CbGbCtD": 0.16942712891907272,
    "CbGeAlD": 0.010770714630666922,
    "CbGpPWpGaD": 0.018834555970710043,
    "CcSEcCtD": 0.027034684721874664
  },
  "n_trials": 0.0,
  "prediction": 0.00157001325214364,
  "status": 0
}