{
  "compound_id": "DB08896",
  "compound_name": "Regorafenib",
  "compound_percentile": 0.139705882352941,
  "disease_id": "DOID:332",
  "disease_name": "amyotrophic lateral sclerosis",
  "disease_percentile": 0.238621586475943,
  "metapath_contribution": {
    "CbGbCtD": 0.4685304088810395,
    "CbGeAlD": 0.1397295037347877,
    "CbGpPWpGaD": 0.24816379559765045,
    "CcSEcCtD": 0.14357629178652237
  },
  "n_trials": 0.0,
  "prediction": 0.0008880971543633211,
  "status": 0
}