{
  "compound_id": "DB00211",
  "compound_name": "Midodrine",
  "compound_percentile": 0.852941176470588,
  "disease_id": "DOID:4481",
  "disease_name": "allergic rhinitis",
  "disease_percentile": 0.484395318595579,
  "metapath_contribution": {
    "CbGbCtD": 0.4044102772590149,
    "CcSEcCtD": 0.5685242599128276,
    "CrCbGaD": 0.02706546282815738
  },
  "n_trials": 0.0,
  "prediction": 0.0022512735342971103,
  "status": 0
}