{
  "compound_id": "DB01180",
  "compound_name": "Rescinnamine",
  "compound_percentile": 0.816176470588235,
  "disease_id": "DOID:1324",
  "disease_name": "lung cancer",
  "disease_percentile": 0.596228868660598,
  "metapath_contribution": {
    "CbGeAlD": 0.03190420606249338,
    "CbGpPWpGaD": 0.002697988697604553,
    "CcSEcCtD": 0.14213034922063839,
    "CrCbGaD": 0.0011955751491934227,
    "CrCrCtD": 0.8220718808700702
  },
  "n_trials": 0.0,
  "prediction": 0.00215188669802332,
  "status": 0
}