{
  "compound_id": "DB00451",
  "compound_name": "Levothyroxine",
  "compound_percentile": 0.852941176470588,
  "disease_id": "DOID:2531",
  "disease_name": "hematologic cancer",
  "disease_percentile": 0.656697009102731,
  "metapath_contribution": {
    "CbGaD": 0.15450093455595645,
    "CbGbCtD": 0.5371985164575768,
    "CbGdCrCtD": 0.002556719834853084,
    "CbGeAlD": 0.04830917609406862,
    "CbGpPWpGaD": 0.09120976597707173,
    "CcSEcCtD": 0.1656517012705103,
    "CrCbGaD": 0.0005731858099630527
  },
  "n_trials": 0.0,
  "prediction": 0.00309578826140163,
  "status": 0,
  "training_prediction": 0.0274950198166569
}