{
  "compound_id": "DB00368",
  "compound_name": "Norepinephrine",
  "compound_percentile": 0.455882352941176,
  "disease_id": "DOID:1115",
  "disease_name": "sarcoma",
  "disease_percentile": 0.18660598179453797,
  "metapath_contribution": {
    "CbGbCtD": 0.8925243047023544,
    "CbGeAlD": 0.04583373082409801,
    "CbGpPWpGaD": 0.018339481655654834,
    "CcSEcCtD": 0.04330248281789265
  },
  "n_trials": 0.0,
  "prediction": 0.000935282555916429,
  "status": 0
}