{
  "compound_id": "DB00709",
  "compound_name": "Lamivudine",
  "compound_percentile": 0.161764705882353,
  "disease_id": "DOID:11612",
  "disease_name": "polycystic ovary syndrome",
  "disease_percentile": 0.14239271781534502,
  "metapath_contribution": {
    "CbGbCtD": 0.5790947935287913,
    "CbGeAlD": 0.14434542629114652,
    "CbGpPWpGaD": 0.1900105206134906,
    "CcSEcCtD": 0.08209904887743277,
    "CrCbGaD": 0.004450210689138783
  },
  "n_trials": 0.0,
  "prediction": 0.0008183474785621,
  "status": 0,
  "training_prediction": 0.000615403271596379
}