{
  "compound_id": "DB00215",
  "compound_name": "Citalopram",
  "compound_percentile": 0.75,
  "disease_id": "DOID:1024",
  "disease_name": "leprosy",
  "disease_percentile": 0.9141742522756829,
  "metapath_contribution": {
    "CbGbCtD": 0.8139590505588229,
    "CcSEcCtD": 0.18604094944117713
  },
  "n_trials": 0.0,
  "prediction": 0.0033163992494584103,
  "status": 0,
  "training_prediction": 0.00327161045044599
}