{
  "compound_id": "DB01185",
  "compound_name": "Fluoxymesterone",
  "compound_percentile": 0.8308823529411771,
  "disease_id": "DOID:11714",
  "disease_name": "gestational diabetes",
  "disease_percentile": 0.569570871261378,
  "metapath_contribution": {
    "CbGaD": 0.92130780475417,
    "CbGeAlD": 0.016751924434987204,
    "CbGpPWpGaD": 0.054082876378309164,
    "CrCbGaD": 0.007857394432533662
  },
  "n_trials": 0.0,
  "prediction": 0.0018011506884468601,
  "status": 0,
  "training_prediction": 0.000812157973203554
}