{
  "compound_id": "DB00486",
  "compound_name": "Nabilone",
  "compound_percentile": 0.683823529411765,
  "disease_id": "DOID:10283",
  "disease_name": "prostate cancer",
  "disease_percentile": 0.4089726918075421,
  "metapath_contribution": {
    "CbGeAlD": 0.0010965662605520838,
    "CbGpPWpGaD": 0.2729483371894189,
    "CcSEcCtD": 0.7068418648731276,
    "CrCbGaD": 0.01911323167690149
  },
  "n_trials": 0.0,
  "prediction": 0.00195457322190441,
  "status": 0
}