{
  "compound_id": "DB00997",
  "compound_name": "Doxorubicin",
  "compound_percentile": 0.485294117647059,
  "disease_id": "DOID:1024",
  "disease_name": "leprosy",
  "disease_percentile": 0.4941482444733421,
  "metapath_contribution": {
    "CbGbCtD": 0.6623847863838046,
    "CbGdCrCtD": 0.003608890487682868,
    "CbGeAlD": 0.09207980326132517,
    "CbGpPWpGaD": 0.05044019062647961,
    "CcSEcCtD": 0.19148632924070785
  },
  "n_trials": 0.0,
  "prediction": 0.00182711038466185,
  "status": 0,
  "training_prediction": 0.0186345615563561
}