{
  "compound_id": "DB00159",
  "compound_name": "Icosapent",
  "compound_percentile": 0.691176470588235,
  "disease_id": "DOID:2531",
  "disease_name": "hematologic cancer",
  "disease_percentile": 0.38166449934980495,
  "metapath_contribution": {
    "CbGbCtD": 0.50122672537135,
    "CbGdCrCtD": 0.005592114491076943,
    "CbGeAlD": 0.0975782048037684,
    "CbGpPWpGaD": 0.21289981570756492,
    "CcSEcCtD": 0.18270313962623974
  },
  "n_trials": 0.0,
  "prediction": 0.00185020191310857,
  "status": 0
}