{
  "compound_id": "DB08816",
  "compound_name": "Ticagrelor",
  "compound_percentile": 0.8308823529411771,
  "disease_id": "DOID:10283",
  "disease_name": "prostate cancer",
  "disease_percentile": 0.6131339401820551,
  "metapath_contribution": {
    "CbGaD": 0.22762469627526455,
    "CbGbCtD": 0.5096998253467354,
    "CbGeAlD": 0.007843229535909688,
    "CbGpPWpGaD": 0.06515215706583147,
    "CcSEcCtD": 0.18968009177625894
  },
  "n_trials": 0.0,
  "prediction": 0.00285195761566912,
  "status": 0,
  "training_prediction": 0.0120314462434679
}