{
  "compound_id": "DB06216",
  "compound_name": "Asenapine",
  "compound_percentile": 0.566176470588235,
  "disease_id": "DOID:363",
  "disease_name": "uterine cancer",
  "disease_percentile": 0.646944083224967,
  "metapath_contribution": {
    "CbGbCtD": 0.27004611044441884,
    "CbGeAlD": 0.1452434876412488,
    "CbGpPWpGaD": 0.047377934530716516,
    "CcSEcCtD": 0.5373324673836157
  },
  "n_trials": 0.0,
  "prediction": 0.0020756004410953897,
  "status": 0
}