{
  "compound_id": "DB00391",
  "compound_name": "Sulpiride",
  "compound_percentile": 0.8897058823529409,
  "disease_id": "DOID:2841",
  "disease_name": "asthma",
  "disease_percentile": 0.527958387516255,
  "metapath_contribution": {
    "CbGbCtD": 0.27879433964071304,
    "CbGeAlD": 0.04965283967849421,
    "CbGpPWpGaD": 0.04845781024966337,
    "CrCrCtD": 0.6230950104311294
  },
  "n_trials": 0.0,
  "prediction": 0.00254476852620004,
  "status": 0
}