{
  "compound_id": "DB00882",
  "compound_name": "Clomifene",
  "compound_percentile": 0.713235294117647,
  "disease_id": "DOID:9008",
  "disease_name": "psoriatic arthritis",
  "disease_percentile": 0.665799739921977,
  "metapath_contribution": {
    "CbGbCtD": 0.8563131938591385,
    "CcSEcCtD": 0.14368680614086154
  },
  "n_trials": 0.0,
  "prediction": 0.00209470885786424,
  "status": 0,
  "training_prediction": 0.00422409879637546
}