{
  "compound_id": "DB06712",
  "compound_name": "Nilvadipine",
  "compound_percentile": 0.970588235294118,
  "disease_id": "DOID:3083",
  "disease_name": "chronic obstructive pulmonary disease",
  "disease_percentile": 0.6788036410923279,
  "metapath_contribution": {
    "CbGaD": 0.36834143987571505,
    "CbGbCtD": 0.5651069633627289,
    "CbGpPWpGaD": 0.06385226610942635,
    "CrCbGaD": 0.0026993306521297437
  },
  "n_trials": 0.0,
  "prediction": 0.0028914521794127,
  "status": 0
}