{
  "compound_id": "DB00973",
  "compound_name": "Ezetimibe",
  "compound_percentile": 0.566176470588235,
  "disease_id": "DOID:1312",
  "disease_name": "focal segmental glomerulosclerosis",
  "disease_percentile": 0.6788036410923279,
  "metapath_contribution": {
    "CbGbCtD": 0.8052473318175308,
    "CbGeAlD": 0.02674878885724918,
    "CbGpPWpGaD": 0.11647918477179207,
    "CcSEcCtD": 0.051524694553427945
  },
  "n_trials": 0.0,
  "prediction": 0.00185254089240348,
  "status": 0,
  "training_prediction": 0.00139348194295924
}