{
  "compound_id": "DB00834",
  "compound_name": "Mifepristone",
  "compound_percentile": 0.8897058823529409,
  "disease_id": "DOID:8577",
  "disease_name": "ulcerative colitis",
  "disease_percentile": 0.8920676202860859,
  "metapath_contribution": {
    "CbGaD": 0.20568726714327984,
    "CbGbCtD": 0.6633285229380671,
    "CbGpPWpGaD": 0.027919684839781283,
    "CcSEcCtD": 0.1030645250788719
  },
  "n_trials": 0.0,
  "prediction": 0.00575585238731313,
  "status": 0
}