{
  "compound_id": "DB06817",
  "compound_name": "Raltegravir",
  "compound_percentile": 0.911764705882353,
  "disease_id": "DOID:263",
  "disease_name": "kidney cancer",
  "disease_percentile": 0.8920676202860859,
  "metapath_contribution": {
    "CbGbCtD": 0.6037226960598383,
    "CbGeAlD": 0.022123088928597413,
    "CbGpPWpGaD": 0.02362294943414236,
    "CcSEcCtD": 0.3505312655774219
  },
  "n_trials": 0.0,
  "prediction": 0.00445928073982149,
  "status": 0
}