{
  "compound_id": "DB00695",
  "compound_name": "Furosemide",
  "compound_percentile": 0.9191176470588229,
  "disease_id": "DOID:8893",
  "disease_name": "psoriasis",
  "disease_percentile": 0.91222366710013,
  "metapath_contribution": {
    "CbGbCtD": 0.2286859520976344,
    "CcSEcCtD": 0.12832502317561778,
    "CpDpCtD": 0.6429890247267478
  },
  "n_trials": 0.0,
  "prediction": 0.00527237161945566,
  "status": 0,
  "training_prediction": 0.04885579246887901
}