{
  "compound_id": "DB00422",
  "compound_name": "Methylphenidate",
  "compound_percentile": 0.786764705882353,
  "disease_id": "DOID:263",
  "disease_name": "kidney cancer",
  "disease_percentile": 0.388166449934981,
  "metapath_contribution": {
    "CbGbCtD": 0.37088800923787346,
    "CbGpPWpGaD": 0.008698831509719928,
    "CcSEcCtD": 0.6192851997318837,
    "CrCbGaD": 0.0011279595205228312
  },
  "n_trials": 0.0,
  "prediction": 0.00146556817413741,
  "status": 0
}