{
  "compound_id": "DB00622",
  "compound_name": "Nicardipine",
  "compound_percentile": 0.294117647058824,
  "disease_id": "DOID:12930",
  "disease_name": "dilated cardiomyopathy",
  "disease_percentile": 0.106631989596879,
  "metapath_contribution": {
    "CbGbCtD": 0.25388579324422234,
    "CbGeAlD": 0.16546909217392292,
    "CbGpPWpGaD": 0.3983324883129481,
    "CcSEcCtD": 0.1679467334664347,
    "CrCbGaD": 0.014365892802471981
  },
  "n_trials": 0.0,
  "prediction": 0.000993463471573752,
  "status": 0,
  "training_prediction": 0.000980015652425695
}