{
  "compound_id": "DB01137",
  "compound_name": "Levofloxacin",
  "compound_percentile": 0.9191176470588229,
  "disease_id": "DOID:6364",
  "disease_name": "migraine",
  "disease_percentile": 0.43888166449934995,
  "metapath_contribution": {
    "CbGbCtD": 0.6816570849107709,
    "CbGdCrCtD": 0.0015424236848924796,
    "CcSEcCtD": 0.3168004914043365
  },
  "n_trials": 0.0,
  "prediction": 0.0022643274148161302,
  "status": 0
}