{
  "compound_id": "DB00884",
  "compound_name": "Risedronate",
  "compound_percentile": 0.647058823529412,
  "disease_id": "DOID:635",
  "disease_name": "acquired immunodeficiency syndrome",
  "disease_percentile": 0.221716514954486,
  "metapath_contribution": {
    "CbGeAlD": 0.13970188304153403,
    "CcSEcCtD": 0.8602981169584659
  },
  "n_trials": 0.0,
  "prediction": 0.00152040943445913,
  "status": 0,
  "training_prediction": 0.007796811023347159
}