{
  "compound_id": "DB00501",
  "compound_name": "Cimetidine",
  "compound_percentile": 1.0,
  "disease_id": "DOID:10763",
  "disease_name": "hypertension",
  "disease_percentile": 0.9174252275682699,
  "metapath_contribution": {
    "CbGaD": 0.18196185925368233,
    "CbGbCtD": 0.2983061731917228,
    "CbGeAlD": 0.03021567012259205,
    "CbGpPWpGaD": 0.05517334155845873,
    "CcSEcCtD": 0.08243380571807614,
    "CtDrD": 0.35190915015546786
  },
  "n_trials": 0.0,
  "prediction": 0.0301202804497003,
  "status": 0,
  "training_prediction": 0.270861134751879
}