{
  "compound_id": "DB01159",
  "compound_name": "Halothane",
  "compound_percentile": 0.911764705882353,
  "disease_id": "DOID:1094",
  "disease_name": "attention deficit hyperactivity disorder",
  "disease_percentile": 0.985695708712614,
  "metapath_contribution": {
    "CbGaD": 0.7098545428473698,
    "CbGeAlD": 0.11759841181745229,
    "CbGpPWpGaD": 0.16694004979457847,
    "CrCbGaD": 0.005606995540599407
  },
  "n_trials": 0.0,
  "prediction": 0.0050789262702489206,
  "status": 0
}