{
  "compound_id": "DB00843",
  "compound_name": "Donepezil",
  "compound_percentile": 0.463235294117647,
  "disease_id": "DOID:11934",
  "disease_name": "head and neck cancer",
  "disease_percentile": 0.637191157347204,
  "metapath_contribution": {
    "CbGbCtD": 0.5749377712018244,
    "CcSEcCtD": 0.4250622287981756
  },
  "n_trials": 0.0,
  "prediction": 0.00171961731328503,
  "status": 0,
  "training_prediction": 0.0020871591400373197
}