{
  "compound_id": "DB06268",
  "compound_name": "Sitaxentan",
  "compound_percentile": 0.9191176470588229,
  "disease_id": "DOID:1909",
  "disease_name": "melanoma",
  "disease_percentile": 0.9557867360208059,
  "metapath_contribution": {
    "CbGaD": 0.7194858445607759,
    "CbGbCtD": 0.04769511464193924,
    "CbGpPWpGaD": 0.09409046431803747,
    "CcSEcCtD": 0.13872857647924725
  },
  "n_trials": 0.0,
  "prediction": 0.00534899265757127,
  "status": 0
}