{
  "compound_id": "DB01623",
  "compound_name": "Thiothixene",
  "compound_percentile": 0.801470588235294,
  "disease_id": "DOID:12365",
  "disease_name": "malaria",
  "disease_percentile": 0.28283485045513695,
  "metapath_contribution": {
    "CbGbCtD": 0.7595010674508158,
    "CbGeAlD": 0.03443829863126227,
    "CcSEcCtD": 0.20606063391792204
  },
  "n_trials": 0.0,
  "prediction": 0.0015365151145995302,
  "status": 0
}