{
  "compound_id": "DB01601",
  "compound_name": "Lopinavir",
  "compound_percentile": 0.948529411764706,
  "disease_id": "DOID:8893",
  "disease_name": "psoriasis",
  "disease_percentile": 0.894018205461638,
  "metapath_contribution": {
    "CbGbCtD": 0.29205908706609646,
    "CbGpPWpGaD": 0.01121488373852545,
    "CiPCiCtD": 0.6967260291953781
  },
  "n_trials": 0.0,
  "prediction": 0.00447118777669998,
  "status": 0,
  "training_prediction": 0.0187643566365247
}