{
  "compound_id": "DB00445",
  "compound_name": "Epirubicin",
  "compound_percentile": 0.36764705882352894,
  "disease_id": "DOID:9008",
  "disease_name": "psoriatic arthritis",
  "disease_percentile": 0.0143042912873862,
  "metapath_contribution": {
    "CbGdCrCtD": 0.02148882139693133,
    "CcSEcCtD": 0.9631559662029684,
    "CrCbGaD": 0.015355212400100323
  },
  "n_trials": 0.0,
  "prediction": 0.0008363623677584389,
  "status": 0,
  "training_prediction": 0.0143454446155731
}