{
  "compound_id": "DB00685",
  "compound_name": "Trovafloxacin",
  "compound_percentile": 0.9558823529411771,
  "disease_id": "DOID:3070",
  "disease_name": "malignant glioma",
  "disease_percentile": 0.9213263979193761,
  "metapath_contribution": {
    "CbGaD": 0.8799189628996171,
    "CbGpPWpGaD": 0.002687244981157393,
    "CcSEcCtD": 0.11218739551967799,
    "CrCbGaD": 0.00520639659954741
  },
  "n_trials": 0.0,
  "prediction": 0.00294046760947637,
  "status": 0
}