{
  "compound_id": "DB00571",
  "compound_name": "Propranolol",
  "compound_percentile": 0.544117647058823,
  "disease_id": "DOID:1459",
  "disease_name": "hypothyroidism",
  "disease_percentile": 0.159297789336801,
  "metapath_contribution": {
    "CbGbCtD": 0.5035585764034564,
    "CbGeAlD": 0.1400834328679038,
    "CcSEcCtD": 0.3563579907286399
  },
  "n_trials": 0.0,
  "prediction": 0.00108696969159534,
  "status": 0,
  "training_prediction": 0.00219880220344202
}