{
  "compound_id": "DB08874",
  "compound_name": "Fidaxomicin",
  "compound_percentile": 0.507352941176471,
  "disease_id": "DOID:9970",
  "disease_name": "obesity",
  "disease_percentile": 0.379713914174252,
  "metapath_contribution": {
    "CbGbCtD": 0.02549468580649922,
    "CbGpPWpGaD": 0.0046640222026333965,
    "CcSEcCtD": 0.9698412919908674
  },
  "n_trials": 0.0,
  "prediction": 0.00199301835330341,
  "status": 0
}