{
  "compound_id": "DB00132",
  "compound_name": "Alpha-Linolenic Acid",
  "compound_percentile": 0.845588235294118,
  "disease_id": "DOID:3083",
  "disease_name": "chronic obstructive pulmonary disease",
  "disease_percentile": 0.284135240572172,
  "metapath_contribution": {
    "CbGeAlD": 0.376228784944501,
    "CbGpPWpGaD": 0.280819593065775,
    "CcSEcCtD": 0.342951621989724
  },
  "n_trials": 0.0,
  "prediction": 0.00155194653244295,
  "status": 0
}