{
  "compound_id": "DB01189",
  "compound_name": "Desflurane",
  "compound_percentile": 0.867647058823529,
  "disease_id": "DOID:1324",
  "disease_name": "lung cancer",
  "disease_percentile": 0.6996098829648891,
  "metapath_contribution": {
    "CbGaD": 0.23307245272022795,
    "CbGbCtD": 0.020512191777946432,
    "CbGeAlD": 0.08434498370798568,
    "CbGpPWpGaD": 0.21355376250744962,
    "CcSEcCtD": 0.44146139669730183,
    "CrCbGaD": 0.007055212589088408
  },
  "n_trials": 0.0,
  "prediction": 0.0025641031255155,
  "status": 0
}