{
  "compound_id": "DB01348",
  "compound_name": "Spirapril",
  "compound_percentile": 0.8308823529411771,
  "disease_id": "DOID:11612",
  "disease_name": "polycystic ovary syndrome",
  "disease_percentile": 0.694408322496749,
  "metapath_contribution": {
    "CbGaD": 0.9204571466948357,
    "CbGeAlD": 0.06982353342198402,
    "CrCbGaD": 0.009719319883180403
  },
  "n_trials": 0.0,
  "prediction": 0.0018346668476292198,
  "status": 0
}