{
  "compound_id": "DB00709",
  "compound_name": "Lamivudine",
  "compound_percentile": 0.617647058823529,
  "disease_id": "DOID:363",
  "disease_name": "uterine cancer",
  "disease_percentile": 0.314044213263979,
  "metapath_contribution": {
    "CbGbCtD": 0.665546080543707,
    "CbGdCrCtD": 0.0024483281680606826,
    "CbGeAlD": 0.08924225164214307,
    "CbGpPWpGaD": 0.08120972413825346,
    "CcSEcCtD": 0.15376832440410465,
    "CrCbGaD": 0.00778529110373107
  },
  "n_trials": 0.0,
  "prediction": 0.0013130735836034198,
  "status": 0,
  "training_prediction": 0.00399532610655979
}