{
  "category": "DM",
  "compound_id": "DB08906",
  "compound_name": "Fluticasone furoate",
  "compound_percentile": 0.9852941176470591,
  "disease_id": "DOID:2841",
  "disease_name": "asthma",
  "disease_percentile": 0.9505851755526659,
  "metapath_contribution": {
    "CbGaD": 0.10721579516604003,
    "CbGbCtD": 0.21575884868825018,
    "CbGpPWpGaD": 0.0007165466246351803,
    "CcSEcCtD": 0.06788157759689668,
    "CrCbGaD": 0.001360450566230771,
    "CrCrCtD": 0.25555408582188727,
    "CrCtD": 0.35151269553605985
  },
  "prediction": 0.0291102810138722,
  "status": 1,
  "training_prediction": 0.17003377876054504
}