{
  "compound_id": "DB01206",
  "compound_name": "Lomustine",
  "compound_percentile": 0.5367647058823529,
  "disease_id": "DOID:363",
  "disease_name": "uterine cancer",
  "disease_percentile": 0.5494148244473339,
  "metapath_contribution": {
    "CbGbCtD": 0.6561582769271977,
    "CcSEcCtD": 0.34384172307280236
  },
  "n_trials": 0.0,
  "prediction": 0.0017755432607701302,
  "status": 0,
  "training_prediction": 0.00539739004708855
}