{
  "compound_id": "DB01406",
  "compound_name": "Danazol",
  "compound_percentile": 0.7058823529411771,
  "disease_id": "DOID:12365",
  "disease_name": "malaria",
  "disease_percentile": 0.218465539661899,
  "metapath_contribution": {
    "CbGbCtD": 0.492918637711997,
    "CbGeAlD": 0.12127304923452782,
    "CbGpPWpGaD": 0.1314884025375739,
    "CcSEcCtD": 0.25431991051590125
  },
  "n_trials": 0.0,
  "prediction": 0.00138724342763084,
  "status": 0
}