{
  "compound_id": "DB00862",
  "compound_name": "Vardenafil",
  "compound_percentile": 0.691176470588235,
  "disease_id": "DOID:0050742",
  "disease_name": "nicotine dependence",
  "disease_percentile": 0.769180754226268,
  "metapath_contribution": {
    "CbGeAlD": 0.02062939628213148,
    "CbGpPWpGaD": 0.08414713832023833,
    "CcSEcCtD": 0.8952234653976302
  },
  "n_trials": 0.0,
  "prediction": 0.00210493905451438,
  "status": 0
}