{
  "compound_id": "DB00377",
  "compound_name": "Palonosetron",
  "compound_percentile": 0.808823529411765,
  "disease_id": "DOID:1595",
  "disease_name": "endogenous depression",
  "disease_percentile": 0.852405721716515,
  "metapath_contribution": {
    "CbGaD": 0.9643311569364635,
    "CbGeAlD": 0.02860335598658461,
    "CrCbGaD": 0.007065487076951849
  },
  "n_trials": 0.0,
  "prediction": 0.00232677061534857,
  "status": 0
}