{
  "compound_id": "DB00794",
  "compound_name": "Primidone",
  "compound_percentile": 0.7352941176470591,
  "disease_id": "DOID:1459",
  "disease_name": "hypothyroidism",
  "disease_percentile": 0.527958387516255,
  "metapath_contribution": {
    "CbGbCtD": 0.5290259549817631,
    "CbGeAlD": 0.39205860171430085,
    "CbGpPWpGaD": 0.07891544330393611
  },
  "n_trials": 0.0,
  "prediction": 0.00171700293333066,
  "status": 0,
  "training_prediction": 0.00208398714296856
}