{
  "compound_id": "DB00282",
  "compound_name": "Pamidronate",
  "compound_percentile": 0.0367647058823529,
  "disease_id": "DOID:10283",
  "disease_name": "prostate cancer",
  "disease_percentile": 0.0806241872561769,
  "metapath_contribution": {
    "CbGeAlD": 0.054190403069064544,
    "CbGpPWpGaD": 0.12528790648138458,
    "CcSEcCtD": 0.8104386328983623,
    "CrCbGaD": 0.010083057551188544
  },
  "n_trials": 0.0,
  "prediction": 0.00083351622833049,
  "status": 0,
  "training_prediction": 0.00589762052148438
}