{
  "compound_id": "DB01141",
  "compound_name": "Micafungin",
  "compound_percentile": 0.8308823529411771,
  "disease_id": "DOID:10652",
  "disease_name": "Alzheimer's disease",
  "disease_percentile": 0.6007802340702211,
  "metapath_contribution": {
    "CbGeAlD": 0.11193459927240479,
    "CbGpPWpGaD": 0.21779108177179693,
    "CcSEcCtD": 0.6702743189557983
  },
  "n_trials": 0.0,
  "prediction": 0.00213227557562644,
  "status": 0
}