{
  "compound_id": "DB01320",
  "compound_name": "Fosphenytoin",
  "compound_percentile": 0.757352941176471,
  "disease_id": "DOID:12361",
  "disease_name": "Graves' disease",
  "disease_percentile": 0.727568270481144,
  "metapath_contribution": {
    "CbGbCtD": 0.9265877763899554,
    "CcSEcCtD": 0.06921966250379277,
    "CrCbGaD": 0.004192561106251873
  },
  "n_trials": 0.0,
  "prediction": 0.00203597908019197,
  "status": 0,
  "training_prediction": 0.00150178009794377
}