{
  "compound_id": "DB01203",
  "compound_name": "Nadolol",
  "compound_percentile": 0.963235294117647,
  "disease_id": "DOID:9970",
  "disease_name": "obesity",
  "disease_percentile": 0.8654096228868661,
  "metapath_contribution": {
    "CbGaD": 0.310085629030521,
    "CbGbCtD": 0.17056658116072396,
    "CbGeAlD": 0.008475078125129742,
    "CbGpPWpGaD": 0.04507790770556917,
    "CcSEcCtD": 0.05951517840279114,
    "CrCbGaD": 0.0031305003038677765,
    "CtDrD": 0.4031491252713972
  },
  "n_trials": 0.0,
  "prediction": 0.00680061836569741,
  "status": 0,
  "training_prediction": 0.0172863912885952
}