{
  "compound_id": "DB01180",
  "compound_name": "Rescinnamine",
  "compound_percentile": 0.139705882352941,
  "disease_id": "DOID:332",
  "disease_name": "amyotrophic lateral sclerosis",
  "disease_percentile": 0.431079323797139,
  "metapath_contribution": {
    "CbGeAlD": 0.38226197396142564,
    "CbGpPWpGaD": 0.11503117093859741,
    "CcSEcCtD": 0.5027068550999768
  },
  "n_trials": 0.0,
  "prediction": 0.00117779106945741,
  "status": 0
}