{
  "compound_id": "DB00529",
  "compound_name": "Foscarnet",
  "compound_percentile": 0.963235294117647,
  "disease_id": "DOID:9352",
  "disease_name": "type 2 diabetes mellitus",
  "disease_percentile": 0.7126137841352409,
  "metapath_contribution": {
    "CbGbCtD": 0.7315270525906444,
    "CbGpPWpGaD": 0.024437135872890096,
    "CcSEcCtD": 0.2440358115364654
  },
  "n_trials": 0.0,
  "prediction": 0.0039785072155702605,
  "status": 0
}