{
  "compound_id": "DB00774",
  "compound_name": "Hydroflumethiazide",
  "compound_percentile": 0.9558823529411771,
  "disease_id": "DOID:11476",
  "disease_name": "osteoporosis",
  "disease_percentile": 0.7951885565669699,
  "metapath_contribution": {
    "CbGaD": 0.42808700501414326,
    "CbGbCtD": 0.4265428649233357,
    "CbGpPWpGaD": 0.05937709950060716,
    "CcSEcCtD": 0.08146693979564854,
    "CrCbGaD": 0.004526090766265327
  },
  "n_trials": 0.0,
  "prediction": 0.00291412179412109,
  "status": 0,
  "training_prediction": 0.00944144504856255
}