{
  "compound_id": "DB01247",
  "compound_name": "Isocarboxazid",
  "compound_percentile": 0.882352941176471,
  "disease_id": "DOID:8577",
  "disease_name": "ulcerative colitis",
  "disease_percentile": 0.5721716514954489,
  "metapath_contribution": {
    "CbGbCtD": 0.888481384784543,
    "CcSEcCtD": 0.1112393600900344,
    "CrCbGaD": 0.000279255125422638
  },
  "n_trials": 0.0,
  "prediction": 0.00230570868250276,
  "status": 0
}