{
  "compound_id": "DB01190",
  "compound_name": "Clindamycin",
  "compound_percentile": 0.779411764705882,
  "disease_id": "DOID:12236",
  "disease_name": "primary biliary cirrhosis",
  "disease_percentile": 0.749674902470741,
  "metapath_contribution": {
    "CbGbCtD": 0.7304181850769711,
    "CcSEcCtD": 0.2695818149230288
  },
  "n_trials": 0.0,
  "prediction": 0.0023194544141265303,
  "status": 0,
  "training_prediction": 0.0022880986943219802
}