{
  "compound_id": "DB00202",
  "compound_name": "Succinylcholine",
  "compound_percentile": 0.9558823529411771,
  "disease_id": "DOID:9744",
  "disease_name": "type 1 diabetes mellitus",
  "disease_percentile": 0.9635890767230171,
  "metapath_contribution": {
    "CbGaD": 0.5659481753083271,
    "CbGbCtD": 0.3928067034264318,
    "CbGpPWpGaD": 0.035989890763647905,
    "CrCbGaD": 0.005255230501593181
  },
  "n_trials": 0.0,
  "prediction": 0.0038051194619979295,
  "status": 0
}