{
  "compound_id": "DB06292",
  "compound_name": "Dapagliflozin",
  "compound_percentile": 0.757352941176471,
  "disease_id": "DOID:9074",
  "disease_name": "systemic lupus erythematosus",
  "disease_percentile": 0.8328998699609879,
  "metapath_contribution": {
    "CbGbCtD": 0.6824928243205716,
    "CbGeAlD": 0.1393028480948541,
    "CbGpPWpGaD": 0.03532811835030812,
    "CcSEcCtD": 0.14074292052244697,
    "CrCbGaD": 0.0021332887118192
  },
  "n_trials": 0.0,
  "prediction": 0.0035583084141067,
  "status": 0
}