{
  "compound_id": "DB08916",
  "compound_name": "Afatinib",
  "compound_percentile": 0.110294117647059,
  "disease_id": "DOID:1686",
  "disease_name": "glaucoma",
  "disease_percentile": 0.0676202860858258,
  "metapath_contribution": {
    "CbGpPWpGaD": 0.39908521887788856,
    "CcSEcCtD": 0.5959415469748092,
    "CrCbGaD": 0.0049732341473022685
  },
  "n_trials": 0.0,
  "prediction": 0.0008990167329865539,
  "status": 0
}