{
  "compound_id": "DB00929",
  "compound_name": "Misoprostol",
  "compound_percentile": 0.8897058823529409,
  "disease_id": "DOID:1612",
  "disease_name": "breast cancer",
  "disease_percentile": 0.33940182054616397,
  "metapath_contribution": {
    "CbGeAlD": 0.15739258851749824,
    "CbGpPWpGaD": 0.3410577825352676,
    "CcSEcCtD": 0.48956555859069634,
    "CrCbGaD": 0.011984070356537981
  },
  "n_trials": 0.0,
  "prediction": 0.0017671942881956801,
  "status": 0
}