{
  "compound_id": "DB00179",
  "compound_name": "Masoprocol",
  "compound_percentile": 0.33823529411764697,
  "disease_id": "DOID:12930",
  "disease_name": "dilated cardiomyopathy",
  "disease_percentile": 0.273732119635891,
  "metapath_contribution": {
    "CbGeAlD": 0.11409787718914323,
    "CbGpPWpGaD": 0.809216770873617,
    "CrCbGaD": 0.07668535193723983
  },
  "n_trials": 0.0,
  "prediction": 0.0012650230558350199,
  "status": 0
}