{
  "compound_id": "DB00254",
  "compound_name": "Doxycycline",
  "compound_percentile": 0.301470588235294,
  "disease_id": "DOID:11612",
  "disease_name": "polycystic ovary syndrome",
  "disease_percentile": 0.44473342002600796,
  "metapath_contribution": {
    "CbGeAlD": 0.4377648849144798,
    "CbGpPWpGaD": 0.557648814488392,
    "CrCbGaD": 0.004586300597128147
  },
  "n_trials": 1.0,
  "prediction": 0.0013087879580991099,
  "status": 0,
  "training_prediction": 0.000589986597955664
}