{
  "compound_id": "DB08804",
  "compound_name": "Nandrolone decanoate",
  "compound_percentile": 0.816176470588235,
  "disease_id": "DOID:8893",
  "disease_name": "psoriasis",
  "disease_percentile": 0.379063719115735,
  "metapath_contribution": {
    "CbGbCtD": 0.18504538956445685,
    "CbGpPWpGaD": 0.014674648421100599,
    "CcSEcCtD": 0.17303407473754942,
    "CrCrCtD": 0.6272458872768932
  },
  "n_trials": 0.0,
  "prediction": 0.00156768633243812,
  "status": 0
}