{
  "compound_id": "DB00515",
  "compound_name": "Cisplatin",
  "compound_percentile": 0.727941176470588,
  "disease_id": "DOID:8778",
  "disease_name": "Crohn's disease",
  "disease_percentile": 0.975292587776333,
  "metapath_contribution": {
    "CbGaD": 0.30702726733087804,
    "CbGbCtD": 0.507795064657053,
    "CbGeAlD": 0.05913441936429305,
    "CbGpPWpGaD": 0.05115443870140835,
    "CcSEcCtD": 0.07488880994636761
  },
  "n_trials": 0.0,
  "prediction": 0.00850502310291874,
  "status": 0,
  "training_prediction": 0.0664127465265685
}