{
  "compound_id": "DB05013",
  "compound_name": "Ingenol Mebutate",
  "compound_percentile": 0.9852941176470591,
  "disease_id": "DOID:3393",
  "disease_name": "coronary artery disease",
  "disease_percentile": 0.8660598179453841,
  "metapath_contribution": {
    "CbGaD": 0.7368433271926833,
    "CbGeAlD": 0.023450724350601873,
    "CbGpPWpGaD": 0.19361396921659957,
    "CcSEcCtD": 0.04609197924011521
  },
  "n_trials": 0.0,
  "prediction": 0.00621529243722079,
  "status": 0
}