{
  "compound_id": "DB00857",
  "compound_name": "Terbinafine",
  "compound_percentile": 0.838235294117647,
  "disease_id": "DOID:3310",
  "disease_name": "atopic dermatitis",
  "disease_percentile": 0.773081924577373,
  "metapath_contribution": {
    "CbGbCtD": 0.5555187541728139,
    "CcSEcCtD": 0.1625874977043541,
    "CrCrCtD": 0.28189374812283197
  },
  "n_trials": 0.0,
  "prediction": 0.0032159258985559602,
  "status": 0
}