{
  "compound_id": "DB00266",
  "compound_name": "Dicoumarol",
  "compound_percentile": 0.757352941176471,
  "disease_id": "DOID:3083",
  "disease_name": "chronic obstructive pulmonary disease",
  "disease_percentile": 0.448634590377113,
  "metapath_contribution": {
    "CbGbCtD": 0.6163788117697272,
    "CbGeAlD": 0.1407394995923254,
    "CbGpPWpGaD": 0.22443219420006613,
    "CrCbGaD": 0.01844949443788141
  },
  "n_trials": 0.0,
  "prediction": 0.00199732497132963,
  "status": 0
}