{
  "compound_id": "DB00350",
  "compound_name": "Minoxidil",
  "compound_percentile": 0.933823529411765,
  "disease_id": "DOID:9970",
  "disease_name": "obesity",
  "disease_percentile": 0.785435630689207,
  "metapath_contribution": {
    "CbGeAlD": 0.013911901684233735,
    "CbGpPWpGaD": 0.062294434777934796,
    "CtDrD": 0.9237936635378314
  },
  "n_trials": 0.0,
  "prediction": 0.0050171567201661394,
  "status": 0,
  "training_prediction": 0.0127884441459707
}