{
  "compound_id": "DB01610",
  "compound_name": "Valganciclovir",
  "compound_percentile": 0.9191176470588229,
  "disease_id": "DOID:9352",
  "disease_name": "type 2 diabetes mellitus",
  "disease_percentile": 0.3745123537061121,
  "metapath_contribution": {
    "CbGbCtD": 0.7391321361223258,
    "CbGpPWpGaD": 0.04198711718778069,
    "CcSEcCtD": 0.21888074668989357
  },
  "n_trials": 0.0,
  "prediction": 0.0020210195588108,
  "status": 0
}