{
  "compound_id": "DB00195",
  "compound_name": "Betaxolol",
  "compound_percentile": 0.757352941176471,
  "disease_id": "DOID:14227",
  "disease_name": "azoospermia",
  "disease_percentile": 0.47984395318595596,
  "metapath_contribution": {
    "CbGbCtD": 0.7469554006672584,
    "CcSEcCtD": 0.2530445993327416
  },
  "n_trials": 0.0,
  "prediction": 0.00163231888288205,
  "status": 0,
  "training_prediction": 0.00122776374155923
}