{
  "compound_id": "DB00752",
  "compound_name": "Tranylcypromine",
  "compound_percentile": 0.691176470588235,
  "disease_id": "DOID:3571",
  "disease_name": "liver cancer",
  "disease_percentile": 0.702860858257477,
  "metapath_contribution": {
    "CbGaD": 0.6241509396277931,
    "CbGbCtD": 0.20966995188807092,
    "CbGpPWpGaD": 0.12513916218950427,
    "CcSEcCtD": 0.040213638954310266,
    "CrCbGaD": 0.0008263073403213401
  },
  "n_trials": 0.0,
  "prediction": 0.0019229432751687898,
  "status": 0
}