{
  "compound_id": "DB05294",
  "compound_name": "Vandetanib",
  "compound_percentile": 0.44117647058823495,
  "disease_id": "DOID:1686",
  "disease_name": "glaucoma",
  "disease_percentile": 0.124837451235371,
  "metapath_contribution": {
    "CbGaD": 0.47908952394110493,
    "CbGdCrCtD": 0.005954463190740826,
    "CbGeAlD": 0.05390712029645512,
    "CbGpPWpGaD": 0.20021949459114258,
    "CcSEcCtD": 0.2549373089975674,
    "CrCbGaD": 0.005892088982989037
  },
  "n_trials": 0.0,
  "prediction": 0.00103928184698839,
  "status": 0,
  "training_prediction": 0.00441018353773466
}