{
  "compound_id": "DB05260",
  "compound_name": "Gallium nitrate",
  "compound_percentile": 0.875,
  "disease_id": "DOID:2986",
  "disease_name": "IgA glomerulonephritis",
  "disease_percentile": 0.9986996098829649,
  "metapath_contribution": {
    "CbGaD": 0.8077564270609209,
    "CbGeAlD": 0.06624599408085333,
    "CbGpPWpGaD": 0.1259975788582258
  },
  "n_trials": 0.0,
  "prediction": 0.0063500328192266,
  "status": 0
}