{
  "compound_id": "DB00159",
  "compound_name": "Icosapent",
  "compound_percentile": 0.33823529411764697,
  "disease_id": "DOID:2043",
  "disease_name": "hepatitis B",
  "disease_percentile": 0.45383615084525397,
  "metapath_contribution": {
    "CbGeAlD": 0.07725743952535521,
    "CbGpPWpGaD": 0.4024851213212982,
    "CcSEcCtD": 0.5202574391533465
  },
  "n_trials": 0.0,
  "prediction": 0.0014655825587359,
  "status": 0
}