{
  "compound_id": "DB00727",
  "compound_name": "Nitroglycerin",
  "compound_percentile": 0.0882352941176471,
  "disease_id": "DOID:10283",
  "disease_name": "prostate cancer",
  "disease_percentile": 0.184005201560468,
  "metapath_contribution": {
    "CbGeAlD": 0.2057868170526674,
    "CbGpPWpGaD": 0.2647466147992436,
    "CcSEcCtD": 0.529466568148089
  },
  "n_trials": 0.0,
  "prediction": 0.0011652486296959,
  "status": 0
}