{
  "compound_id": "DB00275",
  "compound_name": "Olmesartan",
  "compound_percentile": 0.647058823529412,
  "disease_id": "DOID:585",
  "disease_name": "nephrolithiasis",
  "disease_percentile": 0.6274382314694411,
  "metapath_contribution": {
    "CbGeAlD": 0.1180927797486859,
    "CbGpPWpGaD": 0.11793491188475298,
    "CcSEcCtD": 0.7325489714539765,
    "CrCbGaD": 0.03142333691258464
  },
  "n_trials": 0.0,
  "prediction": 0.00175853561164757,
  "status": 0,
  "training_prediction": 0.00132274026635532
}