{
  "compound_id": "DB01159",
  "compound_name": "Halothane",
  "compound_percentile": 0.610294117647059,
  "disease_id": "DOID:1192",
  "disease_name": "peripheral nervous system neoplasm",
  "disease_percentile": 0.797139141742523,
  "metapath_contribution": {
    "CbGbCtD": 0.6021048258119152,
    "CbGeAlD": 0.16968706896546698,
    "CbGpPWpGaD": 0.2282081052226179
  },
  "n_trials": 0.0,
  "prediction": 0.00262674902361002,
  "status": 0
}