{
  "compound_id": "DB06813",
  "compound_name": "Pralatrexate",
  "compound_percentile": 0.0441176470588235,
  "disease_id": "DOID:3571",
  "disease_name": "liver cancer",
  "disease_percentile": 0.364759427828349,
  "metapath_contribution": {
    "CbGpPWpGaD": 0.7061464299420828,
    "CcSEcCtD": 0.261608138193394,
    "CrCbGaD": 0.03224543186452306
  },
  "n_trials": 0.0,
  "prediction": 0.00117974747819695,
  "status": 0
}