{
  "compound_id": "DB00963",
  "compound_name": "Bromfenac",
  "compound_percentile": 0.6985294117647061,
  "disease_id": "DOID:3083",
  "disease_name": "chronic obstructive pulmonary disease",
  "disease_percentile": 0.18725617685305604,
  "metapath_contribution": {
    "CbGbCtD": 0.7938408589703957,
    "CbGeAlD": 0.016810477694640107,
    "CbGpPWpGaD": 0.08810806285349414,
    "CcSEcCtD": 0.06831788109006068,
    "CrCbGaD": 0.03292271939140926
  },
  "n_trials": 0.0,
  "prediction": 0.0013366923737871698,
  "status": 0
}