{
  "compound_id": "DB04845",
  "compound_name": "Ixabepilone",
  "compound_percentile": 0.75,
  "disease_id": "DOID:1024",
  "disease_name": "leprosy",
  "disease_percentile": 0.7340702210663199,
  "metapath_contribution": {
    "CbGdCrCtD": 0.035952196829430697,
    "CbGeAlD": 0.2950157564283197,
    "CcSEcCtD": 0.6690320467422497
  },
  "n_trials": 0.0,
  "prediction": 0.00232953603519274,
  "status": 0,
  "training_prediction": 0.00229804434015849
}