{
  "compound_id": "DB01367",
  "compound_name": "Rasagiline",
  "compound_percentile": 0.897058823529412,
  "disease_id": "DOID:3070",
  "disease_name": "malignant glioma",
  "disease_percentile": 0.9869960988296491,
  "metapath_contribution": {
    "CbGaD": 0.6645758999933196,
    "CbGbCtD": 0.12070262884938321,
    "CbGpPWpGaD": 0.10689974214970603,
    "CcSEcCtD": 0.10782172900759127
  },
  "n_trials": 0.0,
  "prediction": 0.00584605813516028,
  "status": 0
}