{
  "compound_id": "DB08889",
  "compound_name": "Carfilzomib",
  "compound_percentile": 0.3970588235294121,
  "disease_id": "DOID:418",
  "disease_name": "systemic scleroderma",
  "disease_percentile": 0.29518855656696996,
  "metapath_contribution": {
    "CbGbCtD": 0.2641292508964026,
    "CbGdCrCtD": 0.012818880439584793,
    "CbGeAlD": 0.11861141515148317,
    "CbGpPWpGaD": 0.270139995977527,
    "CcSEcCtD": 0.3343004575350024
  },
  "n_trials": 0.0,
  "prediction": 0.0013090050393695198,
  "status": 0
}