{
  "compound_id": "DB06335",
  "compound_name": "Saxagliptin",
  "compound_percentile": 0.897058823529412,
  "disease_id": "DOID:2994",
  "disease_name": "germ cell cancer",
  "disease_percentile": 0.9427828348504549,
  "metapath_contribution": {
    "CbGbCtD": 0.8367900909439563,
    "CbGeAlD": 0.10517854463188124,
    "CcSEcCtD": 0.058031364424162415
  },
  "n_trials": 0.0,
  "prediction": 0.0036696238565602705,
  "status": 0
}