{
  "category": "DM",
  "compound_id": "DB00270",
  "compound_name": "Isradipine",
  "compound_percentile": 1.0,
  "disease_id": "DOID:10763",
  "disease_name": "hypertension",
  "disease_percentile": 0.9798439531859559,
  "metapath_contribution": {
    "CbGbCtD": 0.1784077606322729,
    "CbGeAlD": 0.009835018967416656,
    "CbGpPWpGaD": 0.016904628371358525,
    "CcSEcCtD": 0.047487091397558495,
    "CiPCiCtD": 0.32966481615475335,
    "CrCbGaD": 0.0009160500379648068,
    "CrCrCtD": 0.16813965167116163,
    "CrCtD": 0.2486449827675135
  },
  "prediction": 0.166187401512084,
  "status": 1,
  "training_prediction": 0.7045006925474191
}