{
  "compound_id": "DB00284",
  "compound_name": "Acarbose",
  "compound_percentile": 0.897058823529412,
  "disease_id": "DOID:0050741",
  "disease_name": "alcohol dependence",
  "disease_percentile": 0.365409622886866,
  "metapath_contribution": {
    "CbGeAlD": 0.5816967643694637,
    "CbGpPWpGaD": 0.13578907779190355,
    "CcSEcCtD": 0.28251415783863276
  },
  "n_trials": 0.0,
  "prediction": 0.00172429329470993,
  "status": 0,
  "training_prediction": 0.00209283244555561
}