{
  "compound_id": "DB01232",
  "compound_name": "Saquinavir",
  "compound_percentile": 0.838235294117647,
  "disease_id": "DOID:9970",
  "disease_name": "obesity",
  "disease_percentile": 0.5728218465539661,
  "metapath_contribution": {
    "CbGaD": 0.29345319124732633,
    "CbGbCtD": 0.40150111202548405,
    "CbGeAlD": 0.03674972103200802,
    "CbGpPWpGaD": 0.09689094390074623,
    "CcSEcCtD": 0.16954017099074403,
    "CrCbGaD": 0.001864860803691344
  },
  "n_trials": 0.0,
  "prediction": 0.0028735621957168603,
  "status": 0,
  "training_prediction": 0.00734906908508885
}