{
  "compound_id": "DB00798",
  "compound_name": "Gentamicin",
  "compound_percentile": 0.992647058823529,
  "disease_id": "DOID:10976",
  "disease_name": "membranous glomerulonephritis",
  "disease_percentile": 0.996749024707412,
  "metapath_contribution": {
    "CbGaD": 0.8921883259803076,
    "CbGeAlD": 0.046843499786917854,
    "CbGpPWpGaD": 0.060968174232774563
  },
  "n_trials": 0.0,
  "prediction": 0.00520795057628619,
  "status": 0
}