{
  "compound_id": "DB01248",
  "compound_name": "Docetaxel",
  "compound_percentile": 0.360294117647059,
  "disease_id": "DOID:2377",
  "disease_name": "multiple sclerosis",
  "disease_percentile": 0.43433029908972703,
  "metapath_contribution": {
    "CbGbCtD": 0.5696456129131273,
    "CbGdCrCtD": 0.0030398281394582735,
    "CbGeAlD": 0.08696630720653303,
    "CbGpPWpGaD": 0.13446731935690628,
    "CcSEcCtD": 0.20588093238397503
  },
  "n_trials": 0.0,
  "prediction": 0.00169997603597446,
  "status": 0,
  "training_prediction": 0.0241094140415125
}