{
  "compound_id": "DB00656",
  "compound_name": "Trazodone",
  "compound_percentile": 0.683823529411765,
  "disease_id": "DOID:14330",
  "disease_name": "Parkinson's disease",
  "disease_percentile": 0.5253576072821851,
  "metapath_contribution": {
    "CbGaD": 0.7912474666245591,
    "CbGeAlD": 0.07884502842983404,
    "CbGpPWpGaD": 0.11933379894257519,
    "CrCbGaD": 0.010573706003031572
  },
  "n_trials": 0.0,
  "prediction": 0.0014476571095245801,
  "status": 0
}