{
  "compound_id": "DB01367",
  "compound_name": "Rasagiline",
  "compound_percentile": 0.654411764705882,
  "disease_id": "DOID:9074",
  "disease_name": "systemic lupus erythematosus",
  "disease_percentile": 0.756827048114434,
  "metapath_contribution": {
    "CbGeAlD": 0.10165242527273356,
    "CbGpPWpGaD": 0.2945838512403907,
    "CcSEcCtD": 0.6037637234868758
  },
  "n_trials": 0.0,
  "prediction": 0.00286343898455611,
  "status": 0
}