{
  "compound_id": "DB00786",
  "compound_name": "Marimastat",
  "compound_percentile": 0.838235294117647,
  "disease_id": "DOID:1612",
  "disease_name": "breast cancer",
  "disease_percentile": 0.877113133940182,
  "metapath_contribution": {
    "CbGaD": 0.6938854826178121,
    "CbGdCrCtD": 0.0025881354491092863,
    "CbGeAlD": 0.10726070020755651,
    "CbGpPWpGaD": 0.19626568172552192
  },
  "n_trials": 1.0,
  "prediction": 0.00622935616349799,
  "status": 0
}