{
  "compound_id": "DB00249",
  "compound_name": "Idoxuridine",
  "compound_percentile": 0.977941176470588,
  "disease_id": "DOID:10534",
  "disease_name": "stomach cancer",
  "disease_percentile": 0.951235370611183,
  "metapath_contribution": {
    "CrCbGaD": 0.0025805606395773962,
    "CrCrCtD": 0.40307227385159955,
    "CrCtD": 0.594347165508823
  },
  "n_trials": 0.0,
  "prediction": 0.00510204534970018,
  "status": 0
}