{
  "compound_id": "DB00050",
  "compound_name": "Cetrorelix",
  "compound_percentile": 0.948529411764706,
  "disease_id": "DOID:363",
  "disease_name": "uterine cancer",
  "disease_percentile": 0.559167750325098,
  "metapath_contribution": {
    "CbGeAlD": 0.31584660444397256,
    "CbGpPWpGaD": 0.03772218848798188,
    "CcSEcCtD": 0.6464312070680456
  },
  "n_trials": 0.0,
  "prediction": 0.0018076680880942,
  "status": 0
}