{
  "compound_id": "DB01275",
  "compound_name": "Hydralazine",
  "compound_percentile": 0.514705882352941,
  "disease_id": "DOID:1909",
  "disease_name": "melanoma",
  "disease_percentile": 0.7932379713914169,
  "metapath_contribution": {
    "CbGbCtD": 0.3766736369790397,
    "CbGeAlD": 0.16074100066787164,
    "CbGpPWpGaD": 0.031957674387480775,
    "CcSEcCtD": 0.43062768796560785
  },
  "n_trials": 0.0,
  "prediction": 0.00225052900525414,
  "status": 0,
  "training_prediction": 0.0041090115559344
}