{
  "compound_id": "DB00361",
  "compound_name": "Vinorelbine",
  "compound_percentile": 0.0514705882352941,
  "disease_id": "DOID:3070",
  "disease_name": "malignant glioma",
  "disease_percentile": 0.0149544863459038,
  "metapath_contribution": {
    "CbGeAlD": 0.20946707256817895,
    "CbGpPWpGaD": 0.3566603623147895,
    "CcSEcCtD": 0.4338725651170316
  },
  "n_trials": 2.0,
  "prediction": 0.000431796661948515,
  "status": 0,
  "training_prediction": 0.0009058750662023481
}