{
  "compound_id": "DB00659",
  "compound_name": "Acamprosate",
  "compound_percentile": 0.411764705882353,
  "disease_id": "DOID:5041",
  "disease_name": "esophageal cancer",
  "disease_percentile": 0.815344603381014,
  "metapath_contribution": {
    "CbGpPWpGaD": 0.3306074292999332,
    "CcSEcCtD": 0.6693925707000669
  },
  "n_trials": 0.0,
  "prediction": 0.00231529918133812,
  "status": 0,
  "training_prediction": 0.00280980051731773
}