{
  "compound_id": "DB00461",
  "compound_name": "Nabumetone",
  "compound_percentile": 0.7058823529411771,
  "disease_id": "DOID:1936",
  "disease_name": "atherosclerosis",
  "disease_percentile": 0.58257477243173,
  "metapath_contribution": {
    "CbGaD": 0.6622492406397693,
    "CbGeAlD": 0.07607683866244644,
    "CbGpPWpGaD": 0.10679039956264444,
    "CcSEcCtD": 0.1526004768857024,
    "CrCbGaD": 0.0022830442494373615
  },
  "n_trials": 0.0,
  "prediction": 0.00208242526337703,
  "status": 0
}