{
  "compound_id": "DB00443",
  "compound_name": "Betamethasone",
  "compound_percentile": 0.308823529411765,
  "disease_id": "DOID:7693",
  "disease_name": "abdominal aortic aneurysm",
  "disease_percentile": 0.017555266579974,
  "metapath_contribution": {
    "CbGaD": 0.9324428345297845,
    "CbGeAlD": 0.06650187341852595,
    "CrCbGaD": 0.0010552920516896376
  },
  "n_trials": 0.0,
  "prediction": 0.000593067468544968,
  "status": 0
}