{
  "compound_id": "DB00966",
  "compound_name": "Telmisartan",
  "compound_percentile": 0.6985294117647061,
  "disease_id": "DOID:11714",
  "disease_name": "gestational diabetes",
  "disease_percentile": 0.8237971391417429,
  "metapath_contribution": {
    "CbGbCtD": 0.9021773411645094,
    "CbGeAlD": 0.007013436111696932,
    "CbGpPWpGaD": 0.011477854144670665,
    "CcSEcCtD": 0.07933136857912307
  },
  "n_trials": 0.0,
  "prediction": 0.0023823346621338897,
  "status": 0,
  "training_prediction": 0.0017922287373941601
}