{
  "compound_id": "DB06777",
  "compound_name": "Chenodeoxycholic acid",
  "compound_percentile": 0.9558823529411771,
  "disease_id": "DOID:9074",
  "disease_name": "systemic lupus erythematosus",
  "disease_percentile": 0.9447334200260079,
  "metapath_contribution": {
    "CbGbCtD": 0.16427190244406034,
    "CbGeAlD": 0.021145379655407786,
    "CbGpPWpGaD": 0.027039318867301775,
    "CcSEcCtD": 0.10090271177433595,
    "CtDrD": 0.6866406872588942
  },
  "n_trials": 0.0,
  "prediction": 0.008930417748023691,
  "status": 0,
  "training_prediction": 0.0256285232535759
}