{
  "compound_id": "DB08822",
  "compound_name": "Azilsartan medoxomil",
  "compound_percentile": 0.0294117647058824,
  "disease_id": "DOID:10534",
  "disease_name": "stomach cancer",
  "disease_percentile": 0.140442132639792,
  "metapath_contribution": {
    "CbGeAlD": 0.17263991672781098,
    "CbGpPWpGaD": 0.4596941200207326,
    "CcSEcCtD": 0.2964445717560559,
    "CrCbGaD": 0.07122139149540051
  },
  "n_trials": 0.0,
  "prediction": 0.000797686429494853,
  "status": 0
}