{
  "compound_id": "DB01621",
  "compound_name": "Pipotiazine",
  "compound_percentile": 0.882352941176471,
  "disease_id": "DOID:0050742",
  "disease_name": "nicotine dependence",
  "disease_percentile": 0.6573472041612479,
  "metapath_contribution": {
    "CbGaD": 0.9079045255336348,
    "CbGpPWpGaD": 0.08332501028873074,
    "CrCbGaD": 0.00877046417763447
  },
  "n_trials": 0.0,
  "prediction": 0.0018524455988386198,
  "status": 0
}