{
  "compound_id": "DB01015",
  "compound_name": "Sulfamethoxazole",
  "compound_percentile": 0.911764705882353,
  "disease_id": "DOID:8778",
  "disease_name": "Crohn's disease",
  "disease_percentile": 0.874512353706112,
  "metapath_contribution": {
    "CbGaD": 0.19341935627191087,
    "CbGbCtD": 0.2949659863667422,
    "CcSEcCtD": 0.06754632346238192,
    "CrCbGaD": 0.0013538883101471013,
    "CrCrCtD": 0.4427144455888179
  },
  "n_trials": 0.0,
  "prediction": 0.0031603879498112697,
  "status": 0
}