{
  "compound_id": "DB01260",
  "compound_name": "Desonide",
  "compound_percentile": 0.926470588235294,
  "disease_id": "DOID:13189",
  "disease_name": "gout",
  "disease_percentile": 0.980494148244473,
  "metapath_contribution": {
    "CbGbCtD": 0.12912720600430583,
    "CcSEcCtD": 0.027545167335920075,
    "CiPCiCtD": 0.37434213913653736,
    "CrCbGaD": 5.927983395010075e-05,
    "CrCrCtD": 0.19540029388275168,
    "CrCtD": 0.27352591380653496
  },
  "n_trials": 0.0,
  "prediction": 0.0408620391833116,
  "status": 0,
  "training_prediction": 0.0859682124836558
}