{
  "compound_id": "DB00960",
  "compound_name": "Pindolol",
  "compound_percentile": 0.9558823529411771,
  "disease_id": "DOID:3393",
  "disease_name": "coronary artery disease",
  "disease_percentile": 0.8966189856957092,
  "metapath_contribution": {
    "CbGaD": 0.2150465247017437,
    "CbGbCtD": 0.27381658735248365,
    "CbGpPWpGaD": 0.047037232330042124,
    "CcSEcCtD": 0.09716797954775365,
    "CrCbGaD": 0.0028848536366558727,
    "CrCrCtD": 0.36404682243132097
  },
  "n_trials": 0.0,
  "prediction": 0.00761572528941167,
  "status": 0,
  "training_prediction": 0.0397476595202419
}