{
  "compound_id": "DB01588",
  "compound_name": "Prazepam",
  "compound_percentile": 0.595588235294118,
  "disease_id": "DOID:9074",
  "disease_name": "systemic lupus erythematosus",
  "disease_percentile": 0.17100130039011702,
  "metapath_contribution": {
    "CbGbCtD": 0.5939544165600666,
    "CbGeAlD": 0.3876538895283449,
    "CrCbGaD": 0.018391693911588427
  },
  "n_trials": 0.0,
  "prediction": 0.00108045338420124,
  "status": 0
}