{
  "compound_id": "DB00486",
  "compound_name": "Nabilone",
  "compound_percentile": 0.941176470588235,
  "disease_id": "DOID:2531",
  "disease_name": "hematologic cancer",
  "disease_percentile": 0.804941482444733,
  "metapath_contribution": {
    "CbGaD": 0.677286517379009,
    "CbGeAlD": 0.028245457230628917,
    "CbGpPWpGaD": 0.07170999986747656,
    "CcSEcCtD": 0.2172637811121667,
    "CrCbGaD": 0.005494244410718724
  },
  "n_trials": 0.0,
  "prediction": 0.00486754571360015,
  "status": 0
}