{
  "compound_id": "DB00539",
  "compound_name": "Toremifene",
  "compound_percentile": 0.963235294117647,
  "disease_id": "DOID:3310",
  "disease_name": "atopic dermatitis",
  "disease_percentile": 0.9447334200260079,
  "metapath_contribution": {
    "CbGbCtD": 0.17687796292988853,
    "CcSEcCtD": 0.058422072909668554,
    "CrCrCtD": 0.305885540606852,
    "CrCtD": 0.45881442355359087
  },
  "n_trials": 0.0,
  "prediction": 0.00912314817287552,
  "status": 0,
  "training_prediction": 0.0306158780170475
}