{
  "compound_id": "DB06637",
  "compound_name": "Dalfampridine",
  "compound_percentile": 0.5220588235294121,
  "disease_id": "DOID:11054",
  "disease_name": "urinary bladder cancer",
  "disease_percentile": 0.750325097529259,
  "metapath_contribution": {
    "CbGeAlD": 0.5598264956093721,
    "CbGpPWpGaD": 0.04309566330593761,
    "CcSEcCtD": 0.39707784108469024
  },
  "n_trials": 0.0,
  "prediction": 0.00226440666978826,
  "status": 0
}