{
  "compound_id": "DB01380",
  "compound_name": "Cortisone acetate",
  "compound_percentile": 0.823529411764706,
  "disease_id": "DOID:1686",
  "disease_name": "glaucoma",
  "disease_percentile": 0.139141742522757,
  "metapath_contribution": {
    "CbGaD": 0.7566000767772072,
    "CbGbCtD": 0.23646419776834754,
    "CrCbGaD": 0.006935725454445209
  },
  "n_trials": 0.0,
  "prediction": 0.00107484720313125,
  "status": 0
}