{
  "compound_id": "DB00273",
  "compound_name": "Topiramate",
  "compound_percentile": 0.625,
  "disease_id": "DOID:12236",
  "disease_name": "primary biliary cirrhosis",
  "disease_percentile": 0.7002600780234071,
  "metapath_contribution": {
    "CbGpPWpGaD": 0.03277717855419176,
    "CcSEcCtD": 0.9672228214458083
  },
  "n_trials": 0.0,
  "prediction": 0.00213939267769956,
  "status": 0,
  "training_prediction": 0.00478054101198838
}