{
  "compound_id": "DB01380",
  "compound_name": "Cortisone acetate",
  "compound_percentile": 0.882352941176471,
  "disease_id": "DOID:363",
  "disease_name": "uterine cancer",
  "disease_percentile": 0.9570871261378409,
  "metapath_contribution": {
    "CbGbCtD": 0.18807943137119917,
    "CrCbGaD": 0.0020555434454419728,
    "CrCrCtD": 0.3319732682124329,
    "CrCtD": 0.47789175697092584
  },
  "n_trials": 0.0,
  "prediction": 0.00681172742733675,
  "status": 0
}