{
  "compound_id": "DB00117",
  "compound_name": "L-Histidine",
  "compound_percentile": 0.897058823529412,
  "disease_id": "DOID:9352",
  "disease_name": "type 2 diabetes mellitus",
  "disease_percentile": 0.30039011703511104,
  "metapath_contribution": {
    "CbGeAlD": 0.12313314645347333,
    "CbGpPWpGaD": 0.25691935069232125,
    "CrCbGaD": 0.014503459264974927,
    "CrCrCtD": 0.6054440435892304
  },
  "n_trials": 0.0,
  "prediction": 0.0017505292275336,
  "status": 0
}