{
  "compound_id": "DB00857",
  "compound_name": "Terbinafine",
  "compound_percentile": 0.6764705882352939,
  "disease_id": "DOID:7148",
  "disease_name": "rheumatoid arthritis",
  "disease_percentile": 0.595578673602081,
  "metapath_contribution": {
    "CbGbCtD": 0.7250076290874593,
    "CbGpPWpGaD": 0.02956033330135594,
    "CcSEcCtD": 0.24543203761118473
  },
  "n_trials": 0.0,
  "prediction": 0.0020433552745140102,
  "status": 0
}