{
  "compound_id": "DB00683",
  "compound_name": "Midazolam",
  "compound_percentile": 0.647058823529412,
  "disease_id": "DOID:9206",
  "disease_name": "Barrett's esophagus",
  "disease_percentile": 0.369310793237971,
  "metapath_contribution": {
    "CbGbCtD": 0.3729315963056699,
    "CbGpPWpGaD": 0.153671035319083,
    "CcSEcCtD": 0.4733973683752471
  },
  "n_trials": 0.0,
  "prediction": 0.00145071276600554,
  "status": 0,
  "training_prediction": 0.00106991097911161
}