{
  "compound_id": "DB08877",
  "compound_name": "Ruxolitinib",
  "compound_percentile": 0.213235294117647,
  "disease_id": "DOID:219",
  "disease_name": "colon cancer",
  "disease_percentile": 0.516905071521456,
  "metapath_contribution": {
    "CbGdCrCtD": 0.012385939278898903,
    "CbGeAlD": 0.34102297144412885,
    "CbGpPWpGaD": 0.5571005240614543,
    "CcSEcCtD": 0.08949056521551817
  },
  "n_trials": 0.0,
  "prediction": 0.0015870941948053301,
  "status": 0,
  "training_prediction": 0.00226459590704571
}