{
  "compound_id": "DB06616",
  "compound_name": "Bosutinib",
  "compound_percentile": 0.588235294117647,
  "disease_id": "DOID:9352",
  "disease_name": "type 2 diabetes mellitus",
  "disease_percentile": 0.22626788036410897,
  "metapath_contribution": {
    "CbGaD": 0.36874006357104777,
    "CbGbCtD": 0.10228024190843993,
    "CbGdCrCtD": 0.001766379816674538,
    "CbGeAlD": 0.12339531513605682,
    "CbGpPWpGaD": 0.21840970681339553,
    "CcSEcCtD": 0.18174063430222473,
    "CrCbGaD": 0.003667658452160667
  },
  "n_trials": 0.0,
  "prediction": 0.0014797242084674301,
  "status": 0
}