{
  "compound_id": "DB00277",
  "compound_name": "Theophylline",
  "compound_percentile": 0.816176470588235,
  "disease_id": "DOID:13189",
  "disease_name": "gout",
  "disease_percentile": 0.6723016905071519,
  "metapath_contribution": {
    "CbGbCtD": 0.7252922063852376,
    "CbGdCrCtD": 0.00039852294090817386,
    "CbGpPWpGaD": 0.11048753333223282,
    "CcSEcCtD": 0.1638217373416213
  },
  "n_trials": 0.0,
  "prediction": 0.00277719889722453,
  "status": 0,
  "training_prediction": 0.00611069269259699
}