{
  "compound_id": "DB00322",
  "compound_name": "Floxuridine",
  "compound_percentile": 0.816176470588235,
  "disease_id": "DOID:3571",
  "disease_name": "liver cancer",
  "disease_percentile": 0.7639791937581271,
  "metapath_contribution": {
    "CbGpPWpGaD": 0.01950022039345511,
    "CcSEcCtD": 0.04229077760857575,
    "CrCbGaD": 0.0021850611594142638,
    "CtDrD": 0.9360239408385549
  },
  "n_trials": 9.0,
  "prediction": 0.00208997128684262,
  "status": 0,
  "training_prediction": 0.00206171144115263
}