{
  "compound_id": "DB00461",
  "compound_name": "Nabumetone",
  "compound_percentile": 0.610294117647059,
  "disease_id": "DOID:11476",
  "disease_name": "osteoporosis",
  "disease_percentile": 0.435630689206762,
  "metapath_contribution": {
    "CbGbCtD": 0.617588636574721,
    "CbGpPWpGaD": 0.0373164454849137,
    "CcSEcCtD": 0.34218884184136983,
    "CrCbGaD": 0.002906076098995505
  },
  "n_trials": 0.0,
  "prediction": 0.00172897194519129,
  "status": 0
}