{
  "compound_id": "DB00187",
  "compound_name": "Esmolol",
  "compound_percentile": 0.0955882352941176,
  "disease_id": "DOID:11934",
  "disease_name": "head and neck cancer",
  "disease_percentile": 0.14564369310793202,
  "metapath_contribution": {
    "CcSEcCtD": 0.9742154362990537,
    "CrCbGaD": 0.02578456370094637
  },
  "n_trials": 0.0,
  "prediction": 0.0008766527417146831,
  "status": 0,
  "training_prediction": 0.0010642158907974199
}