{
  "compound_id": "DB06288",
  "compound_name": "Amisulpride",
  "compound_percentile": 0.816176470588235,
  "disease_id": "DOID:11476",
  "disease_name": "osteoporosis",
  "disease_percentile": 0.5494148244473339,
  "metapath_contribution": {
    "CbGbCtD": 0.4730942162616946,
    "CbGpPWpGaD": 0.022063607142258197,
    "CcSEcCtD": 0.49696170004737206,
    "CrCbGaD": 0.007880476548675271
  },
  "n_trials": 0.0,
  "prediction": 0.00200684857349672,
  "status": 0
}