{
  "compound_id": "DB00315",
  "compound_name": "Zolmitriptan",
  "compound_percentile": 0.683823529411765,
  "disease_id": "DOID:10652",
  "disease_name": "Alzheimer's disease",
  "disease_percentile": 0.368010403120936,
  "metapath_contribution": {
    "CbGeAlD": 0.16818487631392426,
    "CbGpPWpGaD": 0.23413719527505877,
    "CcSEcCtD": 0.5848716856964652,
    "CrCbGaD": 0.012806242714551719
  },
  "n_trials": 0.0,
  "prediction": 0.00146920514094401,
  "status": 0
}