{
  "compound_id": "DB00850",
  "compound_name": "Perphenazine",
  "compound_percentile": 0.970588235294118,
  "disease_id": "DOID:0050741",
  "disease_name": "alcohol dependence",
  "disease_percentile": 0.697009102730819,
  "metapath_contribution": {
    "CbGaD": 0.4481559224897921,
    "CbGbCtD": 0.2924195592476976,
    "CbGeAlD": 0.06034414693540694,
    "CbGpPWpGaD": 0.10321572883124375,
    "CcSEcCtD": 0.09054394794646309,
    "CrCbGaD": 0.00532069454939651
  },
  "n_trials": 0.0,
  "prediction": 0.0029793313338730898,
  "status": 0
}