{
  "compound_id": "DB00363",
  "compound_name": "Clozapine",
  "compound_percentile": 0.389705882352941,
  "disease_id": "DOID:11054",
  "disease_name": "urinary bladder cancer",
  "disease_percentile": 0.215864759427828,
  "metapath_contribution": {
    "CbGbCtD": 0.5347283253984142,
    "CbGeAlD": 0.21712426466128185,
    "CbGpPWpGaD": 0.245016433612469,
    "CrCbGaD": 0.003130976327834913
  },
  "n_trials": 0.0,
  "prediction": 0.000992885125751831,
  "status": 0
}