{
  "compound_id": "DB03147",
  "compound_name": "Flavin adenine dinucleotide",
  "compound_percentile": 0.11764705882352902,
  "disease_id": "DOID:635",
  "disease_name": "acquired immunodeficiency syndrome",
  "disease_percentile": 0.126137841352406,
  "metapath_contribution": {
    "CbGdCrCtD": 0.021224055076250956,
    "CbGeAlD": 0.7060765527289021,
    "CbGpPWpGaD": 0.27269939219484685
  },
  "n_trials": 0.0,
  "prediction": 0.00124415126916224,
  "status": 0
}