{
  "category": "DM",
  "compound_id": "DB00860",
  "compound_name": "Prednisolone",
  "compound_percentile": 0.904411764705882,
  "disease_id": "DOID:2531",
  "disease_name": "hematologic cancer",
  "disease_percentile": 0.9369310793237969,
  "metapath_contribution": {
    "CbGaD": 0.0782316397265227,
    "CbGbCtD": 0.1489658919678136,
    "CbGeAlD": 0.004039228225139358,
    "CbGpPWpGaD": 0.017409160035455232,
    "CcSEcCtD": 0.06074879217814185,
    "CiPCiCtD": 0.3104555515347369,
    "CrCbGaD": 0.001145179494505471,
    "CrCrCtD": 0.1612037362350107,
    "CrCtD": 0.21780082060267408
  },
  "prediction": 0.0185778609623224,
  "status": 1,
  "training_prediction": 0.573660297889408
}