{
  "compound_id": "DB05389",
  "compound_name": "WF10",
  "compound_percentile": 0.9852941176470591,
  "disease_id": "DOID:2531",
  "disease_name": "hematologic cancer",
  "disease_percentile": 0.8842652795838749,
  "metapath_contribution": {
    "CbGaD": 0.8006054800984288,
    "CbGeAlD": 0.06425486197435377,
    "CbGpPWpGaD": 0.027793977293059276,
    "CcSEcCtD": 0.1073456806341582
  },
  "n_trials": 0.0,
  "prediction": 0.00755899205008107,
  "status": 0,
  "training_prediction": 0.0648464909436808
}