{
  "compound_id": "DB00359",
  "compound_name": "Sulfadiazine",
  "compound_percentile": 0.632352941176471,
  "disease_id": "DOID:1459",
  "disease_name": "hypothyroidism",
  "disease_percentile": 0.249024707412224,
  "metapath_contribution": {
    "CbGbCtD": 0.7729723999483123,
    "CbGeAlD": 0.019784420938835205,
    "CcSEcCtD": 0.20724317911285248
  },
  "n_trials": 0.0,
  "prediction": 0.00123024327343284,
  "status": 0,
  "training_prediction": 0.0014933453720592
}