{
  "compound_id": "DB00542",
  "compound_name": "Benazepril",
  "compound_percentile": 0.852941176470588,
  "disease_id": "DOID:10534",
  "disease_name": "stomach cancer",
  "disease_percentile": 0.7262678803641089,
  "metapath_contribution": {
    "CbGaD": 0.5056721005495525,
    "CbGbCtD": 0.3540725638000257,
    "CbGeAlD": 0.030851710327918246,
    "CbGpPWpGaD": 0.025357965262184055,
    "CcSEcCtD": 0.08045424289052633,
    "CrCbGaD": 0.0035914171697933157
  },
  "n_trials": 0.0,
  "prediction": 0.00212859262315881,
  "status": 0,
  "training_prediction": 0.00468721846913538
}