{
  "compound_id": "DB01410",
  "compound_name": "Ciclesonide",
  "compound_percentile": 0.7647058823529409,
  "disease_id": "DOID:14221",
  "disease_name": "metabolic syndrome X",
  "disease_percentile": 0.48309492847854396,
  "metapath_contribution": {
    "CbGaD": 0.7921393189594496,
    "CbGpPWpGaD": 0.06847752090770828,
    "CcSEcCtD": 0.12866652199864392,
    "CrCbGaD": 0.010716638134198212
  },
  "n_trials": 0.0,
  "prediction": 0.00136410887685991,
  "status": 0,
  "training_prediction": 0.0006149433417646411
}