{
  "compound_id": "DB04920",
  "compound_name": "Clevidipine",
  "compound_percentile": 0.727941176470588,
  "disease_id": "DOID:3571",
  "disease_name": "liver cancer",
  "disease_percentile": 0.456436931079324,
  "metapath_contribution": {
    "CbGaD": 0.6660441400647071,
    "CbGbCtD": 0.20463224455928603,
    "CbGpPWpGaD": 0.12336174993228027,
    "CrCbGaD": 0.005961865443726659
  },
  "n_trials": 0.0,
  "prediction": 0.00133309461676049,
  "status": 0
}