{
  "compound_id": "DB00502",
  "compound_name": "Haloperidol",
  "compound_percentile": 0.44117647058823495,
  "disease_id": "DOID:1312",
  "disease_name": "focal segmental glomerulosclerosis",
  "disease_percentile": 0.38296488946684004,
  "metapath_contribution": {
    "CbGbCtD": 0.7884175914619328,
    "CbGeAlD": 0.06978662744990656,
    "CbGpPWpGaD": 0.04945829363500604,
    "CcSEcCtD": 0.09233748745315447
  },
  "n_trials": 0.0,
  "prediction": 0.0012608749003408801,
  "status": 0
}