{
  "compound_id": "DB00178",
  "compound_name": "Ramipril",
  "compound_percentile": 0.948529411764706,
  "disease_id": "DOID:11714",
  "disease_name": "gestational diabetes",
  "disease_percentile": 0.992197659297789,
  "metapath_contribution": {
    "CbGbCtD": 0.26528141157518087,
    "CbGeAlD": 0.012683606686970196,
    "CcSEcCtD": 0.03639474131130323,
    "CtDrD": 0.6856402404265456
  },
  "n_trials": 0.0,
  "prediction": 0.0086815479820854,
  "status": 0,
  "training_prediction": 0.0110913764452547
}