{
  "compound_id": "DB00950",
  "compound_name": "Fexofenadine",
  "compound_percentile": 0.5514705882352939,
  "disease_id": "DOID:11054",
  "disease_name": "urinary bladder cancer",
  "disease_percentile": 0.249674902470741,
  "metapath_contribution": {
    "CbGbCtD": 0.7714739989086825,
    "CbGeAlD": 0.023901822937798824,
    "CbGpPWpGaD": 0.016903961183748185,
    "CcSEcCtD": 0.18772021696977048
  },
  "n_trials": 0.0,
  "prediction": 0.00106243570921105,
  "status": 0
}