{
  "compound_id": "DB06729",
  "compound_name": "Sulfaphenazole",
  "compound_percentile": 0.948529411764706,
  "disease_id": "DOID:9352",
  "disease_name": "type 2 diabetes mellitus",
  "disease_percentile": 0.594928478543563,
  "metapath_contribution": {
    "CbGbCtD": 0.523449077324484,
    "CbGpPWpGaD": 0.04204534759025124,
    "CrCbGaD": 0.0035013463813483585,
    "CrCrCtD": 0.4310042287039163
  },
  "n_trials": 0.0,
  "prediction": 0.0029482155106178,
  "status": 0
}