{
  "compound_id": "DB00313",
  "compound_name": "Valproic Acid",
  "compound_percentile": 0.801470588235294,
  "disease_id": "DOID:9074",
  "disease_name": "systemic lupus erythematosus",
  "disease_percentile": 0.844603381014304,
  "metapath_contribution": {
    "CbGbCtD": 0.6867676509332111,
    "CbGdCrCtD": 0.0024458775307960104,
    "CbGeAlD": 0.08774586694148342,
    "CbGpPWpGaD": 0.049339948234982875,
    "CcSEcCtD": 0.17370065635952656
  },
  "n_trials": 0.0,
  "prediction": 0.00369829577340405,
  "status": 0,
  "training_prediction": 0.0177636266362176
}