{
  "compound_id": "DB00824",
  "compound_name": "Enprofylline",
  "compound_percentile": 0.110294117647059,
  "disease_id": "DOID:5041",
  "disease_name": "esophageal cancer",
  "disease_percentile": 0.45123537061118296,
  "metapath_contribution": {
    "CbGeAlD": 0.06047538189581732,
    "CbGpPWpGaD": 0.8879910792498773,
    "CrCbGaD": 0.051533538854305415
  },
  "n_trials": 0.0,
  "prediction": 0.00132978985220668,
  "status": 0
}