{
  "compound_id": "DB01333",
  "compound_name": "Cefradine",
  "compound_percentile": 0.992647058823529,
  "disease_id": "DOID:9352",
  "disease_name": "type 2 diabetes mellitus",
  "disease_percentile": 0.518205461638492,
  "metapath_contribution": {
    "CbGaD": 0.21984132093590616,
    "CbGbCtD": 0.7571628318360027,
    "CbGpPWpGaD": 0.02126728129986899,
    "CrCbGaD": 0.0017285659282220388
  },
  "n_trials": 0.0,
  "prediction": 0.0025813675568104604,
  "status": 0
}