{
  "compound_id": "DB00343",
  "compound_name": "Diltiazem",
  "compound_percentile": 0.5220588235294121,
  "disease_id": "DOID:585",
  "disease_name": "nephrolithiasis",
  "disease_percentile": 0.20221066319895997,
  "metapath_contribution": {
    "CbGeAlD": 0.07394385863248229,
    "CcSEcCtD": 0.8993629059974148,
    "CrCbGaD": 0.026693235370102944
  },
  "n_trials": 0.0,
  "prediction": 0.00113518767009331,
  "status": 0,
  "training_prediction": 0.00051168073030395
}