{
  "compound_id": "DB06439",
  "compound_name": "Tyloxapol",
  "compound_percentile": 0.992647058823529,
  "disease_id": "DOID:1936",
  "disease_name": "atherosclerosis",
  "disease_percentile": 0.968790637191157,
  "metapath_contribution": {
    "CbGaD": 0.7789610998972243,
    "CbGeAlD": 0.024469061500663396,
    "CbGpPWpGaD": 0.19656983860211233
  },
  "n_trials": 0.0,
  "prediction": 0.00792971326216423,
  "status": 0
}