{
  "compound_id": "DB00851",
  "compound_name": "Dacarbazine",
  "compound_percentile": 0.0955882352941176,
  "disease_id": "DOID:1781",
  "disease_name": "thyroid cancer",
  "disease_percentile": 0.548764629388817,
  "metapath_contribution": {
    "CbGdCrCtD": 0.103256653912896,
    "CbGeAlD": 0.48191427669976056,
    "CbGpPWpGaD": 0.4148290693873435
  },
  "n_trials": 0.0,
  "prediction": 0.00159934562019325,
  "status": 0,
  "training_prediction": 0.00871057705946203
}