{
  "compound_id": "DB01409",
  "compound_name": "Tiotropium",
  "compound_percentile": 0.595588235294118,
  "disease_id": "DOID:9008",
  "disease_name": "psoriatic arthritis",
  "disease_percentile": 0.669700910273082,
  "metapath_contribution": {
    "CbGbCtD": 0.3659547265476467,
    "CcSEcCtD": 0.6340452734523533
  },
  "n_trials": 0.0,
  "prediction": 0.00209972769825078,
  "status": 0,
  "training_prediction": 0.00703737665924534
}