{
  "compound_id": "DB00582",
  "compound_name": "Voriconazole",
  "compound_percentile": 0.875,
  "disease_id": "DOID:12365",
  "disease_name": "malaria",
  "disease_percentile": 0.7847854356306891,
  "metapath_contribution": {
    "CbGbCtD": 0.7527454762158735,
    "CbGeAlD": 0.03686104649116473,
    "CcSEcCtD": 0.2103934772929617
  },
  "n_trials": 0.0,
  "prediction": 0.00324058727041713,
  "status": 0
}