{
  "compound_id": "DB06147",
  "compound_name": "Sulfathiazole",
  "compound_percentile": 0.779411764705882,
  "disease_id": "DOID:263",
  "disease_name": "kidney cancer",
  "disease_percentile": 0.290637191157347,
  "metapath_contribution": {
    "CbGbCtD": 0.9819055256912727,
    "CbGpPWpGaD": 0.008011529588021166,
    "CrCbGaD": 0.01008294472070619
  },
  "n_trials": 0.0,
  "prediction": 0.00121331984149836,
  "status": 0
}