{
  "compound_id": "DB01171",
  "compound_name": "Moclobemide",
  "compound_percentile": 0.904411764705882,
  "disease_id": "DOID:12995",
  "disease_name": "conduct disorder",
  "disease_percentile": 0.9720416124837451,
  "metapath_contribution": {
    "CbGaD": 0.9022963577370958,
    "CbGpPWpGaD": 0.09044048932094702,
    "CrCbGaD": 0.007263152941957131
  },
  "n_trials": 0.0,
  "prediction": 0.00345166635414274,
  "status": 0
}