{
  "category": "DM",
  "compound_id": "DB01042",
  "compound_name": "Melphalan",
  "compound_percentile": 0.992647058823529,
  "disease_id": "DOID:2531",
  "disease_name": "hematologic cancer",
  "disease_percentile": 0.970091027308192,
  "metapath_contribution": {
    "CbGbCtD": 0.03803705182817486,
    "CbGdCrCtD": 0.0009366642042785381,
    "CbGeAlD": 0.005208998363031096,
    "CbGpPWpGaD": 0.017274077494484306,
    "CcSEcCtD": 0.06927347645298614,
    "CiPCiCtD": 0.4509839676968036,
    "CrCbGaD": 0.0012111458107827032,
    "CrCrCtD": 0.10786799130935568,
    "CrCtD": 0.30920662684010314
  },
  "prediction": 0.0407181526584027,
  "status": 1,
  "training_prediction": 0.523299911527087
}