{
  "compound_id": "DB00688",
  "compound_name": "Mycophenolate mofetil",
  "compound_percentile": 0.5735294117647061,
  "disease_id": "DOID:2994",
  "disease_name": "germ cell cancer",
  "disease_percentile": 0.5442132639791939,
  "metapath_contribution": {
    "CbGbCtD": 0.6757082976119427,
    "CbGeAlD": 0.08267968775675347,
    "CbGpPWpGaD": 0.03284721969368707,
    "CcSEcCtD": 0.20876479493761674
  },
  "n_trials": 0.0,
  "prediction": 0.0016995792275772599,
  "status": 0,
  "training_prediction": 0.007023344161535471
}