{
  "compound_id": "DB00552",
  "compound_name": "Pentostatin",
  "compound_percentile": 0.125,
  "disease_id": "DOID:9970",
  "disease_name": "obesity",
  "disease_percentile": 0.0227568270481144,
  "metapath_contribution": {
    "CbGeAlD": 0.1533689198785408,
    "CbGpPWpGaD": 0.17888222581879676,
    "CcSEcCtD": 0.6579850151281196,
    "CrCbGaD": 0.009763839174542857
  },
  "n_trials": 0.0,
  "prediction": 0.0006182543528460549,
  "status": 0,
  "training_prediction": 0.00158676096076715
}