{
  "compound_id": "DB00931",
  "compound_name": "Methacycline",
  "compound_percentile": 0.882352941176471,
  "disease_id": "DOID:2377",
  "disease_name": "multiple sclerosis",
  "disease_percentile": 0.7048114434330301,
  "metapath_contribution": {
    "CbGaD": 0.8398748027633802,
    "CbGbCtD": 0.1505178264212003,
    "CrCbGaD": 0.009607370815419583
  },
  "n_trials": 0.0,
  "prediction": 0.00243219627446377,
  "status": 0
}