{
  "compound_id": "DB00708",
  "compound_name": "Sufentanil",
  "compound_percentile": 0.963235294117647,
  "disease_id": "DOID:3393",
  "disease_name": "coronary artery disease",
  "disease_percentile": 0.656046814044213,
  "metapath_contribution": {
    "CbGaD": 0.5256833370796573,
    "CbGbCtD": 0.25149086798540016,
    "CbGpPWpGaD": 0.09199541893941375,
    "CcSEcCtD": 0.1280764935952515,
    "CrCbGaD": 0.002753882400277295
  },
  "n_trials": 3.0,
  "prediction": 0.00319974500454263,
  "status": 0
}