{
  "compound_id": "DB01008",
  "compound_name": "Busulfan",
  "compound_percentile": 0.75,
  "disease_id": "DOID:1686",
  "disease_name": "glaucoma",
  "disease_percentile": 0.88296488946684,
  "metapath_contribution": {
    "CbGaD": 0.630257261523395,
    "CbGbCtD": 0.08658668794222737,
    "CbGpPWpGaD": 0.0802898505567264,
    "CcSEcCtD": 0.20286619997765118
  },
  "n_trials": 0.0,
  "prediction": 0.00404718988533485,
  "status": 0,
  "training_prediction": 0.0170081094573796
}