{
  "compound_id": "DB00536",
  "compound_name": "Guanidine",
  "compound_percentile": 0.713235294117647,
  "disease_id": "DOID:3310",
  "disease_name": "atopic dermatitis",
  "disease_percentile": 0.720416124837451,
  "metapath_contribution": {
    "CbGbCtD": 0.4866400226202944,
    "CbGdCrCtD": 0.007822070606637317,
    "CbGeAlD": 0.204744649883612,
    "CcSEcCtD": 0.30079325688945624
  },
  "n_trials": 0.0,
  "prediction": 0.00285660122052782,
  "status": 0
}