{
  "compound_id": "DB00344",
  "compound_name": "Protriptyline",
  "compound_percentile": 0.0220588235294118,
  "disease_id": "DOID:2355",
  "disease_name": "anemia",
  "disease_percentile": 0.21456436931079298,
  "metapath_contribution": {
    "CbGeAlD": 0.13475817474355078,
    "CbGpPWpGaD": 0.8122936532263222,
    "CrCbGaD": 0.05294817203012697
  },
  "n_trials": 0.0,
  "prediction": 0.0008295960277857781,
  "status": 0
}