{
  "compound_id": "DB08981",
  "compound_name": "Fenbufen",
  "compound_percentile": 0.654411764705882,
  "disease_id": "DOID:2531",
  "disease_name": "hematologic cancer",
  "disease_percentile": 0.23667100130039004,
  "metapath_contribution": {
    "CbGbCtD": 0.8812512063694362,
    "CbGdCrCtD": 0.0044843930225387145,
    "CbGeAlD": 0.017474766478003757,
    "CbGpPWpGaD": 0.0923387266159545,
    "CrCbGaD": 0.004450907514066873
  },
  "n_trials": 0.0,
  "prediction": 0.00135582538569426,
  "status": 0
}