{
  "compound_id": "DB00824",
  "compound_name": "Enprofylline",
  "compound_percentile": 0.948529411764706,
  "disease_id": "DOID:12849",
  "disease_name": "autistic disorder",
  "disease_percentile": 0.9141742522756829,
  "metapath_contribution": {
    "CbGaD": 0.8431978805693866,
    "CbGeAlD": 0.045471864958224265,
    "CbGpPWpGaD": 0.1051889010808912,
    "CrCbGaD": 0.006141353391497864
  },
  "n_trials": 0.0,
  "prediction": 0.00316306637889345,
  "status": 0
}