{
  "compound_id": "DB00755",
  "compound_name": "Tretinoin",
  "compound_percentile": 0.632352941176471,
  "disease_id": "DOID:0050742",
  "disease_name": "nicotine dependence",
  "disease_percentile": 0.35500650195058503,
  "metapath_contribution": {
    "CbGeAlD": 0.17179880768414063,
    "CbGpPWpGaD": 0.24248055757035974,
    "CcSEcCtD": 0.5857206347454996
  },
  "n_trials": 0.0,
  "prediction": 0.00136070615675022,
  "status": 0,
  "training_prediction": 0.0006134082400234911
}