{
  "compound_id": "DB00471",
  "compound_name": "Montelukast",
  "compound_percentile": 0.691176470588235,
  "disease_id": "DOID:1793",
  "disease_name": "pancreatic cancer",
  "disease_percentile": 0.8751625487646291,
  "metapath_contribution": {
    "CbGbCtD": 0.728784176508497,
    "CbGpPWpGaD": 0.05599865338838879,
    "CcSEcCtD": 0.21521717010311414
  },
  "n_trials": 0.0,
  "prediction": 0.0034370262900920005,
  "status": 0,
  "training_prediction": 0.0183764114710945
}