{
  "compound_id": "DB00550",
  "compound_name": "Propylthiouracil",
  "compound_percentile": 0.610294117647059,
  "disease_id": "DOID:1793",
  "disease_name": "pancreatic cancer",
  "disease_percentile": 0.683355006501951,
  "metapath_contribution": {
    "CbGeAlD": 0.3004086372650624,
    "CbGpPWpGaD": 0.17144308615713388,
    "CcSEcCtD": 0.5281482765778037
  },
  "n_trials": 0.0,
  "prediction": 0.0022436314898475604,
  "status": 0,
  "training_prediction": 0.00534160202729931
}