{
  "compound_id": "DB00970",
  "compound_name": "Dactinomycin",
  "compound_percentile": 0.316176470588235,
  "disease_id": "DOID:0050741",
  "disease_name": "alcohol dependence",
  "disease_percentile": 0.667100130039012,
  "metapath_contribution": {
    "CbGbCtD": 0.58102412048576,
    "CbGeAlD": 0.03782315438452217,
    "CcSEcCtD": 0.3811527251297178
  },
  "n_trials": 0.0,
  "prediction": 0.0027972495715367397,
  "status": 0,
  "training_prediction": 0.020721592195435002
}