{
  "compound_id": "DB00345",
  "compound_name": "Aminohippurate",
  "compound_percentile": 0.852941176470588,
  "disease_id": "DOID:1459",
  "disease_name": "hypothyroidism",
  "disease_percentile": 0.903771131339402,
  "metapath_contribution": {
    "CbGbCtD": 0.8756061703937771,
    "CbGeAlD": 0.05427740342617991,
    "CbGpPWpGaD": 0.04395661779431363,
    "CcSEcCtD": 0.026159808385729462
  },
  "n_trials": 0.0,
  "prediction": 0.00289098278274744,
  "status": 0
}