{
  "compound_id": "DB00458",
  "compound_name": "Imipramine",
  "compound_percentile": 0.808823529411765,
  "disease_id": "DOID:2841",
  "disease_name": "asthma",
  "disease_percentile": 0.407672301690507,
  "metapath_contribution": {
    "CbGbCtD": 0.6335578355674462,
    "CbGeAlD": 0.04838752332686532,
    "CbGpPWpGaD": 0.12256377149020133,
    "CcSEcCtD": 0.19266548106300155,
    "CrCbGaD": 0.002825388552485597
  },
  "n_trials": 0.0,
  "prediction": 0.00212441031984828,
  "status": 0
}