{
  "compound_id": "DB00325",
  "compound_name": "Nitroprusside",
  "compound_percentile": 0.948529411764706,
  "disease_id": "DOID:8850",
  "disease_name": "salivary gland cancer",
  "disease_percentile": 0.9947984395318601,
  "metapath_contribution": {
    "CbGaD": 0.9703818383749061,
    "CbGeAlD": 0.008955760179095261,
    "CbGpPWpGaD": 0.02066240144599854
  },
  "n_trials": 0.0,
  "prediction": 0.00428235413483955,
  "status": 0
}