{
  "compound_id": "DB01625",
  "compound_name": "Isopropamide",
  "compound_percentile": 0.389705882352941,
  "disease_id": "DOID:12849",
  "disease_name": "autistic disorder",
  "disease_percentile": 0.26202860858257504,
  "metapath_contribution": {
    "CbGeAlD": 0.12447213745215861,
    "CbGpPWpGaD": 0.8153739270329813,
    "CrCbGaD": 0.06015393551486015
  },
  "n_trials": 0.0,
  "prediction": 0.000975096838395257,
  "status": 0
}