{
  "compound_id": "DB01081",
  "compound_name": "Diphenoxylate",
  "compound_percentile": 0.257352941176471,
  "disease_id": "DOID:14330",
  "disease_name": "Parkinson's disease",
  "disease_percentile": 0.243172951885566,
  "metapath_contribution": {
    "CbGeAlD": 0.47078404804926716,
    "CbGpPWpGaD": 0.44793610398347067,
    "CrCbGaD": 0.08127984796726223
  },
  "n_trials": 0.0,
  "prediction": 0.000963187488210858,
  "status": 0
}