{
  "compound_id": "DB00773",
  "compound_name": "Etoposide",
  "compound_percentile": 0.257352941176471,
  "disease_id": "DOID:1459",
  "disease_name": "hypothyroidism",
  "disease_percentile": 0.0572171651495449,
  "metapath_contribution": {
    "CbGbCtD": 0.5561606171939818,
    "CbGeAlD": 0.19530347691388023,
    "CcSEcCtD": 0.24853590589213803
  },
  "n_trials": 0.0,
  "prediction": 0.0008876917959628769,
  "status": 0,
  "training_prediction": 0.00726349854772147
}