{
  "compound_id": "DB00125",
  "compound_name": "L-Arginine",
  "compound_percentile": 0.323529411764706,
  "disease_id": "DOID:11476",
  "disease_name": "osteoporosis",
  "disease_percentile": 0.273732119635891,
  "metapath_contribution": {
    "CbGdCrCtD": 0.013177091423659977,
    "CbGpPWpGaD": 0.4206562953017493,
    "CcSEcCtD": 0.5642467674315215,
    "CrCbGaD": 0.0019198458430693312
  },
  "n_trials": 0.0,
  "prediction": 0.00136792095239802,
  "status": 0
}