{
  "compound_id": "DB00168",
  "compound_name": "Aspartame",
  "compound_percentile": 0.632352941176471,
  "disease_id": "DOID:184",
  "disease_name": "bone cancer",
  "disease_percentile": 0.242522756827048,
  "metapath_contribution": {
    "CbGbCtD": 0.8432830222219949,
    "CbGeAlD": 0.09978277052799223,
    "CbGpPWpGaD": 0.05364072194211829,
    "CrCbGaD": 0.0032934853078946083
  },
  "n_trials": 0.0,
  "prediction": 0.0010449192946644802,
  "status": 0
}