{
  "compound_id": "DB00359",
  "compound_name": "Sulfadiazine",
  "compound_percentile": 0.514705882352941,
  "disease_id": "DOID:2043",
  "disease_name": "hepatitis B",
  "disease_percentile": 0.182054616384915,
  "metapath_contribution": {
    "CcSEcCtD": 0.9651646405308039,
    "CrCbGaD": 0.03483535946919608
  },
  "n_trials": 0.0,
  "prediction": 0.0010452073372027302,
  "status": 0,
  "training_prediction": 0.00126878757922719
}