{
  "compound_id": "DB04898",
  "compound_name": "Ximelagatran",
  "compound_percentile": 0.926470588235294,
  "disease_id": "DOID:3070",
  "disease_name": "malignant glioma",
  "disease_percentile": 0.977243172951886,
  "metapath_contribution": {
    "CbGaD": 0.9070267027429859,
    "CbGeAlD": 0.025228464762844988,
    "CbGpPWpGaD": 0.0677448324941692
  },
  "n_trials": 0.0,
  "prediction": 0.00479668539147625,
  "status": 0
}