{
  "compound_id": "DB01330",
  "compound_name": "Cefotetan",
  "compound_percentile": 0.9191176470588229,
  "disease_id": "DOID:12236",
  "disease_name": "primary biliary cirrhosis",
  "disease_percentile": 0.598179453836151,
  "metapath_contribution": {
    "CbGaD": 0.8645230065380176,
    "CcSEcCtD": 0.1312426620530073,
    "CrCbGaD": 0.004234331408974995
  },
  "n_trials": 0.0,
  "prediction": 0.00186531215349933,
  "status": 0
}