{
  "compound_id": "DB00487",
  "compound_name": "Pefloxacin",
  "compound_percentile": 0.772058823529412,
  "disease_id": "DOID:1319",
  "disease_name": "brain cancer",
  "disease_percentile": 0.406371911573472,
  "metapath_contribution": {
    "CbGbCtD": 0.9310726558627519,
    "CbGdCrCtD": 0.007964945863256339,
    "CbGpPWpGaD": 0.06096239827399183
  },
  "n_trials": 0.0,
  "prediction": 0.0013947341312468698,
  "status": 0
}