{
  "compound_id": "DB01062",
  "compound_name": "Oxybutynin",
  "compound_percentile": 0.727941176470588,
  "disease_id": "DOID:7148",
  "disease_name": "rheumatoid arthritis",
  "disease_percentile": 0.4603381014304289,
  "metapath_contribution": {
    "CbGbCtD": 0.6365344347360918,
    "CbGpPWpGaD": 0.024328272007446285,
    "CcSEcCtD": 0.33913729325646197
  },
  "n_trials": 0.0,
  "prediction": 0.00166550255358548,
  "status": 0
}