{
  "compound_id": "DB01105",
  "compound_name": "Sibutramine",
  "compound_percentile": 0.926470588235294,
  "disease_id": "DOID:1094",
  "disease_name": "attention deficit hyperactivity disorder",
  "disease_percentile": 0.97074122236671,
  "metapath_contribution": {
    "CbGaD": 0.9008648996492921,
    "CbGeAlD": 0.04294161063460742,
    "CbGpPWpGaD": 0.05619348971610047
  },
  "n_trials": 0.0,
  "prediction": 0.004264479836157521,
  "status": 0
}