{
  "compound_id": "DB00635",
  "compound_name": "Prednisone",
  "compound_percentile": 0.9191176470588229,
  "disease_id": "DOID:986",
  "disease_name": "alopecia areata",
  "disease_percentile": 0.995448634590377,
  "metapath_contribution": {
    "CbGbCtD": 0.05757485225179968,
    "CcSEcCtD": 0.0365408988353503,
    "CiPCiCtD": 0.30906554201605907,
    "CrCrCtD": 0.15467966543879788,
    "CrCtD": 0.22333193080208805,
    "CtDrD": 0.21880711065590497
  },
  "n_trials": 1.0,
  "prediction": 0.0682235740480161,
  "status": 0,
  "training_prediction": 0.23286533109887897
}