{
  "compound_id": "DB06802",
  "compound_name": "Nepafenac",
  "compound_percentile": 0.0294117647058824,
  "disease_id": "DOID:11612",
  "disease_name": "polycystic ovary syndrome",
  "disease_percentile": 0.0123537061118336,
  "metapath_contribution": {
    "CbGeAlD": 0.37173638491170635,
    "CbGpPWpGaD": 0.5160226259268668,
    "CrCbGaD": 0.11224098916142684
  },
  "n_trials": 0.0,
  "prediction": 0.000504274644329607,
  "status": 0
}