{
  "compound_id": "DB00958",
  "compound_name": "Carboplatin",
  "compound_percentile": 0.720588235294118,
  "disease_id": "DOID:332",
  "disease_name": "amyotrophic lateral sclerosis",
  "disease_percentile": 0.991547464239272,
  "metapath_contribution": {
    "CbGaD": 0.6154315011229038,
    "CbGbCtD": 0.2588126433868858,
    "CbGeAlD": 0.03479786931747638,
    "CbGpPWpGaD": 0.09095798617273401
  },
  "n_trials": 0.0,
  "prediction": 0.00602615646069726,
  "status": 0,
  "training_prediction": 0.0151571277161866
}