{
  "compound_id": "DB00759",
  "compound_name": "Tetracycline",
  "compound_percentile": 0.161764705882353,
  "disease_id": "DOID:10871",
  "disease_name": "age related macular degeneration",
  "disease_percentile": 0.536410923276983,
  "metapath_contribution": {
    "CbGeAlD": 0.4431670656872974,
    "CbGpPWpGaD": 0.45886461182476906,
    "CrCbGaD": 0.09796832248793365
  },
  "n_trials": 0.0,
  "prediction": 0.0012432509614717698,
  "status": 0
}