{
  "compound_id": "DB01192",
  "compound_name": "Oxymorphone",
  "compound_percentile": 0.713235294117647,
  "disease_id": "DOID:7147",
  "disease_name": "ankylosing spondylitis",
  "disease_percentile": 0.376462938881664,
  "metapath_contribution": {
    "CbGbCtD": 0.556584771603436,
    "CcSEcCtD": 0.416218455057233,
    "CrCbGaD": 0.02719677333933107
  },
  "n_trials": 0.0,
  "prediction": 0.00143148772735841,
  "status": 0
}