{
  "compound_id": "DB00642",
  "compound_name": "Pemetrexed",
  "compound_percentile": 0.6985294117647061,
  "disease_id": "DOID:4159",
  "disease_name": "skin cancer",
  "disease_percentile": 0.55851755526658,
  "metapath_contribution": {
    "CbGbCtD": 0.6241125744921874,
    "CbGdCrCtD": 0.004635831770048495,
    "CbGeAlD": 0.13900734453834568,
    "CbGpPWpGaD": 0.012866980570247506,
    "CcSEcCtD": 0.2193772686291708
  },
  "n_trials": 0.0,
  "prediction": 0.00185362757442951,
  "status": 0,
  "training_prediction": 0.004083090405535721
}