{
  "compound_id": "DB00334",
  "compound_name": "Olanzapine",
  "compound_percentile": 0.316176470588235,
  "disease_id": "DOID:11934",
  "disease_name": "head and neck cancer",
  "disease_percentile": 0.395318595578674,
  "metapath_contribution": {
    "CbGbCtD": 0.4728061337398192,
    "CbGeAlD": 0.26514786836588644,
    "CbGpPWpGaD": 0.2620459978942944
  },
  "n_trials": 0.0,
  "prediction": 0.0012251060684243301,
  "status": 0
}