{
  "compound_id": "DB00521",
  "compound_name": "Carteolol",
  "compound_percentile": 0.8897058823529409,
  "disease_id": "DOID:8577",
  "disease_name": "ulcerative colitis",
  "disease_percentile": 0.514304291287386,
  "metapath_contribution": {
    "CbGaD": 0.8511391661578872,
    "CbGbCtD": 0.023782318265824734,
    "CcSEcCtD": 0.11660663851680621,
    "CrCbGaD": 0.008471877059481804
  },
  "n_trials": 0.0,
  "prediction": 0.00214235295847472,
  "status": 0,
  "training_prediction": 0.0073107431644613705
}