{
  "compound_id": "DB01250",
  "compound_name": "Olsalazine",
  "compound_percentile": 0.808823529411765,
  "disease_id": "DOID:13378",
  "disease_name": "Kawasaki disease",
  "disease_percentile": 0.9011703511053321,
  "metapath_contribution": {
    "CbGbCtD": 0.38748353407962344,
    "CbGeAlD": 0.05030669974413344,
    "CbGpPWpGaD": 0.01872997912786304,
    "CrCrCtD": 0.54347978704838
  },
  "n_trials": 0.0,
  "prediction": 0.0025251547685737,
  "status": 0,
  "training_prediction": 0.00113907274911044
}