{
  "compound_id": "DB00731",
  "compound_name": "Nateglinide",
  "compound_percentile": 0.147058823529412,
  "disease_id": "DOID:2355",
  "disease_name": "anemia",
  "disease_percentile": 0.232119635890767,
  "metapath_contribution": {
    "CbGaD": 0.3975539331797821,
    "CbGeAlD": 0.2430630756227887,
    "CbGpPWpGaD": 0.34675964401298626,
    "CrCbGaD": 0.012623347184442949
  },
  "n_trials": 0.0,
  "prediction": 0.0008481045924625861,
  "status": 0
}