{
  "compound_id": "DB01208",
  "compound_name": "Sparfloxacin",
  "compound_percentile": 0.713235294117647,
  "disease_id": "DOID:1793",
  "disease_name": "pancreatic cancer",
  "disease_percentile": 0.5442132639791939,
  "metapath_contribution": {
    "CbGbCtD": 0.7418307183045844,
    "CbGdCrCtD": 0.005595651604031419,
    "CbGeAlD": 0.024557459078144876,
    "CcSEcCtD": 0.2280161710132393
  },
  "n_trials": 0.0,
  "prediction": 0.0018715885116255399,
  "status": 0
}