{
  "compound_id": "DB00301",
  "compound_name": "Flucloxacillin",
  "compound_percentile": 0.926470588235294,
  "disease_id": "DOID:13189",
  "disease_name": "gout",
  "disease_percentile": 0.28218465539661897,
  "metapath_contribution": {
    "CbGbCtD": 0.5621895584293559,
    "CcSEcCtD": 0.4322872884140412,
    "CrCbGaD": 0.005523153156602835
  },
  "n_trials": 0.0,
  "prediction": 0.00162273563702335,
  "status": 0
}