{
  "compound_id": "DB00578",
  "compound_name": "Carbenicillin",
  "compound_percentile": 0.911764705882353,
  "disease_id": "DOID:1115",
  "disease_name": "sarcoma",
  "disease_percentile": 0.4089726918075421,
  "metapath_contribution": {
    "CbGbCtD": 0.9492639416041596,
    "CbGpPWpGaD": 0.005962535788902333,
    "CcSEcCtD": 0.04477352260693805
  },
  "n_trials": 0.0,
  "prediction": 0.0012558058248682599,
  "status": 0
}