{
  "compound_id": "DB00909",
  "compound_name": "Zonisamide",
  "compound_percentile": 0.38235294117647106,
  "disease_id": "DOID:1115",
  "disease_name": "sarcoma",
  "disease_percentile": 0.628088426527958,
  "metapath_contribution": {
    "CbGeAlD": 0.24080110421923992,
    "CbGpPWpGaD": 0.3230342107415871,
    "CcSEcCtD": 0.436164685039173
  },
  "n_trials": 0.0,
  "prediction": 0.00172467687211629,
  "status": 0,
  "training_prediction": 0.00347921986944997
}