{
  "compound_id": "DB00687",
  "compound_name": "Fludrocortisone",
  "compound_percentile": 0.10294117647058802,
  "disease_id": "DOID:263",
  "disease_name": "kidney cancer",
  "disease_percentile": 0.0195058517555267,
  "metapath_contribution": {
    "CbGeAlD": 0.296586469864135,
    "CbGpPWpGaD": 0.08779697357859935,
    "CcSEcCtD": 0.596858472163871,
    "CrCbGaD": 0.018758084393394592
  },
  "n_trials": 0.0,
  "prediction": 0.000537146545081457,
  "status": 0
}