{
  "compound_id": "DB00608",
  "compound_name": "Chloroquine",
  "compound_percentile": 0.9852941176470591,
  "disease_id": "DOID:1024",
  "disease_name": "leprosy",
  "disease_percentile": 0.9765929778933679,
  "metapath_contribution": {
    "CbGaD": 0.43870045815657266,
    "CbGbCtD": 0.5166154861047012,
    "CbGpPWpGaD": 0.02970555434383807,
    "CcSEcCtD": 0.014978501394888129
  },
  "n_trials": 0.0,
  "prediction": 0.0051433540516867705,
  "status": 0
}