{
  "compound_id": "DB00989",
  "compound_name": "Rivastigmine",
  "compound_percentile": 0.125,
  "disease_id": "DOID:14221",
  "disease_name": "metabolic syndrome X",
  "disease_percentile": 0.48049414824447295,
  "metapath_contribution": {
    "CbGpPWpGaD": 0.4185890051780065,
    "CcSEcCtD": 0.5814109948219935
  },
  "n_trials": 0.0,
  "prediction": 0.00135939614364696,
  "status": 0,
  "training_prediction": 0.000612817242786307
}