{
  "compound_id": "DB00457",
  "compound_name": "Prazosin",
  "compound_percentile": 0.625,
  "disease_id": "DOID:1793",
  "disease_name": "pancreatic cancer",
  "disease_percentile": 0.7477243172951891,
  "metapath_contribution": {
    "CbGbCtD": 0.7822818379148598,
    "CbGpPWpGaD": 0.10198461921290308,
    "CcSEcCtD": 0.11573354287223711
  },
  "n_trials": 0.0,
  "prediction": 0.00244497661982047,
  "status": 0,
  "training_prediction": 0.00581933980109609
}