{
  "compound_id": "DB00324",
  "compound_name": "Fluorometholone",
  "compound_percentile": 0.169117647058824,
  "disease_id": "DOID:3070",
  "disease_name": "malignant glioma",
  "disease_percentile": 0.0104031209362809,
  "metapath_contribution": {
    "CbGbCtD": 0.8771001875542725,
    "CcSEcCtD": 0.12021082703727926,
    "CrCbGaD": 0.0026889854084480758
  },
  "n_trials": 0.0,
  "prediction": 0.000385392675094719,
  "status": 0
}