{
  "compound_id": "DB01013",
  "compound_name": "Clobetasol propionate",
  "compound_percentile": 0.816176470588235,
  "disease_id": "DOID:12930",
  "disease_name": "dilated cardiomyopathy",
  "disease_percentile": 0.46553966189857,
  "metapath_contribution": {
    "CbGbCtD": 0.43473325054377165,
    "CcSEcCtD": 0.030514426626055607,
    "CrCbGaD": 0.005389089492931602,
    "CrCrCtD": 0.5293632333372411
  },
  "n_trials": 0.0,
  "prediction": 0.00156442387039465,
  "status": 0,
  "training_prediction": 0.00154325929948962
}