{
  "compound_id": "DB00369",
  "compound_name": "Cidofovir",
  "compound_percentile": 0.838235294117647,
  "disease_id": "DOID:3393",
  "disease_name": "coronary artery disease",
  "disease_percentile": 0.511053315994798,
  "metapath_contribution": {
    "CbGbCtD": 0.574193930364576,
    "CbGeAlD": 0.0033280115346804363,
    "CbGpPWpGaD": 0.03253970929254442,
    "CcSEcCtD": 0.3899383488081992
  },
  "n_trials": 0.0,
  "prediction": 0.00244758247603753,
  "status": 0
}