{
  "compound_id": "DB00387",
  "compound_name": "Procyclidine",
  "compound_percentile": 0.9852941176470591,
  "disease_id": "DOID:1826",
  "disease_name": "epilepsy syndrome",
  "disease_percentile": 0.570221066319896,
  "metapath_contribution": {
    "CbGaD": 0.4742443670665228,
    "CbGeAlD": 0.00347938777795761,
    "CbGpPWpGaD": 0.0718065566063814,
    "CpDpCtD": 0.44559326237356645,
    "CrCbGaD": 0.004876426175571762
  },
  "n_trials": 0.0,
  "prediction": 0.00396124619995927,
  "status": 0
}