{
  "compound_id": "DB01221",
  "compound_name": "Ketamine",
  "compound_percentile": 0.9191176470588229,
  "disease_id": "DOID:635",
  "disease_name": "acquired immunodeficiency syndrome",
  "disease_percentile": 0.894018205461638,
  "metapath_contribution": {
    "CbGbCtD": 0.7585036808293236,
    "CbGeAlD": 0.09042509630987816,
    "CbGpPWpGaD": 0.056106385237704524,
    "CcSEcCtD": 0.09496483762309373
  },
  "n_trials": 0.0,
  "prediction": 0.0053445113592541105,
  "status": 0
}