{
  "compound_id": "DB00619",
  "compound_name": "Imatinib",
  "compound_percentile": 0.75,
  "disease_id": "DOID:3083",
  "disease_name": "chronic obstructive pulmonary disease",
  "disease_percentile": 0.596228868660598,
  "metapath_contribution": {
    "CbGaD": 0.34040923674147894,
    "CbGbCtD": 0.3216998244363617,
    "CbGeAlD": 0.07825225683955776,
    "CbGpPWpGaD": 0.0929816143107391,
    "CcSEcCtD": 0.16577690963021308,
    "CrCbGaD": 0.0008801580416494392
  },
  "n_trials": 0.0,
  "prediction": 0.00247158413623428,
  "status": 0,
  "training_prediction": 0.00544024733109043
}