{
  "compound_id": "DB00324",
  "compound_name": "Fluorometholone",
  "compound_percentile": 0.0294117647058824,
  "disease_id": "DOID:12849",
  "disease_name": "autistic disorder",
  "disease_percentile": 0.0039011703511053295,
  "metapath_contribution": {
    "CbGeAlD": 0.4726377137889665,
    "CbGpPWpGaD": 0.356722424064044,
    "CrCbGaD": 0.17063986214698945
  },
  "n_trials": 0.0,
  "prediction": 0.00029912327438483396,
  "status": 0
}