{
  "compound_id": "DB01053",
  "compound_name": "Benzylpenicillin",
  "compound_percentile": 0.808823529411765,
  "disease_id": "DOID:1686",
  "disease_name": "glaucoma",
  "disease_percentile": 0.279583875162549,
  "metapath_contribution": {
    "CbGbCtD": 0.7209360145103683,
    "CbGpPWpGaD": 0.0052009086940136276,
    "CcSEcCtD": 0.27386307679561817
  },
  "n_trials": 0.0,
  "prediction": 0.00137823498848099,
  "status": 0
}