{
  "compound_id": "DB03147",
  "compound_name": "Flavin adenine dinucleotide",
  "compound_percentile": 0.75,
  "disease_id": "DOID:10763",
  "disease_name": "hypertension",
  "disease_percentile": 0.28868660598179496,
  "metapath_contribution": {
    "CbGaD": 0.5703138815705956,
    "CbGbCtD": 0.020862338390975337,
    "CbGdCrCtD": 0.0049975909272806564,
    "CbGeAlD": 0.15679191771873632,
    "CbGpPWpGaD": 0.24134653017620994,
    "CrCbGaD": 0.005687741216202171
  },
  "n_trials": 0.0,
  "prediction": 0.00232208803931377,
  "status": 0
}