{
  "compound_id": "DB00536",
  "compound_name": "Guanidine",
  "compound_percentile": 0.647058823529412,
  "disease_id": "DOID:12236",
  "disease_name": "primary biliary cirrhosis",
  "disease_percentile": 0.808192457737321,
  "metapath_contribution": {
    "CbGbCtD": 0.6097821303307717,
    "CbGeAlD": 0.05786474657905424,
    "CbGpPWpGaD": 0.07146944800530554,
    "CcSEcCtD": 0.2608836750848685
  },
  "n_trials": 0.0,
  "prediction": 0.00260863043399455,
  "status": 0
}