{
  "compound_id": "DB06209",
  "compound_name": "Prasugrel",
  "compound_percentile": 0.279411764705882,
  "disease_id": "DOID:2355",
  "disease_name": "anemia",
  "disease_percentile": 0.4317295188556571,
  "metapath_contribution": {
    "CbGaD": 0.577397794749275,
    "CbGeAlD": 0.18394560620717726,
    "CbGpPWpGaD": 0.23398820543048146,
    "CrCbGaD": 0.004668393613066216
  },
  "n_trials": 0.0,
  "prediction": 0.00112334440244256,
  "status": 0
}