{
  "compound_id": "DB00800",
  "compound_name": "Fenoldopam",
  "compound_percentile": 0.801470588235294,
  "disease_id": "DOID:3083",
  "disease_name": "chronic obstructive pulmonary disease",
  "disease_percentile": 0.6306892067620289,
  "metapath_contribution": {
    "CbGpPWpGaD": 0.3114306274212093,
    "CcSEcCtD": 0.6885693725787906
  },
  "n_trials": 0.0,
  "prediction": 0.00261447841597478,
  "status": 0,
  "training_prediction": 0.00575378445936452
}