{
  "compound_id": "DB01128",
  "compound_name": "Bicalutamide",
  "compound_percentile": 0.691176470588235,
  "disease_id": "DOID:1781",
  "disease_name": "thyroid cancer",
  "disease_percentile": 0.8784135240572171,
  "metapath_contribution": {
    "CbGbCtD": 0.434431595241158,
    "CbGpPWpGaD": 0.03500553850019034,
    "CcSEcCtD": 0.5305628662586518
  },
  "n_trials": 0.0,
  "prediction": 0.00255678762877982,
  "status": 0,
  "training_prediction": 0.00310270564005938
}