{
  "compound_id": "DB00337",
  "compound_name": "Pimecrolimus",
  "compound_percentile": 0.933823529411765,
  "disease_id": "DOID:4362",
  "disease_name": "cervical cancer",
  "disease_percentile": 0.864109232769831,
  "metapath_contribution": {
    "CbGaD": 0.8845347107013738,
    "CbGbCtD": 0.01695778129015669,
    "CbGeAlD": 0.04676307608193449,
    "CbGpPWpGaD": 0.041136198393809595,
    "CcSEcCtD": 0.0024981237166643243,
    "CrCbGaD": 0.008110109816061169
  },
  "n_trials": 0.0,
  "prediction": 0.00218060835686258,
  "status": 0,
  "training_prediction": 0.0009834647463357038
}