{
  "compound_id": "DB00683",
  "compound_name": "Midazolam",
  "compound_percentile": 0.9852941176470591,
  "disease_id": "DOID:0050741",
  "disease_name": "alcohol dependence",
  "disease_percentile": 0.9141742522756829,
  "metapath_contribution": {
    "CbGaD": 0.47502822410359424,
    "CbGbCtD": 0.29889620122183025,
    "CbGeAlD": 0.04112217501092996,
    "CbGpPWpGaD": 0.08995746224818758,
    "CcSEcCtD": 0.09017735634596213,
    "CrCbGaD": 0.004818581069495759
  },
  "n_trials": 2.0,
  "prediction": 0.00695105646022646,
  "status": 0,
  "training_prediction": 0.00842729903862265
}