{
  "compound_id": "DB00120",
  "compound_name": "L-Phenylalanine",
  "compound_percentile": 0.9191176470588229,
  "disease_id": "DOID:14330",
  "disease_name": "Parkinson's disease",
  "disease_percentile": 0.76853055916775,
  "metapath_contribution": {
    "CbGaD": 0.7017265809294694,
    "CbGeAlD": 0.12557565554353345,
    "CbGpPWpGaD": 0.16467309857717038,
    "CrCbGaD": 0.008024664949826807
  },
  "n_trials": 0.0,
  "prediction": 0.00204139514331387,
  "status": 0
}