{
  "compound_id": "DB04839",
  "compound_name": "Cyproterone acetate",
  "compound_percentile": 0.941176470588235,
  "disease_id": "DOID:3310",
  "disease_name": "atopic dermatitis",
  "disease_percentile": 0.899869960988297,
  "metapath_contribution": {
    "CbGbCtD": 0.5958160345162538,
    "CcSEcCtD": 0.12768165170467424,
    "CrCrCtD": 0.276502313779072
  },
  "n_trials": 0.0,
  "prediction": 0.00573011851596031,
  "status": 0
}