{
  "compound_id": "DB01189",
  "compound_name": "Desflurane",
  "compound_percentile": 0.514705882352941,
  "disease_id": "DOID:8577",
  "disease_name": "ulcerative colitis",
  "disease_percentile": 0.3777633289987,
  "metapath_contribution": {
    "CbGaD": 0.5452389231102052,
    "CbGpPWpGaD": 0.01592194993924902,
    "CcSEcCtD": 0.421474864470573,
    "CrCbGaD": 0.017364262479972976
  },
  "n_trials": 0.0,
  "prediction": 0.00178415587681695,
  "status": 0
}