{
  "compound_id": "DB00337",
  "compound_name": "Pimecrolimus",
  "compound_percentile": 0.845588235294118,
  "disease_id": "DOID:12365",
  "disease_name": "malaria",
  "disease_percentile": 0.271131339401821,
  "metapath_contribution": {
    "CbGbCtD": 0.5979424982992186,
    "CbGeAlD": 0.08831612365642098,
    "CbGpPWpGaD": 0.05121215156158644,
    "CcSEcCtD": 0.26252922648277394
  },
  "n_trials": 0.0,
  "prediction": 0.00150578231043618,
  "status": 0,
  "training_prediction": 0.00385924854764881
}