{
  "compound_id": "DB00878",
  "compound_name": "Chlorhexidine",
  "compound_percentile": 0.801470588235294,
  "disease_id": "DOID:2394",
  "disease_name": "ovarian cancer",
  "disease_percentile": 0.8992197659297791,
  "metapath_contribution": {
    "CbGbCtD": 0.7723492182409959,
    "CbGeAlD": 0.08395537298301854,
    "CcSEcCtD": 0.1436954087759855
  },
  "n_trials": 0.0,
  "prediction": 0.00292551613406753,
  "status": 0
}