{
  "compound_id": "DB00228",
  "compound_name": "Enflurane",
  "compound_percentile": 0.75,
  "disease_id": "DOID:4159",
  "disease_name": "skin cancer",
  "disease_percentile": 0.664499349804942,
  "metapath_contribution": {
    "CbGbCtD": 0.783660376836543,
    "CbGeAlD": 0.15572448082691553,
    "CcSEcCtD": 0.06061514233654149
  },
  "n_trials": 0.0,
  "prediction": 0.00211343129202035,
  "status": 0
}