{
  "compound_id": "DB01024",
  "compound_name": "Mycophenolic acid",
  "compound_percentile": 0.220588235294118,
  "disease_id": "DOID:3070",
  "disease_name": "malignant glioma",
  "disease_percentile": 0.422626788036411,
  "metapath_contribution": {
    "CbGeAlD": 0.011498062674272428,
    "CbGpPWpGaD": 0.3682888354348167,
    "CcSEcCtD": 0.620213101890911
  },
  "n_trials": 1.0,
  "prediction": 0.00127231160441293,
  "status": 0,
  "training_prediction": 0.00156180710838895
}