{
  "compound_id": "DB01099",
  "compound_name": "Flucytosine",
  "compound_percentile": 0.6985294117647061,
  "disease_id": "DOID:11476",
  "disease_name": "osteoporosis",
  "disease_percentile": 0.5715214564369311,
  "metapath_contribution": {
    "CbGdCrCtD": 0.024262738903349082,
    "CbGpPWpGaD": 0.14954523941174835,
    "CcSEcCtD": 0.8261920216849027
  },
  "n_trials": 0.0,
  "prediction": 0.0020645943795946802,
  "status": 0
}