{
  "compound_id": "DB00433",
  "compound_name": "Prochlorperazine",
  "compound_percentile": 0.8602941176470591,
  "disease_id": "DOID:635",
  "disease_name": "acquired immunodeficiency syndrome",
  "disease_percentile": 0.14499349804941503,
  "metapath_contribution": {
    "CbGbCtD": 0.734849469760772,
    "CbGeAlD": 0.014006885268385883,
    "CbGpPWpGaD": 0.008701890225123184,
    "CcSEcCtD": 0.24198567140201335,
    "CrCbGaD": 0.00045608334370552067
  },
  "n_trials": 0.0,
  "prediction": 0.0012979000005568,
  "status": 0
}