{
  "compound_id": "DB01057",
  "compound_name": "Echothiophate",
  "compound_percentile": 0.867647058823529,
  "disease_id": "DOID:10534",
  "disease_name": "stomach cancer",
  "disease_percentile": 0.8868660598179449,
  "metapath_contribution": {
    "CbGbCtD": 0.8374771167119014,
    "CbGeAlD": 0.02283567902362204,
    "CbGpPWpGaD": 0.027109051711342317,
    "CcSEcCtD": 0.11257815255313426
  },
  "n_trials": 0.0,
  "prediction": 0.00318616641701943,
  "status": 0,
  "training_prediction": 0.00700709788785778
}