{
  "compound_id": "DB00224",
  "compound_name": "Indinavir",
  "compound_percentile": 0.933823529411765,
  "disease_id": "DOID:9352",
  "disease_name": "type 2 diabetes mellitus",
  "disease_percentile": 0.767230169050715,
  "metapath_contribution": {
    "CbGaD": 0.2759441407459497,
    "CbGbCtD": 0.5120277341225723,
    "CbGeAlD": 0.002683130610788734,
    "CbGpPWpGaD": 0.056438400521086764,
    "CcSEcCtD": 0.15027758087586626,
    "CrCbGaD": 0.0026290131237363093
  },
  "n_trials": 0.0,
  "prediction": 0.00477289815246754,
  "status": 0,
  "training_prediction": 0.0207679589643927
}