{
  "compound_id": "DB00903",
  "compound_name": "Ethacrynic acid",
  "compound_percentile": 0.977941176470588,
  "disease_id": "DOID:9352",
  "disease_name": "type 2 diabetes mellitus",
  "disease_percentile": 0.9369310793237969,
  "metapath_contribution": {
    "CbGaD": 0.10677980515760321,
    "CbGbCtD": 0.28185152442602884,
    "CbGeAlD": 0.007435114932693913,
    "CbGpPWpGaD": 0.041243074956510355,
    "CcSEcCtD": 0.08308031275931872,
    "CtDrD": 0.4796101677678451
  },
  "n_trials": 0.0,
  "prediction": 0.0118324824039606,
  "status": 0,
  "training_prediction": 0.0502903186210276
}