{
  "compound_id": "DB00927",
  "compound_name": "Famotidine",
  "compound_percentile": 0.7058823529411771,
  "disease_id": "DOID:9074",
  "disease_name": "systemic lupus erythematosus",
  "disease_percentile": 0.642392717815345,
  "metapath_contribution": {
    "CbGbCtD": 0.363989675424121,
    "CbGeAlD": 0.1731855908831859,
    "CcSEcCtD": 0.4628247336926931
  },
  "n_trials": 0.0,
  "prediction": 0.0023100576266928802,
  "status": 0
}