{
  "category": "NOT",
  "compound_id": "DB00654",
  "compound_name": "Latanoprost",
  "compound_percentile": 0.977941176470588,
  "disease_id": "DOID:10763",
  "disease_name": "hypertension",
  "disease_percentile": 0.35630689206762,
  "metapath_contribution": {
    "CbGbCtD": 0.3393021034707993,
    "CbGpPWpGaD": 0.08885891066899793,
    "CcSEcCtD": 0.146012946662872,
    "CrCbGaD": 0.0050775845624913465,
    "CrCrCtD": 0.4207484546348394
  },
  "prediction": 0.00271519467435279,
  "status": 0,
  "training_prediction": 0.0315397947957673
}