{
  "compound_id": "DB01336",
  "compound_name": "Metocurine",
  "compound_percentile": 1.0,
  "disease_id": "DOID:10652",
  "disease_name": "Alzheimer's disease",
  "disease_percentile": 0.838751625487646,
  "metapath_contribution": {
    "CbGbCtD": 0.8833699760603044,
    "CbGeAlD": 0.0016145268153793248,
    "CbGpPWpGaD": 0.1104444308525101,
    "CrCbGaD": 0.004571066271806089
  },
  "n_trials": 0.0,
  "prediction": 0.00375833949422644,
  "status": 0
}