{
  "compound_id": "DB00376",
  "compound_name": "Trihexyphenidyl",
  "compound_percentile": 0.992647058823529,
  "disease_id": "DOID:4481",
  "disease_name": "allergic rhinitis",
  "disease_percentile": 0.8693107932379709,
  "metapath_contribution": {
    "CbGbCtD": 0.2807705395468666,
    "CcSEcCtD": 0.07342668058673207,
    "CpDpCtD": 0.39524389041645963,
    "CrCrCtD": 0.25055888944994165
  },
  "n_trials": 0.0,
  "prediction": 0.00619060229707864,
  "status": 0
}