{
  "compound_id": "DB00548",
  "compound_name": "Azelaic Acid",
  "compound_percentile": 0.389705882352941,
  "disease_id": "DOID:2377",
  "disease_name": "multiple sclerosis",
  "disease_percentile": 0.00975292587776333,
  "metapath_contribution": {
    "CbGpPWpGaD": 0.2165747242641057,
    "CcSEcCtD": 0.7548095008390405,
    "CrCbGaD": 0.028615774896853664
  },
  "n_trials": 0.0,
  "prediction": 0.000731789735850685,
  "status": 0
}