{
  "compound_id": "DB00662",
  "compound_name": "Trimethobenzamide",
  "compound_percentile": 0.9852941176470591,
  "disease_id": "DOID:13189",
  "disease_name": "gout",
  "disease_percentile": 0.867360208062419,
  "metapath_contribution": {
    "CcSEcCtD": 0.02798016913095973,
    "CrCbGaD": 0.0006478319444118405,
    "CrCtD": 0.9713719989246283
  },
  "n_trials": 0.0,
  "prediction": 0.00499976266883821,
  "status": 0
}