{
  "compound_id": "DB00531",
  "compound_name": "Cyclophosphamide",
  "compound_percentile": 0.963235294117647,
  "disease_id": "DOID:1826",
  "disease_name": "epilepsy syndrome",
  "disease_percentile": 0.782834850455137,
  "metapath_contribution": {
    "CbGaD": 0.24501910114017264,
    "CbGbCtD": 0.5599524624740277,
    "CbGpPWpGaD": 0.036336555645308494,
    "CcSEcCtD": 0.15799111800377616,
    "CrCbGaD": 0.0007007627367149768
  },
  "n_trials": 0.0,
  "prediction": 0.00775691058500244,
  "status": 0
}