{
  "compound_id": "DB01080",
  "compound_name": "Vigabatrin",
  "compound_percentile": 0.580882352941177,
  "disease_id": "DOID:12236",
  "disease_name": "primary biliary cirrhosis",
  "disease_percentile": 0.5071521456436929,
  "metapath_contribution": {
    "CbGpPWpGaD": 0.08161128887064265,
    "CcSEcCtD": 0.9183887111293573
  },
  "n_trials": 0.0,
  "prediction": 0.00163239131634358,
  "status": 0,
  "training_prediction": 0.0016103087194517301
}