{
  "compound_id": "DB01008",
  "compound_name": "Busulfan",
  "compound_percentile": 0.5367647058823529,
  "disease_id": "DOID:8893",
  "disease_name": "psoriasis",
  "disease_percentile": 0.637841352405722,
  "metapath_contribution": {
    "CbGbCtD": 0.31539177809554597,
    "CbGpPWpGaD": 0.011544382802432834,
    "CcSEcCtD": 0.673063839102021
  },
  "n_trials": 0.0,
  "prediction": 0.0022460443469492397,
  "status": 0,
  "training_prediction": 0.0094938709335289
}