{
  "compound_id": "DB00384",
  "compound_name": "Triamterene",
  "compound_percentile": 0.161764705882353,
  "disease_id": "DOID:10283",
  "disease_name": "prostate cancer",
  "disease_percentile": 0.218465539661899,
  "metapath_contribution": {
    "CbGbCtD": 0.35663645002788064,
    "CbGeAlD": 0.24176508571916042,
    "CbGpPWpGaD": 0.13901106114886438,
    "CcSEcCtD": 0.2625874031040945
  },
  "n_trials": 0.0,
  "prediction": 0.00127225801445513,
  "status": 0,
  "training_prediction": 0.00539473508529154
}