{
  "compound_id": "DB02546",
  "compound_name": "Vorinostat",
  "compound_percentile": 0.448529411764706,
  "disease_id": "DOID:0050742",
  "disease_name": "nicotine dependence",
  "disease_percentile": 0.770481144343303,
  "metapath_contribution": {
    "CbGeAlD": 0.5814549565815632,
    "CbGpPWpGaD": 0.2461673697603646,
    "CcSEcCtD": 0.1723776736580721
  },
  "n_trials": 0.0,
  "prediction": 0.0021056849213237,
  "status": 0,
  "training_prediction": 0.0009496347740321449
}