{
  "compound_id": "DB01576",
  "compound_name": "Dextroamphetamine",
  "compound_percentile": 0.5220588235294121,
  "disease_id": "DOID:11934",
  "disease_name": "head and neck cancer",
  "disease_percentile": 0.18075422626788,
  "metapath_contribution": {
    "CbGbCtD": 0.48409937922703145,
    "CcSEcCtD": 0.48576532871375966,
    "CrCbGaD": 0.030135292059208854
  },
  "n_trials": 0.0,
  "prediction": 0.0009247190430187331,
  "status": 0
}