{
  "compound_id": "DB06684",
  "compound_name": "Vilazodone",
  "compound_percentile": 0.941176470588235,
  "disease_id": "DOID:3083",
  "disease_name": "chronic obstructive pulmonary disease",
  "disease_percentile": 0.845253576072822,
  "metapath_contribution": {
    "CbGaD": 0.5220422453234057,
    "CbGbCtD": 0.3004170208985557,
    "CbGpPWpGaD": 0.04357972431770694,
    "CcSEcCtD": 0.1308723891805047,
    "CrCbGaD": 0.0030886202798269713
  },
  "n_trials": 0.0,
  "prediction": 0.004407590101401171,
  "status": 0
}