{
  "category": "DM",
  "compound_id": "DB01346",
  "compound_name": "Quinidine barbiturate",
  "compound_percentile": 0.992647058823529,
  "disease_id": "DOID:12365",
  "disease_name": "malaria",
  "disease_percentile": 0.995448634590377,
  "metapath_contribution": {
    "CbGbCtD": 0.19230559313100098,
    "CbGeAlD": 0.0026142194114199663,
    "CcSEcCtD": 0.07899464691473287,
    "CrCrCtD": 0.270349586104458,
    "CrCtD": 0.4557359544383883
  },
  "prediction": 0.0696034706994958,
  "status": 1,
  "training_prediction": 0.16120672637292402
}