{
  "compound_id": "DB01280",
  "compound_name": "Nelarabine",
  "compound_percentile": 0.0882352941176471,
  "disease_id": "DOID:3953",
  "disease_name": "adrenal gland cancer",
  "disease_percentile": 0.0240572171651495,
  "metapath_contribution": {
    "CbGeAlD": 0.4727187074392443,
    "CbGpPWpGaD": 0.45903653448241133,
    "CrCbGaD": 0.06824475807834432
  },
  "n_trials": 0.0,
  "prediction": 0.000504597630506574,
  "status": 0
}