{
  "compound_id": "DB01008",
  "compound_name": "Busulfan",
  "compound_percentile": 0.610294117647059,
  "disease_id": "DOID:4362",
  "disease_name": "cervical cancer",
  "disease_percentile": 0.938231469440832,
  "metapath_contribution": {
    "CbGeAlD": 0.526176101040119,
    "CcSEcCtD": 0.4738238989598811
  },
  "n_trials": 0.0,
  "prediction": 0.00246727980088413,
  "status": 0,
  "training_prediction": 0.0011129304690181401
}