{
  "compound_id": "DB00814",
  "compound_name": "Meloxicam",
  "compound_percentile": 0.8308823529411771,
  "disease_id": "DOID:12365",
  "disease_name": "malaria",
  "disease_percentile": 0.735370611183355,
  "metapath_contribution": {
    "CbGbCtD": 0.7172206159036764,
    "CbGeAlD": 0.061157187101637915,
    "CbGpPWpGaD": 0.029340781054719624,
    "CcSEcCtD": 0.1922814159399661
  },
  "n_trials": 0.0,
  "prediction": 0.00292029433022843,
  "status": 0
}