{
  "compound_id": "DB06772",
  "compound_name": "Cabazitaxel",
  "compound_percentile": 0.007352941176470591,
  "disease_id": "DOID:2986",
  "disease_name": "IgA glomerulonephritis",
  "disease_percentile": 0.0390117035110533,
  "metapath_contribution": {
    "CbGeAlD": 0.21418129222742596,
    "CbGpPWpGaD": 0.755330597638233,
    "CrCbGaD": 0.030488110134341072
  },
  "n_trials": 0.0,
  "prediction": 0.000356580494447573,
  "status": 0
}