{
  "compound_id": "DB00370",
  "compound_name": "Mirtazapine",
  "compound_percentile": 0.49264705882352894,
  "disease_id": "DOID:11054",
  "disease_name": "urinary bladder cancer",
  "disease_percentile": 0.55851755526658,
  "metapath_contribution": {
    "CbGbCtD": 0.17878565363039617,
    "CbGeAlD": 0.14363507566093223,
    "CbGpPWpGaD": 0.12413488992268651,
    "CcSEcCtD": 0.5534443807859851
  },
  "n_trials": 0.0,
  "prediction": 0.00173903071563045,
  "status": 0
}