{
  "compound_id": "DB00568",
  "compound_name": "Cinnarizine",
  "compound_percentile": 0.669117647058823,
  "disease_id": "DOID:14330",
  "disease_name": "Parkinson's disease",
  "disease_percentile": 0.587126137841352,
  "metapath_contribution": {
    "CbGaD": 0.7153440900264093,
    "CbGeAlD": 0.07858231551404604,
    "CbGpPWpGaD": 0.20081408288802527,
    "CrCbGaD": 0.005259511571519356
  },
  "n_trials": 0.0,
  "prediction": 0.00155668577353786,
  "status": 0
}