{
  "compound_id": "DB00360",
  "compound_name": "Tetrahydrobiopterin",
  "compound_percentile": 0.5220588235294121,
  "disease_id": "DOID:1909",
  "disease_name": "melanoma",
  "disease_percentile": 0.8868660598179449,
  "metapath_contribution": {
    "CbGaD": 0.486395266378241,
    "CbGeAlD": 0.13395936234291245,
    "CbGpPWpGaD": 0.28510223112080135,
    "CcSEcCtD": 0.09454314015804524
  },
  "n_trials": 0.0,
  "prediction": 0.00284962182544014,
  "status": 0
}