{
  "compound_id": "DB00280",
  "compound_name": "Disopyramide",
  "compound_percentile": 0.691176470588235,
  "disease_id": "DOID:14221",
  "disease_name": "metabolic syndrome X",
  "disease_percentile": 0.64889466840052,
  "metapath_contribution": {
    "CbGbCtD": 0.8515192196465082,
    "CbGeAlD": 0.02303649008464122,
    "CbGpPWpGaD": 0.05870805777997805,
    "CcSEcCtD": 0.0667362324888725
  },
  "n_trials": 0.0,
  "prediction": 0.00169597196192052,
  "status": 0
}