{
  "compound_id": "DB06212",
  "compound_name": "Tolvaptan",
  "compound_percentile": 0.867647058823529,
  "disease_id": "DOID:1192",
  "disease_name": "peripheral nervous system neoplasm",
  "disease_percentile": 0.908322496749025,
  "metapath_contribution": {
    "CbGaD": 0.4735500020757386,
    "CbGbCtD": 0.33970349356291923,
    "CbGpPWpGaD": 0.013656364642465918,
    "CcSEcCtD": 0.17289976112526176,
    "CrCbGaD": 0.00019037859361444904
  },
  "n_trials": 0.0,
  "prediction": 0.0036111338657546705,
  "status": 0
}