{
  "compound_id": "DB00833",
  "compound_name": "Cefaclor",
  "compound_percentile": 0.992647058823529,
  "disease_id": "DOID:8778",
  "disease_name": "Crohn's disease",
  "disease_percentile": 0.8725617685305591,
  "metapath_contribution": {
    "CbGaD": 0.4704913636399419,
    "CbGbCtD": 0.38596546410440047,
    "CbGeAlD": 0.050126363790796706,
    "CbGpPWpGaD": 0.017379365261472452,
    "CcSEcCtD": 0.07165385933570431,
    "CrCbGaD": 0.004383583867684171
  },
  "n_trials": 0.0,
  "prediction": 0.00313609953944162,
  "status": 0
}