{
  "compound_id": "DB01099",
  "compound_name": "Flucytosine",
  "compound_percentile": 0.977941176470588,
  "disease_id": "DOID:2377",
  "disease_name": "multiple sclerosis",
  "disease_percentile": 0.933029908972692,
  "metapath_contribution": {
    "CbGdCrCtD": 0.0035595266943940084,
    "CbGeAlD": 0.005258908282331833,
    "CcSEcCtD": 0.05123711179106261,
    "CiPCiCtD": 0.9399444532322117
  },
  "n_trials": 0.0,
  "prediction": 0.00569017489444789,
  "status": 0
}