{
  "compound_id": "DB00126",
  "compound_name": "Vitamin C",
  "compound_percentile": 0.647058823529412,
  "disease_id": "DOID:418",
  "disease_name": "systemic scleroderma",
  "disease_percentile": 0.7483745123537059,
  "metapath_contribution": {
    "CbGdCrCtD": 0.026505374249788483,
    "CbGeAlD": 0.6396503088099295,
    "CbGpPWpGaD": 0.3338443169402821
  },
  "n_trials": 0.0,
  "prediction": 0.0023607775295588,
  "status": 0,
  "training_prediction": 0.0056195904164202
}