{
  "compound_id": "DB00153",
  "compound_name": "Ergocalciferol",
  "compound_percentile": 0.0514705882352941,
  "disease_id": "DOID:2394",
  "disease_name": "ovarian cancer",
  "disease_percentile": 0.187906371911573,
  "metapath_contribution": {
    "CbGeAlD": 0.4063142054495051,
    "CbGpPWpGaD": 0.47263875746942846,
    "CcSEcCtD": 0.12104703708106639
  },
  "n_trials": 0.0,
  "prediction": 0.0009074017682198651,
  "status": 0,
  "training_prediction": 0.00360718557970174
}