{
  "compound_id": "DB00135",
  "compound_name": "L-Tyrosine",
  "compound_percentile": 0.0808823529411765,
  "disease_id": "DOID:11054",
  "disease_name": "urinary bladder cancer",
  "disease_percentile": 0.287386215864759,
  "metapath_contribution": {
    "CbGeAlD": 0.528820752279813,
    "CbGpPWpGaD": 0.43988660111898165,
    "CrCbGaD": 0.03129264660120535
  },
  "n_trials": 0.0,
  "prediction": 0.00110991578205924,
  "status": 0
}