{
  "compound_id": "DB00799",
  "compound_name": "Tazarotene",
  "compound_percentile": 0.977941176470588,
  "disease_id": "DOID:3310",
  "disease_name": "atopic dermatitis",
  "disease_percentile": 0.937581274382315,
  "metapath_contribution": {
    "CbGbCtD": 0.11070610696171991,
    "CbGpPWpGaD": 0.0035022201780812224,
    "CcSEcCtD": 0.1429544243760682,
    "CtDrD": 0.7428372484841307
  },
  "n_trials": 0.0,
  "prediction": 0.00824034501280021,
  "status": 0,
  "training_prediction": 0.0277114903380802
}