{
  "compound_id": "DB01077",
  "compound_name": "Etidronic acid",
  "compound_percentile": 0.9852941176470591,
  "disease_id": "DOID:8398",
  "disease_name": "osteoarthritis",
  "disease_percentile": 0.994148244473342,
  "metapath_contribution": {
    "CbGpPWpGaD": 0.10585037496274977,
    "CrCbGaD": 0.0014506975489698363,
    "CtDrD": 0.8926989274882804
  },
  "n_trials": 0.0,
  "prediction": 0.00494267895698422,
  "status": 0
}