{
  "compound_id": "DB01014",
  "compound_name": "Balsalazide",
  "compound_percentile": 0.125,
  "disease_id": "DOID:12236",
  "disease_name": "primary biliary cirrhosis",
  "disease_percentile": 0.176202860858257,
  "metapath_contribution": {
    "CbGpPWpGaD": 0.9098622541355141,
    "CrCbGaD": 0.09013774586448581
  },
  "n_trials": 0.0,
  "prediction": 0.00102397581726105,
  "status": 0,
  "training_prediction": 0.00168363054237164
}