{
  "compound_id": "DB00937",
  "compound_name": "Diethylpropion",
  "compound_percentile": 0.808823529411765,
  "disease_id": "DOID:1595",
  "disease_name": "endogenous depression",
  "disease_percentile": 0.238621586475943,
  "metapath_contribution": {
    "CbGeAlD": 0.6921222751269239,
    "CbGpPWpGaD": 0.23190662330460632,
    "CrCbGaD": 0.07597110156846977
  },
  "n_trials": 0.0,
  "prediction": 0.0011217516886212,
  "status": 0
}