{
  "compound_id": "DB01267",
  "compound_name": "Paliperidone",
  "compound_percentile": 0.5735294117647061,
  "disease_id": "DOID:12236",
  "disease_name": "primary biliary cirrhosis",
  "disease_percentile": 0.6501950585175551,
  "metapath_contribution": {
    "CbGbCtD": 0.019412353563381623,
    "CbGpPWpGaD": 0.16353204765617535,
    "CcSEcCtD": 0.817055598780443
  },
  "n_trials": 0.0,
  "prediction": 0.00200982588961079,
  "status": 0
}