{
  "compound_id": "DB00990",
  "compound_name": "Exemestane",
  "compound_percentile": 0.544117647058823,
  "disease_id": "DOID:11054",
  "disease_name": "urinary bladder cancer",
  "disease_percentile": 0.38751625487646296,
  "metapath_contribution": {
    "CbGbCtD": 0.06631283264257504,
    "CbGpPWpGaD": 0.1033473601612405,
    "CcSEcCtD": 0.8081307560044649,
    "CrCbGaD": 0.022209051191719627
  },
  "n_trials": 0.0,
  "prediction": 0.00127195998254284,
  "status": 0,
  "training_prediction": 0.00326116662722546
}