{
  "compound_id": "DB01120",
  "compound_name": "Gliclazide",
  "compound_percentile": 0.713235294117647,
  "disease_id": "DOID:4481",
  "disease_name": "allergic rhinitis",
  "disease_percentile": 0.42782834850455104,
  "metapath_contribution": {
    "CbGbCtD": 0.6099999913300804,
    "CbGdCrCtD": 0.007031383847460718,
    "CcSEcCtD": 0.38296862482245886
  },
  "n_trials": 0.0,
  "prediction": 0.00214147399635918,
  "status": 0,
  "training_prediction": 0.00695021179307132
}