{
  "compound_id": "DB00640",
  "compound_name": "Adenosine",
  "compound_percentile": 0.801470588235294,
  "disease_id": "DOID:10534",
  "disease_name": "stomach cancer",
  "disease_percentile": 0.335500650195059,
  "metapath_contribution": {
    "CbGeAlD": 0.057341887264431,
    "CbGpPWpGaD": 0.11447845085781287,
    "CcSEcCtD": 0.09384230786374197,
    "CrCbGaD": 0.007023143120095747,
    "CrCrCtD": 0.7273142108939185
  },
  "n_trials": 1.0,
  "prediction": 0.00118583907331605,
  "status": 0
}