{
  "compound_id": "DB01005",
  "compound_name": "Hydroxyurea",
  "compound_percentile": 0.588235294117647,
  "disease_id": "DOID:1936",
  "disease_name": "atherosclerosis",
  "disease_percentile": 0.749674902470741,
  "metapath_contribution": {
    "CbGbCtD": 0.5675551579496289,
    "CcSEcCtD": 0.43244484205037115
  },
  "n_trials": 0.0,
  "prediction": 0.0026533755989569603,
  "status": 0,
  "training_prediction": 0.0122152117881219
}