{
  "compound_id": "DB00291",
  "compound_name": "Chlorambucil",
  "compound_percentile": 0.720588235294118,
  "disease_id": "DOID:11612",
  "disease_name": "polycystic ovary syndrome",
  "disease_percentile": 0.9349804941482439,
  "metapath_contribution": {
    "CbGeAlD": 0.02391115994312156,
    "CtDrD": 0.9760888400568785
  },
  "n_trials": 0.0,
  "prediction": 0.00309111114422748,
  "status": 0,
  "training_prediction": 0.00395533496009665
}