{
  "compound_id": "DB00819",
  "compound_name": "Acetazolamide",
  "compound_percentile": 0.7352941176470591,
  "disease_id": "DOID:3310",
  "disease_name": "atopic dermatitis",
  "disease_percentile": 0.5494148244473339,
  "metapath_contribution": {
    "CbGbCtD": 0.35734563236996636,
    "CbGeAlD": 0.12143156688354921,
    "CcSEcCtD": 0.5212228007464844
  },
  "n_trials": 0.0,
  "prediction": 0.0022155567150051103,
  "status": 0,
  "training_prediction": 0.0125533323434042
}