{
  "compound_id": "DB00180",
  "compound_name": "Flunisolide",
  "compound_percentile": 0.669117647058823,
  "disease_id": "DOID:585",
  "disease_name": "nephrolithiasis",
  "disease_percentile": 0.0487646293888166,
  "metapath_contribution": {
    "CbGeAlD": 0.2336182197486598,
    "CcSEcCtD": 0.7663817802513403
  },
  "n_trials": 0.0,
  "prediction": 0.000907419033869702,
  "status": 0,
  "training_prediction": 0.00068240081669599
}