{
  "compound_id": "DB00367",
  "compound_name": "Levonorgestrel",
  "compound_percentile": 0.75,
  "disease_id": "DOID:0050741",
  "disease_name": "alcohol dependence",
  "disease_percentile": 0.161898569570871,
  "metapath_contribution": {
    "CbGbCtD": 0.0903166522039785,
    "CbGeAlD": 0.23677952913345943,
    "CbGpPWpGaD": 0.11342235288080929,
    "CcSEcCtD": 0.5499342208101682,
    "CrCbGaD": 0.00954724497158459
  },
  "n_trials": 0.0,
  "prediction": 0.00123193843996385,
  "status": 0
}