{
  "compound_id": "DB08907",
  "compound_name": "Canagliflozin",
  "compound_percentile": 0.7058823529411771,
  "disease_id": "DOID:11054",
  "disease_name": "urinary bladder cancer",
  "disease_percentile": 0.8803641092327701,
  "metapath_contribution": {
    "CbGbCtD": 0.5971430161983659,
    "CbGeAlD": 0.0981105888952511,
    "CbGpPWpGaD": 0.16053781355136892,
    "CcSEcCtD": 0.13410679347614826,
    "CrCbGaD": 0.010101787878865873
  },
  "n_trials": 0.0,
  "prediction": 0.00320155225763885,
  "status": 0
}