{
  "compound_id": "DB00456",
  "compound_name": "Cefalotin",
  "compound_percentile": 0.44117647058823495,
  "disease_id": "DOID:3571",
  "disease_name": "liver cancer",
  "disease_percentile": 0.262678803641092,
  "metapath_contribution": {
    "CbGaD": 0.8460006364374555,
    "CbGpPWpGaD": 0.14623209753186212,
    "CrCbGaD": 0.00776726603068248
  },
  "n_trials": 0.0,
  "prediction": 0.00101295142647916,
  "status": 0
}