{
  "compound_id": "DB00630",
  "compound_name": "Alendronate",
  "compound_percentile": 0.720588235294118,
  "disease_id": "DOID:4481",
  "disease_name": "allergic rhinitis",
  "disease_percentile": 0.139141742522757,
  "metapath_contribution": {
    "CbGeAlD": 0.23275946420417465,
    "CcSEcCtD": 0.7672405357958253
  },
  "n_trials": 0.0,
  "prediction": 0.00139338358411439,
  "status": 0,
  "training_prediction": 0.007537838958910029
}