{
  "compound_id": "DB01289",
  "compound_name": "Glisoxepide",
  "compound_percentile": 0.139705882352941,
  "disease_id": "DOID:9970",
  "disease_name": "obesity",
  "disease_percentile": 0.0617685305591677,
  "metapath_contribution": {
    "CbGeAlD": 0.30550598804359796,
    "CbGpPWpGaD": 0.6735982368462881,
    "CrCbGaD": 0.020895775110113972
  },
  "n_trials": 0.0,
  "prediction": 0.00084349336325369,
  "status": 0
}