{
  "compound_id": "DB00394",
  "compound_name": "Beclomethasone",
  "compound_percentile": 0.323529411764706,
  "disease_id": "DOID:1793",
  "disease_name": "pancreatic cancer",
  "disease_percentile": 0.0377113133940182,
  "metapath_contribution": {
    "CbGbCtD": 0.8021945733550283,
    "CcSEcCtD": 0.19780542664497167
  },
  "n_trials": 0.0,
  "prediction": 0.00071161506292285,
  "status": 0,
  "training_prediction": 0.0028305269033253398
}