{
  "compound_id": "DB00763",
  "compound_name": "Methimazole",
  "compound_percentile": 0.8308823529411771,
  "disease_id": "DOID:6364",
  "disease_name": "migraine",
  "disease_percentile": 0.7600780234070219,
  "metapath_contribution": {
    "CbGbCtD": 0.8587435106636271,
    "CcSEcCtD": 0.14125648933637291
  },
  "n_trials": 0.0,
  "prediction": 0.00405091619825429,
  "status": 0,
  "training_prediction": 0.007385150366280309
}