{
  "compound_id": "DB01614",
  "compound_name": "Acepromazine",
  "compound_percentile": 0.9191176470588229,
  "disease_id": "DOID:1595",
  "disease_name": "endogenous depression",
  "disease_percentile": 0.728218465539662,
  "metapath_contribution": {
    "CbGaD": 0.8430871005593759,
    "CbGeAlD": 0.06501160834032753,
    "CbGpPWpGaD": 0.0824841815801858,
    "CrCbGaD": 0.00941710952011083
  },
  "n_trials": 0.0,
  "prediction": 0.00195729450683762,
  "status": 0
}