{
  "compound_id": "DB00434",
  "compound_name": "Cyproheptadine",
  "compound_percentile": 0.139705882352941,
  "disease_id": "DOID:219",
  "disease_name": "colon cancer",
  "disease_percentile": 0.14629388816645003,
  "metapath_contribution": {
    "CbGeAlD": 0.4717890627960154,
    "CcSEcCtD": 0.526196460599133,
    "CrCbGaD": 0.002014476604851664
  },
  "n_trials": 0.0,
  "prediction": 0.000883914472070573,
  "status": 0,
  "training_prediction": 0.00126162082923041
}