{
  "compound_id": "DB01010",
  "compound_name": "Edrophonium",
  "compound_percentile": 0.742647058823529,
  "disease_id": "DOID:0050741",
  "disease_name": "alcohol dependence",
  "disease_percentile": 0.288036410923277,
  "metapath_contribution": {
    "CbGpPWpGaD": 0.42623352367252654,
    "CcSEcCtD": 0.4970019570222439,
    "CrCbGaD": 0.07676451930522962
  },
  "n_trials": 0.0,
  "prediction": 0.0015384284796809802,
  "status": 0
}