{
  "compound_id": "DB00655",
  "compound_name": "Estrone",
  "compound_percentile": 0.852941176470588,
  "disease_id": "DOID:3083",
  "disease_name": "chronic obstructive pulmonary disease",
  "disease_percentile": 0.7626788036410921,
  "metapath_contribution": {
    "CbGaD": 0.34635058222540177,
    "CbGbCtD": 0.28558898080231054,
    "CbGeAlD": 0.006051165017215434,
    "CbGpPWpGaD": 0.056696588210544664,
    "CcSEcCtD": 0.05803726483410971,
    "CrCbGaD": 0.0011606689388163186,
    "CrCrCtD": 0.24611474997160152
  },
  "n_trials": 0.0,
  "prediction": 0.00355174261016981,
  "status": 0,
  "training_prediction": 0.00780764843340158
}