{
  "compound_id": "DB00294",
  "compound_name": "Etonogestrel",
  "compound_percentile": 0.0294117647058824,
  "disease_id": "DOID:10534",
  "disease_name": "stomach cancer",
  "disease_percentile": 0.0338101430429129,
  "metapath_contribution": {
    "CbGeAlD": 0.09336140103886652,
    "CbGpPWpGaD": 0.27543763550127254,
    "CcSEcCtD": 0.6312009634598609
  },
  "n_trials": 0.0,
  "prediction": 0.000525050656052281,
  "status": 0
}