{
  "compound_id": "DB00168",
  "compound_name": "Aspartame",
  "compound_percentile": 0.757352941176471,
  "disease_id": "DOID:10283",
  "disease_name": "prostate cancer",
  "disease_percentile": 0.166449934980494,
  "metapath_contribution": {
    "CbGbCtD": 0.8653681230530762,
    "CbGeAlD": 0.02149321391838058,
    "CbGpPWpGaD": 0.10333767853579462,
    "CrCbGaD": 0.009800984492748696
  },
  "n_trials": 0.0,
  "prediction": 0.00110931766434324,
  "status": 0
}