{
  "compound_id": "DB01144",
  "compound_name": "Diclofenamide",
  "compound_percentile": 0.139705882352941,
  "disease_id": "DOID:2394",
  "disease_name": "ovarian cancer",
  "disease_percentile": 0.28153446033810103,
  "metapath_contribution": {
    "CbGeAlD": 0.056513009294268925,
    "CcSEcCtD": 0.943486990705731
  },
  "n_trials": 0.0,
  "prediction": 0.00107327688714344,
  "status": 0,
  "training_prediction": 0.00255938576172734
}