{
  "compound_id": "DB01202",
  "compound_name": "Levetiracetam",
  "compound_percentile": 0.852941176470588,
  "disease_id": "DOID:2994",
  "disease_name": "germ cell cancer",
  "disease_percentile": 0.929128738621587,
  "metapath_contribution": {
    "CbGbCtD": 0.7258517158329781,
    "CbGeAlD": 0.10973687857498902,
    "CcSEcCtD": 0.16441140559203282
  },
  "n_trials": 0.0,
  "prediction": 0.00341651268616333,
  "status": 0,
  "training_prediction": 0.00623184835542463
}