{
  "compound_id": "DB01206",
  "compound_name": "Lomustine",
  "compound_percentile": 0.977941176470588,
  "disease_id": "DOID:0060073",
  "disease_name": "lymphatic system cancer",
  "disease_percentile": 0.9947984395318601,
  "metapath_contribution": {
    "CbGbCtD": 0.010766939086979399,
    "CcSEcCtD": 0.04449998876883229,
    "CiPCiCtD": 0.4697824829149618,
    "CrCtD": 0.47495058922922656
  },
  "n_trials": 4.0,
  "prediction": 0.0507578040899769,
  "status": 0,
  "training_prediction": 0.164407590419949
}