{
  "compound_id": "DB01185",
  "compound_name": "Fluoxymesterone",
  "compound_percentile": 0.169117647058824,
  "disease_id": "DOID:1793",
  "disease_name": "pancreatic cancer",
  "disease_percentile": 0.0110533159947984,
  "metapath_contribution": {
    "CbGbCtD": 0.4686607673001514,
    "CbGpPWpGaD": 0.31196729517235283,
    "CcSEcCtD": 0.21937193752749568
  },
  "n_trials": 0.0,
  "prediction": 0.000457000394372755,
  "status": 0,
  "training_prediction": 0.0010907160364474
}