{
  "compound_id": "DB06802",
  "compound_name": "Nepafenac",
  "compound_percentile": 0.5514705882352939,
  "disease_id": "DOID:2377",
  "disease_name": "multiple sclerosis",
  "disease_percentile": 0.0344603381014304,
  "metapath_contribution": {
    "CbGbCtD": 0.7194520249089056,
    "CbGdCrCtD": 0.010550706538705943,
    "CcSEcCtD": 0.2683846195569222,
    "CrCbGaD": 0.001612648995466244
  },
  "n_trials": 0.0,
  "prediction": 0.000852354889586202,
  "status": 0
}