{
  "category": "SYM",
  "compound_id": "DB00586",
  "compound_name": "Diclofenac",
  "compound_percentile": 0.867647058823529,
  "disease_id": "DOID:7148",
  "disease_name": "rheumatoid arthritis",
  "disease_percentile": 0.8862158647594279,
  "metapath_contribution": {
    "CbGaD": 0.2770076527118575,
    "CbGbCtD": 0.25808493436021246,
    "CbGdCrCtD": 0.0011450417232408223,
    "CbGeAlD": 0.013304477614912614,
    "CbGpPWpGaD": 0.059300441276834766,
    "CcSEcCtD": 0.09008965144697122,
    "CpDpCtD": 0.2994219698080273,
    "CrCbGaD": 0.0016458310579432272
  },
  "prediction": 0.0044731933194706395,
  "status": 0
}