{
  "compound_id": "DB01072",
  "compound_name": "Atazanavir",
  "compound_percentile": 0.816176470588235,
  "disease_id": "DOID:12365",
  "disease_name": "malaria",
  "disease_percentile": 0.538361508452536,
  "metapath_contribution": {
    "CbGbCtD": 0.7543524066062803,
    "CbGeAlD": 0.004268606231623982,
    "CcSEcCtD": 0.24137898716209563
  },
  "n_trials": 0.0,
  "prediction": 0.00217413057793685,
  "status": 0
}