{
  "compound_id": "DB00424",
  "compound_name": "Hyoscyamine",
  "compound_percentile": 0.779411764705882,
  "disease_id": "DOID:1595",
  "disease_name": "endogenous depression",
  "disease_percentile": 0.29778933680103997,
  "metapath_contribution": {
    "CbGeAlD": 0.13935408834893329,
    "CbGpPWpGaD": 0.7726226996404035,
    "CrCbGaD": 0.08802321201066325
  },
  "n_trials": 0.0,
  "prediction": 0.0011969347968662802,
  "status": 0
}