{
  "compound_id": "DB08865",
  "compound_name": "Crizotinib",
  "compound_percentile": 0.9852941176470591,
  "disease_id": "DOID:635",
  "disease_name": "acquired immunodeficiency syndrome",
  "disease_percentile": 0.970091027308192,
  "metapath_contribution": {
    "CbGbCtD": 0.12494323113833766,
    "CbGdCrCtD": 0.0012510196942528713,
    "CbGeAlD": 0.06407662394372837,
    "CbGpPWpGaD": 0.05153054347667628,
    "CcSEcCtD": 0.07463380254273452,
    "CiPCiCtD": 0.6835647792042704
  },
  "n_trials": 0.0,
  "prediction": 0.0199833050780414,
  "status": 0,
  "training_prediction": 0.0592675241794878
}