{
  "compound_id": "DB08860",
  "compound_name": "Pitavastatin",
  "compound_percentile": 0.816176470588235,
  "disease_id": "DOID:6364",
  "disease_name": "migraine",
  "disease_percentile": 0.367360208062419,
  "metapath_contribution": {
    "CbGbCtD": 0.8564482043539671,
    "CcSEcCtD": 0.143551795646033
  },
  "n_trials": 0.0,
  "prediction": 0.00209436641121953,
  "status": 0,
  "training_prediction": 0.00382438449061242
}