{
  "compound_id": "DB00614",
  "compound_name": "Furazolidone",
  "compound_percentile": 0.11764705882352902,
  "disease_id": "DOID:3070",
  "disease_name": "malignant glioma",
  "disease_percentile": 0.355656697009103,
  "metapath_contribution": {
    "CbGeAlD": 0.18327591455816916,
    "CbGpPWpGaD": 0.6826510923127863,
    "CrCbGaD": 0.13407299312904458
  },
  "n_trials": 0.0,
  "prediction": 0.00115550859109081,
  "status": 0
}