{
  "compound_id": "DB08828",
  "compound_name": "Vismodegib",
  "compound_percentile": 0.6985294117647061,
  "disease_id": "DOID:3565",
  "disease_name": "meningioma",
  "disease_percentile": 0.9837451235370609,
  "metapath_contribution": {
    "CbGaD": 0.9315968536312598,
    "CbGeAlD": 0.037292967208301823,
    "CbGpPWpGaD": 0.031110179160438386
  },
  "n_trials": 0.0,
  "prediction": 0.00230487455215867,
  "status": 0
}