{
  "compound_id": "DB00420",
  "compound_name": "Promazine",
  "compound_percentile": 0.463235294117647,
  "disease_id": "DOID:9074",
  "disease_name": "systemic lupus erythematosus",
  "disease_percentile": 0.0676202860858258,
  "metapath_contribution": {
    "CbGbCtD": 0.7625397490900713,
    "CbGeAlD": 0.19691756966146426,
    "CbGpPWpGaD": 0.04054268124846442
  },
  "n_trials": 0.0,
  "prediction": 0.000833156923496379,
  "status": 0
}