{
  "compound_id": "DB00655",
  "compound_name": "Estrone",
  "compound_percentile": 0.7647058823529409,
  "disease_id": "DOID:14227",
  "disease_name": "azoospermia",
  "disease_percentile": 0.8394018205461641,
  "metapath_contribution": {
    "CbGbCtD": 0.7709166560733065,
    "CbGeAlD": 0.0655679956942403,
    "CcSEcCtD": 0.16281674935892027,
    "CrCbGaD": 0.0006985988735329383
  },
  "n_trials": 0.0,
  "prediction": 0.00243135967155405,
  "status": 0,
  "training_prediction": 0.00109670608646924
}