{
  "compound_id": "DB00332",
  "compound_name": "Ipratropium bromide",
  "compound_percentile": 0.625,
  "disease_id": "DOID:9008",
  "disease_name": "psoriatic arthritis",
  "disease_percentile": 0.45318595578673604,
  "metapath_contribution": {
    "CbGbCtD": 0.3356260084391711,
    "CcSEcCtD": 0.6643739915608289
  },
  "n_trials": 0.0,
  "prediction": 0.00163308251585592,
  "status": 0,
  "training_prediction": 0.00329475256005517
}