{
  "compound_id": "DB00667",
  "compound_name": "Histamine Phosphate",
  "compound_percentile": 0.23529411764705901,
  "disease_id": "DOID:332",
  "disease_name": "amyotrophic lateral sclerosis",
  "disease_percentile": 0.579973992197659,
  "metapath_contribution": {
    "CbGeAlD": 0.2572312556406525,
    "CbGpPWpGaD": 0.08975825859367184,
    "CcSEcCtD": 0.6460111629040051,
    "CrCbGaD": 0.006999322861670611
  },
  "n_trials": 0.0,
  "prediction": 0.00144071353349678,
  "status": 0
}