{
  "compound_id": "DB01611",
  "compound_name": "Hydroxychloroquine",
  "compound_percentile": 0.191176470588235,
  "disease_id": "DOID:10534",
  "disease_name": "stomach cancer",
  "disease_percentile": 0.234720416124837,
  "metapath_contribution": {
    "CbGeAlD": 0.042060885484147874,
    "CbGpPWpGaD": 0.41988761044076867,
    "CcSEcCtD": 0.5364683941956795,
    "CrCbGaD": 0.0015831098794039389
  },
  "n_trials": 0.0,
  "prediction": 0.000980240900291842,
  "status": 0
}