{
  "compound_id": "DB01260",
  "compound_name": "Desonide",
  "compound_percentile": 0.580882352941177,
  "disease_id": "DOID:11714",
  "disease_name": "gestational diabetes",
  "disease_percentile": 0.0039011703511053295,
  "metapath_contribution": {
    "CbGpPWpGaD": 0.08993012066392109,
    "CrCbGaD": 0.9100698793360789
  },
  "n_trials": 0.0,
  "prediction": 0.0006471589782726559,
  "status": 0,
  "training_prediction": 0.000291625735473951
}