{
  "compound_id": "DB01397",
  "compound_name": "Magnesium salicylate",
  "compound_percentile": 0.7941176470588229,
  "disease_id": "DOID:10652",
  "disease_name": "Alzheimer's disease",
  "disease_percentile": 0.656697009102731,
  "metapath_contribution": {
    "CbGaD": 0.7663647701894611,
    "CbGpPWpGaD": 0.05549132593251401,
    "CcSEcCtD": 0.17079616873665868,
    "CrCbGaD": 0.007347735141366216
  },
  "n_trials": 0.0,
  "prediction": 0.00230997336820983,
  "status": 0
}