{
  "compound_id": "DB00683",
  "compound_name": "Midazolam",
  "compound_percentile": 0.654411764705882,
  "disease_id": "DOID:0060073",
  "disease_name": "lymphatic system cancer",
  "disease_percentile": 0.42132639791937604,
  "metapath_contribution": {
    "CbGbCtD": 0.7644390638782312,
    "CcSEcCtD": 0.23556093612176873
  },
  "n_trials": 1.0,
  "prediction": 0.00145377208227005,
  "status": 0,
  "training_prediction": 0.00320384975939118
}