{
  "compound_id": "DB00753",
  "compound_name": "Isoflurane",
  "compound_percentile": 0.727941176470588,
  "disease_id": "DOID:1192",
  "disease_name": "peripheral nervous system neoplasm",
  "disease_percentile": 0.624187256176853,
  "metapath_contribution": {
    "CbGbCtD": 0.23379100815035364,
    "CbGeAlD": 0.21429210179174896,
    "CbGpPWpGaD": 0.2546495575609048,
    "CcSEcCtD": 0.2972673324969926
  },
  "n_trials": 0.0,
  "prediction": 0.00206284101682349,
  "status": 0
}