{
  "compound_id": "DB01600",
  "compound_name": "Tiaprofenic acid",
  "compound_percentile": 0.897058823529412,
  "disease_id": "DOID:9206",
  "disease_name": "Barrett's esophagus",
  "disease_percentile": 0.6053315994798439,
  "metapath_contribution": {
    "CbGaD": 0.7826953970549025,
    "CbGpPWpGaD": 0.02795026213568412,
    "CcSEcCtD": 0.18271469610132934,
    "CrCbGaD": 0.006639644708084061
  },
  "n_trials": 0.0,
  "prediction": 0.00195537343580329,
  "status": 0
}