{
  "compound_id": "DB01039",
  "compound_name": "Fenofibrate",
  "compound_percentile": 0.772058823529412,
  "disease_id": "DOID:8778",
  "disease_name": "Crohn's disease",
  "disease_percentile": 0.788036410923277,
  "metapath_contribution": {
    "CcSEcCtD": 0.14400577102416162,
    "CrCbGaD": 0.0024615437650814874,
    "CrCrCtD": 0.8535326852107568
  },
  "n_trials": 0.0,
  "prediction": 0.00231954966867042,
  "status": 0,
  "training_prediction": 0.0037814509058727397
}