{
  "compound_id": "DB04967",
  "compound_name": "Lucanthone",
  "compound_percentile": 0.13235294117647098,
  "disease_id": "DOID:8778",
  "disease_name": "Crohn's disease",
  "disease_percentile": 0.24122236671001301,
  "metapath_contribution": {
    "CbGdCrCtD": 0.04163594782590561,
    "CbGeAlD": 0.9128843623176658,
    "CrCbGaD": 0.04547968985642862
  },
  "n_trials": 0.0,
  "prediction": 0.00111417205632504,
  "status": 0
}