{
  "compound_id": "DB00693",
  "compound_name": "Fluorescein",
  "compound_percentile": 0.529411764705882,
  "disease_id": "DOID:5041",
  "disease_name": "esophageal cancer",
  "disease_percentile": 0.8433029908972691,
  "metapath_contribution": {
    "CbGbCtD": 0.43472320635999084,
    "CbGpPWpGaD": 0.31216316036918124,
    "CcSEcCtD": 0.25311363327082775
  },
  "n_trials": 0.0,
  "prediction": 0.00240744295195745,
  "status": 0
}