{
  "compound_id": "DB00852",
  "compound_name": "Pseudoephedrine",
  "compound_percentile": 0.610294117647059,
  "disease_id": "DOID:1909",
  "disease_name": "melanoma",
  "disease_percentile": 0.717165149544863,
  "metapath_contribution": {
    "CbGaD": 0.7324416111298507,
    "CbGeAlD": 0.03193297371583414,
    "CbGpPWpGaD": 0.2199302356311577,
    "CcSEcCtD": 0.01569517952315738
  },
  "n_trials": 0.0,
  "prediction": 0.0020121255162459397,
  "status": 0
}