{
  "compound_id": "DB01127",
  "compound_name": "Econazole",
  "compound_percentile": 0.897058823529412,
  "disease_id": "DOID:1826",
  "disease_name": "epilepsy syndrome",
  "disease_percentile": 0.217165149544863,
  "metapath_contribution": {
    "CbGbCtD": 0.8748554519448365,
    "CbGpPWpGaD": 0.08956003687253196,
    "CcSEcCtD": 0.028318649657374635,
    "CrCbGaD": 0.007265861525256822
  },
  "n_trials": 0.0,
  "prediction": 0.0018128418127364699,
  "status": 0
}