{
  "compound_id": "DB00518",
  "compound_name": "Albendazole",
  "compound_percentile": 0.28676470588235303,
  "disease_id": "DOID:5041",
  "disease_name": "esophageal cancer",
  "disease_percentile": 0.32704811443433,
  "metapath_contribution": {
    "CbGaD": 0.6704958513011252,
    "CbGeAlD": 0.06972580934157754,
    "CbGpPWpGaD": 0.2542376735695684,
    "CcSEcCtD": 0.004480481247429615,
    "CrCbGaD": 0.0010601845402992132
  },
  "n_trials": 0.0,
  "prediction": 0.00111166314482126,
  "status": 0
}