{
  "compound_id": "DB00222",
  "compound_name": "Glimepiride",
  "compound_percentile": 0.8602941176470591,
  "disease_id": "DOID:0050742",
  "disease_name": "nicotine dependence",
  "disease_percentile": 0.397919375812744,
  "metapath_contribution": {
    "CbGeAlD": 0.06944980211461652,
    "CbGpPWpGaD": 0.21907682019988245,
    "CcSEcCtD": 0.7114733776855009
  },
  "n_trials": 0.0,
  "prediction": 0.00141138774160432,
  "status": 0,
  "training_prediction": 0.000636273303738875
}