{
  "compound_id": "DB00818",
  "compound_name": "Propofol",
  "compound_percentile": 0.3970588235294121,
  "disease_id": "DOID:5408",
  "disease_name": "Paget's disease of bone",
  "disease_percentile": 0.7490247074122242,
  "metapath_contribution": {
    "CcSEcCtD": 0.9184772668533705,
    "CrCbGaD": 0.08152273314662947
  },
  "n_trials": 0.0,
  "prediction": 0.00188489855678263,
  "status": 0,
  "training_prediction": 0.00307370395032564
}