{
  "compound_id": "DB00396",
  "compound_name": "Progesterone",
  "compound_percentile": 0.669117647058823,
  "disease_id": "DOID:10652",
  "disease_name": "Alzheimer's disease",
  "disease_percentile": 0.552665799739922,
  "metapath_contribution": {
    "CbGaD": 0.2773556453295154,
    "CbGbCtD": 0.4379780977248537,
    "CbGeAlD": 0.02850216973644693,
    "CbGpPWpGaD": 0.08222205636267221,
    "CcSEcCtD": 0.17107461332055734,
    "CrCbGaD": 0.0028674175259542447
  },
  "n_trials": 0.0,
  "prediction": 0.00200901133644568,
  "status": 0,
  "training_prediction": 0.00243825562266281
}