{
  "compound_id": "DB00509",
  "compound_name": "Dextrothyroxine",
  "compound_percentile": 0.0661764705882353,
  "disease_id": "DOID:3070",
  "disease_name": "malignant glioma",
  "disease_percentile": 0.43433029908972703,
  "metapath_contribution": {
    "CbGeAlD": 0.2297861273795556,
    "CbGpPWpGaD": 0.579630371461505,
    "CcSEcCtD": 0.19058350115893935
  },
  "n_trials": 0.0,
  "prediction": 0.00129908116641668,
  "status": 0,
  "training_prediction": 0.000958043408703626
}