{
  "compound_id": "DB00818",
  "compound_name": "Propofol",
  "compound_percentile": 0.970588235294118,
  "disease_id": "DOID:9970",
  "disease_name": "obesity",
  "disease_percentile": 0.908322496749025,
  "metapath_contribution": {
    "CbGaD": 0.44338792674554245,
    "CbGbCtD": 0.3346608577679825,
    "CbGeAlD": 0.032250153056833715,
    "CbGpPWpGaD": 0.08789157822701446,
    "CcSEcCtD": 0.09899234626639196,
    "CrCbGaD": 0.002817137936234959
  },
  "n_trials": 6.0,
  "prediction": 0.0090945238199597,
  "status": 0,
  "training_prediction": 0.0230352036751204
}