{
  "compound_id": "DB00984",
  "compound_name": "Nandrolone phenpropionate",
  "compound_percentile": 0.977941176470588,
  "disease_id": "DOID:1612",
  "disease_name": "breast cancer",
  "disease_percentile": 0.82704811443433,
  "metapath_contribution": {
    "CbGaD": 0.3025861266533503,
    "CbGbCtD": 0.39490086535685687,
    "CbGeAlD": 0.01842939464034201,
    "CbGpPWpGaD": 0.04981484084913836,
    "CrCbGaD": 0.0031822117766438975,
    "CrCrCtD": 0.23108656072366865
  },
  "n_trials": 0.0,
  "prediction": 0.00509819149132245,
  "status": 0
}