{
  "compound_id": "DB00553",
  "compound_name": "Methoxsalen",
  "compound_percentile": 0.720588235294118,
  "disease_id": "DOID:3571",
  "disease_name": "liver cancer",
  "disease_percentile": 0.9213263979193761,
  "metapath_contribution": {
    "CbGaD": 0.7780551053017564,
    "CbGpPWpGaD": 0.17736983082990546,
    "CcSEcCtD": 0.044575063868338115
  },
  "n_trials": 0.0,
  "prediction": 0.00315182227516906,
  "status": 0,
  "training_prediction": 0.0070340366355509795
}