{
  "compound_id": "DB00470",
  "compound_name": "Dronabinol",
  "compound_percentile": 0.933823529411765,
  "disease_id": "DOID:11476",
  "disease_name": "osteoporosis",
  "disease_percentile": 0.9538361508452541,
  "metapath_contribution": {
    "CbGaD": 0.5530246757733818,
    "CbGbCtD": 0.3091486407384195,
    "CbGpPWpGaD": 0.03659607872967124,
    "CcSEcCtD": 0.09491472553474327,
    "CrCbGaD": 0.006315879223784192
  },
  "n_trials": 0.0,
  "prediction": 0.00667052925506925,
  "status": 0
}