{
  "compound_id": "DB01409",
  "compound_name": "Tiotropium",
  "compound_percentile": 0.5367647058823529,
  "disease_id": "DOID:3070",
  "disease_name": "malignant glioma",
  "disease_percentile": 0.764629388816645,
  "metapath_contribution": {
    "CbGbCtD": 0.18684716453586833,
    "CbGpPWpGaD": 0.20878057227615476,
    "CcSEcCtD": 0.5788607327900758,
    "CrCbGaD": 0.02551153039790114
  },
  "n_trials": 0.0,
  "prediction": 0.00203634288891684,
  "status": 0,
  "training_prediction": 0.00249924726868455
}