{
  "compound_id": "DB00496",
  "compound_name": "Darifenacin",
  "compound_percentile": 0.897058823529412,
  "disease_id": "DOID:12365",
  "disease_name": "malaria",
  "disease_percentile": 0.565669700910273,
  "metapath_contribution": {
    "CbGbCtD": 0.8315716216751556,
    "CbGeAlD": 0.0027758732009947593,
    "CcSEcCtD": 0.16565250512384969
  },
  "n_trials": 0.0,
  "prediction": 0.00223948622668313,
  "status": 0
}