{
  "compound_id": "DB05812",
  "compound_name": "Abiraterone",
  "compound_percentile": 0.330882352941176,
  "disease_id": "DOID:3070",
  "disease_name": "malignant glioma",
  "disease_percentile": 0.684655396618986,
  "metapath_contribution": {
    "CbGbCtD": 0.1327687582205165,
    "CbGpPWpGaD": 0.5487206203403597,
    "CcSEcCtD": 0.3171077307823855,
    "CrCbGaD": 0.0014028906567382091
  },
  "n_trials": 0.0,
  "prediction": 0.00180165473683155,
  "status": 0,
  "training_prediction": 0.00132885576943623
}