{
  "compound_id": "DB00238",
  "compound_name": "Nevirapine",
  "compound_percentile": 0.0588235294117647,
  "disease_id": "DOID:11612",
  "disease_name": "polycystic ovary syndrome",
  "disease_percentile": 0.516905071521456,
  "metapath_contribution": {
    "CbGeAlD": 0.15829604039652048,
    "CbGpPWpGaD": 0.8417039596034795
  },
  "n_trials": 0.0,
  "prediction": 0.00144278866964347,
  "status": 0,
  "training_prediction": 0.000650440513276837
}