{
  "compound_id": "DB08901",
  "compound_name": "Ponatinib",
  "compound_percentile": 0.49264705882352894,
  "disease_id": "DOID:14227",
  "disease_name": "azoospermia",
  "disease_percentile": 0.53446033810143,
  "metapath_contribution": {
    "CbGbCtD": 0.5112634586660405,
    "CbGeAlD": 0.34208803631840784,
    "CcSEcCtD": 0.14664850501555166
  },
  "n_trials": 0.0,
  "prediction": 0.00172806818919408,
  "status": 0
}