{
  "compound_id": "DB01182",
  "compound_name": "Propafenone",
  "compound_percentile": 0.463235294117647,
  "disease_id": "DOID:12306",
  "disease_name": "vitiligo",
  "disease_percentile": 0.4382314694408321,
  "metapath_contribution": {
    "CbGbCtD": 0.9229746168877209,
    "CcSEcCtD": 0.044812610509910804,
    "CrCbGaD": 0.03221277260236831
  },
  "n_trials": 0.0,
  "prediction": 0.00126380639658049,
  "status": 0
}