{
  "compound_id": "DB00545",
  "compound_name": "Pyridostigmine",
  "compound_percentile": 0.838235294117647,
  "disease_id": "DOID:3083",
  "disease_name": "chronic obstructive pulmonary disease",
  "disease_percentile": 0.6131339401820551,
  "metapath_contribution": {
    "CbGbCtD": 0.5540242975619588,
    "CbGeAlD": 0.01800789910918864,
    "CbGpPWpGaD": 0.043795075170736567,
    "CcSEcCtD": 0.38417272815811593
  },
  "n_trials": 0.0,
  "prediction": 0.00253552357922142,
  "status": 0
}