{
  "compound_id": "DB00620",
  "compound_name": "Triamcinolone",
  "compound_percentile": 0.897058823529412,
  "disease_id": "DOID:418",
  "disease_name": "systemic scleroderma",
  "disease_percentile": 0.9908972691807539,
  "metapath_contribution": {
    "CbGbCtD": 0.07733739062793735,
    "CbGdCrCtD": 0.0005268301567886877,
    "CbGeAlD": 0.0015946185277533394,
    "CcSEcCtD": 0.04571975444855752,
    "CiPCiCtD": 0.2399016647676016,
    "CrCrCtD": 0.16870177559732996,
    "CrCtD": 0.22663941193724277,
    "CtDrD": 0.23957855393678892
  },
  "n_trials": 0.0,
  "prediction": 0.0312796551752776,
  "status": 0,
  "training_prediction": 0.362799257341823
}