{
  "compound_id": "DB00765",
  "compound_name": "Metyrosine",
  "compound_percentile": 0.8308823529411771,
  "disease_id": "DOID:635",
  "disease_name": "acquired immunodeficiency syndrome",
  "disease_percentile": 0.21001300390117,
  "metapath_contribution": {
    "CbGeAlD": 0.1847927984940666,
    "CcSEcCtD": 0.7797905900242088,
    "CrCbGaD": 0.03541661148172453
  },
  "n_trials": 0.0,
  "prediction": 0.00149291791492482,
  "status": 0
}