{
  "compound_id": "DB00614",
  "compound_name": "Furazolidone",
  "compound_percentile": 1.0,
  "disease_id": "DOID:0050741",
  "disease_name": "alcohol dependence",
  "disease_percentile": 0.8029908972691808,
  "metapath_contribution": {
    "CbGaD": 0.8428283133401122,
    "CbGeAlD": 0.041973578933638685,
    "CbGpPWpGaD": 0.11519810772624899
  },
  "n_trials": 0.0,
  "prediction": 0.00407460781728665,
  "status": 0
}