{
  "compound_id": "DB00579",
  "compound_name": "Mazindol",
  "compound_percentile": 0.0220588235294118,
  "disease_id": "DOID:2531",
  "disease_name": "hematologic cancer",
  "disease_percentile": 0.0747724317295189,
  "metapath_contribution": {
    "CbGeAlD": 0.21736692647540506,
    "CbGpPWpGaD": 0.6775054347833528,
    "CrCbGaD": 0.10512763874124206
  },
  "n_trials": 0.0,
  "prediction": 0.000877076808162261,
  "status": 0
}