{
  "compound_id": "DB00352",
  "compound_name": "Tioguanine",
  "compound_percentile": 0.845588235294118,
  "disease_id": "DOID:1936",
  "disease_name": "atherosclerosis",
  "disease_percentile": 0.7659297789336801,
  "metapath_contribution": {
    "CbGbCtD": 0.7114990234986787,
    "CbGdCrCtD": 0.015248488897478821,
    "CbGeAlD": 0.008458474337230888,
    "CbGpPWpGaD": 0.1382243303261808,
    "CcSEcCtD": 0.12656968294043086
  },
  "n_trials": 0.0,
  "prediction": 0.0027428721215750898,
  "status": 0,
  "training_prediction": 0.00447037778861761
}