{
  "compound_id": "DB00667",
  "compound_name": "Histamine Phosphate",
  "compound_percentile": 0.8897058823529409,
  "disease_id": "DOID:12365",
  "disease_name": "malaria",
  "disease_percentile": 0.867360208062419,
  "metapath_contribution": {
    "CbGbCtD": 0.7463123976475502,
    "CbGeAlD": 0.0713363269741065,
    "CbGpPWpGaD": 0.006711137501507169,
    "CcSEcCtD": 0.17564013787683622
  },
  "n_trials": 0.0,
  "prediction": 0.00397004933361251,
  "status": 0
}