{
  "compound_id": "DB01110",
  "compound_name": "Miconazole",
  "compound_percentile": 0.11764705882352902,
  "disease_id": "DOID:8778",
  "disease_name": "Crohn's disease",
  "disease_percentile": 0.237321196358908,
  "metapath_contribution": {
    "CbGeAlD": 0.41200157561535783,
    "CbGpPWpGaD": 0.319556797252334,
    "CcSEcCtD": 0.2684416271323081
  },
  "n_trials": 0.0,
  "prediction": 0.00110849827481934,
  "status": 0
}