{
  "compound_id": "DB01237",
  "compound_name": "Bromodiphenhydramine",
  "compound_percentile": 0.867647058823529,
  "disease_id": "DOID:0050741",
  "disease_name": "alcohol dependence",
  "disease_percentile": 0.17295188556567,
  "metapath_contribution": {
    "CbGbCtD": 0.9377880521321141,
    "CbGeAlD": 0.025005542373154065,
    "CbGpPWpGaD": 0.0041457338429852645,
    "CrCbGaD": 0.03306067165174645
  },
  "n_trials": 0.0,
  "prediction": 0.00125234749549135,
  "status": 0
}