{
  "compound_id": "DB01233",
  "compound_name": "Metoclopramide",
  "compound_percentile": 0.816176470588235,
  "disease_id": "DOID:7147",
  "disease_name": "ankylosing spondylitis",
  "disease_percentile": 0.7626788036410921,
  "metapath_contribution": {
    "CbGbCtD": 0.13758777538759412,
    "CcSEcCtD": 0.027953873002900146,
    "CpDpCtD": 0.8344583516095057
  },
  "n_trials": 0.0,
  "prediction": 0.00223819026020997,
  "status": 0
}