{
  "compound_id": "DB06267",
  "compound_name": "Udenafil",
  "compound_percentile": 0.852941176470588,
  "disease_id": "DOID:3083",
  "disease_name": "chronic obstructive pulmonary disease",
  "disease_percentile": 0.463589076723017,
  "metapath_contribution": {
    "CbGbCtD": 0.7986331401606704,
    "CbGeAlD": 0.13138621735956355,
    "CbGpPWpGaD": 0.06249459305319161,
    "CrCbGaD": 0.007486049426574453
  },
  "n_trials": 1.0,
  "prediction": 0.00204173494434763,
  "status": 0
}