{
  "compound_id": "DB00563",
  "compound_name": "Methotrexate",
  "compound_percentile": 0.669117647058823,
  "disease_id": "DOID:6364",
  "disease_name": "migraine",
  "disease_percentile": 0.8146944083224971,
  "metapath_contribution": {
    "CbGaD": 0.337405644721211,
    "CbGbCtD": 0.4428600017969046,
    "CbGdCrCtD": 0.0011874236269715645,
    "CbGeAlD": 0.04047284154743967,
    "CbGpPWpGaD": 0.03552797470823687,
    "CcSEcCtD": 0.140287686538539,
    "CrCbGaD": 0.002258427060697407
  },
  "n_trials": 0.0,
  "prediction": 0.00507506565636833,
  "status": 0,
  "training_prediction": 0.100053355709935
}