{
  "category": "DM",
  "compound_id": "DB00912",
  "compound_name": "Repaglinide",
  "compound_percentile": 1.0,
  "disease_id": "DOID:9352",
  "disease_name": "type 2 diabetes mellitus",
  "disease_percentile": 0.988946684005202,
  "metapath_contribution": {
    "CbGaD": 0.18837568020135553,
    "CbGbCtD": 0.2716581759233426,
    "CbGeAlD": 0.010319501725178763,
    "CbGpPWpGaD": 0.0305546451131689,
    "CcSEcCtD": 0.04746741302890517,
    "CiPCiCtD": 0.451624584008049
  },
  "prediction": 0.13437926097005098,
  "status": 1,
  "training_prediction": 0.407062859200252
}