{
  "compound_id": "DB01011",
  "compound_name": "Metyrapone",
  "compound_percentile": 0.5514705882352939,
  "disease_id": "DOID:2394",
  "disease_name": "ovarian cancer",
  "disease_percentile": 0.6196358907672299,
  "metapath_contribution": {
    "CbGbCtD": 0.6568474852203208,
    "CbGpPWpGaD": 0.0296740746688084,
    "CcSEcCtD": 0.3134784401108708
  },
  "n_trials": 0.0,
  "prediction": 0.0017720822458930198,
  "status": 0
}