{
  "compound_id": "DB00914",
  "compound_name": "Phenformin",
  "compound_percentile": 0.772058823529412,
  "disease_id": "DOID:8577",
  "disease_name": "ulcerative colitis",
  "disease_percentile": 0.334200260078023,
  "metapath_contribution": {
    "CbGbCtD": 0.8700119915777009,
    "CbGpPWpGaD": 0.1274979996177163,
    "CrCbGaD": 0.002490008804582742
  },
  "n_trials": 0.0,
  "prediction": 0.00167894264506594,
  "status": 0
}