{
  "compound_id": "DB00162",
  "compound_name": "Vitamin A",
  "compound_percentile": 0.411764705882353,
  "disease_id": "DOID:8577",
  "disease_name": "ulcerative colitis",
  "disease_percentile": 0.0435630689206762,
  "metapath_contribution": {
    "CbGbCtD": 0.2578055388262205,
    "CbGeAlD": 0.4555715214212868,
    "CbGpPWpGaD": 0.2815702196441458,
    "CrCbGaD": 0.0050527201083469375
  },
  "n_trials": 0.0,
  "prediction": 0.000832016644962008,
  "status": 0
}