{
  "compound_id": "DB00468",
  "compound_name": "Quinine",
  "compound_percentile": 0.786764705882353,
  "disease_id": "DOID:11476",
  "disease_name": "osteoporosis",
  "disease_percentile": 0.8751625487646291,
  "metapath_contribution": {
    "CbGbCtD": 0.714743274791401,
    "CbGpPWpGaD": 0.07140760029503222,
    "CcSEcCtD": 0.21384912491356686
  },
  "n_trials": 0.0,
  "prediction": 0.00356558891733576,
  "status": 0,
  "training_prediction": 0.011535247696646003
}