{
  "compound_id": "DB01008",
  "compound_name": "Busulfan",
  "compound_percentile": 0.47058823529411803,
  "disease_id": "DOID:0050742",
  "disease_name": "nicotine dependence",
  "disease_percentile": 0.788036410923277,
  "metapath_contribution": {
    "CbGeAlD": 0.3359218105520255,
    "CbGpPWpGaD": 0.03341166080633215,
    "CcSEcCtD": 0.6306665286416424
  },
  "n_trials": 0.0,
  "prediction": 0.0021341632611984,
  "status": 0,
  "training_prediction": 0.0009624931917458551
}