{
  "compound_id": "DB00562",
  "compound_name": "Benzthiazide",
  "compound_percentile": 0.970588235294118,
  "disease_id": "DOID:11476",
  "disease_name": "osteoporosis",
  "disease_percentile": 0.884915474642393,
  "metapath_contribution": {
    "CbGaD": 0.5438678980997146,
    "CbGbCtD": 0.4022563842705613,
    "CbGpPWpGaD": 0.048706292252133965,
    "CrCbGaD": 0.005169425377590095
  },
  "n_trials": 0.0,
  "prediction": 0.0036897110556664897,
  "status": 0
}