{
  "compound_id": "DB01624",
  "compound_name": "Zuclopenthixol",
  "compound_percentile": 0.875,
  "disease_id": "DOID:1936",
  "disease_name": "atherosclerosis",
  "disease_percentile": 0.5240572171651501,
  "metapath_contribution": {
    "CbGaD": 0.6368466225838517,
    "CbGbCtD": 0.11024518490358384,
    "CbGeAlD": 0.007043311577294967,
    "CbGpPWpGaD": 0.07896088516447869,
    "CcSEcCtD": 0.16093892594630513,
    "CrCbGaD": 0.005965069824485746
  },
  "n_trials": 0.0,
  "prediction": 0.00191713323922647,
  "status": 0
}