{
  "compound_id": "DB00180",
  "compound_name": "Flunisolide",
  "compound_percentile": 0.933823529411765,
  "disease_id": "DOID:7147",
  "disease_name": "ankylosing spondylitis",
  "disease_percentile": 0.979193758127438,
  "metapath_contribution": {
    "CbGbCtD": 0.23481122768561005,
    "CcSEcCtD": 0.03418286155321349,
    "CrCrCtD": 0.3055838524134444,
    "CrCtD": 0.4254220583477321
  },
  "n_trials": 0.0,
  "prediction": 0.0150172515280428,
  "status": 0,
  "training_prediction": 0.0488444727220693
}