{
  "compound_id": "DB00091",
  "compound_name": "Cyclosporine",
  "compound_percentile": 0.8602941176470591,
  "disease_id": "DOID:2531",
  "disease_name": "hematologic cancer",
  "disease_percentile": 0.867360208062419,
  "metapath_contribution": {
    "CbGaD": 0.2356634894886864,
    "CbGbCtD": 0.4415807441627809,
    "CbGdCrCtD": 0.0021102481402511474,
    "CbGeAlD": 0.05375342826705252,
    "CbGpPWpGaD": 0.10189679522041509,
    "CcSEcCtD": 0.16499529472081392
  },
  "n_trials": 136.0,
  "prediction": 0.006578424969206111,
  "status": 0,
  "training_prediction": 0.146217448674633
}