{
  "compound_id": "DB00159",
  "compound_name": "Icosapent",
  "compound_percentile": 0.654411764705882,
  "disease_id": "DOID:635",
  "disease_name": "acquired immunodeficiency syndrome",
  "disease_percentile": 0.30754226267880397,
  "metapath_contribution": {
    "CbGeAlD": 0.3727463833687353,
    "CbGpPWpGaD": 0.14421109455202863,
    "CcSEcCtD": 0.4830425220792361
  },
  "n_trials": 0.0,
  "prediction": 0.00179299078622597,
  "status": 0
}