{
  "compound_id": "DB01013",
  "compound_name": "Clobetasol propionate",
  "compound_percentile": 0.7352941176470591,
  "disease_id": "DOID:9970",
  "disease_name": "obesity",
  "disease_percentile": 0.13719115734720402,
  "metapath_contribution": {
    "CbGaD": 0.4864261567676777,
    "CbGbCtD": 0.3406114776289733,
    "CbGpPWpGaD": 0.10912841157805414,
    "CcSEcCtD": 0.055942352663710775,
    "CrCbGaD": 0.007891601361584118
  },
  "n_trials": 0.0,
  "prediction": 0.00114411115620808,
  "status": 0,
  "training_prediction": 0.00293396355305108
}