{
  "compound_id": "DB00757",
  "compound_name": "Dolasetron",
  "compound_percentile": 0.7941176470588229,
  "disease_id": "DOID:8577",
  "disease_name": "ulcerative colitis",
  "disease_percentile": 0.6274382314694411,
  "metapath_contribution": {
    "CbGbCtD": 0.6188238950880677,
    "CbGeAlD": 0.10672920824803525,
    "CcSEcCtD": 0.27444689666389704
  },
  "n_trials": 0.0,
  "prediction": 0.0024885955429962,
  "status": 0
}