{
  "compound_id": "DB00341",
  "compound_name": "Cetirizine",
  "compound_percentile": 0.970588235294118,
  "disease_id": "DOID:0050741",
  "disease_name": "alcohol dependence",
  "disease_percentile": 0.349804941482445,
  "metapath_contribution": {
    "CbGbCtD": 0.563902826425605,
    "CbGpPWpGaD": 0.02008770712958294,
    "CcSEcCtD": 0.4024524692676584,
    "CrCbGaD": 0.01355699717715374
  },
  "n_trials": 0.0,
  "prediction": 0.00168728919124391,
  "status": 0,
  "training_prediction": 0.00204793555260324
}