{
  "compound_id": "DB00726",
  "compound_name": "Trimipramine",
  "compound_percentile": 0.7647058823529409,
  "disease_id": "DOID:13189",
  "disease_name": "gout",
  "disease_percentile": 0.35110533159948,
  "metapath_contribution": {
    "CbGbCtD": 0.6973305043989331,
    "CbGpPWpGaD": 0.01918565726240103,
    "CcSEcCtD": 0.2834838383386659
  },
  "n_trials": 0.0,
  "prediction": 0.0017900415742734602,
  "status": 0
}