{
  "compound_id": "DB00694",
  "compound_name": "Daunorubicin",
  "compound_percentile": 0.558823529411765,
  "disease_id": "DOID:1312",
  "disease_name": "focal segmental glomerulosclerosis",
  "disease_percentile": 0.168400520156047,
  "metapath_contribution": {
    "CbGbCtD": 0.8538485619184171,
    "CbGeAlD": 0.0666620081724625,
    "CcSEcCtD": 0.07657958966718166,
    "CrCbGaD": 0.0029098402419388556
  },
  "n_trials": 0.0,
  "prediction": 0.0009356325664977529,
  "status": 0,
  "training_prediction": 0.000421685893938194
}