{
  "compound_id": "DB06707",
  "compound_name": "Levonordefrin",
  "compound_percentile": 0.38235294117647106,
  "disease_id": "DOID:14330",
  "disease_name": "Parkinson's disease",
  "disease_percentile": 0.26072821846554,
  "metapath_contribution": {
    "CbGeAlD": 0.3358434737949035,
    "CbGpPWpGaD": 0.5850336637184383,
    "CrCbGaD": 0.07912286248665812
  },
  "n_trials": 0.0,
  "prediction": 0.0009897427531488788,
  "status": 0
}