{
  "compound_id": "DB00457",
  "compound_name": "Prazosin",
  "compound_percentile": 0.558823529411765,
  "disease_id": "DOID:1115",
  "disease_name": "sarcoma",
  "disease_percentile": 0.782184655396619,
  "metapath_contribution": {
    "CbGbCtD": 0.8344883974724957,
    "CbGeAlD": 0.08345899870186062,
    "CbGpPWpGaD": 0.0032924860075472916,
    "CcSEcCtD": 0.07876011781809646
  },
  "n_trials": 0.0,
  "prediction": 0.00219543323894056,
  "status": 0,
  "training_prediction": 0.00442676098687455
}