{
  "compound_id": "DB00661",
  "compound_name": "Verapamil",
  "compound_percentile": 0.507352941176471,
  "disease_id": "DOID:4159",
  "disease_name": "skin cancer",
  "disease_percentile": 0.639141742522757,
  "metapath_contribution": {
    "CbGbCtD": 0.7624683215359458,
    "CbGeAlD": 0.06225298257716797,
    "CbGpPWpGaD": 0.03246904521231248,
    "CcSEcCtD": 0.1428096506745738
  },
  "n_trials": 0.0,
  "prediction": 0.00205822358147331,
  "status": 0,
  "training_prediction": 0.0075319162729731905
}