{
  "compound_id": "DB00165",
  "compound_name": "Pyridoxine",
  "compound_percentile": 0.897058823529412,
  "disease_id": "DOID:2841",
  "disease_name": "asthma",
  "disease_percentile": 0.633289986996099,
  "metapath_contribution": {
    "CbGbCtD": 0.6922591986827763,
    "CbGeAlD": 0.10042719849019598,
    "CbGpPWpGaD": 0.0025060971643224243,
    "CcSEcCtD": 0.20480750566270522
  },
  "n_trials": 0.0,
  "prediction": 0.00312544927274755,
  "status": 0
}