{
  "compound_id": "DB00821",
  "compound_name": "Carprofen",
  "compound_percentile": 0.47058823529411803,
  "disease_id": "DOID:363",
  "disease_name": "uterine cancer",
  "disease_percentile": 0.364759427828349,
  "metapath_contribution": {
    "CbGbCtD": 0.848723652082796,
    "CbGeAlD": 0.12010184574417122,
    "CrCbGaD": 0.03117450217303273
  },
  "n_trials": 0.0,
  "prediction": 0.00139387381855024,
  "status": 0
}