{
  "compound_id": "DB00206",
  "compound_name": "Reserpine",
  "compound_percentile": 0.816176470588235,
  "disease_id": "DOID:1936",
  "disease_name": "atherosclerosis",
  "disease_percentile": 0.782834850455137,
  "metapath_contribution": {
    "CbGbCtD": 0.8285623359921982,
    "CbGpPWpGaD": 0.0622548638283891,
    "CcSEcCtD": 0.10638265137847307,
    "CrCbGaD": 0.0028001488009396724
  },
  "n_trials": 0.0,
  "prediction": 0.00284997684494936,
  "status": 0,
  "training_prediction": 0.00464462464538658
}