{
  "compound_id": "DB00284",
  "compound_name": "Acarbose",
  "compound_percentile": 0.691176470588235,
  "disease_id": "DOID:5408",
  "disease_name": "Paget's disease of bone",
  "disease_percentile": 0.5214564369310789,
  "metapath_contribution": {
    "CbGeAlD": 0.2973640595831512,
    "CbGpPWpGaD": 0.23181471250986932,
    "CcSEcCtD": 0.4708212279069794
  },
  "n_trials": 0.0,
  "prediction": 0.00149728431066249,
  "status": 0,
  "training_prediction": 0.00244221959785071
}