{
  "compound_id": "DB01610",
  "compound_name": "Valganciclovir",
  "compound_percentile": 0.0514705882352941,
  "disease_id": "DOID:10283",
  "disease_name": "prostate cancer",
  "disease_percentile": 0.0747724317295189,
  "metapath_contribution": {
    "CbGpPWpGaD": 0.17891668184661158,
    "CcSEcCtD": 0.8122770911295216,
    "CrCbGaD": 0.008806227023866691
  },
  "n_trials": 0.0,
  "prediction": 0.000810436965851607,
  "status": 0
}