{
  "compound_id": "DB00441",
  "compound_name": "Gemcitabine",
  "compound_percentile": 0.5735294117647061,
  "disease_id": "DOID:1192",
  "disease_name": "peripheral nervous system neoplasm",
  "disease_percentile": 0.332249674902471,
  "metapath_contribution": {
    "CbGaD": 0.25418688838959375,
    "CbGbCtD": 0.40949243941869845,
    "CbGdCrCtD": 0.005500523190593325,
    "CbGeAlD": 0.00015163103175525638,
    "CbGpPWpGaD": 0.06764107653665959,
    "CcSEcCtD": 0.2577252886478463,
    "CrCbGaD": 0.005302152784853314
  },
  "n_trials": 3.0,
  "prediction": 0.00134227374668173,
  "status": 0,
  "training_prediction": 0.0144235598431026
}