{
  "compound_id": "DB01254",
  "compound_name": "Dasatinib",
  "compound_percentile": 0.757352941176471,
  "disease_id": "DOID:2994",
  "disease_name": "germ cell cancer",
  "disease_percentile": 0.9655396618985699,
  "metapath_contribution": {
    "CbGaD": 0.41800997211078106,
    "CbGbCtD": 0.15292869739204995,
    "CbGdCrCtD": 0.001959446240876622,
    "CbGeAlD": 0.14271615698186702,
    "CbGpPWpGaD": 0.14319302842034962,
    "CcSEcCtD": 0.14119269885407576
  },
  "n_trials": 0.0,
  "prediction": 0.00570953482756105,
  "status": 0,
  "training_prediction": 0.0103946989633622
}