{
  "compound_id": "DB01576",
  "compound_name": "Dextroamphetamine",
  "compound_percentile": 0.882352941176471,
  "disease_id": "DOID:11612",
  "disease_name": "polycystic ovary syndrome",
  "disease_percentile": 0.646944083224967,
  "metapath_contribution": {
    "CbGaD": 0.8847951654344549,
    "CbGpPWpGaD": 0.10958483104403807,
    "CrCbGaD": 0.005620003521506993
  },
  "n_trials": 0.0,
  "prediction": 0.00172456270719083,
  "status": 0
}