{
  "compound_id": "DB08877",
  "compound_name": "Ruxolitinib",
  "compound_percentile": 0.75,
  "disease_id": "DOID:11714",
  "disease_name": "gestational diabetes",
  "disease_percentile": 0.8368010403120941,
  "metapath_contribution": {
    "CbGeAlD": 0.649401986341654,
    "CbGpPWpGaD": 0.35059801365834603
  },
  "n_trials": 0.0,
  "prediction": 0.00243374387572142,
  "status": 0,
  "training_prediction": 0.00109778296250979
}