{
  "compound_id": "DB00497",
  "compound_name": "Oxycodone",
  "compound_percentile": 0.0220588235294118,
  "disease_id": "DOID:5041",
  "disease_name": "esophageal cancer",
  "disease_percentile": 0.120936280884265,
  "metapath_contribution": {
    "CbGpPWpGaD": 0.3442874948004121,
    "CcSEcCtD": 0.6319421082884512,
    "CrCbGaD": 0.023770396911136728
  },
  "n_trials": 0.0,
  "prediction": 0.000779035761691187,
  "status": 0
}