{
  "compound_id": "DB00873",
  "compound_name": "Loteprednol",
  "compound_percentile": 0.882352941176471,
  "disease_id": "DOID:10283",
  "disease_name": "prostate cancer",
  "disease_percentile": 0.8348504551365409,
  "metapath_contribution": {
    "CbGaD": 0.14932461785384243,
    "CbGbCtD": 0.03271499521837777,
    "CbGeAlD": 0.0019970270482811137,
    "CbGpPWpGaD": 0.01422830848425729,
    "CiPCiCtD": 0.34422072080839483,
    "CrCbGaD": 0.0022134677052005956,
    "CrCrCtD": 0.22344197984950132,
    "CrCtD": 0.23185888303214475
  },
  "n_trials": 0.0,
  "prediction": 0.00523944840178401,
  "status": 0
}