{
  "compound_id": "DB06804",
  "compound_name": "Nonoxynol-9",
  "compound_percentile": 0.875,
  "disease_id": "DOID:2531",
  "disease_name": "hematologic cancer",
  "disease_percentile": 0.682704811443433,
  "metapath_contribution": {
    "CbGbCtD": 0.8784134465681572,
    "CbGdCrCtD": 0.005620767177624829,
    "CbGeAlD": 0.021616597141792492,
    "CbGpPWpGaD": 0.09434918911242542
  },
  "n_trials": 0.0,
  "prediction": 0.0033181049096198,
  "status": 0
}