{
  "compound_id": "DB00693",
  "compound_name": "Fluorescein",
  "compound_percentile": 0.941176470588235,
  "disease_id": "DOID:12236",
  "disease_name": "primary biliary cirrhosis",
  "disease_percentile": 0.951885565669701,
  "metapath_contribution": {
    "CbGbCtD": 0.690838441135515,
    "CbGeAlD": 0.14105430544648515,
    "CbGpPWpGaD": 0.05326726537852574,
    "CcSEcCtD": 0.11483998803947418
  },
  "n_trials": 0.0,
  "prediction": 0.00504864209488915,
  "status": 0
}