{
  "compound_id": "DB00654",
  "compound_name": "Latanoprost",
  "compound_percentile": 0.7352941176470591,
  "disease_id": "DOID:0050741",
  "disease_name": "alcohol dependence",
  "disease_percentile": 0.112483745123537,
  "metapath_contribution": {
    "CbGeAlD": 0.04576562113547796,
    "CbGpPWpGaD": 0.41463856842321917,
    "CcSEcCtD": 0.5395958104413028
  },
  "n_trials": 0.0,
  "prediction": 0.00109803969204011,
  "status": 0,
  "training_prediction": 0.00133290622065927
}