{
  "compound_id": "DB00854",
  "compound_name": "Levorphanol",
  "compound_percentile": 0.220588235294118,
  "disease_id": "DOID:9352",
  "disease_name": "type 2 diabetes mellitus",
  "disease_percentile": 0.0780234070221066,
  "metapath_contribution": {
    "CbGpPWpGaD": 0.2598891550849445,
    "CcSEcCtD": 0.7236458833895563,
    "CrCbGaD": 0.01646496152549933
  },
  "n_trials": 0.0,
  "prediction": 0.000889004797456243,
  "status": 0
}