{
  "compound_id": "DB00863",
  "compound_name": "Ranitidine",
  "compound_percentile": 0.43382352941176505,
  "disease_id": "DOID:12930",
  "disease_name": "dilated cardiomyopathy",
  "disease_percentile": 0.258777633289987,
  "metapath_contribution": {
    "CbGbCtD": 0.7034500686580978,
    "CbGpPWpGaD": 0.008489547011169692,
    "CcSEcCtD": 0.28806038433073256
  },
  "n_trials": 0.0,
  "prediction": 0.0012383165877781,
  "status": 0
}