{
  "compound_id": "DB06616",
  "compound_name": "Bosutinib",
  "compound_percentile": 0.970588235294118,
  "disease_id": "DOID:2531",
  "disease_name": "hematologic cancer",
  "disease_percentile": 0.9616384915474642,
  "metapath_contribution": {
    "CbGaD": 0.23045797885616803,
    "CbGbCtD": 0.2665077797428907,
    "CbGdCrCtD": 0.0011526625869597012,
    "CbGeAlD": 0.03703608439627973,
    "CbGpPWpGaD": 0.07063473391049997,
    "CcSEcCtD": 0.05945263841825007,
    "CiPCiCtD": 0.33322643120004686,
    "CrCbGaD": 0.0015316908889049788
  },
  "n_trials": 0.0,
  "prediction": 0.0343167985247051,
  "status": 0
}