{
  "compound_id": "DB00353",
  "compound_name": "Methylergometrine",
  "compound_percentile": 0.897058823529412,
  "disease_id": "DOID:12995",
  "disease_name": "conduct disorder",
  "disease_percentile": 0.922626788036411,
  "metapath_contribution": {
    "CbGaD": 0.8776236940059523,
    "CbGpPWpGaD": 0.1119898826537056,
    "CrCbGaD": 0.01038642334034204
  },
  "n_trials": 0.0,
  "prediction": 0.00249670676002859,
  "status": 0
}