{
  "compound_id": "DB00816",
  "compound_name": "Orciprenaline",
  "compound_percentile": 0.779411764705882,
  "disease_id": "DOID:10283",
  "disease_name": "prostate cancer",
  "disease_percentile": 0.21131339401820498,
  "metapath_contribution": {
    "CbGaD": 0.7530038524080391,
    "CcSEcCtD": 0.24157010345314292,
    "CrCbGaD": 0.005426044138818005
  },
  "n_trials": 0.0,
  "prediction": 0.00125229214765721,
  "status": 0,
  "training_prediction": 0.0053104181387245
}