{
  "compound_id": "DB00740",
  "compound_name": "Riluzole",
  "compound_percentile": 0.933823529411765,
  "disease_id": "DOID:10283",
  "disease_name": "prostate cancer",
  "disease_percentile": 0.8784135240572171,
  "metapath_contribution": {
    "CbGaD": 0.22603367036624578,
    "CbGbCtD": 0.4559896772712789,
    "CbGdCrCtD": 0.0012951547673059228,
    "CbGeAlD": 0.002216332993492244,
    "CbGpPWpGaD": 0.09903514885610833,
    "CcSEcCtD": 0.21543001574556864
  },
  "n_trials": 0.0,
  "prediction": 0.00628336602063471,
  "status": 0,
  "training_prediction": 0.0262170165394343
}