{
  "compound_id": "DB00518",
  "compound_name": "Albendazole",
  "compound_percentile": 0.5514705882352939,
  "disease_id": "DOID:2377",
  "disease_name": "multiple sclerosis",
  "disease_percentile": 0.228218465539662,
  "metapath_contribution": {
    "CbGbCtD": 0.7185068614647194,
    "CbGdCrCtD": 0.004821863406843146,
    "CbGeAlD": 0.12122810702114596,
    "CbGpPWpGaD": 0.0023746609996297945,
    "CcSEcCtD": 0.15306850710766173
  },
  "n_trials": 0.0,
  "prediction": 0.0012792023376294599,
  "status": 0
}