{
  "compound_id": "DB00959",
  "compound_name": "Methylprednisolone",
  "compound_percentile": 0.808823529411765,
  "disease_id": "DOID:14221",
  "disease_name": "metabolic syndrome X",
  "disease_percentile": 0.392067620286086,
  "metapath_contribution": {
    "CbGaD": 0.3509797621183773,
    "CbGpPWpGaD": 0.02749020658030763,
    "CcSEcCtD": 0.008753622955282607,
    "CrCbGaD": 0.004969130284907909,
    "CtDrD": 0.6078072780611247
  },
  "n_trials": 1.0,
  "prediction": 0.00121508576904351,
  "status": 0,
  "training_prediction": 0.00339316301682402
}