{
  "compound_id": "DB01104",
  "compound_name": "Sertraline",
  "compound_percentile": 0.875,
  "disease_id": "DOID:1094",
  "disease_name": "attention deficit hyperactivity disorder",
  "disease_percentile": 0.9551365409622892,
  "metapath_contribution": {
    "CbGaD": 0.8524735795329772,
    "CbGeAlD": 0.053280644158841414,
    "CbGpPWpGaD": 0.08976359088735657,
    "CrCbGaD": 0.004482185420824848
  },
  "n_trials": 0.0,
  "prediction": 0.0036910038759266103,
  "status": 0
}