{
  "compound_id": "DB00630",
  "compound_name": "Alendronate",
  "compound_percentile": 0.845588235294118,
  "disease_id": "DOID:0050741",
  "disease_name": "alcohol dependence",
  "disease_percentile": 0.267230169050715,
  "metapath_contribution": {
    "CbGeAlD": 0.4919225135290657,
    "CcSEcCtD": 0.5080774864709342
  },
  "n_trials": 0.0,
  "prediction": 0.00148131995758459,
  "status": 0,
  "training_prediction": 0.0029953133775120003
}