{
  "compound_id": "DB00650",
  "compound_name": "Leucovorin",
  "compound_percentile": 0.0588235294117647,
  "disease_id": "DOID:11612",
  "disease_name": "polycystic ovary syndrome",
  "disease_percentile": 0.27438231469440805,
  "metapath_contribution": {
    "CbGeAlD": 0.1387484793181833,
    "CbGpPWpGaD": 0.6105951225534878,
    "CcSEcCtD": 0.22623486040593763,
    "CrCbGaD": 0.02442153772239119
  },
  "n_trials": 0.0,
  "prediction": 0.00102909826241513,
  "status": 0
}