{
  "compound_id": "DB08828",
  "compound_name": "Vismodegib",
  "compound_percentile": 0.808823529411765,
  "disease_id": "DOID:9352",
  "disease_name": "type 2 diabetes mellitus",
  "disease_percentile": 0.565019505851756,
  "metapath_contribution": {
    "CbGaD": 0.22684251150018292,
    "CbGbCtD": 0.5583172609479168,
    "CbGeAlD": 0.0014719818638427803,
    "CbGpPWpGaD": 0.08941186753944584,
    "CcSEcCtD": 0.1204390900114279,
    "CrCbGaD": 0.0035172881371837578
  },
  "n_trials": 0.0,
  "prediction": 0.0027960900528362,
  "status": 0,
  "training_prediction": 0.0122479484766301
}