{
  "compound_id": "DB01185",
  "compound_name": "Fluoxymesterone",
  "compound_percentile": 0.9558823529411771,
  "disease_id": "DOID:9008",
  "disease_name": "psoriatic arthritis",
  "disease_percentile": 0.9655396618985699,
  "metapath_contribution": {
    "CbGbCtD": 0.19230337506687764,
    "CcSEcCtD": 0.012056057997933193,
    "CrCrCtD": 0.3258909199732842,
    "CrCtD": 0.469749646961905
  },
  "n_trials": 0.0,
  "prediction": 0.00855128041288758,
  "status": 0,
  "training_prediction": 0.017131462371766
}