{
  "compound_id": "DB01224",
  "compound_name": "Quetiapine",
  "compound_percentile": 0.426470588235294,
  "disease_id": "DOID:12236",
  "disease_name": "primary biliary cirrhosis",
  "disease_percentile": 0.17100130039011702,
  "metapath_contribution": {
    "CbGbCtD": 0.10799083773519022,
    "CbGpPWpGaD": 0.21543231830016832,
    "CcSEcCtD": 0.6765768439646415
  },
  "n_trials": 0.0,
  "prediction": 0.00101420102503824,
  "status": 0
}