{
  "compound_id": "DB06663",
  "compound_name": "Pasireotide",
  "compound_percentile": 0.963235294117647,
  "disease_id": "DOID:635",
  "disease_name": "acquired immunodeficiency syndrome",
  "disease_percentile": 0.40052015604681396,
  "metapath_contribution": {
    "CbGeAlD": 0.08134387653822558,
    "CbGpPWpGaD": 0.395342840698,
    "CcSEcCtD": 0.5233132827637744
  },
  "n_trials": 0.0,
  "prediction": 0.0020934668327505,
  "status": 0
}