{
  "compound_id": "DB00655",
  "compound_name": "Estrone",
  "compound_percentile": 0.661764705882353,
  "disease_id": "DOID:9206",
  "disease_name": "Barrett's esophagus",
  "disease_percentile": 0.519505851755527,
  "metapath_contribution": {
    "CbGbCtD": 0.8131751495410691,
    "CbGeAlD": 0.016604531610440374,
    "CbGpPWpGaD": 0.07683641356934051,
    "CcSEcCtD": 0.08926100453887606,
    "CrCbGaD": 0.004122900740273963
  },
  "n_trials": 0.0,
  "prediction": 0.00173261540653505,
  "status": 0,
  "training_prediction": 0.0012779108802691
}