{
  "compound_id": "DB00999",
  "compound_name": "Hydrochlorothiazide",
  "compound_percentile": 0.566176470588235,
  "disease_id": "DOID:2377",
  "disease_name": "multiple sclerosis",
  "disease_percentile": 0.11963589076723,
  "metapath_contribution": {
    "CbGeAlD": 0.11595328864201052,
    "CcSEcCtD": 0.8840467113579894
  },
  "n_trials": 0.0,
  "prediction": 0.00106270587141053,
  "status": 0,
  "training_prediction": 0.00453767920580659
}