{
  "compound_id": "DB01340",
  "compound_name": "Cilazapril",
  "compound_percentile": 0.639705882352941,
  "disease_id": "DOID:11054",
  "disease_name": "urinary bladder cancer",
  "disease_percentile": 0.5273081924577371,
  "metapath_contribution": {
    "CbGbCtD": 0.4578425528300002,
    "CbGeAlD": 0.11983590396728482,
    "CcSEcCtD": 0.4104747754038681,
    "CrCbGaD": 0.011846767798846969
  },
  "n_trials": 0.0,
  "prediction": 0.00163144809115503,
  "status": 0
}