{
  "compound_id": "DB00158",
  "compound_name": "Folic Acid",
  "compound_percentile": 0.529411764705882,
  "disease_id": "DOID:1781",
  "disease_name": "thyroid cancer",
  "disease_percentile": 0.546163849154746,
  "metapath_contribution": {
    "CbGbCtD": 0.7612879562672146,
    "CbGdCrCtD": 0.010254479211940972,
    "CbGeAlD": 0.13194948765444306,
    "CbGpPWpGaD": 0.08645478466105755,
    "CcSEcCtD": 0.010053292205343858
  },
  "n_trials": 0.0,
  "prediction": 0.00159173662059154,
  "status": 0
}