{
  "compound_id": "DB00287",
  "compound_name": "Travoprost",
  "compound_percentile": 0.6764705882352939,
  "disease_id": "DOID:1319",
  "disease_name": "brain cancer",
  "disease_percentile": 0.42587776332899896,
  "metapath_contribution": {
    "CbGpPWpGaD": 0.14897211563591337,
    "CcSEcCtD": 0.8510278843640867
  },
  "n_trials": 0.0,
  "prediction": 0.00142176289292398,
  "status": 0,
  "training_prediction": 0.0025976337858456
}