{
  "compound_id": "DB01180",
  "compound_name": "Rescinnamine",
  "compound_percentile": 0.5514705882352939,
  "disease_id": "DOID:2986",
  "disease_name": "IgA glomerulonephritis",
  "disease_percentile": 0.730819245773732,
  "metapath_contribution": {
    "CbGaD": 0.8160480975628535,
    "CbGeAlD": 0.11023343338957078,
    "CbGpPWpGaD": 0.07371846904757585
  },
  "n_trials": 0.0,
  "prediction": 0.0013967623141136198,
  "status": 0
}