{
  "compound_id": "DB00131",
  "compound_name": "Adenosine monophosphate",
  "compound_percentile": 0.007352941176470591,
  "disease_id": "DOID:1909",
  "disease_name": "melanoma",
  "disease_percentile": 0.076072821846554,
  "metapath_contribution": {
    "CbGeAlD": 0.2736932746920655,
    "CbGpPWpGaD": 0.7184164410584836,
    "CrCbGaD": 0.007890284249450865
  },
  "n_trials": 0.0,
  "prediction": 0.000639320909486011,
  "status": 0
}