{
  "compound_id": "DB00360",
  "compound_name": "Tetrahydrobiopterin",
  "compound_percentile": 0.47058823529411803,
  "disease_id": "DOID:0050741",
  "disease_name": "alcohol dependence",
  "disease_percentile": 0.633289986996099,
  "metapath_contribution": {
    "CbGeAlD": 0.337005650514204,
    "CbGpPWpGaD": 0.3084503687097098,
    "CcSEcCtD": 0.3545439807760862
  },
  "n_trials": 0.0,
  "prediction": 0.00266436220548299,
  "status": 0
}