{
  "compound_id": "DB06718",
  "compound_name": "Stanozolol",
  "compound_percentile": 0.9558823529411771,
  "disease_id": "DOID:14227",
  "disease_name": "azoospermia",
  "disease_percentile": 0.879713914174252,
  "metapath_contribution": {
    "CbGaD": 0.9217497022594754,
    "CbGeAlD": 0.0717038803634725,
    "CrCbGaD": 0.006546417377052133
  },
  "n_trials": 0.0,
  "prediction": 0.0026494049481742103,
  "status": 0
}