{
  "compound_id": "DB01075",
  "compound_name": "Diphenhydramine",
  "compound_percentile": 0.28676470588235303,
  "disease_id": "DOID:418",
  "disease_name": "systemic scleroderma",
  "disease_percentile": 0.00650195058517555,
  "metapath_contribution": {
    "CbGbCtD": 0.5204309752137151,
    "CbGeAlD": 0.06867026872766754,
    "CcSEcCtD": 0.4108987560586173
  },
  "n_trials": 0.0,
  "prediction": 0.000632713327830628,
  "status": 0,
  "training_prediction": 0.00251727843157059
}