{
  "compound_id": "DB00379",
  "compound_name": "Mexiletine",
  "compound_percentile": 0.47058823529411803,
  "disease_id": "DOID:11612",
  "disease_name": "polycystic ovary syndrome",
  "disease_percentile": 0.804941482444733,
  "metapath_contribution": {
    "CbGeAlD": 0.28797307267794964,
    "CbGpPWpGaD": 0.47249376974232327,
    "CcSEcCtD": 0.23953315757972712
  },
  "n_trials": 0.0,
  "prediction": 0.00213332012265726,
  "status": 0
}