{
  "compound_id": "DB01208",
  "compound_name": "Sparfloxacin",
  "compound_percentile": 0.661764705882353,
  "disease_id": "DOID:3070",
  "disease_name": "malignant glioma",
  "disease_percentile": 0.663198959687906,
  "metapath_contribution": {
    "CbGaD": 0.8486734344627099,
    "CbGpPWpGaD": 0.012063264132874332,
    "CcSEcCtD": 0.13234725546861778,
    "CrCbGaD": 0.00691604593579798
  },
  "n_trials": 0.0,
  "prediction": 0.00176381074718729,
  "status": 0
}