{
  "compound_id": "DB00754",
  "compound_name": "Ethotoin",
  "compound_percentile": 0.9558823529411771,
  "disease_id": "DOID:12849",
  "disease_name": "autistic disorder",
  "disease_percentile": 0.8693107932379709,
  "metapath_contribution": {
    "CbGaD": 0.7776840974218016,
    "CbGeAlD": 0.07975078897688216,
    "CbGpPWpGaD": 0.13452163225721842,
    "CrCbGaD": 0.008043481344097943
  },
  "n_trials": 0.0,
  "prediction": 0.00250783697229054,
  "status": 0
}