{
  "compound_id": "DB00298",
  "compound_name": "Dapiprazole",
  "compound_percentile": 0.9852941176470591,
  "disease_id": "DOID:9970",
  "disease_name": "obesity",
  "disease_percentile": 0.6742522756827048,
  "metapath_contribution": {
    "CbGbCtD": 0.8387187647547568,
    "CbGpPWpGaD": 0.1544822511712755,
    "CrCbGaD": 0.006798984073967614
  },
  "n_trials": 0.0,
  "prediction": 0.0036026970289089,
  "status": 0
}