{
  "compound_id": "DB00640",
  "compound_name": "Adenosine",
  "compound_percentile": 0.33823529411764697,
  "disease_id": "DOID:9744",
  "disease_name": "type 1 diabetes mellitus",
  "disease_percentile": 0.0754226267880364,
  "metapath_contribution": {
    "CbGeAlD": 0.2718072296508784,
    "CbGpPWpGaD": 0.5845097851841212,
    "CcSEcCtD": 0.11945534495261152,
    "CrCbGaD": 0.02422764021238895
  },
  "n_trials": 0.0,
  "prediction": 0.000753800184257201,
  "status": 0
}