{
  "compound_id": "DB01601",
  "compound_name": "Lopinavir",
  "compound_percentile": 0.6764705882352939,
  "disease_id": "DOID:2994",
  "disease_name": "germ cell cancer",
  "disease_percentile": 0.369310793237971,
  "metapath_contribution": {
    "CbGbCtD": 0.975030669370853,
    "CbGeAlD": 0.024969330629146972
  },
  "n_trials": 0.0,
  "prediction": 0.0013766517276806698,
  "status": 0,
  "training_prediction": 0.00251530734918908
}