{
  "compound_id": "DB00209",
  "compound_name": "Trospium",
  "compound_percentile": 0.13235294117647098,
  "disease_id": "DOID:12849",
  "disease_name": "autistic disorder",
  "disease_percentile": 0.266579973992198,
  "metapath_contribution": {
    "CbGeAlD": 0.2404752061892983,
    "CbGpPWpGaD": 0.7514889688911919,
    "CrCbGaD": 0.008035824919509832
  },
  "n_trials": 0.0,
  "prediction": 0.000979377874787521,
  "status": 0
}