{
  "compound_id": "DB00811",
  "compound_name": "Ribavirin",
  "compound_percentile": 0.8308823529411771,
  "disease_id": "DOID:585",
  "disease_name": "nephrolithiasis",
  "disease_percentile": 0.249024707412224,
  "metapath_contribution": {
    "CbGeAlD": 0.15688580361127377,
    "CbGpPWpGaD": 0.4372661548766962,
    "CcSEcCtD": 0.391279996085389,
    "CrCbGaD": 0.014568045426640995
  },
  "n_trials": 0.0,
  "prediction": 0.00119039582168747,
  "status": 0
}