{
  "compound_id": "DB01084",
  "compound_name": "Emedastine",
  "compound_percentile": 0.19852941176470604,
  "disease_id": "DOID:9970",
  "disease_name": "obesity",
  "disease_percentile": 0.18335500650195102,
  "metapath_contribution": {
    "CbGpPWpGaD": 0.39916124139217074,
    "CcSEcCtD": 0.5627052550055122,
    "CrCbGaD": 0.03813350360231713
  },
  "n_trials": 0.0,
  "prediction": 0.00127694155999286,
  "status": 0
}