{
  "compound_id": "DB00859",
  "compound_name": "Penicillamine",
  "compound_percentile": 0.897058823529412,
  "disease_id": "DOID:1459",
  "disease_name": "hypothyroidism",
  "disease_percentile": 0.9655396618985699,
  "metapath_contribution": {
    "CbGbCtD": 0.965275070619001,
    "CcSEcCtD": 0.029167855098313173,
    "CrCbGaD": 0.0055570742826858786
  },
  "n_trials": 0.0,
  "prediction": 0.00366385463567455,
  "status": 0,
  "training_prediction": 0.00444509702510817
}