{
  "compound_id": "DB00536",
  "compound_name": "Guanidine",
  "compound_percentile": 0.904411764705882,
  "disease_id": "DOID:1612",
  "disease_name": "breast cancer",
  "disease_percentile": 0.837451235370611,
  "metapath_contribution": {
    "CbGaD": 0.48970295260023783,
    "CbGbCtD": 0.12829877419752136,
    "CbGdCrCtD": 0.002388475614010496,
    "CbGeAlD": 0.09162056012082365,
    "CbGpPWpGaD": 0.17275299242000344,
    "CcSEcCtD": 0.11523624504740332
  },
  "n_trials": 0.0,
  "prediction": 0.00527903759817495,
  "status": 0
}