{
  "compound_id": "DB00465",
  "compound_name": "Ketorolac",
  "compound_percentile": 0.882352941176471,
  "disease_id": "DOID:7693",
  "disease_name": "abdominal aortic aneurysm",
  "disease_percentile": 0.7698309492847851,
  "metapath_contribution": {
    "CbGaD": 0.9727259874197047,
    "CbGeAlD": 0.019721493763930818,
    "CrCbGaD": 0.007552518816364479
  },
  "n_trials": 0.0,
  "prediction": 0.00172196393769229,
  "status": 0
}