{
  "compound_id": "DB06697",
  "compound_name": "Artemether",
  "compound_percentile": 0.669117647058823,
  "disease_id": "DOID:2377",
  "disease_name": "multiple sclerosis",
  "disease_percentile": 0.8146944083224971,
  "metapath_contribution": {
    "CbGbCtD": 0.995881795926399,
    "CbGpPWpGaD": 0.004118204073600957
  },
  "n_trials": 0.0,
  "prediction": 0.00294853737018135,
  "status": 0,
  "training_prediction": 0.00753993337450757
}