{
  "compound_id": "DB01174",
  "compound_name": "Phenobarbital",
  "compound_percentile": 0.0661764705882353,
  "disease_id": "DOID:9744",
  "disease_name": "type 1 diabetes mellitus",
  "disease_percentile": 0.26202860858257504,
  "metapath_contribution": {
    "CbGeAlD": 0.40348873229907095,
    "CbGpPWpGaD": 0.4792869506634848,
    "CcSEcCtD": 0.06058957262172654,
    "CrCbGaD": 0.0566347444157178
  },
  "n_trials": 0.0,
  "prediction": 0.0010540134463926198,
  "status": 0,
  "training_prediction": 0.000475070609274269
}