{
  "compound_id": "DB04575",
  "compound_name": "Quinestrol",
  "compound_percentile": 0.8897058823529409,
  "disease_id": "DOID:9970",
  "disease_name": "obesity",
  "disease_percentile": 0.152145643693108,
  "metapath_contribution": {
    "CbGaD": 0.8480883229619893,
    "CbGeAlD": 0.04620171509370513,
    "CbGpPWpGaD": 0.09242921886068954,
    "CrCbGaD": 0.013280743083616051
  },
  "n_trials": 0.0,
  "prediction": 0.00119627391844384,
  "status": 0
}