{
  "compound_id": "DB08954",
  "compound_name": "Ifenprodil",
  "compound_percentile": 0.801470588235294,
  "disease_id": "DOID:1595",
  "disease_name": "endogenous depression",
  "disease_percentile": 0.35955786736020795,
  "metapath_contribution": {
    "CbGeAlD": 0.7137448311431662,
    "CbGpPWpGaD": 0.24295136771399942,
    "CrCbGaD": 0.043303801142834435
  },
  "n_trials": 0.0,
  "prediction": 0.0012785452340515699,
  "status": 0
}