{
  "compound_id": "DB01236",
  "compound_name": "Sevoflurane",
  "compound_percentile": 0.669117647058823,
  "disease_id": "DOID:5041",
  "disease_name": "esophageal cancer",
  "disease_percentile": 0.8751625487646291,
  "metapath_contribution": {
    "CbGaD": 0.6930179752673599,
    "CbGeAlD": 0.04897646972391707,
    "CbGpPWpGaD": 0.16729921305813847,
    "CcSEcCtD": 0.09070634195058465
  },
  "n_trials": 0.0,
  "prediction": 0.0026661946859421,
  "status": 0
}