{
  "compound_id": "DB00708",
  "compound_name": "Sufentanil",
  "compound_percentile": 0.617647058823529,
  "disease_id": "DOID:263",
  "disease_name": "kidney cancer",
  "disease_percentile": 0.39401820546163896,
  "metapath_contribution": {
    "CbGbCtD": 0.7066751211135253,
    "CcSEcCtD": 0.29294834087118776,
    "CrCbGaD": 0.0003765380152869639
  },
  "n_trials": 0.0,
  "prediction": 0.00148864059633415,
  "status": 0
}