{
  "compound_id": "DB00998",
  "compound_name": "Frovatriptan",
  "compound_percentile": 0.727941176470588,
  "disease_id": "DOID:332",
  "disease_name": "amyotrophic lateral sclerosis",
  "disease_percentile": 0.929128738621587,
  "metapath_contribution": {
    "CbGbCtD": 0.6109521260756672,
    "CbGeAlD": 0.051414552874667466,
    "CcSEcCtD": 0.3376333210496654
  },
  "n_trials": 0.0,
  "prediction": 0.0026997898586407897,
  "status": 0
}