{
  "compound_id": "DB00794",
  "compound_name": "Primidone",
  "compound_percentile": 0.977941176470588,
  "disease_id": "DOID:0050742",
  "disease_name": "nicotine dependence",
  "disease_percentile": 0.9843953185955792,
  "metapath_contribution": {
    "CbGaD": 0.42483919855784397,
    "CbGbCtD": 0.43107958139719055,
    "CbGeAlD": 0.01041767039385219,
    "CbGpPWpGaD": 0.10520919032414074,
    "CcSEcCtD": 0.026199434183158125,
    "CrCbGaD": 0.002254925143814407
  },
  "n_trials": 0.0,
  "prediction": 0.00914207808606728,
  "status": 0,
  "training_prediction": 0.00413897367905772
}