{
  "compound_id": "DB06730",
  "compound_name": "Gestodene",
  "compound_percentile": 0.977941176470588,
  "disease_id": "DOID:363",
  "disease_name": "uterine cancer",
  "disease_percentile": 0.7230169050715209,
  "metapath_contribution": {
    "CbGbCtD": 0.3000175410682259,
    "CrCbGaD": 0.0071809844947749385,
    "CrCrCtD": 0.6928014744369991
  },
  "n_trials": 0.0,
  "prediction": 0.00231364524753152,
  "status": 0
}