{
  "compound_id": "DB00707",
  "compound_name": "Porfimer",
  "compound_percentile": 0.977941176470588,
  "disease_id": "DOID:2531",
  "disease_name": "hematologic cancer",
  "disease_percentile": 0.864759427828348,
  "metapath_contribution": {
    "CbGeAlD": 0.02582759978842977,
    "CbGpPWpGaD": 0.08651298207442219,
    "CiPCiCtD": 0.887659418137148
  },
  "n_trials": 0.0,
  "prediction": 0.0063845252521433,
  "status": 0
}