{
  "compound_id": "DB00705",
  "compound_name": "Delavirdine",
  "compound_percentile": 0.727941176470588,
  "disease_id": "DOID:2994",
  "disease_name": "germ cell cancer",
  "disease_percentile": 0.9239271781534458,
  "metapath_contribution": {
    "CbGbCtD": 0.7709250972659779,
    "CcSEcCtD": 0.2290749027340221
  },
  "n_trials": 0.0,
  "prediction": 0.00331900963339075,
  "status": 0,
  "training_prediction": 0.00605448722224413
}