{
  "compound_id": "DB00972",
  "compound_name": "Azelastine",
  "compound_percentile": 0.875,
  "disease_id": "DOID:1192",
  "disease_name": "peripheral nervous system neoplasm",
  "disease_percentile": 0.8159947984395319,
  "metapath_contribution": {
    "CbGaD": 0.25302697941972446,
    "CbGbCtD": 0.5856778703254866,
    "CcSEcCtD": 0.16129515025478885
  },
  "n_trials": 0.0,
  "prediction": 0.00272573808642398,
  "status": 0
}