{
  "compound_id": "DB01390",
  "compound_name": "Sodium bicarbonate",
  "compound_percentile": 0.514705882352941,
  "disease_id": "DOID:5041",
  "disease_name": "esophageal cancer",
  "disease_percentile": 0.7262678803641089,
  "metapath_contribution": {
    "CbGeAlD": 0.24767908641101272,
    "CbGpPWpGaD": 0.3081855568970158,
    "CcSEcCtD": 0.44413535669197146
  },
  "n_trials": 0.0,
  "prediction": 0.00205783625771002,
  "status": 0
}