{
  "compound_id": "DB00799",
  "compound_name": "Tazarotene",
  "compound_percentile": 0.7647058823529409,
  "disease_id": "DOID:11714",
  "disease_name": "gestational diabetes",
  "disease_percentile": 0.7737321196358911,
  "metapath_contribution": {
    "CbGeAlD": 0.3297230355510511,
    "CbGpPWpGaD": 0.6702769644489489
  },
  "n_trials": 0.0,
  "prediction": 0.00225439385402511,
  "status": 0,
  "training_prediction": 0.00101678363446398
}