{
  "compound_id": "DB00753",
  "compound_name": "Isoflurane",
  "compound_percentile": 0.36764705882352894,
  "disease_id": "DOID:1595",
  "disease_name": "endogenous depression",
  "disease_percentile": 0.537711313394018,
  "metapath_contribution": {
    "CbGeAlD": 0.8347757036164057,
    "CbGpPWpGaD": 0.15673894525084886,
    "CrCbGaD": 0.00848535113274531
  },
  "n_trials": 0.0,
  "prediction": 0.00157453221912804,
  "status": 0
}