{
  "compound_id": "DB00605",
  "compound_name": "Sulindac",
  "compound_percentile": 0.713235294117647,
  "disease_id": "DOID:2394",
  "disease_name": "ovarian cancer",
  "disease_percentile": 0.9356306892067621,
  "metapath_contribution": {
    "CbGaD": 0.6667425167512683,
    "CbGeAlD": 0.07722637976582512,
    "CbGpPWpGaD": 0.14227375918698076,
    "CcSEcCtD": 0.11375734429592584
  },
  "n_trials": 0.0,
  "prediction": 0.0038709140255384204,
  "status": 0
}