{
  "compound_id": "DB00205",
  "compound_name": "Pyrimethamine",
  "compound_percentile": 0.7058823529411771,
  "disease_id": "DOID:2377",
  "disease_name": "multiple sclerosis",
  "disease_percentile": 0.620936280884265,
  "metapath_contribution": {
    "CbGbCtD": 0.9188535788679815,
    "CbGpPWpGaD": 0.03388466689545328,
    "CcSEcCtD": 0.047261754236565236
  },
  "n_trials": 0.0,
  "prediction": 0.00217766572287623,
  "status": 0,
  "training_prediction": 0.00557539015551675
}