{
  "compound_id": "DB00687",
  "compound_name": "Fludrocortisone",
  "compound_percentile": 0.779411764705882,
  "disease_id": "DOID:1595",
  "disease_name": "endogenous depression",
  "disease_percentile": 0.29518855656696996,
  "metapath_contribution": {
    "CbGaD": 0.9358718627297087,
    "CbGeAlD": 0.053621894296995425,
    "CrCbGaD": 0.010506242973295953
  },
  "n_trials": 0.0,
  "prediction": 0.0011937313911628,
  "status": 0
}