{
  "compound_id": "DB08804",
  "compound_name": "Nandrolone decanoate",
  "compound_percentile": 0.75,
  "disease_id": "DOID:9352",
  "disease_name": "type 2 diabetes mellitus",
  "disease_percentile": 0.17945383615084498,
  "metapath_contribution": {
    "CbGaD": 0.6897139629048981,
    "CbGeAlD": 0.036123043141392114,
    "CbGpPWpGaD": 0.11264605787111978,
    "CcSEcCtD": 0.15349813543491023,
    "CrCbGaD": 0.008018800647679675
  },
  "n_trials": 0.0,
  "prediction": 0.0013057293678101099,
  "status": 0
}