{
  "compound_id": "DB08884",
  "compound_name": "Gadoxetate",
  "compound_percentile": 0.610294117647059,
  "disease_id": "DOID:1909",
  "disease_name": "melanoma",
  "disease_percentile": 0.767230169050715,
  "metapath_contribution": {
    "CbGbCtD": 0.5008428563453797,
    "CbGpPWpGaD": 0.17328049459443237,
    "CcSEcCtD": 0.3214760424523457,
    "CrCbGaD": 0.004400606607842268
  },
  "n_trials": 0.0,
  "prediction": 0.00216260367494139,
  "status": 0
}