{
  "compound_id": "DB08604",
  "compound_name": "Triclosan",
  "compound_percentile": 0.0955882352941176,
  "disease_id": "DOID:10652",
  "disease_name": "Alzheimer's disease",
  "disease_percentile": 0.15604681404421303,
  "metapath_contribution": {
    "CbGeAlD": 0.21862655894539507,
    "CbGpPWpGaD": 0.6585584567845214,
    "CrCbGaD": 0.12281498427008343
  },
  "n_trials": 0.0,
  "prediction": 0.000932242438897668,
  "status": 0
}