{
  "compound_id": "DB00242",
  "compound_name": "Cladribine",
  "compound_percentile": 0.941176470588235,
  "disease_id": "DOID:1612",
  "disease_name": "breast cancer",
  "disease_percentile": 0.717165149544863,
  "metapath_contribution": {
    "CbGaD": 0.11777816729691555,
    "CbGbCtD": 0.39751775140912593,
    "CbGdCrCtD": 0.0027237532330110993,
    "CbGeAlD": 0.0628043680674126,
    "CbGpPWpGaD": 0.09455991923398005,
    "CcSEcCtD": 0.13532135556116237,
    "CrCbGaD": 0.0033137361892129585,
    "CrCrCtD": 0.18598094900917947
  },
  "n_trials": 0.0,
  "prediction": 0.0037142739890745897,
  "status": 0,
  "training_prediction": 0.0334117808024478
}