{
  "compound_id": "DB00843",
  "compound_name": "Donepezil",
  "compound_percentile": 0.786764705882353,
  "disease_id": "DOID:9206",
  "disease_name": "Barrett's esophagus",
  "disease_percentile": 0.832249674902471,
  "metapath_contribution": {
    "CbGbCtD": 0.5851304849178586,
    "CcSEcCtD": 0.4148695150821414
  },
  "n_trials": 0.0,
  "prediction": 0.0026404062054601898,
  "status": 0,
  "training_prediction": 0.00194792754351609
}