{
  "compound_id": "DB00376",
  "compound_name": "Trihexyphenidyl",
  "compound_percentile": 0.897058823529412,
  "disease_id": "DOID:9744",
  "disease_name": "type 1 diabetes mellitus",
  "disease_percentile": 0.677503250975293,
  "metapath_contribution": {
    "CbGaD": 0.9043687066539975,
    "CbGpPWpGaD": 0.08742032438924444,
    "CrCbGaD": 0.008210968956758003
  },
  "n_trials": 0.0,
  "prediction": 0.00176810003075312,
  "status": 0
}