{
  "compound_id": "DB04573",
  "compound_name": "Estriol",
  "compound_percentile": 0.977941176470588,
  "disease_id": "DOID:363",
  "disease_name": "uterine cancer",
  "disease_percentile": 0.9466840052015602,
  "metapath_contribution": {
    "CbGaD": 0.417736508298704,
    "CbGbCtD": 0.41839543954505987,
    "CbGeAlD": 0.030282408810787097,
    "CbGpPWpGaD": 0.020219783457172617,
    "CcSEcCtD": 0.10986415819478779,
    "CrCbGaD": 0.003501701693488611
  },
  "n_trials": 0.0,
  "prediction": 0.00557157753616849,
  "status": 0
}