{
  "compound_id": "DB05109",
  "compound_name": "Trabectedin",
  "compound_percentile": 0.75,
  "disease_id": "DOID:3083",
  "disease_name": "chronic obstructive pulmonary disease",
  "disease_percentile": 0.7594278283485051,
  "metapath_contribution": {
    "CbGbCtD": 0.7303189093279913,
    "CbGpPWpGaD": 0.10185919803259744,
    "CcSEcCtD": 0.16782189263941127
  },
  "n_trials": 0.0,
  "prediction": 0.0035120518846390603,
  "status": 0
}