{
  "compound_id": "DB00458",
  "compound_name": "Imipramine",
  "compound_percentile": 0.43382352941176505,
  "disease_id": "DOID:5041",
  "disease_name": "esophageal cancer",
  "disease_percentile": 0.25357607282184697,
  "metapath_contribution": {
    "CbGaD": 0.3134070366139937,
    "CbGbCtD": 0.07018018397399103,
    "CbGeAlD": 0.11127048729319389,
    "CbGpPWpGaD": 0.3291204272867051,
    "CcSEcCtD": 0.17199388507646146,
    "CrCbGaD": 0.004027979755654875
  },
  "n_trials": 0.0,
  "prediction": 0.000988269964712691,
  "status": 0
}