{
  "compound_id": "DB01035",
  "compound_name": "Procainamide",
  "compound_percentile": 0.904411764705882,
  "disease_id": "DOID:2994",
  "disease_name": "germ cell cancer",
  "disease_percentile": 0.897269180754226,
  "metapath_contribution": {
    "CbGaD": 0.5856074206874516,
    "CbGbCtD": 0.20658984836923486,
    "CbGeAlD": 0.07460662166979685,
    "CbGpPWpGaD": 0.07786376239359782,
    "CcSEcCtD": 0.054861776208056816,
    "CrCbGaD": 0.0004705706718619898
  },
  "n_trials": 0.0,
  "prediction": 0.00295765467219818,
  "status": 0
}