{
  "compound_id": "DB00545",
  "compound_name": "Pyridostigmine",
  "compound_percentile": 0.720588235294118,
  "disease_id": "DOID:9074",
  "disease_name": "systemic lupus erythematosus",
  "disease_percentile": 0.546814044213264,
  "metapath_contribution": {
    "CbGbCtD": 0.7338148871042036,
    "CbGeAlD": 0.033650925438563184,
    "CcSEcCtD": 0.23253418745723328
  },
  "n_trials": 0.0,
  "prediction": 0.00205916480071978,
  "status": 0
}