{
  "compound_id": "DB00776",
  "compound_name": "Oxcarbazepine",
  "compound_percentile": 0.191176470588235,
  "disease_id": "DOID:0050742",
  "disease_name": "nicotine dependence",
  "disease_percentile": 0.0221066319895969,
  "metapath_contribution": {
    "CcSEcCtD": 0.9798671823706848,
    "CrCbGaD": 0.020132817629315205
  },
  "n_trials": 0.0,
  "prediction": 0.0008117152610039861,
  "status": 0,
  "training_prediction": 0.000365811931386257
}