{
  "compound_id": "DB00669",
  "compound_name": "Sumatriptan",
  "compound_percentile": 0.6985294117647061,
  "disease_id": "DOID:11119",
  "disease_name": "Gilles de la Tourette syndrome",
  "disease_percentile": 0.9362808842652801,
  "metapath_contribution": {
    "CbGaD": 0.8225977986905887,
    "CbGeAlD": 0.041504587248345264,
    "CbGpPWpGaD": 0.135897614061066
  },
  "n_trials": 0.0,
  "prediction": 0.0024154189171766,
  "status": 0
}