{
  "compound_id": "DB06155",
  "compound_name": "Rimonabant",
  "compound_percentile": 0.3529411764705879,
  "disease_id": "DOID:12930",
  "disease_name": "dilated cardiomyopathy",
  "disease_percentile": 0.743823146944083,
  "metapath_contribution": {
    "CbGeAlD": 0.07006561469642994,
    "CbGpPWpGaD": 0.2933900669562072,
    "CcSEcCtD": 0.6365443183473629
  },
  "n_trials": 0.0,
  "prediction": 0.0022162118627609,
  "status": 0
}