{
  "compound_id": "DB01053",
  "compound_name": "Benzylpenicillin",
  "compound_percentile": 0.330882352941176,
  "disease_id": "DOID:263",
  "disease_name": "kidney cancer",
  "disease_percentile": 0.128738621586476,
  "metapath_contribution": {
    "CbGbCtD": 0.4988379341749869,
    "CbGdCrCtD": 0.0059883868920771076,
    "CbGeAlD": 0.1341492974096881,
    "CcSEcCtD": 0.3610243815232479
  },
  "n_trials": 0.0,
  "prediction": 0.000871318613266546,
  "status": 0
}