{
  "compound_id": "DB00487",
  "compound_name": "Pefloxacin",
  "compound_percentile": 0.514705882352941,
  "disease_id": "DOID:263",
  "disease_name": "kidney cancer",
  "disease_percentile": 0.263979193758127,
  "metapath_contribution": {
    "CbGbCtD": 0.8989494501468347,
    "CbGdCrCtD": 0.019694820285180634,
    "CbGpPWpGaD": 0.08016210460739313,
    "CrCbGaD": 0.0011936249605915207
  },
  "n_trials": 0.0,
  "prediction": 0.001151769726695,
  "status": 0
}