{
  "compound_id": "DB00987",
  "compound_name": "Cytarabine",
  "compound_percentile": 0.933823529411765,
  "disease_id": "DOID:2377",
  "disease_name": "multiple sclerosis",
  "disease_percentile": 0.949284785435631,
  "metapath_contribution": {
    "CbGbCtD": 0.272676970373273,
    "CbGdCrCtD": 0.0010922411138359557,
    "CbGeAlD": 0.015979855746870573,
    "CbGpPWpGaD": 0.01898990067700116,
    "CiPCiCtD": 0.43504581309132845,
    "CrCbGaD": 0.002337792607103287,
    "CrCrCtD": 0.2538774263905875
  },
  "n_trials": 1.0,
  "prediction": 0.00819720508361187,
  "status": 0,
  "training_prediction": 0.0342027136672152
}