{
  "compound_id": "DB01064",
  "compound_name": "Isoprenaline",
  "compound_percentile": 0.882352941176471,
  "disease_id": "DOID:14330",
  "disease_name": "Parkinson's disease",
  "disease_percentile": 0.732769830949285,
  "metapath_contribution": {
    "CbGaD": 0.7424860242971955,
    "CbGeAlD": 0.06768030828205404,
    "CbGpPWpGaD": 0.1824437788305546,
    "CrCbGaD": 0.0073898885901959735
  },
  "n_trials": 0.0,
  "prediction": 0.00192197395224692,
  "status": 0
}