{
  "compound_id": "DB04573",
  "compound_name": "Estriol",
  "compound_percentile": 0.514705882352941,
  "disease_id": "DOID:1909",
  "disease_name": "melanoma",
  "disease_percentile": 0.390767230169051,
  "metapath_contribution": {
    "CbGaD": 0.5679620055165043,
    "CbGpPWpGaD": 0.1814501689461752,
    "CcSEcCtD": 0.23942825831462475,
    "CrCbGaD": 0.011159567222695784
  },
  "n_trials": 0.0,
  "prediction": 0.00121484930279878,
  "status": 0
}