{
  "compound_id": "DB00307",
  "compound_name": "Bexarotene",
  "compound_percentile": 0.294117647058824,
  "disease_id": "DOID:12930",
  "disease_name": "dilated cardiomyopathy",
  "disease_percentile": 0.29453836150845303,
  "metapath_contribution": {
    "CbGeAlD": 0.12111938003358409,
    "CbGpPWpGaD": 0.24811390350091547,
    "CcSEcCtD": 0.6307667164655005
  },
  "n_trials": 0.0,
  "prediction": 0.0012906337774201,
  "status": 0,
  "training_prediction": 0.00127316849851644
}