{
  "compound_id": "DB00336",
  "compound_name": "Nitrofural",
  "compound_percentile": 0.9852941176470591,
  "disease_id": "DOID:10652",
  "disease_name": "Alzheimer's disease",
  "disease_percentile": 0.8465539661898571,
  "metapath_contribution": {
    "CbGaD": 0.5345396996036463,
    "CbGbCtD": 0.45954591204323686,
    "CrCbGaD": 0.00591438835311687
  },
  "n_trials": 0.0,
  "prediction": 0.0038308670750307,
  "status": 0
}