{
  "compound_id": "DB00960",
  "compound_name": "Pindolol",
  "compound_percentile": 0.963235294117647,
  "disease_id": "DOID:3083",
  "disease_name": "chronic obstructive pulmonary disease",
  "disease_percentile": 0.9447334200260079,
  "metapath_contribution": {
    "CbGaD": 0.22894976519077032,
    "CbGbCtD": 0.33461751672003504,
    "CbGpPWpGaD": 0.012124445882442374,
    "CcSEcCtD": 0.060320125166750796,
    "CrCbGaD": 0.003064120998294576,
    "CrCrCtD": 0.36092402604170687
  },
  "n_trials": 0.0,
  "prediction": 0.00847911770046758,
  "status": 0,
  "training_prediction": 0.0185294995691584
}