{
  "compound_id": "DB01327",
  "compound_name": "Cefazolin",
  "compound_percentile": 0.669117647058823,
  "disease_id": "DOID:11054",
  "disease_name": "urinary bladder cancer",
  "disease_percentile": 0.418725617685306,
  "metapath_contribution": {
    "CbGbCtD": 0.626888253085543,
    "CbGeAlD": 0.040170961985592196,
    "CbGpPWpGaD": 0.07420762127421145,
    "CcSEcCtD": 0.2586217124619804,
    "CrCbGaD": 0.0001114511926730232
  },
  "n_trials": 0.0,
  "prediction": 0.00135898531446341,
  "status": 0
}