{
  "compound_id": "DB01359",
  "compound_name": "Penbutolol",
  "compound_percentile": 0.911764705882353,
  "disease_id": "DOID:1094",
  "disease_name": "attention deficit hyperactivity disorder",
  "disease_percentile": 0.899869960988297,
  "metapath_contribution": {
    "CbGaD": 0.8197177271914357,
    "CbGeAlD": 0.0329112054103441,
    "CbGpPWpGaD": 0.14724564088541597,
    "CrCbGaD": 0.00012542651280417522
  },
  "n_trials": 0.0,
  "prediction": 0.0027083782632989994,
  "status": 0
}