{
  "compound_id": "DB04946",
  "compound_name": "Iloperidone",
  "compound_percentile": 0.683823529411765,
  "disease_id": "DOID:11612",
  "disease_name": "polycystic ovary syndrome",
  "disease_percentile": 0.749674902470741,
  "metapath_contribution": {
    "CbGaD": 0.6746732240143213,
    "CbGeAlD": 0.04353489909623828,
    "CbGpPWpGaD": 0.2450871926273509,
    "CcSEcCtD": 0.027736182877799553,
    "CrCbGaD": 0.008968501384290013
  },
  "n_trials": 0.0,
  "prediction": 0.00197722289919856,
  "status": 0
}