{
  "compound_id": "DB00551",
  "compound_name": "Acetohydroxamic Acid",
  "compound_percentile": 0.992647058823529,
  "disease_id": "DOID:1319",
  "disease_name": "brain cancer",
  "disease_percentile": 0.9837451235370609,
  "metapath_contribution": {
    "CbGpPWpGaD": 0.0050472414013025945,
    "CcSEcCtD": 0.023537884799020727,
    "CrCtD": 0.9714148737996766
  },
  "n_trials": 0.0,
  "prediction": 0.00769378792680455,
  "status": 0
}