{
  "compound_id": "DB00472",
  "compound_name": "Fluoxetine",
  "compound_percentile": 0.647058823529412,
  "disease_id": "DOID:1459",
  "disease_name": "hypothyroidism",
  "disease_percentile": 0.766579973992198,
  "metapath_contribution": {
    "CbGbCtD": 0.6414771959607876,
    "CbGeAlD": 0.07928685089136471,
    "CcSEcCtD": 0.2792359531478477
  },
  "n_trials": 0.0,
  "prediction": 0.0022541805890205604,
  "status": 0
}