{
  "compound_id": "DB01248",
  "compound_name": "Docetaxel",
  "compound_percentile": 0.514705882352941,
  "disease_id": "DOID:12365",
  "disease_name": "malaria",
  "disease_percentile": 0.603381014304291,
  "metapath_contribution": {
    "CbGbCtD": 0.5779371773112094,
    "CbGeAlD": 0.12893965468008775,
    "CbGpPWpGaD": 0.058887448662315225,
    "CcSEcCtD": 0.2342357193463876
  },
  "n_trials": 0.0,
  "prediction": 0.00234316202460975,
  "status": 0,
  "training_prediction": 0.032951354145646004
}