{
  "compound_id": "DB00701",
  "compound_name": "Amprenavir",
  "compound_percentile": 0.926470588235294,
  "disease_id": "DOID:9074",
  "disease_name": "systemic lupus erythematosus",
  "disease_percentile": 0.9239271781534458,
  "metapath_contribution": {
    "CbGbCtD": 0.31143793169369033,
    "CbGeAlD": 0.019241444425702643,
    "CcSEcCtD": 0.05542696286803894,
    "CiPCiCtD": 0.6138936610125681
  },
  "n_trials": 0.0,
  "prediction": 0.00625650175066406,
  "status": 0,
  "training_prediction": 0.0180459532047692
}