{
  "compound_id": "DB00436",
  "compound_name": "Bendroflumethiazide",
  "compound_percentile": 0.15441176470588197,
  "disease_id": "DOID:9744",
  "disease_name": "type 1 diabetes mellitus",
  "disease_percentile": 0.162548764629389,
  "metapath_contribution": {
    "CbGeAlD": 0.42393526870686254,
    "CbGpPWpGaD": 0.5760647312931374
  },
  "n_trials": 0.0,
  "prediction": 0.0009227524479984689,
  "status": 0,
  "training_prediction": 0.000415877930384088
}