{
  "compound_id": "DB00377",
  "compound_name": "Palonosetron",
  "compound_percentile": 0.654411764705882,
  "disease_id": "DOID:332",
  "disease_name": "amyotrophic lateral sclerosis",
  "disease_percentile": 0.7516254876462941,
  "metapath_contribution": {
    "CbGbCtD": 0.701198819076404,
    "CbGeAlD": 0.017257660693201393,
    "CcSEcCtD": 0.2815435202303947
  },
  "n_trials": 0.0,
  "prediction": 0.0019093352864366898,
  "status": 0
}