{
  "compound_id": "DB00260",
  "compound_name": "Cycloserine",
  "compound_percentile": 0.970588235294118,
  "disease_id": "DOID:1459",
  "disease_name": "hypothyroidism",
  "disease_percentile": 0.8751625487646291,
  "metapath_contribution": {
    "CbGeAlD": 0.23579740911072097,
    "CbGpPWpGaD": 0.4312973613056483,
    "CcSEcCtD": 0.33290522958363067
  },
  "n_trials": 0.0,
  "prediction": 0.0026618518572508,
  "status": 0
}