{
  "compound_id": "DB00276",
  "compound_name": "Amsacrine",
  "compound_percentile": 0.588235294117647,
  "disease_id": "DOID:12930",
  "disease_name": "dilated cardiomyopathy",
  "disease_percentile": 0.864759427828348,
  "metapath_contribution": {
    "CbGbCtD": 0.4130387556851408,
    "CbGdCrCtD": 0.005908539871138711,
    "CbGeAlD": 0.26739446924203925,
    "CbGpPWpGaD": 0.08202203817928286,
    "CcSEcCtD": 0.23163619702239832
  },
  "n_trials": 0.0,
  "prediction": 0.00277520487949283,
  "status": 0
}