{
  "compound_id": "DB00426",
  "compound_name": "Famciclovir",
  "compound_percentile": 0.294117647058824,
  "disease_id": "DOID:2394",
  "disease_name": "ovarian cancer",
  "disease_percentile": 0.581924577373212,
  "metapath_contribution": {
    "CbGbCtD": 0.35145638925484274,
    "CbGeAlD": 0.037340092633617594,
    "CcSEcCtD": 0.6112035181115397
  },
  "n_trials": 0.0,
  "prediction": 0.0016871637094449802,
  "status": 0
}