{
  "compound_id": "DB00804",
  "compound_name": "Dicyclomine",
  "compound_percentile": 0.8897058823529409,
  "disease_id": "DOID:9744",
  "disease_name": "type 1 diabetes mellitus",
  "disease_percentile": 0.9681404421326401,
  "metapath_contribution": {
    "CbGaD": 0.9497012751460693,
    "CbGpPWpGaD": 0.03635852134572478,
    "CcSEcCtD": 0.013940203508205984
  },
  "n_trials": 0.0,
  "prediction": 0.00410215479087294,
  "status": 0
}