{
  "compound_id": "DB00240",
  "compound_name": "Alclometasone",
  "compound_percentile": 0.6764705882352939,
  "disease_id": "DOID:12365",
  "disease_name": "malaria",
  "disease_percentile": 0.0201560468140442,
  "metapath_contribution": {
    "CbGbCtD": 0.808949846610529,
    "CbGeAlD": 0.07443400372948115,
    "CcSEcCtD": 0.1166161496599899
  },
  "n_trials": 0.0,
  "prediction": 0.000751717489354635,
  "status": 0
}