{
  "compound_id": "DB06616",
  "compound_name": "Bosutinib",
  "compound_percentile": 0.485294117647059,
  "disease_id": "DOID:9835",
  "disease_name": "refractive error",
  "disease_percentile": 0.637191157347204,
  "metapath_contribution": {
    "CbGaD": 0.7269793974130071,
    "CbGeAlD": 0.061498082393966653,
    "CbGpPWpGaD": 0.20649666667743966,
    "CrCbGaD": 0.005025853515586558
  },
  "n_trials": 0.0,
  "prediction": 0.00138085663933979,
  "status": 0
}