{
  "compound_id": "DB01006",
  "compound_name": "Letrozole",
  "compound_percentile": 0.720588235294118,
  "disease_id": "DOID:7148",
  "disease_name": "rheumatoid arthritis",
  "disease_percentile": 0.823146944083225,
  "metapath_contribution": {
    "CbGbCtD": 0.73283860240678,
    "CcSEcCtD": 0.26716139759322
  },
  "n_trials": 0.0,
  "prediction": 0.00322000193692682,
  "status": 0,
  "training_prediction": 0.0104253005618517
}