{
  "compound_id": "DB00537",
  "compound_name": "Ciprofloxacin",
  "compound_percentile": 0.625,
  "disease_id": "DOID:784",
  "disease_name": "chronic kidney failure",
  "disease_percentile": 0.301690507152146,
  "metapath_contribution": {
    "CbGaD": 0.8310474560734042,
    "CbGeAlD": 0.00770222894051859,
    "CbGpPWpGaD": 0.1520797467471244,
    "CrCbGaD": 0.009170568238952681
  },
  "n_trials": 0.0,
  "prediction": 0.0011972278348141901,
  "status": 0
}