{
  "compound_id": "DB00357",
  "compound_name": "Aminoglutethimide",
  "compound_percentile": 0.772058823529412,
  "disease_id": "DOID:1324",
  "disease_name": "lung cancer",
  "disease_percentile": 0.710663198959688,
  "metapath_contribution": {
    "CbGbCtD": 0.6473527837636454,
    "CbGpPWpGaD": 0.15703188430785914,
    "CcSEcCtD": 0.19561533192849553
  },
  "n_trials": 0.0,
  "prediction": 0.0026415778689333,
  "status": 0
}