{
  "compound_id": "DB00118",
  "compound_name": "S-Adenosylmethionine",
  "compound_percentile": 0.330882352941176,
  "disease_id": "DOID:4045",
  "disease_name": "muscle cancer",
  "disease_percentile": 0.163849154746424,
  "metapath_contribution": {
    "CbGbCtD": 0.44744348559752606,
    "CbGdCrCtD": 0.03263306765390188,
    "CbGeAlD": 0.5199234467485719
  },
  "n_trials": 0.0,
  "prediction": 0.0009135810610983769,
  "status": 0
}