{
  "compound_id": "DB00136",
  "compound_name": "Calcitriol",
  "compound_percentile": 0.9852941176470591,
  "disease_id": "DOID:7148",
  "disease_name": "rheumatoid arthritis",
  "disease_percentile": 0.9934980494148241,
  "metapath_contribution": {
    "CbGaD": 0.17812283240075621,
    "CbGbCtD": 0.15730524536164692,
    "CbGpPWpGaD": 0.01001122672494353,
    "CcSEcCtD": 0.02790878069440731,
    "CrCbGaD": 0.0015126996537065892,
    "CrCrCtD": 0.17671448765197448,
    "CrCtD": 0.2628377043804339,
    "CtDrD": 0.1855870231321311
  },
  "n_trials": 1.0,
  "prediction": 0.10137379873534,
  "status": 0,
  "training_prediction": 0.38044026511541607
}