{
  "compound_id": "DB00967",
  "compound_name": "Desloratadine",
  "compound_percentile": 0.220588235294118,
  "disease_id": "DOID:3571",
  "disease_name": "liver cancer",
  "disease_percentile": 0.45578673602080605,
  "metapath_contribution": {
    "CbGbCtD": 0.6956841531253914,
    "CbGpPWpGaD": 0.15031145495477727,
    "CcSEcCtD": 0.15400439191983128
  },
  "n_trials": 0.0,
  "prediction": 0.0013329203022845301,
  "status": 0,
  "training_prediction": 0.00131488354167424
}