{
  "compound_id": "DB00836",
  "compound_name": "Loperamide",
  "compound_percentile": 0.0294117647058824,
  "disease_id": "DOID:2174",
  "disease_name": "ocular cancer",
  "disease_percentile": 0.20026007802340698,
  "metapath_contribution": {
    "CbGeAlD": 0.08498977238762413,
    "CbGpPWpGaD": 0.8805437706075704,
    "CrCbGaD": 0.03446645700480557
  },
  "n_trials": 0.0,
  "prediction": 0.0007815758733263071,
  "status": 0
}