{
  "compound_id": "DB00121",
  "compound_name": "Biotin",
  "compound_percentile": 0.15441176470588197,
  "disease_id": "DOID:10652",
  "disease_name": "Alzheimer's disease",
  "disease_percentile": 0.485695708712614,
  "metapath_contribution": {
    "CbGeAlD": 0.3732844221387747,
    "CbGpPWpGaD": 0.6090246157502817,
    "CrCbGaD": 0.017690962110943575
  },
  "n_trials": 0.0,
  "prediction": 0.00180960776726494,
  "status": 0
}