{
  "compound_id": "DB00472",
  "compound_name": "Fluoxetine",
  "compound_percentile": 0.683823529411765,
  "disease_id": "DOID:8893",
  "disease_name": "psoriasis",
  "disease_percentile": 0.659947984395319,
  "metapath_contribution": {
    "CbGbCtD": 0.6590491262097135,
    "CbGdCrCtD": 0.0008555448135860032,
    "CbGpPWpGaD": 0.02848188703949483,
    "CcSEcCtD": 0.31161344193720575
  },
  "n_trials": 0.0,
  "prediction": 0.0023195669078662604,
  "status": 0
}