{
  "compound_id": "DB04574",
  "compound_name": "Estropipate",
  "compound_percentile": 0.49264705882352894,
  "disease_id": "DOID:12306",
  "disease_name": "vitiligo",
  "disease_percentile": 0.40507152145643704,
  "metapath_contribution": {
    "CbGbCtD": 0.9627264273817323,
    "CcSEcCtD": 0.037273572618267685
  },
  "n_trials": 0.0,
  "prediction": 0.00122840016170198,
  "status": 0,
  "training_prediction": 0.000553724222589093
}