{
  "compound_id": "DB00501",
  "compound_name": "Cimetidine",
  "compound_percentile": 0.5367647058823529,
  "disease_id": "DOID:3953",
  "disease_name": "adrenal gland cancer",
  "disease_percentile": 0.9349804941482439,
  "metapath_contribution": {
    "CbGaD": 0.6602049201192078,
    "CbGeAlD": 0.28675778097293,
    "CbGpPWpGaD": 0.053037298907862136
  },
  "n_trials": 0.0,
  "prediction": 0.00263001034682533,
  "status": 0
}