{
  "compound_id": "DB00434",
  "compound_name": "Cyproheptadine",
  "compound_percentile": 0.654411764705882,
  "disease_id": "DOID:10534",
  "disease_name": "stomach cancer",
  "disease_percentile": 0.33615084525357597,
  "metapath_contribution": {
    "CbGaD": 0.6188742586503969,
    "CbGeAlD": 0.06466577997689653,
    "CbGpPWpGaD": 0.15108531554408916,
    "CcSEcCtD": 0.15935159416074202,
    "CrCbGaD": 0.006023051667875387
  },
  "n_trials": 0.0,
  "prediction": 0.0011899054603308,
  "status": 0,
  "training_prediction": 0.0026231700821179897
}