{
  "compound_id": "DB01234",
  "compound_name": "Dexamethasone",
  "compound_percentile": 0.28676470588235303,
  "disease_id": "DOID:784",
  "disease_name": "chronic kidney failure",
  "disease_percentile": 0.0364109232769831,
  "metapath_contribution": {
    "CbGaD": 0.730905403646186,
    "CbGeAlD": 0.08093810220907766,
    "CbGpPWpGaD": 0.18140367871174753,
    "CrCbGaD": 0.006752815432988793
  },
  "n_trials": 2.0,
  "prediction": 0.0006701736420980849,
  "status": 0
}