{
  "compound_id": "DB01614",
  "compound_name": "Acepromazine",
  "compound_percentile": 0.786764705882353,
  "disease_id": "DOID:3393",
  "disease_name": "coronary artery disease",
  "disease_percentile": 0.18595578673602103,
  "metapath_contribution": {
    "CbGaD": 0.40032446747614964,
    "CbGbCtD": 0.41613637040639745,
    "CbGeAlD": 0.022183840493439813,
    "CbGpPWpGaD": 0.1562315105802636,
    "CrCbGaD": 0.005123811043749412
  },
  "n_trials": 0.0,
  "prediction": 0.00122066805571145,
  "status": 0
}