{
  "compound_id": "DB00368",
  "compound_name": "Norepinephrine",
  "compound_percentile": 0.720588235294118,
  "disease_id": "DOID:14221",
  "disease_name": "metabolic syndrome X",
  "disease_percentile": 0.39596879063719104,
  "metapath_contribution": {
    "CbGbCtD": 0.7589209469835301,
    "CbGeAlD": 0.08781710833624316,
    "CbGpPWpGaD": 0.1532619446802268
  },
  "n_trials": 0.0,
  "prediction": 0.0012176964240758,
  "status": 0
}