{
  "compound_id": "DB00738",
  "compound_name": "Pentamidine",
  "compound_percentile": 1.0,
  "disease_id": "DOID:10763",
  "disease_name": "hypertension",
  "disease_percentile": 0.8725617685305591,
  "metapath_contribution": {
    "CbGaD": 0.40208377626615066,
    "CbGbCtD": 0.37760852179423965,
    "CbGeAlD": 0.02297061355072377,
    "CbGpPWpGaD": 0.068390464946919,
    "CcSEcCtD": 0.12894662344196686
  },
  "n_trials": 0.0,
  "prediction": 0.0153036028875248,
  "status": 0
}