{
  "compound_id": "DB01202",
  "compound_name": "Levetiracetam",
  "compound_percentile": 0.7352941176470591,
  "disease_id": "DOID:9074",
  "disease_name": "systemic lupus erythematosus",
  "disease_percentile": 0.783485045513654,
  "metapath_contribution": {
    "CbGbCtD": 0.7003434505644688,
    "CbGeAlD": 0.015133092128860217,
    "CcSEcCtD": 0.284523457306671
  },
  "n_trials": 0.0,
  "prediction": 0.00306958658781143,
  "status": 0,
  "training_prediction": 0.0089075974586032
}