{
  "compound_id": "DB00187",
  "compound_name": "Esmolol",
  "compound_percentile": 0.0661764705882353,
  "disease_id": "DOID:1324",
  "disease_name": "lung cancer",
  "disease_percentile": 0.113133940182055,
  "metapath_contribution": {
    "CcSEcCtD": 0.9862789226740606,
    "CrCbGaD": 0.01372107732593939
  },
  "n_trials": 0.0,
  "prediction": 0.0008436659045682651,
  "status": 0,
  "training_prediction": 0.00288806350615086
}