{
  "compound_id": "DB01364",
  "compound_name": "Ephedrine",
  "compound_percentile": 0.875,
  "disease_id": "DOID:11612",
  "disease_name": "polycystic ovary syndrome",
  "disease_percentile": 0.7516254876462941,
  "metapath_contribution": {
    "CbGaD": 0.8789597294118493,
    "CbGeAlD": 0.004337690803162529,
    "CbGpPWpGaD": 0.10999722962560556,
    "CrCbGaD": 0.0067053501593826595
  },
  "n_trials": 0.0,
  "prediction": 0.00198400227056138,
  "status": 0
}