{
  "compound_id": "DB00928",
  "compound_name": "Azacitidine",
  "compound_percentile": 0.323529411764706,
  "disease_id": "DOID:9744",
  "disease_name": "type 1 diabetes mellitus",
  "disease_percentile": 0.0435630689206762,
  "metapath_contribution": {
    "CbGeAlD": 0.4120949045708177,
    "CcSEcCtD": 0.5211233935099467,
    "CrCbGaD": 0.06678170191923546
  },
  "n_trials": 0.0,
  "prediction": 0.000650065619978334,
  "status": 0
}