{
  "compound_id": "DB01216",
  "compound_name": "Finasteride",
  "compound_percentile": 0.904411764705882,
  "disease_id": "DOID:11476",
  "disease_name": "osteoporosis",
  "disease_percentile": 0.809492847854356,
  "metapath_contribution": {
    "CbGbCtD": 0.261810064092733,
    "CbGpPWpGaD": 0.0823995476075775,
    "CcSEcCtD": 0.15592545161214613,
    "CrCbGaD": 0.004107809072358705,
    "CrCrCtD": 0.4957571276151847
  },
  "n_trials": 0.0,
  "prediction": 0.00299282150239258,
  "status": 0
}