{
  "compound_id": "DB08827",
  "compound_name": "Lomitapide",
  "compound_percentile": 0.5220588235294121,
  "disease_id": "DOID:5419",
  "disease_name": "schizophrenia",
  "disease_percentile": 0.386866059817945,
  "metapath_contribution": {
    "CbGaD": 0.7977580456777795,
    "CbGeAlD": 0.06697768808116351,
    "CbGpPWpGaD": 0.13448780346300496,
    "CrCbGaD": 0.0007764627780520472
  },
  "n_trials": 0.0,
  "prediction": 0.00132472708039339,
  "status": 0
}