{
  "compound_id": "DB00140",
  "compound_name": "Riboflavin",
  "compound_percentile": 0.742647058823529,
  "disease_id": "DOID:11934",
  "disease_name": "head and neck cancer",
  "disease_percentile": 0.9239271781534458,
  "metapath_contribution": {
    "CbGbCtD": 0.7641483538224526,
    "CbGeAlD": 0.06800573993174051,
    "CbGpPWpGaD": 0.1585253012602784,
    "CrCbGaD": 0.009320604985528369
  },
  "n_trials": 0.0,
  "prediction": 0.00295549037261888,
  "status": 0
}