{
  "compound_id": "DB01248",
  "compound_name": "Docetaxel",
  "compound_percentile": 0.375,
  "disease_id": "DOID:11476",
  "disease_name": "osteoporosis",
  "disease_percentile": 0.442782834850455,
  "metapath_contribution": {
    "CbGbCtD": 0.6177907904140191,
    "CbGdCrCtD": 0.003138668028923709,
    "CbGeAlD": 0.0017664059907062431,
    "CbGpPWpGaD": 0.16476509152495078,
    "CcSEcCtD": 0.21107527231235595,
    "CrCbGaD": 0.001463771729044437
  },
  "n_trials": 0.0,
  "prediction": 0.00175209825230955,
  "status": 0,
  "training_prediction": 0.0313343223554859
}