{
  "compound_id": "DB00455",
  "compound_name": "Loratadine",
  "compound_percentile": 0.838235294117647,
  "disease_id": "DOID:8577",
  "disease_name": "ulcerative colitis",
  "disease_percentile": 0.7899869960988299,
  "metapath_contribution": {
    "CbGaD": 0.29942241959737725,
    "CbGbCtD": 0.5627636330006697,
    "CcSEcCtD": 0.1375195797368346,
    "CrCbGaD": 0.00029436766511851725
  },
  "n_trials": 0.0,
  "prediction": 0.00344341384951922,
  "status": 0,
  "training_prediction": 0.0262501770733122
}