{
  "compound_id": "DB01240",
  "compound_name": "Epoprostenol",
  "compound_percentile": 0.9852941176470591,
  "disease_id": "DOID:13189",
  "disease_name": "gout",
  "disease_percentile": 0.7321196358907671,
  "metapath_contribution": {
    "CbGbCtD": 0.1396443595390321,
    "CcSEcCtD": 0.1288571097327423,
    "CpDpCtD": 0.7267663984763809,
    "CrCbGaD": 0.004732132251844749
  },
  "n_trials": 0.0,
  "prediction": 0.00314388752153886,
  "status": 0
}