{
  "compound_id": "DB00598",
  "compound_name": "Labetalol",
  "compound_percentile": 0.772058823529412,
  "disease_id": "DOID:12361",
  "disease_name": "Graves' disease",
  "disease_percentile": 0.41027308192457707,
  "metapath_contribution": {
    "CbGbCtD": 0.5397213857279006,
    "CcSEcCtD": 0.46027861427209943
  },
  "n_trials": 0.0,
  "prediction": 0.0013744974810967199,
  "status": 0,
  "training_prediction": 0.00101368135547898
}