{
  "compound_id": "DB00960",
  "compound_name": "Pindolol",
  "compound_percentile": 0.3970588235294121,
  "disease_id": "DOID:263",
  "disease_name": "kidney cancer",
  "disease_percentile": 0.20611183355006502,
  "metapath_contribution": {
    "CbGbCtD": 0.42445229971438836,
    "CcSEcCtD": 0.5648887655721604,
    "CrCbGaD": 0.010658934713451307
  },
  "n_trials": 0.0,
  "prediction": 0.0010406879865635,
  "status": 0,
  "training_prediction": 0.00303169484828425
}