{
  "compound_id": "DB00912",
  "compound_name": "Repaglinide",
  "compound_percentile": 0.588235294117647,
  "disease_id": "DOID:0050741",
  "disease_name": "alcohol dependence",
  "disease_percentile": 0.662548764629389,
  "metapath_contribution": {
    "CbGbCtD": 0.16281990997103937,
    "CbGeAlD": 0.1483014819186304,
    "CbGpPWpGaD": 0.22221114542650344,
    "CcSEcCtD": 0.4666674626838268
  },
  "n_trials": 0.0,
  "prediction": 0.0027737597152943,
  "status": 0,
  "training_prediction": 0.0033658486581684
}