{
  "compound_id": "DB00575",
  "compound_name": "Clonidine",
  "compound_percentile": 0.6764705882352939,
  "disease_id": "DOID:14227",
  "disease_name": "azoospermia",
  "disease_percentile": 0.7048114434330301,
  "metapath_contribution": {
    "CbGbCtD": 0.8707155404514286,
    "CbGeAlD": 0.09671847198859254,
    "CcSEcCtD": 0.032565987559978755
  },
  "n_trials": 0.0,
  "prediction": 0.00208937402207557,
  "status": 0,
  "training_prediction": 0.00157172032150402
}