{
  "compound_id": "DB00227",
  "compound_name": "Lovastatin",
  "compound_percentile": 0.10294117647058802,
  "disease_id": "DOID:4989",
  "disease_name": "pancreatitis",
  "disease_percentile": 0.20221066319895997,
  "metapath_contribution": {
    "CbGeAlD": 0.3096543090364206,
    "CbGpPWpGaD": 0.4620123741954028,
    "CcSEcCtD": 0.2283333167681765
  },
  "n_trials": 0.0,
  "prediction": 0.00101001756273772,
  "status": 0,
  "training_prediction": 0.0012399060680343302
}