{
  "compound_id": "DB01463",
  "compound_name": "Fencamfamine",
  "compound_percentile": 0.992647058823529,
  "disease_id": "DOID:0050741",
  "disease_name": "alcohol dependence",
  "disease_percentile": 0.8881664499349811,
  "metapath_contribution": {
    "CbGaD": 0.6079205509416312,
    "CbGbCtD": 0.36818637674157084,
    "CbGeAlD": 0.0030536099406792334,
    "CbGpPWpGaD": 0.01564669273817964,
    "CrCbGaD": 0.005192769637939081
  },
  "n_trials": 0.0,
  "prediction": 0.00611390016547674,
  "status": 0
}