{
  "compound_id": "DB00545",
  "compound_name": "Pyridostigmine",
  "compound_percentile": 0.485294117647059,
  "disease_id": "DOID:2394",
  "disease_name": "ovarian cancer",
  "disease_percentile": 0.579973992197659,
  "metapath_contribution": {
    "CbGbCtD": 0.3133425194959588,
    "CbGeAlD": 0.09640109062753244,
    "CcSEcCtD": 0.5832360559191664,
    "CrCbGaD": 0.007020333957342191
  },
  "n_trials": 0.0,
  "prediction": 0.00167718732482746,
  "status": 0
}