{
  "compound_id": "DB06689",
  "compound_name": "Ethanolamine Oleate",
  "compound_percentile": 0.213235294117647,
  "disease_id": "DOID:3070",
  "disease_name": "malignant glioma",
  "disease_percentile": 0.334850455136541,
  "metapath_contribution": {
    "CbGeAlD": 0.28423541702181465,
    "CbGpPWpGaD": 0.6563331779748004,
    "CrCbGaD": 0.059431405003385014
  },
  "n_trials": 0.0,
  "prediction": 0.00111985260169637,
  "status": 0
}