{
  "compound_id": "DB00496",
  "compound_name": "Darifenacin",
  "compound_percentile": 0.838235294117647,
  "disease_id": "DOID:9206",
  "disease_name": "Barrett's esophagus",
  "disease_percentile": 0.5071521456436929,
  "metapath_contribution": {
    "CbGbCtD": 0.5735305753583034,
    "CbGpPWpGaD": 0.022064886760078277,
    "CcSEcCtD": 0.4044045378816183
  },
  "n_trials": 0.0,
  "prediction": 0.00171109538318264,
  "status": 0
}