{
  "compound_id": "DB00943",
  "compound_name": "Zalcitabine",
  "compound_percentile": 0.757352941176471,
  "disease_id": "DOID:1595",
  "disease_name": "endogenous depression",
  "disease_percentile": 0.576072821846554,
  "metapath_contribution": {
    "CbGaD": 0.8703979907441317,
    "CbGeAlD": 0.07240692482255627,
    "CbGpPWpGaD": 0.05719508443331206
  },
  "n_trials": 0.0,
  "prediction": 0.00164446714561909,
  "status": 0
}