{
  "compound_id": "DB08884",
  "compound_name": "Gadoxetate",
  "compound_percentile": 0.941176470588235,
  "disease_id": "DOID:1459",
  "disease_name": "hypothyroidism",
  "disease_percentile": 0.985045513654096,
  "metapath_contribution": {
    "CbGbCtD": 0.7759096473835587,
    "CbGeAlD": 0.011812244365130668,
    "CcSEcCtD": 0.21227810825131063
  },
  "n_trials": 0.0,
  "prediction": 0.00522531268982532,
  "status": 0
}