{
  "compound_id": "DB00401",
  "compound_name": "Nisoldipine",
  "compound_percentile": 0.963235294117647,
  "disease_id": "DOID:635",
  "disease_name": "acquired immunodeficiency syndrome",
  "disease_percentile": 0.5715214564369311,
  "metapath_contribution": {
    "CbGbCtD": 0.7519934306565251,
    "CbGeAlD": 0.02783866151267712,
    "CcSEcCtD": 0.22016790783079765
  },
  "n_trials": 0.0,
  "prediction": 0.0027207872985055,
  "status": 0,
  "training_prediction": 0.008358900337094
}