{
  "compound_id": "DB00509",
  "compound_name": "Dextrothyroxine",
  "compound_percentile": 0.683823529411765,
  "disease_id": "DOID:585",
  "disease_name": "nephrolithiasis",
  "disease_percentile": 0.6287386215864761,
  "metapath_contribution": {
    "CbGeAlD": 0.2078632626403916,
    "CbGpPWpGaD": 0.6676924345572317,
    "CcSEcCtD": 0.12444430280237674
  },
  "n_trials": 0.0,
  "prediction": 0.0017632110887840398,
  "status": 0,
  "training_prediction": 0.0007950340125887589
}