{
  "compound_id": "DB06201",
  "compound_name": "Rufinamide",
  "compound_percentile": 0.485294117647059,
  "disease_id": "DOID:2394",
  "disease_name": "ovarian cancer",
  "disease_percentile": 0.8777633289986999,
  "metapath_contribution": {
    "CbGeAlD": 0.11717497166840157,
    "CbGpPWpGaD": 0.15427489937731034,
    "CcSEcCtD": 0.7285501289542881
  },
  "n_trials": 0.0,
  "prediction": 0.00272320019182866,
  "status": 0,
  "training_prediction": 0.006479051584664539
}