{
  "compound_id": "DB01005",
  "compound_name": "Hydroxyurea",
  "compound_percentile": 0.845588235294118,
  "disease_id": "DOID:9074",
  "disease_name": "systemic lupus erythematosus",
  "disease_percentile": 0.9044213263979191,
  "metapath_contribution": {
    "CbGeAlD": 0.03221793066325168,
    "CbGpPWpGaD": 0.000947874988947825,
    "CcSEcCtD": 0.15055180189185152,
    "CtDrD": 0.8162823924559489
  },
  "n_trials": 0.0,
  "prediction": 0.005065712092866779,
  "status": 0,
  "training_prediction": 0.0406498180966968
}