{
  "compound_id": "DB01223",
  "compound_name": "Aminophylline",
  "compound_percentile": 0.838235294117647,
  "disease_id": "DOID:12236",
  "disease_name": "primary biliary cirrhosis",
  "disease_percentile": 0.8576072821846551,
  "metapath_contribution": {
    "CbGbCtD": 0.7236566060449758,
    "CbGpPWpGaD": 0.09432782462611687,
    "CcSEcCtD": 0.17222420372007008,
    "CrCbGaD": 0.009791365608837246
  },
  "n_trials": 0.0,
  "prediction": 0.00298942571972277,
  "status": 0,
  "training_prediction": 0.00490901953297783
}