{
  "compound_id": "DB00462",
  "compound_name": "Methylscopolamine bromide",
  "compound_percentile": 0.139705882352941,
  "disease_id": "DOID:9970",
  "disease_name": "obesity",
  "disease_percentile": 0.1222366710013,
  "metapath_contribution": {
    "CbGpPWpGaD": 0.4361501959431849,
    "CcSEcCtD": 0.5517361042480414,
    "CrCbGaD": 0.012113699808773675
  },
  "n_trials": 0.0,
  "prediction": 0.00108900321797602,
  "status": 0
}