{
  "compound_id": "DB06201",
  "compound_name": "Rufinamide",
  "compound_percentile": 0.617647058823529,
  "disease_id": "DOID:9008",
  "disease_name": "psoriatic arthritis",
  "disease_percentile": 0.903120936280884,
  "metapath_contribution": {
    "CbGbCtD": 0.8283197619501156,
    "CcSEcCtD": 0.17168023804988447
  },
  "n_trials": 0.0,
  "prediction": 0.00314226591233082,
  "status": 0,
  "training_prediction": 0.00632980203894453
}