{
  "compound_id": "DB00501",
  "compound_name": "Cimetidine",
  "compound_percentile": 0.529411764705882,
  "disease_id": "DOID:7147",
  "disease_name": "ankylosing spondylitis",
  "disease_percentile": 0.8335500650195059,
  "metapath_contribution": {
    "CbGbCtD": 0.9223799812615735,
    "CcSEcCtD": 0.0776200187384265
  },
  "n_trials": 0.0,
  "prediction": 0.0025517014648614397,
  "status": 0,
  "training_prediction": 0.00514325585544364
}