{
  "compound_id": "DB00700",
  "compound_name": "Eplerenone",
  "compound_percentile": 0.808823529411765,
  "disease_id": "DOID:2531",
  "disease_name": "hematologic cancer",
  "disease_percentile": 0.462938881664499,
  "metapath_contribution": {
    "CbGbCtD": 0.44326602057920006,
    "CbGeAlD": 0.004909412881677045,
    "CbGpPWpGaD": 0.018703737410679114,
    "CcSEcCtD": 0.17982312849665572,
    "CrCbGaD": 0.0033855348457129337,
    "CrCrCtD": 0.34991216578607515
  },
  "n_trials": 0.0,
  "prediction": 0.0021308312706820104,
  "status": 0,
  "training_prediction": 0.0313858992365651
}