{
  "compound_id": "DB00186",
  "compound_name": "Lorazepam",
  "compound_percentile": 0.786764705882353,
  "disease_id": "DOID:1094",
  "disease_name": "attention deficit hyperactivity disorder",
  "disease_percentile": 0.21911573472041604,
  "metapath_contribution": {
    "CbGeAlD": 0.27144807145339966,
    "CbGpPWpGaD": 0.6386312080997026,
    "CrCbGaD": 0.08992072044689767
  },
  "n_trials": 0.0,
  "prediction": 0.0010200422167943699,
  "status": 0
}