{
  "compound_id": "DB00168",
  "compound_name": "Aspartame",
  "compound_percentile": 0.8602941176470591,
  "disease_id": "DOID:6364",
  "disease_name": "migraine",
  "disease_percentile": 0.121586475942783,
  "metapath_contribution": {
    "CbGbCtD": 0.5086898842873917,
    "CbGeAlD": 0.2691576243931396,
    "CbGpPWpGaD": 0.20278176443441703,
    "CrCbGaD": 0.01937072688505176
  },
  "n_trials": 0.0,
  "prediction": 0.00129668136321111,
  "status": 0
}