{
  "compound_id": "DB00208",
  "compound_name": "Ticlopidine",
  "compound_percentile": 0.602941176470588,
  "disease_id": "DOID:14330",
  "disease_name": "Parkinson's disease",
  "disease_percentile": 0.6573472041612479,
  "metapath_contribution": {
    "CbGaD": 0.8476780529877276,
    "CbGeAlD": 0.011343373661330512,
    "CbGpPWpGaD": 0.1393911502233269,
    "CrCbGaD": 0.0015874231276149916
  },
  "n_trials": 0.0,
  "prediction": 0.00174039119415339,
  "status": 0
}