{
  "compound_id": "DB00889",
  "compound_name": "Granisetron",
  "compound_percentile": 0.7058823529411771,
  "disease_id": "DOID:9074",
  "disease_name": "systemic lupus erythematosus",
  "disease_percentile": 0.652795838751626,
  "metapath_contribution": {
    "CbGbCtD": 0.7152066725630338,
    "CbGeAlD": 0.0028170464813098233,
    "CcSEcCtD": 0.2819762809556563
  },
  "n_trials": 0.0,
  "prediction": 0.0023513764656423602,
  "status": 0
}