{
  "compound_id": "DB01087",
  "compound_name": "Primaquine",
  "compound_percentile": 0.588235294117647,
  "disease_id": "DOID:9074",
  "disease_name": "systemic lupus erythematosus",
  "disease_percentile": 0.539661898569571,
  "metapath_contribution": {
    "CbGbCtD": 0.7845198429976898,
    "CbGeAlD": 0.18460908105808221,
    "CrCbGaD": 0.03087107594422795
  },
  "n_trials": 0.0,
  "prediction": 0.0020378316652492,
  "status": 0
}