{
  "compound_id": "DB06809",
  "compound_name": "Plerixafor",
  "compound_percentile": 0.941176470588235,
  "disease_id": "DOID:0050741",
  "disease_name": "alcohol dependence",
  "disease_percentile": 0.657997399219766,
  "metapath_contribution": {
    "CbGeAlD": 0.19689013209242068,
    "CbGpPWpGaD": 0.35295974933187024,
    "CcSEcCtD": 0.450150118575709
  },
  "n_trials": 0.0,
  "prediction": 0.00274902821500453,
  "status": 0
}