{
  "compound_id": "DB01204",
  "compound_name": "Mitoxantrone",
  "compound_percentile": 0.419117647058824,
  "disease_id": "DOID:14221",
  "disease_name": "metabolic syndrome X",
  "disease_percentile": 0.8660598179453841,
  "metapath_contribution": {
    "CbGbCtD": 0.7713096012975894,
    "CbGeAlD": 0.045168326674650226,
    "CbGpPWpGaD": 0.13126103598719396,
    "CcSEcCtD": 0.052261036040566325
  },
  "n_trials": 0.0,
  "prediction": 0.0023465961433426397,
  "status": 0,
  "training_prediction": 0.00418641370295232
}