{
  "compound_id": "DB00814",
  "compound_name": "Meloxicam",
  "compound_percentile": 0.852941176470588,
  "disease_id": "DOID:4045",
  "disease_name": "muscle cancer",
  "disease_percentile": 0.9323797139141742,
  "metapath_contribution": {
    "CbGaD": 0.3367385853174383,
    "CbGbCtD": 0.5778014246003096,
    "CbGeAlD": 0.010251744590445293,
    "CcSEcCtD": 0.07190150193055861,
    "CrCbGaD": 0.003306743561248108
  },
  "n_trials": 0.0,
  "prediction": 0.00313006592741567,
  "status": 0
}