{
  "compound_id": "DB01579",
  "compound_name": "Phendimetrazine",
  "compound_percentile": 0.9191176470588229,
  "disease_id": "DOID:1686",
  "disease_name": "glaucoma",
  "disease_percentile": 0.644343302990897,
  "metapath_contribution": {
    "CbGbCtD": 0.7879775196007395,
    "CbGpPWpGaD": 0.04266002746063777,
    "CcSEcCtD": 0.16936245293862284
  },
  "n_trials": 0.0,
  "prediction": 0.00237349917442136,
  "status": 0,
  "training_prediction": 0.0100284796182504
}