{
  "compound_id": "DB00788",
  "compound_name": "Naproxen",
  "compound_percentile": 0.485294117647059,
  "disease_id": "DOID:1909",
  "disease_name": "melanoma",
  "disease_percentile": 0.435630689206762,
  "metapath_contribution": {
    "CbGaD": 0.4274343213919147,
    "CbGbCtD": 0.2761005487914453,
    "CbGpPWpGaD": 0.09966895703325727,
    "CcSEcCtD": 0.1885795383602418,
    "CrCbGaD": 0.008216634423140818
  },
  "n_trials": 0.0,
  "prediction": 0.00130115986383937,
  "status": 0,
  "training_prediction": 0.00237752334450036
}