{
  "compound_id": "DB00294",
  "compound_name": "Etonogestrel",
  "compound_percentile": 0.8897058823529409,
  "disease_id": "DOID:8577",
  "disease_name": "ulcerative colitis",
  "disease_percentile": 0.5019505851755529,
  "metapath_contribution": {
    "CbGbCtD": 0.43841712302832914,
    "CbGpPWpGaD": 0.017437110698600364,
    "CcSEcCtD": 0.13193359263934484,
    "CrCbGaD": 0.0009906718703244356,
    "CrCrCtD": 0.4112215017634013
  },
  "n_trials": 0.0,
  "prediction": 0.00210185803975576,
  "status": 0
}