{
  "compound_id": "DB00188",
  "compound_name": "Bortezomib",
  "compound_percentile": 0.485294117647059,
  "disease_id": "DOID:10534",
  "disease_name": "stomach cancer",
  "disease_percentile": 0.677503250975293,
  "metapath_contribution": {
    "CbGbCtD": 0.07460460344376289,
    "CbGeAlD": 0.16983167890015802,
    "CbGpPWpGaD": 0.33602701083041886,
    "CcSEcCtD": 0.41470723811483456,
    "CrCbGaD": 0.004829468710825853
  },
  "n_trials": 0.0,
  "prediction": 0.00200992085563756,
  "status": 0,
  "training_prediction": 0.00442653280772712
}