{
  "compound_id": "DB01023",
  "compound_name": "Felodipine",
  "compound_percentile": 0.691176470588235,
  "disease_id": "DOID:14221",
  "disease_name": "metabolic syndrome X",
  "disease_percentile": 0.542912873862159,
  "metapath_contribution": {
    "CbGeAlD": 0.054284769290440696,
    "CbGpPWpGaD": 0.0908356470657119,
    "CcSEcCtD": 0.020311992588301808,
    "CtDrD": 0.8345675910555456
  },
  "n_trials": 0.0,
  "prediction": 0.00146957801642726,
  "status": 0,
  "training_prediction": 0.000662527494753545
}