{
  "compound_id": "DB00921",
  "compound_name": "Buprenorphine",
  "compound_percentile": 0.742647058823529,
  "disease_id": "DOID:9970",
  "disease_name": "obesity",
  "disease_percentile": 0.46684005201560497,
  "metapath_contribution": {
    "CbGbCtD": 0.5790787455279929,
    "CbGeAlD": 0.017314241786768932,
    "CbGpPWpGaD": 0.17311018462672145,
    "CcSEcCtD": 0.228164616430563,
    "CrCbGaD": 0.0023322116279537023
  },
  "n_trials": 0.0,
  "prediction": 0.00234256184641763,
  "status": 0
}