{
  "compound_id": "DB00849",
  "compound_name": "Methylphenobarbital",
  "compound_percentile": 0.970588235294118,
  "disease_id": "DOID:12849",
  "disease_name": "autistic disorder",
  "disease_percentile": 0.9538361508452541,
  "metapath_contribution": {
    "CbGaD": 0.7648615805671699,
    "CbGeAlD": 0.0734043312911955,
    "CbGpPWpGaD": 0.15498592916283818,
    "CrCbGaD": 0.006748158978796271
  },
  "n_trials": 0.0,
  "prediction": 0.00405667556245165,
  "status": 0
}