{
  "compound_id": "DB00720",
  "compound_name": "Clodronate",
  "compound_percentile": 0.588235294117647,
  "disease_id": "DOID:3083",
  "disease_name": "chronic obstructive pulmonary disease",
  "disease_percentile": 0.332899869960988,
  "metapath_contribution": {
    "CbGeAlD": 0.26229606191554905,
    "CbGpPWpGaD": 0.29223986438924476,
    "CcSEcCtD": 0.4454640736952062
  },
  "n_trials": 0.0,
  "prediction": 0.00166904120072965,
  "status": 0
}