{
  "compound_id": "DB01043",
  "compound_name": "Memantine",
  "compound_percentile": 0.6764705882352939,
  "disease_id": "DOID:1686",
  "disease_name": "glaucoma",
  "disease_percentile": 0.8133940182054621,
  "metapath_contribution": {
    "CbGbCtD": 0.3526887958877122,
    "CbGpPWpGaD": 0.08055465784573812,
    "CcSEcCtD": 0.5667565462665497
  },
  "n_trials": 2.0,
  "prediction": 0.00318829500896206,
  "status": 0,
  "training_prediction": 0.0134357535818331
}