{
  "compound_id": "DB01196",
  "compound_name": "Estramustine",
  "compound_percentile": 0.3970588235294121,
  "disease_id": "DOID:2377",
  "disease_name": "multiple sclerosis",
  "disease_percentile": 0.0565669700910273,
  "metapath_contribution": {
    "CbGbCtD": 0.47771132764246643,
    "CbGeAlD": 0.09535889314199802,
    "CbGpPWpGaD": 0.07090459633426355,
    "CcSEcCtD": 0.1867583917845637,
    "CrCbGaD": 0.00022360006901454176,
    "CrCrCtD": 0.1690431910276938
  },
  "n_trials": 0.0,
  "prediction": 0.00090657135634601,
  "status": 0,
  "training_prediction": 0.00232568070423453
}