{
  "compound_id": "DB00413",
  "compound_name": "Pramipexole",
  "compound_percentile": 0.808823529411765,
  "disease_id": "DOID:784",
  "disease_name": "chronic kidney failure",
  "disease_percentile": 0.960988296488947,
  "metapath_contribution": {
    "CbGaD": 0.826266230452674,
    "CbGeAlD": 0.06255939110081965,
    "CbGpPWpGaD": 0.11117437844650631
  },
  "n_trials": 0.0,
  "prediction": 0.0043058735547574,
  "status": 0
}