{
  "compound_id": "DB00161",
  "compound_name": "L-Valine",
  "compound_percentile": 0.49264705882352894,
  "disease_id": "DOID:9970",
  "disease_name": "obesity",
  "disease_percentile": 0.200910273081925,
  "metapath_contribution": {
    "CbGdCrCtD": 0.010673192638210191,
    "CbGeAlD": 0.3259655939532703,
    "CbGpPWpGaD": 0.6471895539488743,
    "CrCbGaD": 0.016171659459645257
  },
  "n_trials": 0.0,
  "prediction": 0.00134373320176896,
  "status": 0
}