{
  "compound_id": "DB00201",
  "compound_name": "Caffeine",
  "compound_percentile": 0.852941176470588,
  "disease_id": "DOID:3571",
  "disease_name": "liver cancer",
  "disease_percentile": 0.9544863459037709,
  "metapath_contribution": {
    "CbGaD": 0.6457548363599872,
    "CbGbCtD": 0.17962729770097305,
    "CbGeAlD": 0.012008955496191248,
    "CbGpPWpGaD": 0.14119650702847034,
    "CcSEcCtD": 0.020245607375346763,
    "CrCbGaD": 0.0011667960390313345
  },
  "n_trials": 0.0,
  "prediction": 0.0039668735382626,
  "status": 0
}