{
  "compound_id": "DB01069",
  "compound_name": "Promethazine",
  "compound_percentile": 0.558823529411765,
  "disease_id": "DOID:11476",
  "disease_name": "osteoporosis",
  "disease_percentile": 0.0494148244473342,
  "metapath_contribution": {
    "CbGbCtD": 0.49298732407405066,
    "CbGpPWpGaD": 0.23981063422671442,
    "CcSEcCtD": 0.267202041699235
  },
  "n_trials": 0.0,
  "prediction": 0.000853656373005779,
  "status": 0
}