{
  "compound_id": "DB06292",
  "compound_name": "Dapagliflozin",
  "compound_percentile": 0.647058823529412,
  "disease_id": "DOID:5419",
  "disease_name": "schizophrenia",
  "disease_percentile": 0.9018205461638491,
  "metapath_contribution": {
    "CbGaD": 0.6853766414206558,
    "CbGeAlD": 0.14053740397034967,
    "CbGpPWpGaD": 0.1724498445330956,
    "CrCbGaD": 0.0016361100758990497
  },
  "n_trials": 0.0,
  "prediction": 0.0030504746599275,
  "status": 0
}