{
  "compound_id": "DB00927",
  "compound_name": "Famotidine",
  "compound_percentile": 0.882352941176471,
  "disease_id": "DOID:2377",
  "disease_name": "multiple sclerosis",
  "disease_percentile": 0.864109232769831,
  "metapath_contribution": {
    "CbGbCtD": 0.8042856390454561,
    "CbGpPWpGaD": 0.002131367529555384,
    "CcSEcCtD": 0.19358299342498855
  },
  "n_trials": 0.0,
  "prediction": 0.00344102217115977,
  "status": 0
}