{
  "category": "SYM",
  "compound_id": "DB00184",
  "compound_name": "Nicotine",
  "compound_percentile": 1.0,
  "disease_id": "DOID:0050742",
  "disease_name": "nicotine dependence",
  "disease_percentile": 1.0,
  "metapath_contribution": {
    "CbGaD": 0.44519380809273545,
    "CbGbCtD": 0.38610466006694355,
    "CbGeAlD": 0.013868459560492697,
    "CbGpPWpGaD": 0.10806851292085497,
    "CcSEcCtD": 0.04676455935897329
  },
  "prediction": 0.0432156894031041,
  "status": 0,
  "training_prediction": 0.0199406884156169
}