{
  "compound_id": "DB00440",
  "compound_name": "Trimethoprim",
  "compound_percentile": 0.566176470588235,
  "disease_id": "DOID:1686",
  "disease_name": "glaucoma",
  "disease_percentile": 0.34460338101430393,
  "metapath_contribution": {
    "CbGbCtD": 0.5543023170128532,
    "CbGpPWpGaD": 0.06073242556443646,
    "CcSEcCtD": 0.3849652574227105
  },
  "n_trials": 0.0,
  "prediction": 0.00150567940358674,
  "status": 0
}