{
  "compound_id": "DB01127",
  "compound_name": "Econazole",
  "compound_percentile": 0.11764705882352902,
  "disease_id": "DOID:11054",
  "disease_name": "urinary bladder cancer",
  "disease_percentile": 0.18530559167750302,
  "metapath_contribution": {
    "CbGbCtD": 0.19708517126973715,
    "CbGeAlD": 0.11900410430071692,
    "CbGpPWpGaD": 0.575687438203517,
    "CcSEcCtD": 0.10822328622602903
  },
  "n_trials": 0.0,
  "prediction": 0.000931742756203501,
  "status": 0
}