{
  "compound_id": "DB00648",
  "compound_name": "Mitotane",
  "compound_percentile": 0.0367647058823529,
  "disease_id": "DOID:10534",
  "disease_name": "stomach cancer",
  "disease_percentile": 0.17685305591677497,
  "metapath_contribution": {
    "CbGeAlD": 0.13102842012931784,
    "CbGpPWpGaD": 0.11821772933596655,
    "CcSEcCtD": 0.7507538505347157
  },
  "n_trials": 0.0,
  "prediction": 0.000869376358736012,
  "status": 0
}