{
  "compound_id": "DB00921",
  "compound_name": "Buprenorphine",
  "compound_percentile": 0.801470588235294,
  "disease_id": "DOID:219",
  "disease_name": "colon cancer",
  "disease_percentile": 0.858257477243173,
  "metapath_contribution": {
    "CbGaD": 0.26397234888501236,
    "CbGbCtD": 0.5802068307961041,
    "CbGeAlD": 0.01561040757926747,
    "CbGpPWpGaD": 0.010932714968532896,
    "CcSEcCtD": 0.1286145693173932,
    "CrCbGaD": 0.0006631284536898611
  },
  "n_trials": 0.0,
  "prediction": 0.00275137937551973,
  "status": 0
}