{
  "compound_id": "DB00193",
  "compound_name": "Tramadol",
  "compound_percentile": 0.639705882352941,
  "disease_id": "DOID:1936",
  "disease_name": "atherosclerosis",
  "disease_percentile": 0.548764629388817,
  "metapath_contribution": {
    "CbGbCtD": 0.5094322578474267,
    "CbGpPWpGaD": 0.12731285377998275,
    "CcSEcCtD": 0.36325488837259057
  },
  "n_trials": 0.0,
  "prediction": 0.00198785828977839,
  "status": 0
}