{
  "compound_id": "DB01012",
  "compound_name": "Cinacalcet",
  "compound_percentile": 0.323529411764706,
  "disease_id": "DOID:1312",
  "disease_name": "focal segmental glomerulosclerosis",
  "disease_percentile": 0.213263979193758,
  "metapath_contribution": {
    "CbGbCtD": 0.24641664730044469,
    "CbGeAlD": 0.5938629500039092,
    "CcSEcCtD": 0.15972040269564608
  },
  "n_trials": 0.0,
  "prediction": 0.000997169677305086,
  "status": 0
}