{
  "compound_id": "DB00683",
  "compound_name": "Midazolam",
  "compound_percentile": 0.49264705882352894,
  "disease_id": "DOID:4362",
  "disease_name": "cervical cancer",
  "disease_percentile": 0.28868660598179496,
  "metapath_contribution": {
    "CbGbCtD": 0.4406036347170118,
    "CbGeAlD": 0.5593963652829882
  },
  "n_trials": 0.0,
  "prediction": 0.0011196435555684801,
  "status": 0,
  "training_prediction": 0.000504669977075376
}