{
  "compound_id": "DB00347",
  "compound_name": "Trimethadione",
  "compound_percentile": 0.963235294117647,
  "disease_id": "DOID:10283",
  "disease_name": "prostate cancer",
  "disease_percentile": 0.8394018205461641,
  "metapath_contribution": {
    "CbGaD": 0.3553358461504997,
    "CbGbCtD": 0.4530970958924843,
    "CbGeAlD": 0.0041502213257564305,
    "CbGpPWpGaD": 0.08449400740617456,
    "CcSEcCtD": 0.10077159409690245,
    "CrCbGaD": 0.0021512351281825696
  },
  "n_trials": 0.0,
  "prediction": 0.005313770330983221,
  "status": 0,
  "training_prediction": 0.0222402726288817
}