{
  "compound_id": "DB01217",
  "compound_name": "Anastrozole",
  "compound_percentile": 0.426470588235294,
  "disease_id": "DOID:4989",
  "disease_name": "pancreatitis",
  "disease_percentile": 0.831599479843953,
  "metapath_contribution": {
    "CbGpPWpGaD": 0.1257647909630937,
    "CcSEcCtD": 0.8742352090369063
  },
  "n_trials": 0.0,
  "prediction": 0.0022917542816119,
  "status": 0,
  "training_prediction": 0.0016905588389855301
}