{
  "compound_id": "DB00859",
  "compound_name": "Penicillamine",
  "compound_percentile": 0.75,
  "disease_id": "DOID:2377",
  "disease_name": "multiple sclerosis",
  "disease_percentile": 0.48049414824447295,
  "metapath_contribution": {
    "CbGbCtD": 0.02475877673375808,
    "CcSEcCtD": 0.975241223266242
  },
  "n_trials": 0.0,
  "prediction": 0.0018133189767089101,
  "status": 0,
  "training_prediction": 0.00464521425746456
}