{
  "compound_id": "DB00800",
  "compound_name": "Fenoldopam",
  "compound_percentile": 0.808823529411765,
  "disease_id": "DOID:3310",
  "disease_name": "atopic dermatitis",
  "disease_percentile": 0.659947984395319,
  "metapath_contribution": {
    "CbGeAlD": 0.1324407579921268,
    "CbGpPWpGaD": 0.2518148366592227,
    "CcSEcCtD": 0.6157444053486506
  },
  "n_trials": 0.0,
  "prediction": 0.00261490247003433,
  "status": 0,
  "training_prediction": 0.0089131274260164
}