{
  "compound_id": "DB00550",
  "compound_name": "Propylthiouracil",
  "compound_percentile": 0.617647058823529,
  "disease_id": "DOID:2841",
  "disease_name": "asthma",
  "disease_percentile": 0.44603381014304294,
  "metapath_contribution": {
    "CbGeAlD": 0.1706629089449573,
    "CbGpPWpGaD": 0.25412713656399327,
    "CcSEcCtD": 0.5752099544910495
  },
  "n_trials": 0.0,
  "prediction": 0.0022528378146473,
  "status": 0,
  "training_prediction": 0.0151935274159351
}