{
  "compound_id": "DB00816",
  "compound_name": "Orciprenaline",
  "compound_percentile": 0.0220588235294118,
  "disease_id": "DOID:1612",
  "disease_name": "breast cancer",
  "disease_percentile": 0.0435630689206762,
  "metapath_contribution": {
    "CcSEcCtD": 0.9914357736052043,
    "CrCbGaD": 0.008564226394795644
  },
  "n_trials": 0.0,
  "prediction": 0.0007596320240796361,
  "status": 0,
  "training_prediction": 0.0042023697183456105
}