{
  "compound_id": "DB00411",
  "compound_name": "Carbachol",
  "compound_percentile": 0.904411764705882,
  "disease_id": "DOID:14221",
  "disease_name": "metabolic syndrome X",
  "disease_percentile": 0.933029908972692,
  "metapath_contribution": {
    "CbGaD": 0.9600735739501417,
    "CbGpPWpGaD": 0.03992642604985828
  },
  "n_trials": 0.0,
  "prediction": 0.00327160327328646,
  "status": 0,
  "training_prediction": 0.00147639486633256
}