{
  "compound_id": "DB00520",
  "compound_name": "Caspofungin",
  "compound_percentile": 0.47058823529411803,
  "disease_id": "DOID:3070",
  "disease_name": "malignant glioma",
  "disease_percentile": 0.640442132639792,
  "metapath_contribution": {
    "CbGbCtD": 0.27138493439566924,
    "CbGpPWpGaD": 0.027685556534747215,
    "CcSEcCtD": 0.7009295090695836
  },
  "n_trials": 0.0,
  "prediction": 0.0016951937294885,
  "status": 0
}