{
  "compound_id": "DB00640",
  "compound_name": "Adenosine",
  "compound_percentile": 0.625,
  "disease_id": "DOID:11476",
  "disease_name": "osteoporosis",
  "disease_percentile": 0.0637191157347204,
  "metapath_contribution": {
    "CbGpPWpGaD": 0.39558135198865946,
    "CcSEcCtD": 0.5908155772369826,
    "CrCbGaD": 0.013603070774357932
  },
  "n_trials": 0.0,
  "prediction": 0.0009056110456900461,
  "status": 0
}