{
  "compound_id": "DB00976",
  "compound_name": "Telithromycin",
  "compound_percentile": 0.838235294117647,
  "disease_id": "DOID:9970",
  "disease_name": "obesity",
  "disease_percentile": 0.35695708712613794,
  "metapath_contribution": {
    "CbGbCtD": 0.693201190981342,
    "CbGpPWpGaD": 0.06051729452144526,
    "CcSEcCtD": 0.24628151449721264
  },
  "n_trials": 0.0,
  "prediction": 0.00188382136399485,
  "status": 0
}