{
  "compound_id": "DB00120",
  "compound_name": "L-Phenylalanine",
  "compound_percentile": 0.941176470588235,
  "disease_id": "DOID:1612",
  "disease_name": "breast cancer",
  "disease_percentile": 0.695058517555267,
  "metapath_contribution": {
    "CbGeAlD": 0.04748373746464378,
    "CbGpPWpGaD": 0.06834685907270883,
    "CrCbGaD": 0.002222909086883026,
    "CrCrCtD": 0.32625678554620724,
    "CrCtD": 0.555689708829557
  },
  "n_trials": 0.0,
  "prediction": 0.0035708691425769,
  "status": 0
}