{
  "compound_id": "DB01064",
  "compound_name": "Isoprenaline",
  "compound_percentile": 0.13235294117647098,
  "disease_id": "DOID:5419",
  "disease_name": "schizophrenia",
  "disease_percentile": 0.16970091027308198,
  "metapath_contribution": {
    "CbGeAlD": 0.27104776789325824,
    "CbGpPWpGaD": 0.7110365405277297,
    "CrCbGaD": 0.017915691579012027
  },
  "n_trials": 0.0,
  "prediction": 0.000909134368296408,
  "status": 0
}