{
  "compound_id": "DB00911",
  "compound_name": "Tinidazole",
  "compound_percentile": 0.772058823529412,
  "disease_id": "DOID:1319",
  "disease_name": "brain cancer",
  "disease_percentile": 0.8068920676202859,
  "metapath_contribution": {
    "CbGbCtD": 0.6992198605541357,
    "CcSEcCtD": 0.2826370266072663,
    "CrCbGaD": 0.018143112838597854
  },
  "n_trials": 0.0,
  "prediction": 0.00246490796226835,
  "status": 0
}