{
  "compound_id": "DB00230",
  "compound_name": "Pregabalin",
  "compound_percentile": 0.669117647058823,
  "disease_id": "DOID:3277",
  "disease_name": "thymus cancer",
  "disease_percentile": 0.723667100130039,
  "metapath_contribution": {
    "CbGeAlD": 0.13718593634333556,
    "CcSEcCtD": 0.8628140636566644
  },
  "n_trials": 0.0,
  "prediction": 0.001787284221302,
  "status": 0,
  "training_prediction": 0.00080589928877686
}