{
  "compound_id": "DB00679",
  "compound_name": "Thioridazine",
  "compound_percentile": 0.595588235294118,
  "disease_id": "DOID:585",
  "disease_name": "nephrolithiasis",
  "disease_percentile": 0.0520156046814044,
  "metapath_contribution": {
    "CbGeAlD": 0.19962172274186893,
    "CbGpPWpGaD": 0.5932644640302503,
    "CcSEcCtD": 0.16691521878753235,
    "CrCbGaD": 0.0401985944403484
  },
  "n_trials": 0.0,
  "prediction": 0.0009122864982075539,
  "status": 0
}