{
  "compound_id": "DB00696",
  "compound_name": "Ergotamine",
  "compound_percentile": 0.941176470588235,
  "disease_id": "DOID:13189",
  "disease_name": "gout",
  "disease_percentile": 0.7529258777633292,
  "metapath_contribution": {
    "CbGbCtD": 0.1995950600190347,
    "CcSEcCtD": 0.04409981681862746,
    "CpDpCtD": 0.756305123162338
  },
  "n_trials": 0.0,
  "prediction": 0.00332944175828667,
  "status": 0
}