{
  "compound_id": "DB01198",
  "compound_name": "Zopiclone",
  "compound_percentile": 0.779411764705882,
  "disease_id": "DOID:9074",
  "disease_name": "systemic lupus erythematosus",
  "disease_percentile": 0.716514954486346,
  "metapath_contribution": {
    "CbGbCtD": 0.6060200533159529,
    "CbGeAlD": 0.07982697789059734,
    "CcSEcCtD": 0.3141529687934498
  },
  "n_trials": 0.0,
  "prediction": 0.00265539434077173,
  "status": 0
}