{
  "compound_id": "DB00121",
  "compound_name": "Biotin",
  "compound_percentile": 0.816176470588235,
  "disease_id": "DOID:10534",
  "disease_name": "stomach cancer",
  "disease_percentile": 0.7444733420026008,
  "metapath_contribution": {
    "CbGbCtD": 0.22233914455244458,
    "CbGdCrCtD": 0.012462772782560633,
    "CbGeAlD": 0.27220991285909857,
    "CbGpPWpGaD": 0.4929881698058962
  },
  "n_trials": 0.0,
  "prediction": 0.0021825884357274603,
  "status": 0
}