{
  "compound_id": "DB01583",
  "compound_name": "Liotrix",
  "compound_percentile": 0.632352941176471,
  "disease_id": "DOID:13378",
  "disease_name": "Kawasaki disease",
  "disease_percentile": 0.804941482444733,
  "metapath_contribution": {
    "CbGbCtD": 0.7350815557076634,
    "CbGeAlD": 0.07746790240284517,
    "CcSEcCtD": 0.1874505418894915
  },
  "n_trials": 0.0,
  "prediction": 0.00217304725221515,
  "status": 0,
  "training_prediction": 0.000980050575066113
}