{
  "compound_id": "DB00679",
  "compound_name": "Thioridazine",
  "compound_percentile": 0.838235294117647,
  "disease_id": "DOID:8986",
  "disease_name": "narcolepsy",
  "disease_percentile": 0.6807542262678801,
  "metapath_contribution": {
    "CbGaD": 0.6834218358945624,
    "CbGeAlD": 0.12660193841803183,
    "CbGpPWpGaD": 0.18361786360316684,
    "CrCbGaD": 0.0063583620842388895
  },
  "n_trials": 0.0,
  "prediction": 0.00161053340833119,
  "status": 0
}