{
  "compound_id": "DB00939",
  "compound_name": "Meclofenamic acid",
  "compound_percentile": 0.514705882352941,
  "disease_id": "DOID:3953",
  "disease_name": "adrenal gland cancer",
  "disease_percentile": 0.565669700910273,
  "metapath_contribution": {
    "CbGaD": 0.9705831623556271,
    "CbGpPWpGaD": 0.016225614391798544,
    "CrCbGaD": 0.01319122325257438
  },
  "n_trials": 0.0,
  "prediction": 0.00140657506631809,
  "status": 0
}