{
  "compound_id": "DB00900",
  "compound_name": "Didanosine",
  "compound_percentile": 0.9191176470588229,
  "disease_id": "DOID:1115",
  "disease_name": "sarcoma",
  "disease_percentile": 0.9466840052015602,
  "metapath_contribution": {
    "CbGdCrCtD": 0.0024277183349300114,
    "CbGeAlD": 0.019175280901401276,
    "CcSEcCtD": 0.071802171644401,
    "CtDrD": 0.9065948291192677
  },
  "n_trials": 2.0,
  "prediction": 0.00363604565360281,
  "status": 0,
  "training_prediction": 0.00732079684285572
}