{
  "compound_id": "DB06637",
  "compound_name": "Dalfampridine",
  "compound_percentile": 0.595588235294118,
  "disease_id": "DOID:12930",
  "disease_name": "dilated cardiomyopathy",
  "disease_percentile": 0.7815344603381009,
  "metapath_contribution": {
    "CbGeAlD": 0.44733408944918795,
    "CbGpPWpGaD": 0.47045573401328644,
    "CcSEcCtD": 0.08221017653752552
  },
  "n_trials": 0.0,
  "prediction": 0.00232840109201403,
  "status": 0
}