{
  "compound_id": "DB00132",
  "compound_name": "Alpha-Linolenic Acid",
  "compound_percentile": 0.139705882352941,
  "disease_id": "DOID:1793",
  "disease_name": "pancreatic cancer",
  "disease_percentile": 0.21066319895968802,
  "metapath_contribution": {
    "CbGeAlD": 0.21190662687954268,
    "CbGpPWpGaD": 0.35107684844153936,
    "CcSEcCtD": 0.39241640798728206,
    "CrCbGaD": 0.044600116691635903
  },
  "n_trials": 0.0,
  "prediction": 0.00113085897579905,
  "status": 0
}