{
  "compound_id": "DB00903",
  "compound_name": "Ethacrynic acid",
  "compound_percentile": 0.970588235294118,
  "disease_id": "DOID:8577",
  "disease_name": "ulcerative colitis",
  "disease_percentile": 0.9401820546163849,
  "metapath_contribution": {
    "CbGaD": 0.1729868239483254,
    "CbGbCtD": 0.2748322493314492,
    "CbGpPWpGaD": 0.009604589024368317,
    "CcSEcCtD": 0.03551378292914047,
    "CpDpCtD": 0.5070625547667166
  },
  "n_trials": 0.0,
  "prediction": 0.00944282418093517,
  "status": 0,
  "training_prediction": 0.031664594988847
}