{
  "compound_id": "DB00502",
  "compound_name": "Haloperidol",
  "compound_percentile": 0.588235294117647,
  "disease_id": "DOID:2394",
  "disease_name": "ovarian cancer",
  "disease_percentile": 0.5663198959687911,
  "metapath_contribution": {
    "CbGaD": 0.1846181497606915,
    "CbGbCtD": 0.5111226532570303,
    "CbGdCrCtD": 0.0032864496200688447,
    "CbGeAlD": 0.08650990082336298,
    "CbGpPWpGaD": 0.057922687075404586,
    "CcSEcCtD": 0.1565401594634419
  },
  "n_trials": 0.0,
  "prediction": 0.00162809688826004,
  "status": 0
}