{
  "compound_id": "DB08868",
  "compound_name": "Fingolimod",
  "compound_percentile": 0.727941176470588,
  "disease_id": "DOID:11476",
  "disease_name": "osteoporosis",
  "disease_percentile": 0.812093628088427,
  "metapath_contribution": {
    "CbGbCtD": 0.3196743306876576,
    "CbGpPWpGaD": 0.35449578173788815,
    "CcSEcCtD": 0.3258298875744542
  },
  "n_trials": 0.0,
  "prediction": 0.0030234392388318898,
  "status": 0,
  "training_prediction": 0.00979321698650416
}