{
  "compound_id": "DB00289",
  "compound_name": "Atomoxetine",
  "compound_percentile": 0.904411764705882,
  "disease_id": "DOID:12995",
  "disease_name": "conduct disorder",
  "disease_percentile": 0.825097529258778,
  "metapath_contribution": {
    "CbGaD": 0.8951175515407475,
    "CbGeAlD": 0.012462290032193289,
    "CbGpPWpGaD": 0.08576288190233718,
    "CrCbGaD": 0.0066572765247220654
  },
  "n_trials": 0.0,
  "prediction": 0.00206369035704972,
  "status": 0
}