{
  "compound_id": "DB04942",
  "compound_name": "Tamibarotene",
  "compound_percentile": 0.977941176470588,
  "disease_id": "DOID:4362",
  "disease_name": "cervical cancer",
  "disease_percentile": 0.992847854356307,
  "metapath_contribution": {
    "CbGaD": 0.9568215439400061,
    "CbGeAlD": 0.029408890593243937,
    "CbGpPWpGaD": 0.013769565466749987
  },
  "n_trials": 0.0,
  "prediction": 0.00507923082599584,
  "status": 0
}