{
  "compound_id": "DB00174",
  "compound_name": "L-Asparagine",
  "compound_percentile": 0.0294117647058824,
  "disease_id": "DOID:1612",
  "disease_name": "breast cancer",
  "disease_percentile": 0.10338101430429099,
  "metapath_contribution": {
    "CbGeAlD": 0.5097447302822915,
    "CbGpPWpGaD": 0.47109863710170125,
    "CrCbGaD": 0.019156632616007193
  },
  "n_trials": 0.0,
  "prediction": 0.0010061400595346801,
  "status": 0
}