{
  "compound_id": "DB05294",
  "compound_name": "Vandetanib",
  "compound_percentile": 0.867647058823529,
  "disease_id": "DOID:1115",
  "disease_name": "sarcoma",
  "disease_percentile": 0.817295188556567,
  "metapath_contribution": {
    "CbGaD": 0.5395691294106844,
    "CbGbCtD": 0.1992505628847275,
    "CbGdCrCtD": 0.0022696303144081795,
    "CbGeAlD": 0.06854973067468574,
    "CbGpPWpGaD": 0.12034076658361934,
    "CcSEcCtD": 0.06669231331134085,
    "CrCbGaD": 0.0033278668205339113
  },
  "n_trials": 0.0,
  "prediction": 0.0023184957870590103,
  "status": 0,
  "training_prediction": 0.00467431218559388
}