{
  "compound_id": "DB08834",
  "compound_name": "Tauroursodeoxycholic acid",
  "compound_percentile": 0.963235294117647,
  "disease_id": "DOID:1459",
  "disease_name": "hypothyroidism",
  "disease_percentile": 0.951885565669701,
  "metapath_contribution": {
    "CbGbCtD": 0.9768430947572339,
    "CbGeAlD": 0.020010146978290223,
    "CbGpPWpGaD": 0.0031467582644759784
  },
  "n_trials": 0.0,
  "prediction": 0.00340688456490951,
  "status": 0
}