{
  "compound_id": "DB08893",
  "compound_name": "Mirabegron",
  "compound_percentile": 0.5735294117647061,
  "disease_id": "DOID:4362",
  "disease_name": "cervical cancer",
  "disease_percentile": 0.688556566970091,
  "metapath_contribution": {
    "CbGbCtD": 0.8417308371796826,
    "CbGeAlD": 0.04400793441158652,
    "CcSEcCtD": 0.11426122840873099
  },
  "n_trials": 0.0,
  "prediction": 0.00173304948357677,
  "status": 0
}