{
  "compound_id": "DB01113",
  "compound_name": "Papaverine",
  "compound_percentile": 0.9852941176470591,
  "disease_id": "DOID:2841",
  "disease_name": "asthma",
  "disease_percentile": 0.8764629388816642,
  "metapath_contribution": {
    "CbGaD": 0.34190544035669035,
    "CbGbCtD": 0.5097973088509303,
    "CbGeAlD": 0.01565092558114624,
    "CbGpPWpGaD": 0.06362191451191845,
    "CcSEcCtD": 0.0670119481168889,
    "CrCbGaD": 0.002012462582425656
  },
  "n_trials": 0.0,
  "prediction": 0.00744426944244807,
  "status": 0
}