{
  "compound_id": "DB01364",
  "compound_name": "Ephedrine",
  "compound_percentile": 0.845588235294118,
  "disease_id": "DOID:8577",
  "disease_name": "ulcerative colitis",
  "disease_percentile": 0.426527958387516,
  "metapath_contribution": {
    "CbGaD": 0.803159688699778,
    "CbGbCtD": 0.04410135800470045,
    "CbGpPWpGaD": 0.024571504463049322,
    "CcSEcCtD": 0.12226820436598895,
    "CrCbGaD": 0.005899244466483227
  },
  "n_trials": 0.0,
  "prediction": 0.00189489201432652,
  "status": 0
}