{
  "compound_id": "DB08981",
  "compound_name": "Fenbufen",
  "compound_percentile": 0.933823529411765,
  "disease_id": "DOID:4481",
  "disease_name": "allergic rhinitis",
  "disease_percentile": 0.5253576072821851,
  "metapath_contribution": {
    "CbGbCtD": 0.5115964564061609,
    "CbGdCrCtD": 0.0050804459037745095,
    "CrCrCtD": 0.48332309769006465
  },
  "n_trials": 0.0,
  "prediction": 0.00238987752523139,
  "status": 0
}