{
  "compound_id": "DB06204",
  "compound_name": "Tapentadol",
  "compound_percentile": 0.0441176470588235,
  "disease_id": "DOID:332",
  "disease_name": "amyotrophic lateral sclerosis",
  "disease_percentile": 0.3745123537061121,
  "metapath_contribution": {
    "CbGeAlD": 0.20233698248556636,
    "CbGpPWpGaD": 0.10874474820287655,
    "CcSEcCtD": 0.6889182693115571
  },
  "n_trials": 0.0,
  "prediction": 0.00107530428291195,
  "status": 0
}