{
  "compound_id": "DB00541",
  "compound_name": "Vincristine",
  "compound_percentile": 0.544117647058823,
  "disease_id": "DOID:4481",
  "disease_name": "allergic rhinitis",
  "disease_percentile": 0.144343302990897,
  "metapath_contribution": {
    "CbGbCtD": 0.7050996341782637,
    "CbGdCrCtD": 0.006595445795065264,
    "CbGeAlD": 0.08333811221870835,
    "CcSEcCtD": 0.20496680780796261
  },
  "n_trials": 0.0,
  "prediction": 0.00141611926378238,
  "status": 0,
  "training_prediction": 0.0205369347209039
}