{
  "compound_id": "DB08910",
  "compound_name": "Pomalidomide",
  "compound_percentile": 0.625,
  "disease_id": "DOID:784",
  "disease_name": "chronic kidney failure",
  "disease_percentile": 0.826397919375813,
  "metapath_contribution": {
    "CbGaD": 0.8337011403235923,
    "CbGeAlD": 0.03575925639347065,
    "CbGpPWpGaD": 0.122019563382447,
    "CrCbGaD": 0.008520039900490014
  },
  "n_trials": 0.0,
  "prediction": 0.00258064453140988,
  "status": 0
}