{
  "compound_id": "DB04786",
  "compound_name": "Suramin",
  "compound_percentile": 0.727941176470588,
  "disease_id": "DOID:10534",
  "disease_name": "stomach cancer",
  "disease_percentile": 0.8784135240572171,
  "metapath_contribution": {
    "CbGbCtD": 0.46567737864033537,
    "CbGdCrCtD": 0.004928672324021542,
    "CbGeAlD": 0.21777225052130572,
    "CbGpPWpGaD": 0.31162169851433735
  },
  "n_trials": 0.0,
  "prediction": 0.0030937839290583,
  "status": 0
}