{
  "compound_id": "DB01252",
  "compound_name": "Mitiglinide",
  "compound_percentile": 0.0661764705882353,
  "disease_id": "DOID:1319",
  "disease_name": "brain cancer",
  "disease_percentile": 0.21911573472041604,
  "metapath_contribution": {
    "CbGdCrCtD": 0.15871963108691836,
    "CbGeAlD": 0.6925075657694403,
    "CrCbGaD": 0.14877280314364147
  },
  "n_trials": 0.0,
  "prediction": 0.00103710112150646,
  "status": 0
}