{
  "compound_id": "DB00655",
  "compound_name": "Estrone",
  "compound_percentile": 0.580882352941177,
  "disease_id": "DOID:4159",
  "disease_name": "skin cancer",
  "disease_percentile": 0.32184655396619,
  "metapath_contribution": {
    "CbGbCtD": 0.8910250468941069,
    "CbGeAlD": 0.030659287144224334,
    "CcSEcCtD": 0.07831566596166872
  },
  "n_trials": 0.0,
  "prediction": 0.00134305153695353,
  "status": 0,
  "training_prediction": 0.00296023691395328
}