{
  "compound_id": "DB01018",
  "compound_name": "Guanfacine",
  "compound_percentile": 0.3970588235294121,
  "disease_id": "DOID:4045",
  "disease_name": "muscle cancer",
  "disease_percentile": 0.44083224967490203,
  "metapath_contribution": {
    "CbGdCrCtD": 0.08639669512812065,
    "CcSEcCtD": 0.9136033048718795
  },
  "n_trials": 0.0,
  "prediction": 0.00132920742031849,
  "status": 0,
  "training_prediction": 0.0021682998199045
}