{
  "compound_id": "DB00203",
  "compound_name": "Sildenafil",
  "compound_percentile": 0.507352941176471,
  "disease_id": "DOID:0050742",
  "disease_name": "nicotine dependence",
  "disease_percentile": 0.764629388816645,
  "metapath_contribution": {
    "CbGeAlD": 0.020980876120569144,
    "CbGpPWpGaD": 0.1655538136798835,
    "CcSEcCtD": 0.8134653101995473
  },
  "n_trials": 0.0,
  "prediction": 0.0020987839427404897,
  "status": 0
}