{
  "compound_id": "DB01078",
  "compound_name": "Deslanoside",
  "compound_percentile": 0.279411764705882,
  "disease_id": "DOID:1936",
  "disease_name": "atherosclerosis",
  "disease_percentile": 0.0260078023407022,
  "metapath_contribution": {
    "CbGdCrCtD": 0.03541638608014746,
    "CbGeAlD": 0.09680372909583636,
    "CbGpPWpGaD": 0.8677798848240162
  },
  "n_trials": 0.0,
  "prediction": 0.000648384812241182,
  "status": 0
}