{
  "compound_id": "DB00701",
  "compound_name": "Amprenavir",
  "compound_percentile": 0.779411764705882,
  "disease_id": "DOID:219",
  "disease_name": "colon cancer",
  "disease_percentile": 0.818595578673602,
  "metapath_contribution": {
    "CbGaD": 0.3846573021845105,
    "CbGbCtD": 0.5698981438453978,
    "CcSEcCtD": 0.045444553970091624
  },
  "n_trials": 0.0,
  "prediction": 0.00246395855204481,
  "status": 0,
  "training_prediction": 0.00351446013170099
}