{
  "compound_id": "DB01074",
  "compound_name": "Perhexiline",
  "compound_percentile": 0.801470588235294,
  "disease_id": "DOID:3083",
  "disease_name": "chronic obstructive pulmonary disease",
  "disease_percentile": 0.753576072821847,
  "metapath_contribution": {
    "CbGbCtD": 0.7119558795329504,
    "CbGeAlD": 0.009624331415401356,
    "CbGpPWpGaD": 0.09288190471687563,
    "CcSEcCtD": 0.18553788433477258
  },
  "n_trials": 0.0,
  "prediction": 0.00342850647149893,
  "status": 0
}