{
  "compound_id": "DB00675",
  "compound_name": "Tamoxifen",
  "compound_percentile": 0.9191176470588229,
  "disease_id": "DOID:219",
  "disease_name": "colon cancer",
  "disease_percentile": 0.973992197659298,
  "metapath_contribution": {
    "CbGaD": 0.08038827863814249,
    "CbGbCtD": 0.2783161596622865,
    "CbGeAlD": 0.034383184932736635,
    "CbGpPWpGaD": 0.032015574851374524,
    "CcSEcCtD": 0.06480816402150026,
    "CrCbGaD": 0.0003524701553571393,
    "CtDrD": 0.5097361677386024
  },
  "n_trials": 0.0,
  "prediction": 0.006909899656461571,
  "status": 0,
  "training_prediction": 0.0163003573334237
}