{
  "compound_id": "DB00237",
  "compound_name": "Butabarbital",
  "compound_percentile": 0.9191176470588229,
  "disease_id": "DOID:9970",
  "disease_name": "obesity",
  "disease_percentile": 0.527958387516255,
  "metapath_contribution": {
    "CbGbCtD": 0.6739829322596196,
    "CbGeAlD": 0.07981261035008007,
    "CbGpPWpGaD": 0.07233038969353377,
    "CcSEcCtD": 0.16483996096024572,
    "CrCbGaD": 0.009034106736520893
  },
  "n_trials": 0.0,
  "prediction": 0.00265946216803299,
  "status": 0
}