{
  "compound_id": "DB00484",
  "compound_name": "Brimonidine",
  "compound_percentile": 0.7941176470588229,
  "disease_id": "DOID:11054",
  "disease_name": "urinary bladder cancer",
  "disease_percentile": 0.5643693107932379,
  "metapath_contribution": {
    "CbGbCtD": 0.41440302656896744,
    "CbGeAlD": 0.06029099992349817,
    "CcSEcCtD": 0.5253059735075344
  },
  "n_trials": 0.0,
  "prediction": 0.0017530595780714802,
  "status": 0,
  "training_prediction": 0.00449127002517255
}