{
  "compound_id": "DB00145",
  "compound_name": "Glycine",
  "compound_percentile": 0.15441176470588197,
  "disease_id": "DOID:10534",
  "disease_name": "stomach cancer",
  "disease_percentile": 0.358907672301691,
  "metapath_contribution": {
    "CbGeAlD": 0.33124739960155036,
    "CbGpPWpGaD": 0.48168027378839506,
    "CcSEcCtD": 0.18707232661005466
  },
  "n_trials": 0.0,
  "prediction": 0.0012414438451073,
  "status": 0
}