{
  "compound_id": "DB00749",
  "compound_name": "Etodolac",
  "compound_percentile": 0.742647058823529,
  "disease_id": "DOID:263",
  "disease_name": "kidney cancer",
  "disease_percentile": 0.842002600780234,
  "metapath_contribution": {
    "CbGaD": 0.4912220062714308,
    "CbGbCtD": 0.1560366143100443,
    "CbGeAlD": 0.03425992733948877,
    "CbGpPWpGaD": 0.09531245036989267,
    "CcSEcCtD": 0.22316900170914342
  },
  "n_trials": 0.0,
  "prediction": 0.0036255031384082796,
  "status": 0
}