{
  "compound_id": "DB01083",
  "compound_name": "Orlistat",
  "compound_percentile": 0.683823529411765,
  "disease_id": "DOID:9206",
  "disease_name": "Barrett's esophagus",
  "disease_percentile": 0.7093628088426529,
  "metapath_contribution": {
    "CbGbCtD": 0.23286825456228022,
    "CbGeAlD": 0.1101452146502767,
    "CbGpPWpGaD": 0.08967857457756279,
    "CcSEcCtD": 0.5673079562098804
  },
  "n_trials": 0.0,
  "prediction": 0.00219715082998673,
  "status": 0,
  "training_prediction": 0.00269651152869503
}