{
  "compound_id": "DB00951",
  "compound_name": "Isoniazid",
  "compound_percentile": 0.6764705882352939,
  "disease_id": "DOID:1595",
  "disease_name": "endogenous depression",
  "disease_percentile": 0.9726918075422629,
  "metapath_contribution": {
    "CbGaD": 0.8779244027407405,
    "CbGeAlD": 0.04534291698412409,
    "CbGpPWpGaD": 0.0767326802751355
  },
  "n_trials": 0.0,
  "prediction": 0.0037302115835502205,
  "status": 0
}