{
  "compound_id": "DB00104",
  "compound_name": "Octreotide",
  "compound_percentile": 0.875,
  "disease_id": "DOID:1936",
  "disease_name": "atherosclerosis",
  "disease_percentile": 0.770481144343303,
  "metapath_contribution": {
    "CbGaD": 0.5610634090530795,
    "CbGeAlD": 0.05006499964332243,
    "CbGpPWpGaD": 0.17891865709513333,
    "CcSEcCtD": 0.2099529342084648
  },
  "n_trials": 0.0,
  "prediction": 0.0027672940065191303,
  "status": 0,
  "training_prediction": 0.004510111413445221
}