{
  "compound_id": "DB00515",
  "compound_name": "Cisplatin",
  "compound_percentile": 0.588235294117647,
  "disease_id": "DOID:0060119",
  "disease_name": "pharynx cancer",
  "disease_percentile": 0.99739921976593,
  "metapath_contribution": {
    "CbGeAlD": 0.0511405265811542,
    "CbGpPWpGaD": 0.053761132563556586,
    "CtDrD": 0.8950983408552892
  },
  "n_trials": 5.0,
  "prediction": 0.00566630460184779,
  "status": 0
}