{
  "compound_id": "DB01559",
  "compound_name": "Clotiazepam",
  "compound_percentile": 0.963235294117647,
  "disease_id": "DOID:10283",
  "disease_name": "prostate cancer",
  "disease_percentile": 0.6840052015604681,
  "metapath_contribution": {
    "CbGaD": 0.5042880160692881,
    "CbGbCtD": 0.3762066376465105,
    "CbGeAlD": 0.008250906674069393,
    "CbGpPWpGaD": 0.10690887581781836,
    "CrCbGaD": 0.004345563792313566
  },
  "n_trials": 0.0,
  "prediction": 0.0033794209955886603,
  "status": 0
}