{
  "compound_id": "DB01028",
  "compound_name": "Methoxyflurane",
  "compound_percentile": 0.617647058823529,
  "disease_id": "DOID:11054",
  "disease_name": "urinary bladder cancer",
  "disease_percentile": 0.8725617685305591,
  "metapath_contribution": {
    "CbGbCtD": 0.6729660304588159,
    "CbGeAlD": 0.1695504533735925,
    "CbGpPWpGaD": 0.1574835161675916
  },
  "n_trials": 0.0,
  "prediction": 0.00304803277947166,
  "status": 0
}