{
  "compound_id": "DB00496",
  "compound_name": "Darifenacin",
  "compound_percentile": 0.867647058823529,
  "disease_id": "DOID:5419",
  "disease_name": "schizophrenia",
  "disease_percentile": 0.630039011703511,
  "metapath_contribution": {
    "CbGaD": 0.8059140847798487,
    "CbGeAlD": 0.029973055389172876,
    "CbGpPWpGaD": 0.1574561613601099,
    "CrCbGaD": 0.0066566984708685585
  },
  "n_trials": 0.0,
  "prediction": 0.0018826694737928802,
  "status": 0
}