{
  "compound_id": "DB01055",
  "compound_name": "Mimosine",
  "compound_percentile": 0.19852941176470604,
  "disease_id": "DOID:12849",
  "disease_name": "autistic disorder",
  "disease_percentile": 0.6306892067620289,
  "metapath_contribution": {
    "CbGeAlD": 0.30332772260427854,
    "CbGpPWpGaD": 0.6896008576175502,
    "CrCbGaD": 0.007071419778171226
  },
  "n_trials": 0.0,
  "prediction": 0.0016508865223058599,
  "status": 0
}