{
  "compound_id": "DB00338",
  "compound_name": "Omeprazole",
  "compound_percentile": 0.544117647058823,
  "disease_id": "DOID:1312",
  "disease_name": "focal segmental glomerulosclerosis",
  "disease_percentile": 0.656046814044213,
  "metapath_contribution": {
    "CbGbCtD": 0.8401165341605455,
    "CcSEcCtD": 0.15988346583945448
  },
  "n_trials": 0.0,
  "prediction": 0.0017772368330122399,
  "status": 0,
  "training_prediction": 0.000801364420250538
}