{
  "compound_id": "DB00629",
  "compound_name": "Guanabenz",
  "compound_percentile": 0.544117647058823,
  "disease_id": "DOID:3070",
  "disease_name": "malignant glioma",
  "disease_percentile": 0.7477243172951891,
  "metapath_contribution": {
    "CbGbCtD": 0.619979452474057,
    "CbGpPWpGaD": 0.011350968052040156,
    "CcSEcCtD": 0.36866957947390283
  },
  "n_trials": 0.0,
  "prediction": 0.0019788172835636803,
  "status": 0,
  "training_prediction": 0.00145959444380393
}