{
  "compound_id": "DB01406",
  "compound_name": "Danazol",
  "compound_percentile": 0.875,
  "disease_id": "DOID:14227",
  "disease_name": "azoospermia",
  "disease_percentile": 0.977243172951886,
  "metapath_contribution": {
    "CbGaD": 0.40540173140551594,
    "CbGbCtD": 0.44126563396024243,
    "CbGeAlD": 0.06113890802889778,
    "CbGpPWpGaD": 0.007596009660912475,
    "CcSEcCtD": 0.08101584546121107,
    "CrCbGaD": 0.003581871483220331
  },
  "n_trials": 0.0,
  "prediction": 0.00431278446783274,
  "status": 0
}