{
  "compound_id": "DB01244",
  "compound_name": "Bepridil",
  "compound_percentile": 0.720588235294118,
  "disease_id": "DOID:1686",
  "disease_name": "glaucoma",
  "disease_percentile": 0.3901170351105329,
  "metapath_contribution": {
    "CbGbCtD": 0.3228735194023343,
    "CbGeAlD": 0.009885661572019219,
    "CbGpPWpGaD": 0.1920042419434922,
    "CcSEcCtD": 0.4752365770821543
  },
  "n_trials": 0.0,
  "prediction": 0.00161565455801761,
  "status": 0,
  "training_prediction": 0.00684320974108463
}