{
  "compound_id": "DB00531",
  "compound_name": "Cyclophosphamide",
  "compound_percentile": 0.852941176470588,
  "disease_id": "DOID:219",
  "disease_name": "colon cancer",
  "disease_percentile": 0.939531859557867,
  "metapath_contribution": {
    "CbGaD": 0.31088435584938856,
    "CbGbCtD": 0.47681922944309635,
    "CbGeAlD": 0.002581018811641393,
    "CcSEcCtD": 0.20971539589587376
  },
  "n_trials": 0.0,
  "prediction": 0.00402757391860089,
  "status": 0
}