{
  "compound_id": "DB00989",
  "compound_name": "Rivastigmine",
  "compound_percentile": 0.941176470588235,
  "disease_id": "DOID:10283",
  "disease_name": "prostate cancer",
  "disease_percentile": 0.823146944083225,
  "metapath_contribution": {
    "CbGaD": 0.4289192815099702,
    "CbGbCtD": 0.2949911982017343,
    "CbGeAlD": 0.0028122531535060423,
    "CbGpPWpGaD": 0.06702987035161487,
    "CcSEcCtD": 0.20252295290209057,
    "CrCbGaD": 0.0037244438810839246
  },
  "n_trials": 0.0,
  "prediction": 0.00506730028847912,
  "status": 0,
  "training_prediction": 0.0212254493265135
}