{
  "compound_id": "DB00995",
  "compound_name": "Auranofin",
  "compound_percentile": 0.8308823529411771,
  "disease_id": "DOID:1936",
  "disease_name": "atherosclerosis",
  "disease_percentile": 0.923276983094928,
  "metapath_contribution": {
    "CbGaD": 0.4933363577887672,
    "CbGbCtD": 0.09390744690322657,
    "CbGeAlD": 0.017061703082574823,
    "CbGpPWpGaD": 0.2453702101354198,
    "CcSEcCtD": 0.15032428209001147
  },
  "n_trials": 0.0,
  "prediction": 0.004772275381276329,
  "status": 0,
  "training_prediction": 0.0128803716313416
}