{
  "compound_id": "DB00394",
  "compound_name": "Beclomethasone",
  "compound_percentile": 0.8602941176470591,
  "disease_id": "DOID:635",
  "disease_name": "acquired immunodeficiency syndrome",
  "disease_percentile": 0.26072821846554,
  "metapath_contribution": {
    "CbGbCtD": 0.7893363402267985,
    "CbGeAlD": 0.0409257802917092,
    "CcSEcCtD": 0.16973787948149213
  },
  "n_trials": 0.0,
  "prediction": 0.0016452009577937801,
  "status": 0,
  "training_prediction": 0.00843240380212947
}