{
  "compound_id": "DB08912",
  "compound_name": "Dabrafenib",
  "compound_percentile": 0.7647058823529409,
  "disease_id": "DOID:1793",
  "disease_name": "pancreatic cancer",
  "disease_percentile": 0.830949284785436,
  "metapath_contribution": {
    "CbGbCtD": 0.5895808016299685,
    "CbGdCrCtD": 0.005131699603155832,
    "CbGpPWpGaD": 0.16655204255238804,
    "CcSEcCtD": 0.23873545621448772
  },
  "n_trials": 0.0,
  "prediction": 0.0030280621157088,
  "status": 0
}