{
  "compound_id": "DB01033",
  "compound_name": "Mercaptopurine",
  "compound_percentile": 0.691176470588235,
  "disease_id": "DOID:1459",
  "disease_name": "hypothyroidism",
  "disease_percentile": 0.8894668400520159,
  "metapath_contribution": {
    "CbGbCtD": 0.697896048416525,
    "CbGeAlD": 0.208365412832602,
    "CbGpPWpGaD": 0.07489614079191698,
    "CcSEcCtD": 0.018842397958956116
  },
  "n_trials": 0.0,
  "prediction": 0.0027779882526694803,
  "status": 0,
  "training_prediction": 0.007618307792636259
}