{
  "compound_id": "DB00798",
  "compound_name": "Gentamicin",
  "compound_percentile": 0.8308823529411771,
  "disease_id": "DOID:7148",
  "disease_name": "rheumatoid arthritis",
  "disease_percentile": 0.516905071521456,
  "metapath_contribution": {
    "CbGbCtD": 0.13137273284531326,
    "CbGpPWpGaD": 0.3650973419324987,
    "CcSEcCtD": 0.503529925222188
  },
  "n_trials": 0.0,
  "prediction": 0.0018353340895632,
  "status": 0
}