{
  "compound_id": "DB00996",
  "compound_name": "Gabapentin",
  "compound_percentile": 0.897058823529412,
  "disease_id": "DOID:4989",
  "disease_name": "pancreatitis",
  "disease_percentile": 0.8992197659297791,
  "metapath_contribution": {
    "CbGpPWpGaD": 0.008838392184211544,
    "CcSEcCtD": 0.15449719975179815,
    "CpDpCtD": 0.8366644080639902
  },
  "n_trials": 2.0,
  "prediction": 0.00292227918793573,
  "status": 0,
  "training_prediction": 0.0035858522384525702
}