{
  "compound_id": "DB00999",
  "compound_name": "Hydrochlorothiazide",
  "compound_percentile": 0.0661764705882353,
  "disease_id": "DOID:7148",
  "disease_name": "rheumatoid arthritis",
  "disease_percentile": 0.0812743823146944,
  "metapath_contribution": {
    "CbGeAlD": 0.013389000520167348,
    "CbGpPWpGaD": 0.06453683280067728,
    "CcSEcCtD": 0.9220741666791554
  },
  "n_trials": 0.0,
  "prediction": 0.000842937692706615,
  "status": 0,
  "training_prediction": 0.00457118257616639
}