{
  "compound_id": "DB01628",
  "compound_name": "Etoricoxib",
  "compound_percentile": 0.20588235294117604,
  "disease_id": "DOID:9744",
  "disease_name": "type 1 diabetes mellitus",
  "disease_percentile": 0.256176853055917,
  "metapath_contribution": {
    "CbGpPWpGaD": 0.5769115970227913,
    "CcSEcCtD": 0.40415657379365966,
    "CrCbGaD": 0.01893182918354918
  },
  "n_trials": 0.0,
  "prediction": 0.00104491266737801,
  "status": 0
}