{
  "compound_id": "DB00724",
  "compound_name": "Imiquimod",
  "compound_percentile": 0.941176470588235,
  "disease_id": "DOID:9352",
  "disease_name": "type 2 diabetes mellitus",
  "disease_percentile": 0.8738621586475942,
  "metapath_contribution": {
    "CbGaD": 0.4202593741147795,
    "CbGbCtD": 0.33543716112296224,
    "CbGpPWpGaD": 0.054670900433489204,
    "CcSEcCtD": 0.18963256432876902
  },
  "n_trials": 0.0,
  "prediction": 0.0066968337145008605,
  "status": 0,
  "training_prediction": 0.0289518739010849
}