{
  "compound_id": "DB08797",
  "compound_name": "Salicylamide",
  "compound_percentile": 0.970588235294118,
  "disease_id": "DOID:3393",
  "disease_name": "coronary artery disease",
  "disease_percentile": 0.7932379713914169,
  "metapath_contribution": {
    "CrCbGaD": 0.0026626435777299304,
    "CrCrCtD": 0.35393396110545433,
    "CrCtD": 0.6434033953168158
  },
  "n_trials": 0.0,
  "prediction": 0.0047135384540607705,
  "status": 0
}