{
  "compound_id": "DB08873",
  "compound_name": "Boceprevir",
  "compound_percentile": 0.485294117647059,
  "disease_id": "DOID:13378",
  "disease_name": "Kawasaki disease",
  "disease_percentile": 0.713263979193758,
  "metapath_contribution": {
    "CbGbCtD": 0.048668570664160894,
    "CbGeAlD": 0.5698467024939083,
    "CbGpPWpGaD": 0.2236247054615671,
    "CcSEcCtD": 0.15786002138036362
  },
  "n_trials": 0.0,
  "prediction": 0.00193797623850822,
  "status": 0
}