{
  "compound_id": "DB00446",
  "compound_name": "Chloramphenicol",
  "compound_percentile": 0.7647058823529409,
  "disease_id": "DOID:3083",
  "disease_name": "chronic obstructive pulmonary disease",
  "disease_percentile": 0.7509752925877758,
  "metapath_contribution": {
    "CbGbCtD": 0.7540442593469274,
    "CbGeAlD": 0.016667857849059543,
    "CbGpPWpGaD": 0.10362346469684518,
    "CcSEcCtD": 0.1256644181071679
  },
  "n_trials": 0.0,
  "prediction": 0.0033993640921244897,
  "status": 0
}