{
  "compound_id": "DB00717",
  "compound_name": "Norethindrone",
  "compound_percentile": 0.8602941176470591,
  "disease_id": "DOID:3393",
  "disease_name": "coronary artery disease",
  "disease_percentile": 0.46814044213264006,
  "metapath_contribution": {
    "CbGaD": 0.17749080588130936,
    "CbGbCtD": 0.39598890411669724,
    "CbGpPWpGaD": 0.041374258250431076,
    "CcSEcCtD": 0.10010612319798468,
    "CrCbGaD": 0.002557005613473768,
    "CrCrCtD": 0.28248290294010386
  },
  "n_trials": 0.0,
  "prediction": 0.00221600624982028,
  "status": 0
}