{
  "compound_id": "DB01173",
  "compound_name": "Orphenadrine",
  "compound_percentile": 0.3529411764705879,
  "disease_id": "DOID:12849",
  "disease_name": "autistic disorder",
  "disease_percentile": 0.108582574772432,
  "metapath_contribution": {
    "CbGeAlD": 0.3554725383190624,
    "CbGpPWpGaD": 0.6229451979358359,
    "CrCbGaD": 0.021582263745101672
  },
  "n_trials": 0.0,
  "prediction": 0.000730222467020168,
  "status": 0
}