{
  "compound_id": "DB00514",
  "compound_name": "Dextromethorphan",
  "compound_percentile": 0.639705882352941,
  "disease_id": "DOID:4159",
  "disease_name": "skin cancer",
  "disease_percentile": 0.30754226267880397,
  "metapath_contribution": {
    "CbGbCtD": 0.8184821327015265,
    "CbGeAlD": 0.10989543614799006,
    "CcSEcCtD": 0.07162243115048353
  },
  "n_trials": 0.0,
  "prediction": 0.0013184026384795901,
  "status": 0
}