{
  "compound_id": "DB00755",
  "compound_name": "Tretinoin",
  "compound_percentile": 0.566176470588235,
  "disease_id": "DOID:2841",
  "disease_name": "asthma",
  "disease_percentile": 0.12418725617685301,
  "metapath_contribution": {
    "CbGbCtD": 0.5913601812512119,
    "CbGeAlD": 0.06927411778761933,
    "CbGpPWpGaD": 0.09649681505979277,
    "CcSEcCtD": 0.24286888590137592
  },
  "n_trials": 0.0,
  "prediction": 0.00123757638327135,
  "status": 0,
  "training_prediction": 0.00839550067160702
}