{
  "compound_id": "DB01581",
  "compound_name": "Sulfamerazine",
  "compound_percentile": 0.8897058823529409,
  "disease_id": "DOID:1324",
  "disease_name": "lung cancer",
  "disease_percentile": 0.5351105331599479,
  "metapath_contribution": {
    "CbGaD": 0.5743930078088447,
    "CbGbCtD": 0.42259433602753954,
    "CrCbGaD": 0.0030126561636157727
  },
  "n_trials": 0.0,
  "prediction": 0.001954422314631,
  "status": 0
}