{
  "compound_id": "DB01148",
  "compound_name": "Flavoxate",
  "compound_percentile": 0.294117647058824,
  "disease_id": "DOID:9970",
  "disease_name": "obesity",
  "disease_percentile": 0.0513654096228869,
  "metapath_contribution": {
    "CbGeAlD": 0.07113329511932263,
    "CbGpPWpGaD": 0.29085111000169067,
    "CcSEcCtD": 0.17772104009157966,
    "CrCbGaD": 0.005499198752138296,
    "CrCrCtD": 0.45479535603526866
  },
  "n_trials": 0.0,
  "prediction": 0.000799767225550522,
  "status": 0
}