{
  "compound_id": "DB01069",
  "compound_name": "Promethazine",
  "compound_percentile": 0.44117647058823495,
  "disease_id": "DOID:8893",
  "disease_name": "psoriasis",
  "disease_percentile": 0.0370611183355007,
  "metapath_contribution": {
    "CbGbCtD": 0.5138440974754456,
    "CbGpPWpGaD": 0.13985161162465237,
    "CcSEcCtD": 0.34630429089990206
  },
  "n_trials": 0.0,
  "prediction": 0.0008191705279864231,
  "status": 0
}