{
  "compound_id": "DB01207",
  "compound_name": "Ridogrel",
  "compound_percentile": 0.713235294117647,
  "disease_id": "DOID:1319",
  "disease_name": "brain cancer",
  "disease_percentile": 0.541612483745123,
  "metapath_contribution": {
    "CbGeAlD": 0.262065484881346,
    "CbGpPWpGaD": 0.7092321674441523,
    "CrCbGaD": 0.028702347674501756
  },
  "n_trials": 0.0,
  "prediction": 0.0016618235205348199,
  "status": 0
}