{
  "compound_id": "DB00452",
  "compound_name": "Framycetin",
  "compound_percentile": 0.227941176470588,
  "disease_id": "DOID:9970",
  "disease_name": "obesity",
  "disease_percentile": 0.18075422626788,
  "metapath_contribution": {
    "CbGeAlD": 0.19606628345054378,
    "CbGpPWpGaD": 0.6701420127998572,
    "CcSEcCtD": 0.13379170374959892
  },
  "n_trials": 0.0,
  "prediction": 0.0012708911414517,
  "status": 0
}