{
  "compound_id": "DB06267",
  "compound_name": "Udenafil",
  "compound_percentile": 0.0661764705882353,
  "disease_id": "DOID:11612",
  "disease_name": "polycystic ovary syndrome",
  "disease_percentile": 0.42132639791937604,
  "metapath_contribution": {
    "CbGeAlD": 0.8207029692961368,
    "CbGpPWpGaD": 0.1684894672799332,
    "CrCbGaD": 0.01080756342392998
  },
  "n_trials": 0.0,
  "prediction": 0.00126516900983018,
  "status": 0
}