{
  "compound_id": "DB01583",
  "compound_name": "Liotrix",
  "compound_percentile": 0.779411764705882,
  "disease_id": "DOID:418",
  "disease_name": "systemic scleroderma",
  "disease_percentile": 0.830299089726918,
  "metapath_contribution": {
    "CbGbCtD": 0.7765295689699915,
    "CbGeAlD": 0.004438967877461472,
    "CcSEcCtD": 0.21903146315254707
  },
  "n_trials": 0.0,
  "prediction": 0.0027918118837727103,
  "status": 0,
  "training_prediction": 0.0066416626530016
}