{
  "compound_id": "DB00231",
  "compound_name": "Temazepam",
  "compound_percentile": 0.933823529411765,
  "disease_id": "DOID:1094",
  "disease_name": "attention deficit hyperactivity disorder",
  "disease_percentile": 0.8810143042912869,
  "metapath_contribution": {
    "CbGaD": 0.7949757849133045,
    "CbGeAlD": 0.07223760792291156,
    "CbGpPWpGaD": 0.12492003247853717,
    "CrCbGaD": 0.007866574685246788
  },
  "n_trials": 0.0,
  "prediction": 0.00250181788850841,
  "status": 0
}