{
  "compound_id": "DB00964",
  "compound_name": "Apraclonidine",
  "compound_percentile": 0.220588235294118,
  "disease_id": "DOID:4362",
  "disease_name": "cervical cancer",
  "disease_percentile": 0.420676202860858,
  "metapath_contribution": {
    "CbGeAlD": 0.3335185770260895,
    "CbGpPWpGaD": 0.6664814229739107
  },
  "n_trials": 0.0,
  "prediction": 0.00126865825252799,
  "status": 0,
  "training_prediction": 0.00057188396636005
}