{
  "compound_id": "DB00790",
  "compound_name": "Perindopril",
  "compound_percentile": 0.823529411764706,
  "disease_id": "DOID:12236",
  "disease_name": "primary biliary cirrhosis",
  "disease_percentile": 0.871261378413524,
  "metapath_contribution": {
    "CbGaD": 0.6942242969398593,
    "CbGpPWpGaD": 0.08700082092374466,
    "CcSEcCtD": 0.2100116799127312,
    "CrCbGaD": 0.008763202223664892
  },
  "n_trials": 0.0,
  "prediction": 0.00316834437642465,
  "status": 0,
  "training_prediction": 0.00520222739111734
}