{
  "compound_id": "DB00451",
  "compound_name": "Levothyroxine",
  "compound_percentile": 0.669117647058823,
  "disease_id": "DOID:0060073",
  "disease_name": "lymphatic system cancer",
  "disease_percentile": 0.7425227568270479,
  "metapath_contribution": {
    "CbGbCtD": 0.8395698012922662,
    "CcSEcCtD": 0.16043019870773378
  },
  "n_trials": 0.0,
  "prediction": 0.0020764738792650103,
  "status": 0,
  "training_prediction": 0.00457273867152403
}