{
  "compound_id": "DB00641",
  "compound_name": "Simvastatin",
  "compound_percentile": 0.801470588235294,
  "disease_id": "DOID:1192",
  "disease_name": "peripheral nervous system neoplasm",
  "disease_percentile": 0.769180754226268,
  "metapath_contribution": {
    "CbGaD": 0.2231004976262782,
    "CbGbCtD": 0.5567547207652874,
    "CbGpPWpGaD": 0.027159893692516653,
    "CcSEcCtD": 0.1911633819758799,
    "CrCbGaD": 0.0018215059400377982
  },
  "n_trials": 1.0,
  "prediction": 0.0025025980868005103,
  "status": 0,
  "training_prediction": 0.0113449024428134
}