{
  "compound_id": "DB00150",
  "compound_name": "L-Tryptophan",
  "compound_percentile": 0.882352941176471,
  "disease_id": "DOID:1612",
  "disease_name": "breast cancer",
  "disease_percentile": 0.4317295188556571,
  "metapath_contribution": {
    "CbGdCrCtD": 0.004030698286581151,
    "CbGeAlD": 0.11795866936490902,
    "CbGpPWpGaD": 0.17738623018174435,
    "CrCrCtD": 0.7006244021667656
  },
  "n_trials": 0.0,
  "prediction": 0.0020936811018764,
  "status": 0
}