{
  "compound_id": "DB00952",
  "compound_name": "Naratriptan",
  "compound_percentile": 0.595588235294118,
  "disease_id": "DOID:3070",
  "disease_name": "malignant glioma",
  "disease_percentile": 0.492197659297789,
  "metapath_contribution": {
    "CbGeAlD": 0.5173078118326414,
    "CbGpPWpGaD": 0.12218396574561935,
    "CcSEcCtD": 0.35960806598316697,
    "CrCbGaD": 0.0009001564385722706
  },
  "n_trials": 0.0,
  "prediction": 0.0013933432289845,
  "status": 0
}