{
  "compound_id": "DB00740",
  "compound_name": "Riluzole",
  "compound_percentile": 0.838235294117647,
  "disease_id": "DOID:1192",
  "disease_name": "peripheral nervous system neoplasm",
  "disease_percentile": 0.9362808842652801,
  "metapath_contribution": {
    "CbGbCtD": 0.6719342715575374,
    "CbGeAlD": 0.020072304603172473,
    "CbGpPWpGaD": 0.003465734641441934,
    "CcSEcCtD": 0.30452768919784823
  },
  "n_trials": 0.0,
  "prediction": 0.00432636937478019,
  "status": 0,
  "training_prediction": 0.0117834211303411
}