{
  "compound_id": "DB00790",
  "compound_name": "Perindopril",
  "compound_percentile": 0.44117647058823495,
  "disease_id": "DOID:8778",
  "disease_name": "Crohn's disease",
  "disease_percentile": 0.431079323797139,
  "metapath_contribution": {
    "CbGeAlD": 0.08083022532831585,
    "CcSEcCtD": 0.9191697746716841
  },
  "n_trials": 0.0,
  "prediction": 0.00143008425189141,
  "status": 0,
  "training_prediction": 0.0038819463878095295
}