{
  "compound_id": "DB00321",
  "compound_name": "Amitriptyline",
  "compound_percentile": 0.544117647058823,
  "disease_id": "DOID:1909",
  "disease_name": "melanoma",
  "disease_percentile": 0.433680104031209,
  "metapath_contribution": {
    "CbGaD": 0.21044504333917555,
    "CbGbCtD": 0.42973092128975704,
    "CbGeAlD": 0.059070163371428425,
    "CbGpPWpGaD": 0.20946094129064954,
    "CcSEcCtD": 0.08840092905354033,
    "CrCbGaD": 0.002892001655449181
  },
  "n_trials": 0.0,
  "prediction": 0.00129974318257185,
  "status": 0,
  "training_prediction": 0.00237493752341578
}