{
  "compound_id": "DB01080",
  "compound_name": "Vigabatrin",
  "compound_percentile": 0.566176470588235,
  "disease_id": "DOID:9074",
  "disease_name": "systemic lupus erythematosus",
  "disease_percentile": 0.40052015604681396,
  "metapath_contribution": {
    "CbGeAlD": 0.20228243848654526,
    "CcSEcCtD": 0.7977175615134547
  },
  "n_trials": 0.0,
  "prediction": 0.00162834843654776,
  "status": 0,
  "training_prediction": 0.00473831336310162
}