{
  "compound_id": "DB01075",
  "compound_name": "Diphenhydramine",
  "compound_percentile": 0.727941176470588,
  "disease_id": "DOID:2998",
  "disease_name": "testicular cancer",
  "disease_percentile": 0.12418725617685301,
  "metapath_contribution": {
    "CbGbCtD": 0.8962312120499795,
    "CcSEcCtD": 0.1037687879500206
  },
  "n_trials": 0.0,
  "prediction": 0.0009815332851091359,
  "status": 0,
  "training_prediction": 0.0041921918922642794
}