{
  "compound_id": "DB00242",
  "compound_name": "Cladribine",
  "compound_percentile": 0.963235294117647,
  "disease_id": "DOID:11054",
  "disease_name": "urinary bladder cancer",
  "disease_percentile": 0.959037711313394,
  "metapath_contribution": {
    "CbGaD": 0.28083515621405614,
    "CbGbCtD": 0.34739801949236476,
    "CbGdCrCtD": 0.0021799729408919677,
    "CbGeAlD": 0.039704189574090755,
    "CbGpPWpGaD": 0.07042904392832164,
    "CcSEcCtD": 0.07332120764291543,
    "CrCbGaD": 0.002621745811040253,
    "CrCrCtD": 0.18351066439631913
  },
  "n_trials": 0.0,
  "prediction": 0.00677040982174106,
  "status": 0,
  "training_prediction": 0.0283789507372118
}