{
  "compound_id": "DB06701",
  "compound_name": "Dexmethylphenidate",
  "compound_percentile": 0.882352941176471,
  "disease_id": "DOID:1826",
  "disease_name": "epilepsy syndrome",
  "disease_percentile": 0.368010403120936,
  "metapath_contribution": {
    "CbGaD": 0.5007092337162126,
    "CbGeAlD": 0.06265070069387972,
    "CbGpPWpGaD": 0.08354584434006587,
    "CcSEcCtD": 0.34531449330177283,
    "CrCbGaD": 0.007779727948069075
  },
  "n_trials": 0.0,
  "prediction": 0.0024738810882856603,
  "status": 0
}