{
  "compound_id": "DB00687",
  "compound_name": "Fludrocortisone",
  "compound_percentile": 0.772058823529412,
  "disease_id": "DOID:1686",
  "disease_name": "glaucoma",
  "disease_percentile": 0.152145643693108,
  "metapath_contribution": {
    "CbGaD": 0.7757289415422498,
    "CbGpPWpGaD": 0.0344711813521765,
    "CcSEcCtD": 0.18089829617701858,
    "CrCbGaD": 0.0089015809285552
  },
  "n_trials": 0.0,
  "prediction": 0.00110096629308502,
  "status": 0
}