{
  "compound_id": "DB00491",
  "compound_name": "Miglitol",
  "compound_percentile": 0.838235294117647,
  "disease_id": "DOID:4362",
  "disease_name": "cervical cancer",
  "disease_percentile": 0.806241872561768,
  "metapath_contribution": {
    "CbGeAlD": 0.8983196976430863,
    "CbGpPWpGaD": 0.10168030235691378
  },
  "n_trials": 0.0,
  "prediction": 0.00204100753421788,
  "status": 0,
  "training_prediction": 0.000920433414620273
}