{
  "compound_id": "DB01069",
  "compound_name": "Promethazine",
  "compound_percentile": 0.0588235294117647,
  "disease_id": "DOID:1312",
  "disease_name": "focal segmental glomerulosclerosis",
  "disease_percentile": 0.017555266579974,
  "metapath_contribution": {
    "CbGbCtD": 0.3621010885879264,
    "CbGeAlD": 0.15353404507217366,
    "CbGpPWpGaD": 0.48004210624400206,
    "CrCbGaD": 0.00432276009589781
  },
  "n_trials": 0.0,
  "prediction": 0.0005666550666983241,
  "status": 0
}