{
  "compound_id": "DB06707",
  "compound_name": "Levonordefrin",
  "compound_percentile": 0.992647058823529,
  "disease_id": "DOID:9970",
  "disease_name": "obesity",
  "disease_percentile": 0.952535760728218,
  "metapath_contribution": {
    "CbGbCtD": 0.3119774028430486,
    "CbGeAlD": 0.005654159756657028,
    "CbGpPWpGaD": 0.040587316535215086,
    "CrCbGaD": 0.002271071383300553,
    "CrCrCtD": 0.20922666969449868,
    "CrCtD": 0.43028337978728004
  },
  "n_trials": 0.0,
  "prediction": 0.0152211561193786,
  "status": 0
}