{
  "compound_id": "DB06287",
  "compound_name": "Temsirolimus",
  "compound_percentile": 0.110294117647059,
  "disease_id": "DOID:4989",
  "disease_name": "pancreatitis",
  "disease_percentile": 0.0208062418725618,
  "metapath_contribution": {
    "CbGpPWpGaD": 0.47593943185501325,
    "CcSEcCtD": 0.4782616185788296,
    "CrCbGaD": 0.04579894956615722
  },
  "n_trials": 0.0,
  "prediction": 0.0005423269182828759,
  "status": 0,
  "training_prediction": 0.000399874471511438
}