{
  "compound_id": "DB00869",
  "compound_name": "Dorzolamide",
  "compound_percentile": 0.6985294117647061,
  "disease_id": "DOID:184",
  "disease_name": "bone cancer",
  "disease_percentile": 0.7847854356306891,
  "metapath_contribution": {
    "CbGaD": 0.8577456773861655,
    "CcSEcCtD": 0.13541234697040155,
    "CrCbGaD": 0.006841975643432995
  },
  "n_trials": 0.0,
  "prediction": 0.00231468043274612,
  "status": 0,
  "training_prediction": 0.00330174837584966
}