{
  "compound_id": "DB00960",
  "compound_name": "Pindolol",
  "compound_percentile": 0.3529411764705879,
  "disease_id": "DOID:1781",
  "disease_name": "thyroid cancer",
  "disease_percentile": 0.20676202860858303,
  "metapath_contribution": {
    "CbGpPWpGaD": 0.009247768721372817,
    "CcSEcCtD": 0.9907522312786271
  },
  "n_trials": 0.0,
  "prediction": 0.00102194727808217,
  "status": 0,
  "training_prediction": 0.00124055814111089
}