{
  "compound_id": "DB01241",
  "compound_name": "Gemfibrozil",
  "compound_percentile": 0.6764705882352939,
  "disease_id": "DOID:184",
  "disease_name": "bone cancer",
  "disease_percentile": 0.8088426527958391,
  "metapath_contribution": {
    "CbGaD": 0.8114726805339609,
    "CbGbCtD": 0.014957109179155659,
    "CbGpPWpGaD": 0.08138759342003596,
    "CcSEcCtD": 0.09218261686684741
  },
  "n_trials": 0.0,
  "prediction": 0.00242882578475145,
  "status": 0,
  "training_prediction": 0.0034644006315867303
}