{
  "compound_id": "DB00742",
  "compound_name": "Mannitol",
  "compound_percentile": 0.801470588235294,
  "disease_id": "DOID:1909",
  "disease_name": "melanoma",
  "disease_percentile": 0.7360208062418729,
  "metapath_contribution": {
    "CbGaD": 0.6973614844342503,
    "CbGbCtD": 0.1034774458187957,
    "CcSEcCtD": 0.19916106974695402
  },
  "n_trials": 0.0,
  "prediction": 0.00206869839211093,
  "status": 0
}