{
  "compound_id": "DB02638",
  "compound_name": "Terlipressin",
  "compound_percentile": 0.566176470588235,
  "disease_id": "DOID:11054",
  "disease_name": "urinary bladder cancer",
  "disease_percentile": 0.459037711313394,
  "metapath_contribution": {
    "CbGeAlD": 0.2043155626494356,
    "CcSEcCtD": 0.7782447400227184,
    "CrCbGaD": 0.017439697327846136
  },
  "n_trials": 0.0,
  "prediction": 0.0014502587854298,
  "status": 0
}