{
  "compound_id": "DB00778",
  "compound_name": "Roxithromycin",
  "compound_percentile": 1.0,
  "disease_id": "DOID:9352",
  "disease_name": "type 2 diabetes mellitus",
  "disease_percentile": 0.634590377113134,
  "metapath_contribution": {
    "CbGaD": 0.3953147040488638,
    "CbGbCtD": 0.4236170536958594,
    "CbGpPWpGaD": 0.03663180437670028,
    "CcSEcCtD": 0.14114847951294457,
    "CrCbGaD": 0.0032879583656318205
  },
  "n_trials": 0.0,
  "prediction": 0.00324383334664407,
  "status": 0
}