{
  "compound_id": "DB01394",
  "compound_name": "Colchicine",
  "compound_percentile": 0.683823529411765,
  "disease_id": "DOID:1115",
  "disease_name": "sarcoma",
  "disease_percentile": 0.793888166449935,
  "metapath_contribution": {
    "CbGbCtD": 0.8511798049098717,
    "CbGeAlD": 0.033455708506242646,
    "CcSEcCtD": 0.1153644865838857
  },
  "n_trials": 0.0,
  "prediction": 0.00224004995675104,
  "status": 0,
  "training_prediction": 0.00750519426319223
}