{
  "compound_id": "DB00617",
  "compound_name": "Paramethadione",
  "compound_percentile": 0.779411764705882,
  "disease_id": "DOID:2531",
  "disease_name": "hematologic cancer",
  "disease_percentile": 0.511703511053316,
  "metapath_contribution": {
    "CbGbCtD": 0.8611065993771795,
    "CbGeAlD": 0.008644138500308093,
    "CbGpPWpGaD": 0.13024926212251242
  },
  "n_trials": 0.0,
  "prediction": 0.00232667393484582,
  "status": 0
}