{
  "compound_id": "DB01064",
  "compound_name": "Isoprenaline",
  "compound_percentile": 0.7941176470588229,
  "disease_id": "DOID:1024",
  "disease_name": "leprosy",
  "disease_percentile": 0.362808842652796,
  "metapath_contribution": {
    "CbGbCtD": 0.41079392167494905,
    "CbGeAlD": 0.14039576078441263,
    "CbGpPWpGaD": 0.4488103175406383
  },
  "n_trials": 0.0,
  "prediction": 0.00153159630503864,
  "status": 0,
  "training_prediction": 0.00151087517531031
}