{
  "compound_id": "DB06292",
  "compound_name": "Dapagliflozin",
  "compound_percentile": 0.6764705882352939,
  "disease_id": "DOID:1909",
  "disease_name": "melanoma",
  "disease_percentile": 0.9024707412223671,
  "metapath_contribution": {
    "CbGaD": 0.19807484777599724,
    "CbGbCtD": 0.527582640080792,
    "CbGpPWpGaD": 0.19272266611239447,
    "CcSEcCtD": 0.07764073060391039,
    "CrCbGaD": 0.00397911542690586
  },
  "n_trials": 0.0,
  "prediction": 0.00313759272309878,
  "status": 0
}