{
  "compound_id": "DB00316",
  "compound_name": "Acetaminophen",
  "compound_percentile": 0.625,
  "disease_id": "DOID:784",
  "disease_name": "chronic kidney failure",
  "disease_percentile": 0.860858257477243,
  "metapath_contribution": {
    "CbGaD": 0.6912197351432561,
    "CbGeAlD": 0.09631842039174111,
    "CbGpPWpGaD": 0.2124618444650028
  },
  "n_trials": 0.0,
  "prediction": 0.00290285246984961,
  "status": 0
}