{
  "compound_id": "DB08824",
  "compound_name": "Ioflupane I 123",
  "compound_percentile": 0.941176470588235,
  "disease_id": "DOID:5419",
  "disease_name": "schizophrenia",
  "disease_percentile": 0.9681404421326401,
  "metapath_contribution": {
    "CbGaD": 0.900192658914427,
    "CbGeAlD": 0.014527345481903951,
    "CbGpPWpGaD": 0.07858476676858273,
    "CrCbGaD": 0.006695228835086304
  },
  "n_trials": 0.0,
  "prediction": 0.00395004658259639,
  "status": 0
}