{
  "compound_id": "DB00768",
  "compound_name": "Olopatadine",
  "compound_percentile": 0.0882352941176471,
  "disease_id": "DOID:4045",
  "disease_name": "muscle cancer",
  "disease_percentile": 0.0884265279583875,
  "metapath_contribution": {
    "CbGeAlD": 0.4713489985248211,
    "CbGpPWpGaD": 0.3782484099813394,
    "CcSEcCtD": 0.15040259149383944
  },
  "n_trials": 0.0,
  "prediction": 0.000772521147823502,
  "status": 0,
  "training_prediction": 0.00126063628685291
}