{
  "compound_id": "DB00909",
  "compound_name": "Zonisamide",
  "compound_percentile": 0.852941176470588,
  "disease_id": "DOID:2531",
  "disease_name": "hematologic cancer",
  "disease_percentile": 0.7776332899869959,
  "metapath_contribution": {
    "CbGaD": 0.1816753612987438,
    "CbGbCtD": 0.4763749762794551,
    "CbGeAlD": 0.04913209899225558,
    "CbGpPWpGaD": 0.10448003427728582,
    "CcSEcCtD": 0.18833752915225965
  },
  "n_trials": 0.0,
  "prediction": 0.0043841882504319606,
  "status": 0,
  "training_prediction": 0.0385452308765198
}