{
  "compound_id": "DB01113",
  "compound_name": "Papaverine",
  "compound_percentile": 0.125,
  "disease_id": "DOID:11054",
  "disease_name": "urinary bladder cancer",
  "disease_percentile": 0.397919375812744,
  "metapath_contribution": {
    "CbGeAlD": 0.5762539592391879,
    "CcSEcCtD": 0.3867583202104542,
    "CrCbGaD": 0.03698772055035795
  },
  "n_trials": 0.0,
  "prediction": 0.00130993656842582,
  "status": 0
}