{
  "compound_id": "DB00214",
  "compound_name": "Torasemide",
  "compound_percentile": 0.588235294117647,
  "disease_id": "DOID:219",
  "disease_name": "colon cancer",
  "disease_percentile": 0.6853055916775029,
  "metapath_contribution": {
    "CbGbCtD": 0.6145018506805039,
    "CcSEcCtD": 0.38549814931949605
  },
  "n_trials": 0.0,
  "prediction": 0.00206031775292708,
  "status": 0,
  "training_prediction": 0.00293923531459445
}