{
  "compound_id": "DB00515",
  "compound_name": "Cisplatin",
  "compound_percentile": 0.426470588235294,
  "disease_id": "DOID:14330",
  "disease_name": "Parkinson's disease",
  "disease_percentile": 0.9759427828348499,
  "metapath_contribution": {
    "CbGaD": 0.7927222820117245,
    "CbGeAlD": 0.05828630856728145,
    "CbGpPWpGaD": 0.14899140942099406
  },
  "n_trials": 0.0,
  "prediction": 0.0044321534661325105,
  "status": 0
}