{
  "compound_id": "DB01273",
  "compound_name": "Varenicline",
  "compound_percentile": 0.875,
  "disease_id": "DOID:635",
  "disease_name": "acquired immunodeficiency syndrome",
  "disease_percentile": 0.5741222366710009,
  "metapath_contribution": {
    "CbGeAlD": 0.18996627519586406,
    "CcSEcCtD": 0.8100337248041359
  },
  "n_trials": 0.0,
  "prediction": 0.00273825165612175,
  "status": 0,
  "training_prediction": 0.0084122496908806
}