{
  "compound_id": "DB01419",
  "compound_name": "Antrafenine",
  "compound_percentile": 0.6985294117647061,
  "disease_id": "DOID:14221",
  "disease_name": "metabolic syndrome X",
  "disease_percentile": 0.7399219765929781,
  "metapath_contribution": {
    "CbGaD": 0.9021293544720224,
    "CbGeAlD": 0.02377166885047222,
    "CbGpPWpGaD": 0.07113308186775487,
    "CrCbGaD": 0.0029658948097506365
  },
  "n_trials": 0.0,
  "prediction": 0.00197690212025562,
  "status": 0
}