{
  "compound_id": "DB00310",
  "compound_name": "Chlorthalidone",
  "compound_percentile": 0.580882352941177,
  "disease_id": "DOID:9074",
  "disease_name": "systemic lupus erythematosus",
  "disease_percentile": 0.237321196358908,
  "metapath_contribution": {
    "CbGeAlD": 0.33324911484459385,
    "CcSEcCtD": 0.6578187826795701,
    "CrCbGaD": 0.008932102475835906
  },
  "n_trials": 0.0,
  "prediction": 0.00122837194496612,
  "status": 0,
  "training_prediction": 0.00357716322117239
}