{
  "compound_id": "DB01238",
  "compound_name": "Aripiprazole",
  "compound_percentile": 0.3529411764705879,
  "disease_id": "DOID:3070",
  "disease_name": "malignant glioma",
  "disease_percentile": 0.401170351105332,
  "metapath_contribution": {
    "CbGeAlD": 0.33290417328258454,
    "CbGpPWpGaD": 0.2569946748910638,
    "CcSEcCtD": 0.3992769363906904,
    "CrCbGaD": 0.010824215435661349
  },
  "n_trials": 0.0,
  "prediction": 0.0012305251773485802,
  "status": 0
}