{
  "compound_id": "DB00367",
  "compound_name": "Levonorgestrel",
  "compound_percentile": 0.669117647058823,
  "disease_id": "DOID:784",
  "disease_name": "chronic kidney failure",
  "disease_percentile": 0.197659297789337,
  "metapath_contribution": {
    "CbGaD": 0.731136731514174,
    "CbGeAlD": 0.07255231298420384,
    "CbGpPWpGaD": 0.18271363102682922,
    "CrCbGaD": 0.013597324474793018
  },
  "n_trials": 0.0,
  "prediction": 0.00100839948166934,
  "status": 0
}