{
  "compound_id": "DB06709",
  "compound_name": "Methacholine",
  "compound_percentile": 0.44117647058823495,
  "disease_id": "DOID:10652",
  "disease_name": "Alzheimer's disease",
  "disease_percentile": 0.41677503250975295,
  "metapath_contribution": {
    "CbGpPWpGaD": 0.10896558490768235,
    "CcSEcCtD": 0.8610468003669568,
    "CrCbGaD": 0.02998761472536073
  },
  "n_trials": 0.0,
  "prediction": 0.0015967459944681,
  "status": 0
}