{
  "compound_id": "DB00865",
  "compound_name": "Benzphetamine",
  "compound_percentile": 0.0661764705882353,
  "disease_id": "DOID:7148",
  "disease_name": "rheumatoid arthritis",
  "disease_percentile": 0.0123537061118336,
  "metapath_contribution": {
    "CbGbCtD": 0.749902161803469,
    "CcSEcCtD": 0.250097838196531
  },
  "n_trials": 0.0,
  "prediction": 0.000613028454531699,
  "status": 0,
  "training_prediction": 0.00199646734705222
}