{
  "compound_id": "DB00195",
  "compound_name": "Betaxolol",
  "compound_percentile": 0.845588235294118,
  "disease_id": "DOID:12365",
  "disease_name": "malaria",
  "disease_percentile": 0.485045513654096,
  "metapath_contribution": {
    "CbGbCtD": 0.7296260127134848,
    "CcSEcCtD": 0.2703739872865151
  },
  "n_trials": 0.0,
  "prediction": 0.0020527516614384897,
  "status": 0,
  "training_prediction": 0.00873679058197975
}