{
  "compound_id": "DB00190",
  "compound_name": "Carbidopa",
  "compound_percentile": 0.941176470588235,
  "disease_id": "DOID:3083",
  "disease_name": "chronic obstructive pulmonary disease",
  "disease_percentile": 0.4128738621586479,
  "metapath_contribution": {
    "CbGpPWpGaD": 0.01506477796981105,
    "CcSEcCtD": 0.16333628505500083,
    "CrCbGaD": 0.004871846537246157,
    "CrCrCtD": 0.816727090437942
  },
  "n_trials": 0.0,
  "prediction": 0.00190672983170108,
  "status": 0
}