{
  "compound_id": "DB00093",
  "compound_name": "Felypressin",
  "compound_percentile": 0.970588235294118,
  "disease_id": "DOID:2841",
  "disease_name": "asthma",
  "disease_percentile": 0.23146944083225002,
  "metapath_contribution": {
    "CbGeAlD": 0.1103658657188608,
    "CbGpPWpGaD": 0.868033944031225,
    "CrCbGaD": 0.02160019024991415
  },
  "n_trials": 0.0,
  "prediction": 0.0015797927783853302,
  "status": 0
}