{
  "compound_id": "DB01399",
  "compound_name": "Salsalate",
  "compound_percentile": 0.727941176470588,
  "disease_id": "DOID:11476",
  "disease_name": "osteoporosis",
  "disease_percentile": 0.295838751625488,
  "metapath_contribution": {
    "CbGbCtD": 0.7636702191415843,
    "CbGpPWpGaD": 0.0031752547798278175,
    "CcSEcCtD": 0.23315452607858791
  },
  "n_trials": 0.0,
  "prediction": 0.00142046336846251,
  "status": 0
}