{
  "compound_id": "DB00284",
  "compound_name": "Acarbose",
  "compound_percentile": 0.0294117647058824,
  "disease_id": "DOID:2174",
  "disease_name": "ocular cancer",
  "disease_percentile": 0.569570871261378,
  "metapath_contribution": {
    "CbGeAlD": 0.5851211795180247,
    "CbGpPWpGaD": 0.41487882048197533
  },
  "n_trials": 0.0,
  "prediction": 0.00123759643220899,
  "status": 0,
  "training_prediction": 0.0009126850365690429
}