{
  "compound_id": "DB08897",
  "compound_name": "Aclidinium",
  "compound_percentile": 0.845588235294118,
  "disease_id": "DOID:9352",
  "disease_name": "type 2 diabetes mellitus",
  "disease_percentile": 0.36866059817945396,
  "metapath_contribution": {
    "CbGbCtD": 0.28463051531755557,
    "CbGpPWpGaD": 0.27466384125136856,
    "CcSEcCtD": 0.4403436790542034,
    "CrCbGaD": 0.00036196437687248064
  },
  "n_trials": 0.0,
  "prediction": 0.00200532960398574,
  "status": 0
}