{
  "compound_id": "DB00399",
  "compound_name": "Zoledronate",
  "compound_percentile": 0.963235294117647,
  "disease_id": "DOID:7147",
  "disease_name": "ankylosing spondylitis",
  "disease_percentile": 0.94148244473342,
  "metapath_contribution": {
    "CcSEcCtD": 0.06536784790416653,
    "CtDrD": 0.9346321520958334
  },
  "n_trials": 0.0,
  "prediction": 0.00479807003382012,
  "status": 0,
  "training_prediction": 0.0159794417859278
}