{
  "compound_id": "DB00643",
  "compound_name": "Mebendazole",
  "compound_percentile": 0.558823529411765,
  "disease_id": "DOID:1936",
  "disease_name": "atherosclerosis",
  "disease_percentile": 0.182704811443433,
  "metapath_contribution": {
    "CbGbCtD": 0.8117015573294063,
    "CbGpPWpGaD": 0.10034349314896424,
    "CcSEcCtD": 0.08090899394763824,
    "CrCbGaD": 0.007045955573991244
  },
  "n_trials": 0.0,
  "prediction": 0.0010957411822836401,
  "status": 0
}