{
  "compound_id": "DB00224",
  "compound_name": "Indinavir",
  "compound_percentile": 0.977941176470588,
  "disease_id": "DOID:1826",
  "disease_name": "epilepsy syndrome",
  "disease_percentile": 0.771781534460338,
  "metapath_contribution": {
    "CbGaD": 0.36486299219683305,
    "CbGbCtD": 0.43885650051925235,
    "CbGpPWpGaD": 0.04980191012143408,
    "CcSEcCtD": 0.14285049704517408,
    "CrCbGaD": 0.003628100117306469
  },
  "n_trials": 0.0,
  "prediction": 0.0073466301474445096,
  "status": 0,
  "training_prediction": 0.0350628160639278
}