{
  "compound_id": "DB00872",
  "compound_name": "Conivaptan",
  "compound_percentile": 0.933823529411765,
  "disease_id": "DOID:635",
  "disease_name": "acquired immunodeficiency syndrome",
  "disease_percentile": 0.547464239271782,
  "metapath_contribution": {
    "CbGbCtD": 0.595059391512703,
    "CbGeAlD": 0.02773771132253903,
    "CbGpPWpGaD": 0.11395144236460379,
    "CcSEcCtD": 0.2632514548001542
  },
  "n_trials": 0.0,
  "prediction": 0.00261060061318295,
  "status": 0
}