{
  "compound_id": "DB01275",
  "compound_name": "Hydralazine",
  "compound_percentile": 0.610294117647059,
  "disease_id": "DOID:2394",
  "disease_name": "ovarian cancer",
  "disease_percentile": 0.837451235370611,
  "metapath_contribution": {
    "CbGbCtD": 0.0824424653518737,
    "CbGeAlD": 0.36492486294929993,
    "CcSEcCtD": 0.5526326716988263
  },
  "n_trials": 1.0,
  "prediction": 0.00246848717632133,
  "status": 0,
  "training_prediction": 0.0058751066673135
}