{
  "compound_id": "DB00129",
  "compound_name": "L-Ornithine",
  "compound_percentile": 0.558823529411765,
  "disease_id": "DOID:3070",
  "disease_name": "malignant glioma",
  "disease_percentile": 0.36866059817945396,
  "metapath_contribution": {
    "CbGeAlD": 0.4357177210511696,
    "CbGpPWpGaD": 0.546170375246147,
    "CrCbGaD": 0.018111903702683375
  },
  "n_trials": 0.0,
  "prediction": 0.00117518087193451,
  "status": 0
}