{
  "compound_id": "DB00441",
  "compound_name": "Gemcitabine",
  "compound_percentile": 0.617647058823529,
  "disease_id": "DOID:9296",
  "disease_name": "cleft lip",
  "disease_percentile": 0.822496749024707,
  "metapath_contribution": {
    "CbGaD": 0.9019263952278654,
    "CbGeAlD": 0.022994965475406005,
    "CbGpPWpGaD": 0.0750786392967285
  },
  "n_trials": 0.0,
  "prediction": 0.00172244420690564,
  "status": 0
}