{
  "compound_id": "DB00774",
  "compound_name": "Hydroflumethiazide",
  "compound_percentile": 0.0147058823529412,
  "disease_id": "DOID:1909",
  "disease_name": "melanoma",
  "disease_percentile": 0.0812743823146944,
  "metapath_contribution": {
    "CbGeAlD": 0.31600449222186616,
    "CbGpPWpGaD": 0.46099765342726384,
    "CcSEcCtD": 0.22299785435086986
  },
  "n_trials": 0.0,
  "prediction": 0.000653958016989521,
  "status": 0,
  "training_prediction": 0.00119557515330444
}