{
  "compound_id": "DB01065",
  "compound_name": "Melatonin",
  "compound_percentile": 0.801470588235294,
  "disease_id": "DOID:9970",
  "disease_name": "obesity",
  "disease_percentile": 0.64369310793238,
  "metapath_contribution": {
    "CbGaD": 0.3407404761103873,
    "CbGbCtD": 0.2566773230175955,
    "CbGeAlD": 0.08203311742789803,
    "CbGpPWpGaD": 0.16592599044669168,
    "CcSEcCtD": 0.1512356019309859,
    "CrCbGaD": 0.003387491066441577
  },
  "n_trials": 0.0,
  "prediction": 0.0033305701024511397,
  "status": 0
}