{
  "compound_id": "DB00912",
  "compound_name": "Repaglinide",
  "compound_percentile": 0.7058823529411771,
  "disease_id": "DOID:4159",
  "disease_name": "skin cancer",
  "disease_percentile": 0.9239271781534458,
  "metapath_contribution": {
    "CbGbCtD": 0.729367391717983,
    "CbGeAlD": 0.08646819408488268,
    "CcSEcCtD": 0.18416441419713417
  },
  "n_trials": 0.0,
  "prediction": 0.0036498684031230203,
  "status": 0,
  "training_prediction": 0.00802240765579199
}