{
  "compound_id": "DB01119",
  "compound_name": "Diazoxide",
  "compound_percentile": 0.448529411764706,
  "disease_id": "DOID:2377",
  "disease_name": "multiple sclerosis",
  "disease_percentile": 0.4661898569570871,
  "metapath_contribution": {
    "CbGeAlD": 0.29347637329571685,
    "CbGpPWpGaD": 0.01476853042612716,
    "CcSEcCtD": 0.6917550962781559
  },
  "n_trials": 0.0,
  "prediction": 0.00177911668858495,
  "status": 0
}