{
  "compound_id": "DB00227",
  "compound_name": "Lovastatin",
  "compound_percentile": 0.720588235294118,
  "disease_id": "DOID:3310",
  "disease_name": "atopic dermatitis",
  "disease_percentile": 0.41742522756827005,
  "metapath_contribution": {
    "CbGbCtD": 0.8065604647363455,
    "CbGdCrCtD": 0.005494927526862557,
    "CbGpPWpGaD": 0.011852570271047386,
    "CcSEcCtD": 0.17609203746574464
  },
  "n_trials": 0.0,
  "prediction": 0.0019215370346379302,
  "status": 0,
  "training_prediction": 0.0109024085904888
}