{
  "compound_id": "DB00998",
  "compound_name": "Frovatriptan",
  "compound_percentile": 0.816176470588235,
  "disease_id": "DOID:7147",
  "disease_name": "ankylosing spondylitis",
  "disease_percentile": 0.9070221066319899,
  "metapath_contribution": {
    "CbGeAlD": 0.06385160544092966,
    "CcSEcCtD": 0.0775534808148844,
    "CpDpCtD": 0.8585949137441858
  },
  "n_trials": 0.0,
  "prediction": 0.00342879176722227,
  "status": 0
}