{
  "compound_id": "DB06804",
  "compound_name": "Nonoxynol-9",
  "compound_percentile": 0.867647058823529,
  "disease_id": "DOID:7147",
  "disease_name": "ankylosing spondylitis",
  "disease_percentile": 0.8992197659297791,
  "metapath_contribution": {
    "CbGbCtD": 0.9756254653148697,
    "CbGdCrCtD": 0.008934368148792742,
    "CbGeAlD": 0.015440166536337476
  },
  "n_trials": 0.0,
  "prediction": 0.00328207454533018,
  "status": 0
}