{
  "compound_id": "DB00385",
  "compound_name": "Valrubicin",
  "compound_percentile": 0.0294117647058824,
  "disease_id": "DOID:5041",
  "disease_name": "esophageal cancer",
  "disease_percentile": 0.0370611183355007,
  "metapath_contribution": {
    "CbGpPWpGaD": 0.4759367346205501,
    "CrCbGaD": 0.5240632653794498
  },
  "n_trials": 0.0,
  "prediction": 0.000600791494161951,
  "status": 0,
  "training_prediction": 0.0007293761791620929
}