{
  "compound_id": "DB00917",
  "compound_name": "Dinoprostone",
  "compound_percentile": 0.639705882352941,
  "disease_id": "DOID:263",
  "disease_name": "kidney cancer",
  "disease_percentile": 0.44928478543563105,
  "metapath_contribution": {
    "CbGbCtD": 0.4721509677245865,
    "CbGeAlD": 0.14057495102647355,
    "CbGpPWpGaD": 0.1804394391800983,
    "CcSEcCtD": 0.2048306394348238,
    "CrCbGaD": 0.0020040026340178555
  },
  "n_trials": 0.0,
  "prediction": 0.00165923308246959,
  "status": 0
}