{
  "compound_id": "DB00884",
  "compound_name": "Risedronate",
  "compound_percentile": 0.845588235294118,
  "disease_id": "DOID:784",
  "disease_name": "chronic kidney failure",
  "disease_percentile": 0.696358907672302,
  "metapath_contribution": {
    "CbGaD": 0.7929712987049312,
    "CbGeAlD": 0.053559780728518316,
    "CbGpPWpGaD": 0.14751046190085546,
    "CrCbGaD": 0.005958458665695024
  },
  "n_trials": 0.0,
  "prediction": 0.0020728623891413103,
  "status": 0
}