{
  "compound_id": "DB01200",
  "compound_name": "Bromocriptine",
  "compound_percentile": 0.264705882352941,
  "disease_id": "DOID:4045",
  "disease_name": "muscle cancer",
  "disease_percentile": 0.33875162548764604,
  "metapath_contribution": {
    "CbGbCtD": 0.5045486737175677,
    "CbGeAlD": 0.06263340931643342,
    "CcSEcCtD": 0.43281791696599875
  },
  "n_trials": 0.0,
  "prediction": 0.0011536936433271,
  "status": 0,
  "training_prediction": 0.00188219780096248
}