{
  "compound_id": "DB01340",
  "compound_name": "Cilazapril",
  "compound_percentile": 0.632352941176471,
  "disease_id": "DOID:2994",
  "disease_name": "germ cell cancer",
  "disease_percentile": 0.5136540962288689,
  "metapath_contribution": {
    "CbGbCtD": 0.3297671462223844,
    "CbGeAlD": 0.19377591154131776,
    "CcSEcCtD": 0.4764569422362979
  },
  "n_trials": 0.0,
  "prediction": 0.0016181287345149,
  "status": 0
}