{
  "compound_id": "DB00620",
  "compound_name": "Triamcinolone",
  "compound_percentile": 0.5367647058823529,
  "disease_id": "DOID:11054",
  "disease_name": "urinary bladder cancer",
  "disease_percentile": 0.0858257477243173,
  "metapath_contribution": {
    "CbGaD": 0.4522012037080767,
    "CbGbCtD": 0.2929608074878919,
    "CbGeAlD": 0.03270031644988388,
    "CbGpPWpGaD": 0.03553833491338612,
    "CcSEcCtD": 0.18659933744076138
  },
  "n_trials": 0.0,
  "prediction": 0.0007510260804797769,
  "status": 0,
  "training_prediction": 0.0140849883229121
}