{
  "compound_id": "DB00476",
  "compound_name": "Duloxetine",
  "compound_percentile": 0.713235294117647,
  "disease_id": "DOID:332",
  "disease_name": "amyotrophic lateral sclerosis",
  "disease_percentile": 0.47074122236671,
  "metapath_contribution": {
    "CbGbCtD": 0.37921870997789886,
    "CbGeAlD": 0.14818863720120662,
    "CbGpPWpGaD": 0.060710877397312187,
    "CcSEcCtD": 0.40110374089821793,
    "CrCbGaD": 0.010778034525364364
  },
  "n_trials": 0.0,
  "prediction": 0.00123843984054558,
  "status": 0
}