{
  "compound_id": "DB01195",
  "compound_name": "Flecainide",
  "compound_percentile": 0.941176470588235,
  "disease_id": "DOID:3393",
  "disease_name": "coronary artery disease",
  "disease_percentile": 0.656697009102731,
  "metapath_contribution": {
    "CbGbCtD": 0.5445198525195563,
    "CbGeAlD": 0.12149925847440426,
    "CbGpPWpGaD": 0.04538327957303213,
    "CcSEcCtD": 0.27959113404705804,
    "CrCbGaD": 0.00900647538594931
  },
  "n_trials": 0.0,
  "prediction": 0.00320497369337542,
  "status": 0
}