{
  "compound_id": "DB01045",
  "compound_name": "Rifampicin",
  "compound_percentile": 0.816176470588235,
  "disease_id": "DOID:8577",
  "disease_name": "ulcerative colitis",
  "disease_percentile": 0.716514954486346,
  "metapath_contribution": {
    "CbGaD": 0.1488614000320698,
    "CbGbCtD": 0.7133522625432634,
    "CbGeAlD": 0.07238092870974787,
    "CbGpPWpGaD": 0.06540540871491889
  },
  "n_trials": 0.0,
  "prediction": 0.0029072098207761398,
  "status": 0,
  "training_prediction": 0.00990249289404226
}