{
  "compound_id": "DB01203",
  "compound_name": "Nadolol",
  "compound_percentile": 0.169117647058824,
  "disease_id": "DOID:4989",
  "disease_name": "pancreatitis",
  "disease_percentile": 0.0949284785435631,
  "metapath_contribution": {
    "CbGpPWpGaD": 0.22838151765246503,
    "CcSEcCtD": 0.7716184823475349
  },
  "n_trials": 0.0,
  "prediction": 0.000842133812047342,
  "status": 0,
  "training_prediction": 0.000620980329465246
}