{
  "compound_id": "DB00884",
  "compound_name": "Risedronate",
  "compound_percentile": 0.654411764705882,
  "disease_id": "DOID:2994",
  "disease_name": "germ cell cancer",
  "disease_percentile": 0.456436931079324,
  "metapath_contribution": {
    "CbGbCtD": 0.5911765940348177,
    "CbGeAlD": 0.12041813096642394,
    "CcSEcCtD": 0.2771628340354528,
    "CrCbGaD": 0.011242440963305542
  },
  "n_trials": 0.0,
  "prediction": 0.00152372297351424,
  "status": 0,
  "training_prediction": 0.00463427820989647
}