{
  "compound_id": "DB01356",
  "compound_name": "Lithium",
  "compound_percentile": 0.8602941176470591,
  "disease_id": "DOID:9074",
  "disease_name": "systemic lupus erythematosus",
  "disease_percentile": 0.725617685305592,
  "metapath_contribution": {
    "CbGeAlD": 0.21722616605674264,
    "CbGpPWpGaD": 0.40942818184392005,
    "CcSEcCtD": 0.3733456520993373
  },
  "n_trials": 0.0,
  "prediction": 0.0027011033953195603,
  "status": 0
}