{
  "compound_id": "DB01065",
  "compound_name": "Melatonin",
  "compound_percentile": 0.566176470588235,
  "disease_id": "DOID:784",
  "disease_name": "chronic kidney failure",
  "disease_percentile": 0.687906371911573,
  "metapath_contribution": {
    "CbGaD": 0.6253610878101022,
    "CbGeAlD": 0.12916066661539033,
    "CbGpPWpGaD": 0.2412987287429967,
    "CrCbGaD": 0.004179516831510638
  },
  "n_trials": 1.0,
  "prediction": 0.00204724766386477,
  "status": 0
}