{
  "compound_id": "DB01252",
  "compound_name": "Mitiglinide",
  "compound_percentile": 0.838235294117647,
  "disease_id": "DOID:12236",
  "disease_name": "primary biliary cirrhosis",
  "disease_percentile": 0.704161248374512,
  "metapath_contribution": {
    "CbGbCtD": 0.9398119618315082,
    "CbGpPWpGaD": 0.05116129591097665,
    "CrCbGaD": 0.009026742257515038
  },
  "n_trials": 0.0,
  "prediction": 0.00214781031542593,
  "status": 0
}