{
  "compound_id": "DB00104",
  "compound_name": "Octreotide",
  "compound_percentile": 0.691176470588235,
  "disease_id": "DOID:2394",
  "disease_name": "ovarian cancer",
  "disease_percentile": 0.576072821846554,
  "metapath_contribution": {
    "CbGbCtD": 0.45480418470545114,
    "CbGpPWpGaD": 0.05240006516084612,
    "CcSEcCtD": 0.49279575013370275
  },
  "n_trials": 0.0,
  "prediction": 0.00165807605773931,
  "status": 0,
  "training_prediction": 0.003950722447072929
}