{
  "compound_id": "DB00238",
  "compound_name": "Nevirapine",
  "compound_percentile": 0.882352941176471,
  "disease_id": "DOID:0050741",
  "disease_name": "alcohol dependence",
  "disease_percentile": 0.750325097529259,
  "metapath_contribution": {
    "CbGbCtD": 0.651291118135746,
    "CbGeAlD": 0.0035284706367893098,
    "CbGpPWpGaD": 0.1442338304574772,
    "CcSEcCtD": 0.20094658076998753
  },
  "n_trials": 0.0,
  "prediction": 0.00348550010438618,
  "status": 0,
  "training_prediction": 0.004228873439539429
}