{
  "compound_id": "DB01023",
  "compound_name": "Felodipine",
  "compound_percentile": 0.0294117647058824,
  "disease_id": "DOID:2174",
  "disease_name": "ocular cancer",
  "disease_percentile": 0.150195058517555,
  "metapath_contribution": {
    "CbGeAlD": 0.05063172311085948,
    "CbGpPWpGaD": 0.9493682768891405
  },
  "n_trials": 0.0,
  "prediction": 0.000721197309084507,
  "status": 0,
  "training_prediction": 0.0005317861619000981
}