{
  "compound_id": "DB01397",
  "compound_name": "Magnesium salicylate",
  "compound_percentile": 0.941176470588235,
  "disease_id": "DOID:1936",
  "disease_name": "atherosclerosis",
  "disease_percentile": 0.9148244473342,
  "metapath_contribution": {
    "CbGaD": 0.3705748222919929,
    "CbGbCtD": 0.044012939054985725,
    "CbGeAlD": 0.013101451094067802,
    "CbGpPWpGaD": 0.07991605129684572,
    "CcSEcCtD": 0.055290680063273506,
    "CrCbGaD": 0.004122341453359145,
    "CrCrCtD": 0.43298171474547525
  },
  "n_trials": 0.0,
  "prediction": 0.00451869776731802,
  "status": 0
}