{
  "compound_id": "DB00174",
  "compound_name": "L-Asparagine",
  "compound_percentile": 0.595588235294118,
  "disease_id": "DOID:2986",
  "disease_name": "IgA glomerulonephritis",
  "disease_percentile": 0.654096228868661,
  "metapath_contribution": {
    "CbGeAlD": 0.29573450745450636,
    "CbGpPWpGaD": 0.6721948823432866,
    "CrCbGaD": 0.032070610202206945
  },
  "n_trials": 0.0,
  "prediction": 0.00122401882701781,
  "status": 0
}