{
  "compound_id": "DB00190",
  "compound_name": "Carbidopa",
  "compound_percentile": 0.7058823529411771,
  "disease_id": "DOID:2377",
  "disease_name": "multiple sclerosis",
  "disease_percentile": 0.0838751625487646,
  "metapath_contribution": {
    "CbGeAlD": 0.2341392739884101,
    "CcSEcCtD": 0.7525005469945719,
    "CrCbGaD": 0.013360179017018076
  },
  "n_trials": 0.0,
  "prediction": 0.0009760267660436619,
  "status": 0
}