{
  "compound_id": "DB01196",
  "compound_name": "Estramustine",
  "compound_percentile": 0.0882352941176471,
  "disease_id": "DOID:4989",
  "disease_name": "pancreatitis",
  "disease_percentile": 0.0312093628088427,
  "metapath_contribution": {
    "CbGpPWpGaD": 0.35618724506605315,
    "CcSEcCtD": 0.6372601339586207,
    "CrCbGaD": 0.006552620975326093
  },
  "n_trials": 0.0,
  "prediction": 0.000614709689655674,
  "status": 0,
  "training_prediction": 0.00045325315796276904
}