{
  "compound_id": "DB00327",
  "compound_name": "Hydromorphone",
  "compound_percentile": 0.8308823529411771,
  "disease_id": "DOID:363",
  "disease_name": "uterine cancer",
  "disease_percentile": 0.486345903771131,
  "metapath_contribution": {
    "CbGbCtD": 0.7090600232779687,
    "CbGeAlD": 0.0001929107869329986,
    "CcSEcCtD": 0.2907470659350983
  },
  "n_trials": 0.0,
  "prediction": 0.00164195460286571,
  "status": 0
}