{
  "compound_id": "DB08907",
  "compound_name": "Canagliflozin",
  "compound_percentile": 0.514705882352941,
  "disease_id": "DOID:2355",
  "disease_name": "anemia",
  "disease_percentile": 0.9018205461638491,
  "metapath_contribution": {
    "CbGaD": 0.4562562506564922,
    "CbGeAlD": 0.21563191242830748,
    "CbGpPWpGaD": 0.32320543418192194,
    "CrCbGaD": 0.0049064027332783
  },
  "n_trials": 0.0,
  "prediction": 0.00230567108291381,
  "status": 0
}