{
  "compound_id": "DB06708",
  "compound_name": "Lumefantrine",
  "compound_percentile": 1.0,
  "disease_id": "DOID:1612",
  "disease_name": "breast cancer",
  "disease_percentile": 0.746423927178153,
  "metapath_contribution": {
    "CbGaD": 0.48069243287917607,
    "CbGbCtD": 0.5027079390608837,
    "CbGpPWpGaD": 0.013457360703319772,
    "CrCbGaD": 0.003142267356620387
  },
  "n_trials": 0.0,
  "prediction": 0.004098451995787821,
  "status": 0
}