{
  "compound_id": "DB01136",
  "compound_name": "Carvedilol",
  "compound_percentile": 0.36764705882352894,
  "disease_id": "DOID:585",
  "disease_name": "nephrolithiasis",
  "disease_percentile": 0.41157347204161204,
  "metapath_contribution": {
    "CbGeAlD": 0.26893348930088906,
    "CbGpPWpGaD": 0.2871987434918123,
    "CcSEcCtD": 0.4438677672072987
  },
  "n_trials": 0.0,
  "prediction": 0.00139956128847009,
  "status": 0,
  "training_prediction": 0.000630937669827863
}