{
  "compound_id": "DB00943",
  "compound_name": "Zalcitabine",
  "compound_percentile": 0.875,
  "disease_id": "DOID:12365",
  "disease_name": "malaria",
  "disease_percentile": 0.539661898569571,
  "metapath_contribution": {
    "CbGbCtD": 0.7716164432432312,
    "CbGeAlD": 0.051862196080023036,
    "CcSEcCtD": 0.17652136067674576
  },
  "n_trials": 0.0,
  "prediction": 0.0021772200287068603,
  "status": 0
}