{
  "compound_id": "DB00673",
  "compound_name": "Aprepitant",
  "compound_percentile": 0.941176470588235,
  "disease_id": "DOID:10763",
  "disease_name": "hypertension",
  "disease_percentile": 0.7698309492847851,
  "metapath_contribution": {
    "CbGaD": 0.42123925504372856,
    "CbGbCtD": 0.3374090260493914,
    "CbGeAlD": 0.018337132208069415,
    "CbGpPWpGaD": 0.08701869630332115,
    "CcSEcCtD": 0.13274718606135966,
    "CrCbGaD": 0.0032487043341299466
  },
  "n_trials": 0.0,
  "prediction": 0.0087361306078824,
  "status": 0
}