{
  "compound_id": "DB00659",
  "compound_name": "Acamprosate",
  "compound_percentile": 0.639705882352941,
  "disease_id": "DOID:10283",
  "disease_name": "prostate cancer",
  "disease_percentile": 0.581274382314694,
  "metapath_contribution": {
    "CbGeAlD": 0.050095675109271424,
    "CbGpPWpGaD": 0.28108643714423354,
    "CcSEcCtD": 0.6688178877464951
  },
  "n_trials": 0.0,
  "prediction": 0.00264193098284292,
  "status": 0,
  "training_prediction": 0.0111529758222391
}