{
  "compound_id": "DB01413",
  "compound_name": "Cefepime",
  "compound_percentile": 0.992647058823529,
  "disease_id": "DOID:10763",
  "disease_name": "hypertension",
  "disease_percentile": 0.390767230169051,
  "metapath_contribution": {
    "CbGbCtD": 0.7685008651968418,
    "CbGeAlD": 0.0015420765453793665,
    "CbGpPWpGaD": 0.0354642059620323,
    "CcSEcCtD": 0.1944928522957466
  },
  "n_trials": 0.0,
  "prediction": 0.0029812147142501896,
  "status": 0
}