{
  "compound_id": "DB00637",
  "compound_name": "Astemizole",
  "compound_percentile": 0.838235294117647,
  "disease_id": "DOID:10652",
  "disease_name": "Alzheimer's disease",
  "disease_percentile": 0.556566970091027,
  "metapath_contribution": {
    "CbGaD": 0.40162501048765853,
    "CbGbCtD": 0.4902596659285956,
    "CbGeAlD": 0.024173629682203105,
    "CbGpPWpGaD": 0.07701250259097664,
    "CrCbGaD": 0.006929191310566042
  },
  "n_trials": 0.0,
  "prediction": 0.0020221827109690197,
  "status": 0
}