{
  "compound_id": "DB00635",
  "compound_name": "Prednisone",
  "compound_percentile": 0.816176470588235,
  "disease_id": "DOID:219",
  "disease_name": "colon cancer",
  "disease_percentile": 0.600130039011703,
  "metapath_contribution": {
    "CbGaD": 0.18554416915876112,
    "CbGbCtD": 0.14379528428989372,
    "CbGeAlD": 0.014691173061479157,
    "CcSEcCtD": 0.06823439930676735,
    "CrCbGaD": 0.0005318826505861716,
    "CtDrD": 0.5872030915325124
  },
  "n_trials": 0.0,
  "prediction": 0.0018136164252325101,
  "status": 0,
  "training_prediction": 0.0234155866914422
}