{
  "compound_id": "DB04573",
  "compound_name": "Estriol",
  "compound_percentile": 0.882352941176471,
  "disease_id": "DOID:2531",
  "disease_name": "hematologic cancer",
  "disease_percentile": 0.5773732119635889,
  "metapath_contribution": {
    "CbGaD": 0.33233733722295905,
    "CbGbCtD": 0.3484117285534569,
    "CbGeAlD": 0.05131608329065865,
    "CbGpPWpGaD": 0.08017655792970829,
    "CcSEcCtD": 0.1840112548214185,
    "CrCbGaD": 0.0037470381817985474
  },
  "n_trials": 0.0,
  "prediction": 0.0026293790461279897,
  "status": 0
}