{
  "compound_id": "DB00709",
  "compound_name": "Lamivudine",
  "compound_percentile": 0.661764705882353,
  "disease_id": "DOID:4045",
  "disease_name": "muscle cancer",
  "disease_percentile": 0.44928478543563105,
  "metapath_contribution": {
    "CbGbCtD": 0.7735510394099896,
    "CbGdCrCtD": 0.0013090176590048886,
    "CbGeAlD": 0.07733451506278452,
    "CbGpPWpGaD": 0.039091276717922126,
    "CcSEcCtD": 0.10871415115029888
  },
  "n_trials": 0.0,
  "prediction": 0.00134591335927028,
  "status": 0,
  "training_prediction": 0.0036539935817435205
}