{
  "compound_id": "DB06274",
  "compound_name": "Alvimopan",
  "compound_percentile": 0.669117647058823,
  "disease_id": "DOID:14330",
  "disease_name": "Parkinson's disease",
  "disease_percentile": 0.517555266579974,
  "metapath_contribution": {
    "CbGeAlD": 0.4042183052334676,
    "CbGpPWpGaD": 0.563022337310159,
    "CrCbGaD": 0.03275935745637338
  },
  "n_trials": 0.0,
  "prediction": 0.00143296099011492,
  "status": 0
}