{
  "compound_id": "DB00561",
  "compound_name": "Doxapram",
  "compound_percentile": 0.977941176470588,
  "disease_id": "DOID:9970",
  "disease_name": "obesity",
  "disease_percentile": 0.280234070221066,
  "metapath_contribution": {
    "CbGeAlD": 0.01888561984075599,
    "CcSEcCtD": 0.1615322723520684,
    "CrCbGaD": 0.004386070932096886,
    "CrCrCtD": 0.8151960368750787
  },
  "n_trials": 0.0,
  "prediction": 0.00159809476115811,
  "status": 0
}