{
  "compound_id": "DB01075",
  "compound_name": "Diphenhydramine",
  "compound_percentile": 0.110294117647059,
  "disease_id": "DOID:2355",
  "disease_name": "anemia",
  "disease_percentile": 0.0539661898569571,
  "metapath_contribution": {
    "CbGaD": 0.6905884018688315,
    "CbGeAlD": 0.13284608656343946,
    "CbGpPWpGaD": 0.1715512536679422,
    "CrCbGaD": 0.005014257899786824
  },
  "n_trials": 0.0,
  "prediction": 0.000554566959066224,
  "status": 0
}