{
  "compound_id": "DB00872",
  "compound_name": "Conivaptan",
  "compound_percentile": 0.926470588235294,
  "disease_id": "DOID:12365",
  "disease_name": "malaria",
  "disease_percentile": 0.586475942782835,
  "metapath_contribution": {
    "CbGbCtD": 0.7930024828497667,
    "CbGeAlD": 0.023946687537013456,
    "CcSEcCtD": 0.18305082961321983
  },
  "n_trials": 0.0,
  "prediction": 0.00229943356296383,
  "status": 0
}