{
  "compound_id": "DB00691",
  "compound_name": "Moexipril",
  "compound_percentile": 0.926470588235294,
  "disease_id": "DOID:9970",
  "disease_name": "obesity",
  "disease_percentile": 0.7542262678803641,
  "metapath_contribution": {
    "CbGaD": 0.25628350487153795,
    "CbGeAlD": 0.0539444004587057,
    "CbGpPWpGaD": 0.062281969802193866,
    "CrCbGaD": 0.0038756070384633637,
    "CtDrD": 0.623614517829099
  },
  "n_trials": 0.0,
  "prediction": 0.00446966598316376,
  "status": 0,
  "training_prediction": 0.0114026402812154
}