{
  "compound_id": "DB00119",
  "compound_name": "Pyruvic acid",
  "compound_percentile": 0.448529411764706,
  "disease_id": "DOID:1115",
  "disease_name": "sarcoma",
  "disease_percentile": 0.565669700910273,
  "metapath_contribution": {
    "CbGdCrCtD": 0.024245788699656684,
    "CbGeAlD": 0.6625642759275411,
    "CbGpPWpGaD": 0.31318993537280226
  },
  "n_trials": 0.0,
  "prediction": 0.0015757049904960901,
  "status": 0
}