{
  "compound_id": "DB01080",
  "compound_name": "Vigabatrin",
  "compound_percentile": 0.816176470588235,
  "disease_id": "DOID:3277",
  "disease_name": "thymus cancer",
  "disease_percentile": 0.730819245773732,
  "metapath_contribution": {
    "CbGeAlD": 0.22326107381165966,
    "CcSEcCtD": 0.7767389261883404
  },
  "n_trials": 0.0,
  "prediction": 0.0017969383925070899,
  "status": 0,
  "training_prediction": 0.0008102567267845559
}