{
  "compound_id": "DB00445",
  "compound_name": "Epirubicin",
  "compound_percentile": 0.588235294117647,
  "disease_id": "DOID:2841",
  "disease_name": "asthma",
  "disease_percentile": 0.232769830949285,
  "metapath_contribution": {
    "CbGaD": 0.4205307130431931,
    "CbGbCtD": 0.2756034209102196,
    "CbGdCrCtD": 0.003228717413152545,
    "CbGeAlD": 0.047875898569421114,
    "CbGpPWpGaD": 0.06013296422891651,
    "CcSEcCtD": 0.1894915954224668,
    "CrCbGaD": 0.003136690412630305
  },
  "n_trials": 0.0,
  "prediction": 0.00158416368737191,
  "status": 0,
  "training_prediction": 0.0845996306642578
}