{
  "compound_id": "DB00720",
  "compound_name": "Clodronate",
  "compound_percentile": 0.661764705882353,
  "disease_id": "DOID:10283",
  "disease_name": "prostate cancer",
  "disease_percentile": 0.365409622886866,
  "metapath_contribution": {
    "CbGaD": 0.3425212079384579,
    "CbGeAlD": 0.1344549619649921,
    "CbGpPWpGaD": 0.23317858985779008,
    "CcSEcCtD": 0.28984524023875985
  },
  "n_trials": 2.0,
  "prediction": 0.0017898564708574,
  "status": 0
}