{
  "compound_id": "DB00191",
  "compound_name": "Phentermine",
  "compound_percentile": 0.588235294117647,
  "disease_id": "DOID:0060073",
  "disease_name": "lymphatic system cancer",
  "disease_percentile": 0.102730819245774,
  "metapath_contribution": {
    "CbGbCtD": 0.5134866235000538,
    "CcSEcCtD": 0.4865133764999462
  },
  "n_trials": 0.0,
  "prediction": 0.0010654631257029801,
  "status": 0,
  "training_prediction": 0.0023491870450793604
}