{
  "compound_id": "DB00104",
  "compound_name": "Octreotide",
  "compound_percentile": 0.8602941176470591,
  "disease_id": "DOID:8893",
  "disease_name": "psoriasis",
  "disease_percentile": 0.7197659297789342,
  "metapath_contribution": {
    "CbGbCtD": 0.6098422112974649,
    "CbGpPWpGaD": 0.10703672785245127,
    "CcSEcCtD": 0.283121060850084
  },
  "n_trials": 0.0,
  "prediction": 0.00255553830453169,
  "status": 0,
  "training_prediction": 0.0107912783744826
}