{
  "compound_id": "DB01033",
  "compound_name": "Mercaptopurine",
  "compound_percentile": 0.897058823529412,
  "disease_id": "DOID:10283",
  "disease_name": "prostate cancer",
  "disease_percentile": 0.871911573472042,
  "metapath_contribution": {
    "CbGaD": 0.4158722062937987,
    "CbGbCtD": 0.3229194872305188,
    "CbGdCrCtD": 0.002751533926011741,
    "CbGeAlD": 0.058290497568493846,
    "CbGpPWpGaD": 0.0884593603443102,
    "CcSEcCtD": 0.10773392222170919,
    "CrCbGaD": 0.003972992415157501
  },
  "n_trials": 0.0,
  "prediction": 0.0060239357454021395,
  "status": 0,
  "training_prediction": 0.0554736020145525
}