{
  "compound_id": "DB01078",
  "compound_name": "Deslanoside",
  "compound_percentile": 0.242647058823529,
  "disease_id": "DOID:1826",
  "disease_name": "epilepsy syndrome",
  "disease_percentile": 0.0123537061118336,
  "metapath_contribution": {
    "CbGeAlD": 0.35194359731191543,
    "CbGpPWpGaD": 0.6263947759724603,
    "CrCbGaD": 0.02166162671562424
  },
  "n_trials": 0.0,
  "prediction": 0.0006368053611900089,
  "status": 0
}