{
  "compound_id": "DB00215",
  "compound_name": "Citalopram",
  "compound_percentile": 0.8897058823529409,
  "disease_id": "DOID:635",
  "disease_name": "acquired immunodeficiency syndrome",
  "disease_percentile": 0.874512353706112,
  "metapath_contribution": {
    "CbGbCtD": 0.70123994726115,
    "CbGeAlD": 0.03792320810020506,
    "CcSEcCtD": 0.26083684463864487
  },
  "n_trials": 0.0,
  "prediction": 0.005029753692876861,
  "status": 0,
  "training_prediction": 0.0153788056442118
}