{
  "compound_id": "DB00770",
  "compound_name": "Alprostadil",
  "compound_percentile": 0.272058823529412,
  "disease_id": "DOID:9206",
  "disease_name": "Barrett's esophagus",
  "disease_percentile": 0.0741222366710013,
  "metapath_contribution": {
    "CbGpPWpGaD": 0.053920078796048036,
    "CcSEcCtD": 0.9389798931910853,
    "CrCbGaD": 0.007100028012866612
  },
  "n_trials": 0.0,
  "prediction": 0.000931735055969452,
  "status": 0
}