{
  "compound_id": "DB00881",
  "compound_name": "Quinapril",
  "compound_percentile": 0.852941176470588,
  "disease_id": "DOID:8893",
  "disease_name": "psoriasis",
  "disease_percentile": 0.677503250975293,
  "metapath_contribution": {
    "CbGaD": 0.8000847450100232,
    "CcSEcCtD": 0.1929118887634923,
    "CrCbGaD": 0.007003366226484535
  },
  "n_trials": 0.0,
  "prediction": 0.00240206138430289,
  "status": 0,
  "training_prediction": 0.0101482232542235
}