{
  "compound_id": "DB00391",
  "compound_name": "Sulpiride",
  "compound_percentile": 0.941176470588235,
  "disease_id": "DOID:11119",
  "disease_name": "Gilles de la Tourette syndrome",
  "disease_percentile": 0.973992197659298,
  "metapath_contribution": {
    "CbGaD": 0.9339068392524594,
    "CbGeAlD": 0.006759121576817307,
    "CbGpPWpGaD": 0.049247023760512806,
    "CrCbGaD": 0.01008701541021044
  },
  "n_trials": 0.0,
  "prediction": 0.0032947835287009996,
  "status": 0
}