{
  "compound_id": "DB00367",
  "compound_name": "Levonorgestrel",
  "compound_percentile": 0.6764705882352939,
  "disease_id": "DOID:418",
  "disease_name": "systemic scleroderma",
  "disease_percentile": 0.13589076723016902,
  "metapath_contribution": {
    "CbGeAlD": 0.018707088929333076,
    "CcSEcCtD": 0.34116602855346584,
    "CrCbGaD": 0.0025526404528938497,
    "CrCrCtD": 0.6375742420643071
  },
  "n_trials": 0.0,
  "prediction": 0.00101025425722156,
  "status": 0
}