{
  "compound_id": "DB00876",
  "compound_name": "Eprosartan",
  "compound_percentile": 0.448529411764706,
  "disease_id": "DOID:8778",
  "disease_name": "Crohn's disease",
  "disease_percentile": 0.551365409622887,
  "metapath_contribution": {
    "CbGbCtD": 0.5893044001152994,
    "CbGeAlD": 0.04037558680298028,
    "CbGpPWpGaD": 0.08862813341333271,
    "CcSEcCtD": 0.2816918796683877
  },
  "n_trials": 0.0,
  "prediction": 0.0016797968051284302,
  "status": 0,
  "training_prediction": 0.00273959959508055
}