{
  "compound_id": "DB00421",
  "compound_name": "Spironolactone",
  "compound_percentile": 0.558823529411765,
  "disease_id": "DOID:0050742",
  "disease_name": "nicotine dependence",
  "disease_percentile": 0.20026007802340698,
  "metapath_contribution": {
    "CbGeAlD": 0.08979656914804582,
    "CbGpPWpGaD": 0.06372809029128895,
    "CcSEcCtD": 0.8464753405606652
  },
  "n_trials": 0.0,
  "prediction": 0.00118229474797431,
  "status": 0,
  "training_prediction": 0.0008891745915536801
}