{
  "compound_id": "DB00488",
  "compound_name": "Altretamine",
  "compound_percentile": 0.977941176470588,
  "disease_id": "DOID:1319",
  "disease_name": "brain cancer",
  "disease_percentile": 0.9882964889466842,
  "metapath_contribution": {
    "CcSEcCtD": 0.04372419365318853,
    "CiPCiCtD": 0.9562758063468115
  },
  "n_trials": 0.0,
  "prediction": 0.0108407756689906,
  "status": 0,
  "training_prediction": 0.0196533360074194
}