{
  "compound_id": "DB01217",
  "compound_name": "Anastrozole",
  "compound_percentile": 0.566176470588235,
  "disease_id": "DOID:12306",
  "disease_name": "vitiligo",
  "disease_percentile": 0.970091027308192,
  "metapath_contribution": {
    "CbGbCtD": 0.9648166275845611,
    "CcSEcCtD": 0.035183372415438854
  },
  "n_trials": 0.0,
  "prediction": 0.00303466254751358,
  "status": 0,
  "training_prediction": 0.00136929067539966
}