{
  "compound_id": "DB01113",
  "compound_name": "Papaverine",
  "compound_percentile": 0.5367647058823529,
  "disease_id": "DOID:9074",
  "disease_name": "systemic lupus erythematosus",
  "disease_percentile": 0.335500650195059,
  "metapath_contribution": {
    "CbGeAlD": 0.3690317208227789,
    "CbGpPWpGaD": 0.26961909707342524,
    "CcSEcCtD": 0.36134918210379585
  },
  "n_trials": 0.0,
  "prediction": 0.00145834508478982,
  "status": 0
}