{
  "compound_id": "DB00503",
  "compound_name": "Ritonavir",
  "compound_percentile": 0.0808823529411765,
  "disease_id": "DOID:9744",
  "disease_name": "type 1 diabetes mellitus",
  "disease_percentile": 0.125487646293888,
  "metapath_contribution": {
    "CbGpPWpGaD": 0.042740766801786935,
    "CcSEcCtD": 0.957259233198213
  },
  "n_trials": 0.0,
  "prediction": 0.000871194449925026,
  "status": 0,
  "training_prediction": 0.000392629979292592
}