{
  "compound_id": "DB01219",
  "compound_name": "Dantrolene",
  "compound_percentile": 0.3970588235294121,
  "disease_id": "DOID:3312",
  "disease_name": "bipolar disorder",
  "disease_percentile": 0.472041612483745,
  "metapath_contribution": {
    "CbGeAlD": 0.29788134894816415,
    "CbGpPWpGaD": 0.6654207927077247,
    "CrCbGaD": 0.0366978583441112
  },
  "n_trials": 0.0,
  "prediction": 0.0013645109645994901,
  "status": 0
}