{
  "compound_id": "DB00961",
  "compound_name": "Mepivacaine",
  "compound_percentile": 0.786764705882353,
  "disease_id": "DOID:9970",
  "disease_name": "obesity",
  "disease_percentile": 0.180104031209363,
  "metapath_contribution": {
    "CbGbCtD": 0.5958655685647987,
    "CbGeAlD": 0.05055402837377264,
    "CbGpPWpGaD": 0.01675865221735314,
    "CcSEcCtD": 0.33682175084407556
  },
  "n_trials": 0.0,
  "prediction": 0.00126978794149899,
  "status": 0
}