{
  "compound_id": "DB00652",
  "compound_name": "Pentazocine",
  "compound_percentile": 0.875,
  "disease_id": "DOID:2841",
  "disease_name": "asthma",
  "disease_percentile": 0.181404421326398,
  "metapath_contribution": {
    "CbGdCrCtD": 0.002636085136321216,
    "CbGpPWpGaD": 0.3386340941039544,
    "CcSEcCtD": 0.6587298207597244
  },
  "n_trials": 0.0,
  "prediction": 0.00144116844875005,
  "status": 0
}