{
  "compound_id": "DB00492",
  "compound_name": "Fosinopril",
  "compound_percentile": 0.580882352941177,
  "disease_id": "DOID:219",
  "disease_name": "colon cancer",
  "disease_percentile": 0.470091027308192,
  "metapath_contribution": {
    "CbGeAlD": 0.24554085683271884,
    "CcSEcCtD": 0.7387355296963781,
    "CrCbGaD": 0.01572361347090315
  },
  "n_trials": 0.0,
  "prediction": 0.00149262878848817,
  "status": 0,
  "training_prediction": 0.00212989095854055
}