{
  "compound_id": "DB04572",
  "compound_name": "Thiotepa",
  "compound_percentile": 0.43382352941176505,
  "disease_id": "DOID:7148",
  "disease_name": "rheumatoid arthritis",
  "disease_percentile": 0.667750325097529,
  "metapath_contribution": {
    "CbGbCtD": 0.5433292766369556,
    "CcSEcCtD": 0.45667072336304443
  },
  "n_trials": 0.0,
  "prediction": 0.00225798418879444,
  "status": 0,
  "training_prediction": 0.0206226550248569
}