{
  "compound_id": "DB00823",
  "compound_name": "Ethynodiol",
  "compound_percentile": 0.720588235294118,
  "disease_id": "DOID:3571",
  "disease_name": "liver cancer",
  "disease_percentile": 0.250975292587776,
  "metapath_contribution": {
    "CbGaD": 0.8976279823620175,
    "CbGpPWpGaD": 0.09671581931373657,
    "CrCbGaD": 0.005656198324246026
  },
  "n_trials": 0.0,
  "prediction": 0.000987935825420411,
  "status": 0
}