{
  "compound_id": "DB00953",
  "compound_name": "Rizatriptan",
  "compound_percentile": 0.43382352941176505,
  "disease_id": "DOID:3571",
  "disease_name": "liver cancer",
  "disease_percentile": 0.38036410923277003,
  "metapath_contribution": {
    "CbGpPWpGaD": 0.1646076789447814,
    "CcSEcCtD": 0.8142644514105125,
    "CrCbGaD": 0.021127869644706112
  },
  "n_trials": 0.0,
  "prediction": 0.00120815713182141,
  "status": 0
}