{
  "compound_id": "DB00904",
  "compound_name": "Ondansetron",
  "compound_percentile": 0.926470588235294,
  "disease_id": "DOID:10652",
  "disease_name": "Alzheimer's disease",
  "disease_percentile": 0.884915474642393,
  "metapath_contribution": {
    "CbGaD": 0.20329984302569287,
    "CbGbCtD": 0.5045728577173216,
    "CbGeAlD": 0.048722285584372894,
    "CbGpPWpGaD": 0.08615981419337039,
    "CcSEcCtD": 0.1572451994792422
  },
  "n_trials": 0.0,
  "prediction": 0.00448187144821025,
  "status": 0
}