{
  "compound_id": "DB00194",
  "compound_name": "Vidarabine",
  "compound_percentile": 0.419117647058824,
  "disease_id": "DOID:1686",
  "disease_name": "glaucoma",
  "disease_percentile": 0.0630689206762029,
  "metapath_contribution": {
    "CbGpPWpGaD": 0.2372288536434115,
    "CcSEcCtD": 0.7516983912264976,
    "CrCbGaD": 0.011072755130090843
  },
  "n_trials": 0.0,
  "prediction": 0.000883148879197868,
  "status": 0
}