{
  "compound_id": "DB00295",
  "compound_name": "Morphine",
  "compound_percentile": 0.7352941176470591,
  "disease_id": "DOID:1686",
  "disease_name": "glaucoma",
  "disease_percentile": 0.336801040312094,
  "metapath_contribution": {
    "CbGbCtD": 0.46278891437581854,
    "CbGpPWpGaD": 0.1053955519290956,
    "CcSEcCtD": 0.43181553369508585
  },
  "n_trials": 0.0,
  "prediction": 0.0014883560406906199,
  "status": 0
}