{
  "category": "DM",
  "compound_id": "DB00373",
  "compound_name": "Timolol",
  "compound_percentile": 0.941176470588235,
  "disease_id": "DOID:6364",
  "disease_name": "migraine",
  "disease_percentile": 0.871911573472042,
  "metapath_contribution": {
    "CbGbCtD": 0.39570363141675735,
    "CbGpPWpGaD": 0.05298163957059665,
    "CcSEcCtD": 0.12341134358902875,
    "CrCbGaD": 0.002445264635172,
    "CrCrCtD": 0.4254581207884452
  },
  "prediction": 0.0076264275331699,
  "status": 1,
  "training_prediction": 0.0385081969186772
}