{
  "compound_id": "DB00331",
  "compound_name": "Metformin",
  "compound_percentile": 0.75,
  "disease_id": "DOID:2998",
  "disease_name": "testicular cancer",
  "disease_percentile": 0.9466840052015602,
  "metapath_contribution": {
    "CbGbCtD": 0.6597705544085134,
    "CbGdCrCtD": 0.004782131114508018,
    "CbGeAlD": 0.19262230486833207,
    "CbGpPWpGaD": 0.024623999720058437,
    "CcSEcCtD": 0.11820100988858809
  },
  "n_trials": 0.0,
  "prediction": 0.00391230478235951,
  "status": 0,
  "training_prediction": 0.0224192060974592
}