{
  "compound_id": "DB00703",
  "compound_name": "Methazolamide",
  "compound_percentile": 0.389705882352941,
  "disease_id": "DOID:3277",
  "disease_name": "thymus cancer",
  "disease_percentile": 0.8003901170351109,
  "metapath_contribution": {
    "CbGeAlD": 0.2700648393514275,
    "CcSEcCtD": 0.7299351606485724
  },
  "n_trials": 0.0,
  "prediction": 0.0019421023796428398,
  "status": 0,
  "training_prediction": 0.000875782491194222
}