{
  "compound_id": "DB01420",
  "compound_name": "Testosterone Propionate",
  "compound_percentile": 0.0367647058823529,
  "disease_id": "DOID:184",
  "disease_name": "bone cancer",
  "disease_percentile": 0.0195058517555267,
  "metapath_contribution": {
    "CbGpPWpGaD": 0.35355952524579315,
    "CcSEcCtD": 0.6070811216260847,
    "CrCbGaD": 0.03935935312812217
  },
  "n_trials": 0.0,
  "prediction": 0.0005854557659496911,
  "status": 0
}