{
  "compound_id": "DB00674",
  "compound_name": "Galantamine",
  "compound_percentile": 0.8897058823529409,
  "disease_id": "DOID:10283",
  "disease_name": "prostate cancer",
  "disease_percentile": 0.741222366710013,
  "metapath_contribution": {
    "CbGaD": 0.3956920888145517,
    "CbGbCtD": 0.21426344244873108,
    "CbGdCrCtD": 0.003140178525448521,
    "CbGeAlD": 0.05591947713075128,
    "CbGpPWpGaD": 0.10435781089950667,
    "CcSEcCtD": 0.22265746411530427,
    "CrCbGaD": 0.003969538065706493
  },
  "n_trials": 0.0,
  "prediction": 0.00396695417127206,
  "status": 0,
  "training_prediction": 0.0166752250774607
}