{
  "compound_id": "DB01132",
  "compound_name": "Pioglitazone",
  "compound_percentile": 0.845588235294118,
  "disease_id": "DOID:8778",
  "disease_name": "Crohn's disease",
  "disease_percentile": 0.8485045513654101,
  "metapath_contribution": {
    "CbGbCtD": 0.9260635114951628,
    "CbGdCrCtD": 0.0024612536661598743,
    "CbGpPWpGaD": 0.00019839077470077107,
    "CcSEcCtD": 0.0707684374843913,
    "CrCbGaD": 0.0005084065795852651
  },
  "n_trials": 0.0,
  "prediction": 0.0027555184720490303,
  "status": 0,
  "training_prediction": 0.004490953148921929
}