{
  "compound_id": "DB01201",
  "compound_name": "Rifapentine",
  "compound_percentile": 0.845588235294118,
  "disease_id": "DOID:3083",
  "disease_name": "chronic obstructive pulmonary disease",
  "disease_percentile": 0.447984395318596,
  "metapath_contribution": {
    "CbGbCtD": 0.8875466646724193,
    "CbGpPWpGaD": 0.10554053516802188,
    "CrCbGaD": 0.00691280015955884
  },
  "n_trials": 0.0,
  "prediction": 0.0019967037251071604,
  "status": 0
}