{
  "compound_id": "DB01255",
  "compound_name": "Lisdexamfetamine",
  "compound_percentile": 0.7058823529411771,
  "disease_id": "DOID:1319",
  "disease_name": "brain cancer",
  "disease_percentile": 0.28153446033810103,
  "metapath_contribution": {
    "CbGeAlD": 0.4056559809382584,
    "CbGpPWpGaD": 0.0448915329458473,
    "CcSEcCtD": 0.5494524861158944
  },
  "n_trials": 0.0,
  "prediction": 0.00115152642710441,
  "status": 0
}