{
  "compound_id": "DB06689",
  "compound_name": "Ethanolamine Oleate",
  "compound_percentile": 0.38235294117647106,
  "disease_id": "DOID:1612",
  "disease_name": "breast cancer",
  "disease_percentile": 0.163849154746424,
  "metapath_contribution": {
    "CbGbCtD": 0.034784844762847905,
    "CbGdCrCtD": 0.008534676107808297,
    "CbGeAlD": 0.25378247928962794,
    "CbGpPWpGaD": 0.37583010169590825,
    "CcSEcCtD": 0.30575235653325367,
    "CrCbGaD": 0.02131554161055409
  },
  "n_trials": 0.0,
  "prediction": 0.00119871082078657,
  "status": 0
}