{
  "compound_id": "DB06698",
  "compound_name": "Betahistine",
  "compound_percentile": 0.911764705882353,
  "disease_id": "DOID:635",
  "disease_name": "acquired immunodeficiency syndrome",
  "disease_percentile": 0.5994798439531861,
  "metapath_contribution": {
    "CbGeAlD": 0.03904059973299587,
    "CbGpPWpGaD": 0.058187736507106444,
    "CcSEcCtD": 0.9027716637598977
  },
  "n_trials": 0.0,
  "prediction": 0.0028371581227214,
  "status": 0
}