{
  "compound_id": "DB00518",
  "compound_name": "Albendazole",
  "compound_percentile": 0.647058823529412,
  "disease_id": "DOID:11714",
  "disease_name": "gestational diabetes",
  "disease_percentile": 0.36996098829648905,
  "metapath_contribution": {
    "CbGbCtD": 0.72927999269421,
    "CbGeAlD": 0.20929134667793656,
    "CcSEcCtD": 0.06142866062785352
  },
  "n_trials": 0.0,
  "prediction": 0.00136653811504054,
  "status": 0
}