{
  "compound_id": "DB00832",
  "compound_name": "Phensuximide",
  "compound_percentile": 0.926470588235294,
  "disease_id": "DOID:3393",
  "disease_name": "coronary artery disease",
  "disease_percentile": 0.261378413524057,
  "metapath_contribution": {
    "CbGaD": 0.4160986171982029,
    "CbGbCtD": 0.4444563632124089,
    "CbGeAlD": 0.07117712640218231,
    "CbGpPWpGaD": 0.06029636379526311,
    "CrCbGaD": 0.007971529391942789
  },
  "n_trials": 0.0,
  "prediction": 0.00145811137543196,
  "status": 0
}