{
  "compound_id": "DB00399",
  "compound_name": "Zoledronate",
  "compound_percentile": 0.558823529411765,
  "disease_id": "DOID:1459",
  "disease_name": "hypothyroidism",
  "disease_percentile": 0.40507152145643704,
  "metapath_contribution": {
    "CbGeAlD": 0.41573241271442185,
    "CcSEcCtD": 0.5842675872855781
  },
  "n_trials": 0.0,
  "prediction": 0.00149806789379175,
  "status": 0,
  "training_prediction": 0.0030291267314905
}