{
  "compound_id": "DB01127",
  "compound_name": "Econazole",
  "compound_percentile": 0.742647058823529,
  "disease_id": "DOID:3571",
  "disease_name": "liver cancer",
  "disease_percentile": 0.49024707412223706,
  "metapath_contribution": {
    "CbGaD": 0.8578213341603155,
    "CbGpPWpGaD": 0.13971899456987905,
    "CrCbGaD": 0.002459671269805484
  },
  "n_trials": 0.0,
  "prediction": 0.0013971626669237699,
  "status": 0
}