{
  "compound_id": "DB00481",
  "compound_name": "Raloxifene",
  "compound_percentile": 0.463235294117647,
  "disease_id": "DOID:3277",
  "disease_name": "thymus cancer",
  "disease_percentile": 0.6892067620286091,
  "metapath_contribution": {
    "CbGeAlD": 0.1984598668495946,
    "CcSEcCtD": 0.8015401331504053
  },
  "n_trials": 0.0,
  "prediction": 0.00170433171616732,
  "status": 0,
  "training_prediction": 0.0012819517773243801
}