{
  "compound_id": "DB01077",
  "compound_name": "Etidronic acid",
  "compound_percentile": 0.0588235294117647,
  "disease_id": "DOID:1192",
  "disease_name": "peripheral nervous system neoplasm",
  "disease_percentile": 0.16970091027308198,
  "metapath_contribution": {
    "CbGeAlD": 0.09441023429430251,
    "CcSEcCtD": 0.9055897657056976
  },
  "n_trials": 0.0,
  "prediction": 0.00101420469087585,
  "status": 0,
  "training_prediction": 0.00462201079593633
}