{
  "compound_id": "DB08816",
  "compound_name": "Ticagrelor",
  "compound_percentile": 0.926470588235294,
  "disease_id": "DOID:4159",
  "disease_name": "skin cancer",
  "disease_percentile": 0.966840052015605,
  "metapath_contribution": {
    "CbGbCtD": 0.21060639336305226,
    "CcSEcCtD": 0.05682208162652059,
    "CiPCiCtD": 0.7325715250104271
  },
  "n_trials": 0.0,
  "prediction": 0.00661916333068205,
  "status": 0,
  "training_prediction": 0.0144971570054296
}