{
  "compound_id": "DB01329",
  "compound_name": "Cefoperazone",
  "compound_percentile": 0.948529411764706,
  "disease_id": "DOID:9970",
  "disease_name": "obesity",
  "disease_percentile": 0.343953185955787,
  "metapath_contribution": {
    "CbGaD": 0.26088632785356297,
    "CbGbCtD": 0.6575567904184424,
    "CbGpPWpGaD": 0.07715809796492748,
    "CrCbGaD": 0.004398783763067217
  },
  "n_trials": 0.0,
  "prediction": 0.0018215327196614603,
  "status": 0
}