{
  "compound_id": "DB00552",
  "compound_name": "Pentostatin",
  "compound_percentile": 0.757352941176471,
  "disease_id": "DOID:585",
  "disease_name": "nephrolithiasis",
  "disease_percentile": 0.19440832249674897,
  "metapath_contribution": {
    "CbGpPWpGaD": 0.39172488365472996,
    "CcSEcCtD": 0.60827511634527
  },
  "n_trials": 0.0,
  "prediction": 0.0011225464705831802,
  "status": 0,
  "training_prediction": 0.0005059792494249441
}