{
  "compound_id": "DB01222",
  "compound_name": "Budesonide",
  "compound_percentile": 0.294117647058824,
  "disease_id": "DOID:1319",
  "disease_name": "brain cancer",
  "disease_percentile": 0.0136540962288687,
  "metapath_contribution": {
    "CbGbCtD": 0.5582300239577065,
    "CcSEcCtD": 0.4337816644455204,
    "CrCbGaD": 0.007988311596773087
  },
  "n_trials": 0.0,
  "prediction": 0.000502969770606015,
  "status": 0,
  "training_prediction": 0.00153294041611891
}