{
  "compound_id": "DB00454",
  "compound_name": "Pethidine",
  "compound_percentile": 0.647058823529412,
  "disease_id": "DOID:2994",
  "disease_name": "germ cell cancer",
  "disease_percentile": 0.5481144343302989,
  "metapath_contribution": {
    "CbGbCtD": 0.5084517220453534,
    "CbGeAlD": 0.25645229196921204,
    "CbGpPWpGaD": 0.03922308608532033,
    "CcSEcCtD": 0.19587289990011442
  },
  "n_trials": 0.0,
  "prediction": 0.00170859986705302,
  "status": 0
}