{
  "compound_id": "DB01077",
  "compound_name": "Etidronic acid",
  "compound_percentile": 0.691176470588235,
  "disease_id": "DOID:8778",
  "disease_name": "Crohn's disease",
  "disease_percentile": 0.37256176853055895,
  "metapath_contribution": {
    "CbGpPWpGaD": 0.03411674175511739,
    "CcSEcCtD": 0.9361886199377083,
    "CrCbGaD": 0.029694638307174323
  },
  "n_trials": 0.0,
  "prediction": 0.00132156774603076,
  "status": 0,
  "training_prediction": 0.00358804815968934
}