{
  "compound_id": "DB00616",
  "compound_name": "Candoxatril",
  "compound_percentile": 0.875,
  "disease_id": "DOID:8893",
  "disease_name": "psoriasis",
  "disease_percentile": 0.891417425227568,
  "metapath_contribution": {
    "CbGaD": 0.877691310555326,
    "CbGeAlD": 0.024780001012780672,
    "CbGpPWpGaD": 0.09752868843189338
  },
  "n_trials": 0.0,
  "prediction": 0.00433641140166564,
  "status": 0
}