{
  "compound_id": "DB00234",
  "compound_name": "Reboxetine",
  "compound_percentile": 0.9852941176470591,
  "disease_id": "DOID:9970",
  "disease_name": "obesity",
  "disease_percentile": 0.933029908972692,
  "metapath_contribution": {
    "CbGaD": 0.2182035420442785,
    "CbGbCtD": 0.3851631746658396,
    "CbGeAlD": 0.00610000574823917,
    "CbGpPWpGaD": 0.033865700355490615,
    "CcSEcCtD": 0.09163125827875376,
    "CrCbGaD": 0.001259707501651864,
    "CrCrCtD": 0.26377661140574643
  },
  "n_trials": 0.0,
  "prediction": 0.0109690498211531,
  "status": 0
}