{
  "compound_id": "DB00870",
  "compound_name": "Suprofen",
  "compound_percentile": 0.786764705882353,
  "disease_id": "DOID:5041",
  "disease_name": "esophageal cancer",
  "disease_percentile": 0.6801040312093629,
  "metapath_contribution": {
    "CbGaD": 0.7129874715839591,
    "CbGbCtD": 0.16669578103792212,
    "CbGpPWpGaD": 0.11217493141888142,
    "CrCbGaD": 0.008141815959237263
  },
  "n_trials": 0.0,
  "prediction": 0.00191436994966497,
  "status": 0
}