{
  "compound_id": "DB04890",
  "compound_name": "Bepotastine",
  "compound_percentile": 0.9558823529411771,
  "disease_id": "DOID:6364",
  "disease_name": "migraine",
  "disease_percentile": 0.19375812743823104,
  "metapath_contribution": {
    "CbGbCtD": 0.8306884121812107,
    "CbGpPWpGaD": 0.14804041886663735,
    "CrCbGaD": 0.021271168952151993
  },
  "n_trials": 0.0,
  "prediction": 0.00153214820292615,
  "status": 0
}