{
  "compound_id": "DB00829",
  "compound_name": "Diazepam",
  "compound_percentile": 0.772058823529412,
  "disease_id": "DOID:10652",
  "disease_name": "Alzheimer's disease",
  "disease_percentile": 0.45708712613784097,
  "metapath_contribution": {
    "CbGaD": 0.2656104291118136,
    "CbGbCtD": 0.2750359222682614,
    "CbGeAlD": 0.07289369889272217,
    "CbGpPWpGaD": 0.1180575937250159,
    "CcSEcCtD": 0.2646745864568276,
    "CrCbGaD": 0.003727769545359193
  },
  "n_trials": 0.0,
  "prediction": 0.00172083911029764,
  "status": 0,
  "training_prediction": 0.0020886415310543698
}