{
  "compound_id": "DB01236",
  "compound_name": "Sevoflurane",
  "compound_percentile": 0.49264705882352894,
  "disease_id": "DOID:9206",
  "disease_name": "Barrett's esophagus",
  "disease_percentile": 0.687906371911573,
  "metapath_contribution": {
    "CbGbCtD": 0.015768687759246242,
    "CbGpPWpGaD": 0.09690308256561356,
    "CcSEcCtD": 0.8873282296751402
  },
  "n_trials": 0.0,
  "prediction": 0.00215753458302064,
  "status": 0
}