{
  "compound_id": "DB00838",
  "compound_name": "Clocortolone",
  "compound_percentile": 0.191176470588235,
  "disease_id": "DOID:11054",
  "disease_name": "urinary bladder cancer",
  "disease_percentile": 0.0286085825747724,
  "metapath_contribution": {
    "CbGeAlD": 0.2225639150513939,
    "CbGpPWpGaD": 0.06439797741708728,
    "CcSEcCtD": 0.713038107531519
  },
  "n_trials": 0.0,
  "prediction": 0.00059052753178501,
  "status": 0
}