{
  "compound_id": "DB00191",
  "compound_name": "Phentermine",
  "compound_percentile": 0.5220588235294121,
  "disease_id": "DOID:7147",
  "disease_name": "ankylosing spondylitis",
  "disease_percentile": 0.13849154746423903,
  "metapath_contribution": {
    "CcSEcCtD": 0.9984142406004596,
    "CrCbGaD": 0.0015857593995403793
  },
  "n_trials": 0.0,
  "prediction": 0.0010338469059041802,
  "status": 0,
  "training_prediction": 0.0020870661858763
}