{
  "compound_id": "DB06213",
  "compound_name": "Regadenoson",
  "compound_percentile": 0.867647058823529,
  "disease_id": "DOID:10534",
  "disease_name": "stomach cancer",
  "disease_percentile": 0.323146944083225,
  "metapath_contribution": {
    "CbGpPWpGaD": 0.009722992112505331,
    "CcSEcCtD": 0.19395595612347466,
    "CrCbGaD": 0.010743826788651024,
    "CrCrCtD": 0.7855772249753689
  },
  "n_trials": 0.0,
  "prediction": 0.0011538502662300802,
  "status": 0
}