{
  "compound_id": "DB00625",
  "compound_name": "Efavirenz",
  "compound_percentile": 0.147058823529412,
  "disease_id": "DOID:11612",
  "disease_name": "polycystic ovary syndrome",
  "disease_percentile": 0.5019505851755529,
  "metapath_contribution": {
    "CbGeAlD": 0.12962716710392558,
    "CbGpPWpGaD": 0.28699031885562215,
    "CcSEcCtD": 0.5833825140404523
  },
  "n_trials": 0.0,
  "prediction": 0.00141213362630934,
  "status": 0,
  "training_prediction": 0.000636609820122785
}