{
  "compound_id": "DB00636",
  "compound_name": "Clofibrate",
  "compound_percentile": 0.558823529411765,
  "disease_id": "DOID:219",
  "disease_name": "colon cancer",
  "disease_percentile": 0.556566970091027,
  "metapath_contribution": {
    "CbGbCtD": 0.5885833053733582,
    "CbGeAlD": 0.2778789211000787,
    "CbGpPWpGaD": 0.11989579506243948,
    "CrCbGaD": 0.01364197846412357
  },
  "n_trials": 0.0,
  "prediction": 0.00168708978192939,
  "status": 0
}