{
  "compound_id": "DB01144",
  "compound_name": "Diclofenamide",
  "compound_percentile": 0.867647058823529,
  "disease_id": "DOID:635",
  "disease_name": "acquired immunodeficiency syndrome",
  "disease_percentile": 0.449934980494148,
  "metapath_contribution": {
    "CbGbCtD": 0.6083274549470861,
    "CbGeAlD": 0.09753277585707251,
    "CcSEcCtD": 0.2941397691958415
  },
  "n_trials": 0.0,
  "prediction": 0.00224806071459263,
  "status": 0,
  "training_prediction": 0.0069133635827351705
}