{
  "compound_id": "DB00292",
  "compound_name": "Etomidate",
  "compound_percentile": 0.654411764705882,
  "disease_id": "DOID:332",
  "disease_name": "amyotrophic lateral sclerosis",
  "disease_percentile": 0.611183355006502,
  "metapath_contribution": {
    "CbGeAlD": 0.296830194610249,
    "CbGpPWpGaD": 0.3524392995769543,
    "CcSEcCtD": 0.3507305058127967
  },
  "n_trials": 0.0,
  "prediction": 0.00149934187362802,
  "status": 0
}