{
  "compound_id": "DB01580",
  "compound_name": "Oxprenolol",
  "compound_percentile": 0.933823529411765,
  "disease_id": "DOID:8577",
  "disease_name": "ulcerative colitis",
  "disease_percentile": 0.55591677503251,
  "metapath_contribution": {
    "CbGaD": 0.6425640624211638,
    "CbGbCtD": 0.22945957071503742,
    "CbGpPWpGaD": 0.026940916281003348,
    "CcSEcCtD": 0.09400939049112161,
    "CrCbGaD": 0.007026060091673733
  },
  "n_trials": 0.0,
  "prediction": 0.00227685519301571,
  "status": 0
}