{
  "compound_id": "DB00159",
  "compound_name": "Icosapent",
  "compound_percentile": 0.647058823529412,
  "disease_id": "DOID:3083",
  "disease_name": "chronic obstructive pulmonary disease",
  "disease_percentile": 0.375162548764629,
  "metapath_contribution": {
    "CbGbCtD": 0.0634648244700029,
    "CbGeAlD": 0.26863856794160473,
    "CbGpPWpGaD": 0.40681051042236827,
    "CcSEcCtD": 0.2610860971660242
  },
  "n_trials": 0.0,
  "prediction": 0.00178775145300769,
  "status": 0
}