{
  "compound_id": "DB00235",
  "compound_name": "Milrinone",
  "compound_percentile": 0.941176470588235,
  "disease_id": "DOID:1612",
  "disease_name": "breast cancer",
  "disease_percentile": 0.470091027308192,
  "metapath_contribution": {
    "CbGpPWpGaD": 0.288171382291409,
    "CcSEcCtD": 0.6911457533592532,
    "CrCbGaD": 0.02068286434933783
  },
  "n_trials": 0.0,
  "prediction": 0.0022232627839614103,
  "status": 0
}