{
  "compound_id": "DB01296",
  "compound_name": "Glucosamine",
  "compound_percentile": 0.948529411764706,
  "disease_id": "DOID:13378",
  "disease_name": "Kawasaki disease",
  "disease_percentile": 0.973992197659298,
  "metapath_contribution": {
    "CbGaD": 0.4465916844181775,
    "CbGbCtD": 0.030450007935647234,
    "CbGeAlD": 0.03474383714678436,
    "CbGpPWpGaD": 0.030557675673113436,
    "CpDpCtD": 0.4576567948262775
  },
  "n_trials": 0.0,
  "prediction": 0.0057280438314209,
  "status": 0
}