{
  "compound_id": "DB00925",
  "compound_name": "Phenoxybenzamine",
  "compound_percentile": 0.9852941176470591,
  "disease_id": "DOID:14227",
  "disease_name": "azoospermia",
  "disease_percentile": 0.9980494148244471,
  "metapath_contribution": {
    "CbGeAlD": 0.024441829610585927,
    "CrCrCtD": 0.351438581685922,
    "CrCtD": 0.6241195887034922
  },
  "n_trials": 0.0,
  "prediction": 0.00974547625482944,
  "status": 0
}