{
  "compound_id": "DB00896",
  "compound_name": "Rimexolone",
  "compound_percentile": 0.852941176470588,
  "disease_id": "DOID:1686",
  "disease_name": "glaucoma",
  "disease_percentile": 0.0565669700910273,
  "metapath_contribution": {
    "CbGaD": 0.6547885488574637,
    "CcSEcCtD": 0.3369854213762119,
    "CrCbGaD": 0.008226029766324292
  },
  "n_trials": 0.0,
  "prediction": 0.00087458501745437,
  "status": 0
}