{
  "compound_id": "DB00842",
  "compound_name": "Oxazepam",
  "compound_percentile": 0.816176470588235,
  "disease_id": "DOID:9074",
  "disease_name": "systemic lupus erythematosus",
  "disease_percentile": 0.392717815344603,
  "metapath_contribution": {
    "CbGbCtD": 0.8515529321103268,
    "CbGeAlD": 0.04563489084651683,
    "CcSEcCtD": 0.10100915772858574,
    "CrCbGaD": 0.001803019314570656
  },
  "n_trials": 0.0,
  "prediction": 0.00159264974512479,
  "status": 0
}