{
  "compound_id": "DB00310",
  "compound_name": "Chlorthalidone",
  "compound_percentile": 0.7647058823529409,
  "disease_id": "DOID:1024",
  "disease_name": "leprosy",
  "disease_percentile": 0.258127438231469,
  "metapath_contribution": {
    "CbGeAlD": 0.3343321939047189,
    "CcSEcCtD": 0.6656678060952811
  },
  "n_trials": 0.0,
  "prediction": 0.00135206905520476,
  "status": 0,
  "training_prediction": 0.00133377352428667
}