{
  "compound_id": "DB01359",
  "compound_name": "Penbutolol",
  "compound_percentile": 0.948529411764706,
  "disease_id": "DOID:9352",
  "disease_name": "type 2 diabetes mellitus",
  "disease_percentile": 0.789336801040312,
  "metapath_contribution": {
    "CbGbCtD": 0.23996916645437708,
    "CbGpPWpGaD": 0.0387979429571925,
    "CcSEcCtD": 0.06753376187484308,
    "CrCbGaD": 0.0030724433462596132,
    "CtDrD": 0.6506266853673277
  },
  "n_trials": 0.0,
  "prediction": 0.00502590132354088,
  "status": 0,
  "training_prediction": 0.0359439785130859
}