{
  "compound_id": "DB00277",
  "compound_name": "Theophylline",
  "compound_percentile": 0.742647058823529,
  "disease_id": "DOID:4159",
  "disease_name": "skin cancer",
  "disease_percentile": 0.708712613784135,
  "metapath_contribution": {
    "CbGbCtD": 0.7386651059602091,
    "CbGeAlD": 0.08311867301671191,
    "CbGpPWpGaD": 0.07826844115679658,
    "CcSEcCtD": 0.09994777986628235
  },
  "n_trials": 0.0,
  "prediction": 0.0022612382083561197,
  "status": 0,
  "training_prediction": 0.00497851214667145
}