{
  "compound_id": "DB00976",
  "compound_name": "Telithromycin",
  "compound_percentile": 0.529411764705882,
  "disease_id": "DOID:784",
  "disease_name": "chronic kidney failure",
  "disease_percentile": 0.35370611183354994,
  "metapath_contribution": {
    "CbGaD": 0.7731731921217031,
    "CbGeAlD": 0.016353223891256093,
    "CbGpPWpGaD": 0.1965611961301226,
    "CrCbGaD": 0.013912387856918186
  },
  "n_trials": 0.0,
  "prediction": 0.00128291311194585,
  "status": 0
}