{
  "compound_id": "DB00347",
  "compound_name": "Trimethadione",
  "compound_percentile": 0.977941176470588,
  "disease_id": "DOID:0050741",
  "disease_name": "alcohol dependence",
  "disease_percentile": 0.9024707412223671,
  "metapath_contribution": {
    "CbGaD": 0.4307163021387692,
    "CbGbCtD": 0.4025954322345294,
    "CbGeAlD": 0.006171280137587757,
    "CbGpPWpGaD": 0.056328464458521015,
    "CcSEcCtD": 0.1005710310013147,
    "CrCbGaD": 0.0036174900292778814
  },
  "n_trials": 0.0,
  "prediction": 0.00649390107649109,
  "status": 0,
  "training_prediction": 0.00787382430752904
}