{
  "compound_id": "DB05521",
  "compound_name": "Telaprevir",
  "compound_percentile": 0.0367647058823529,
  "disease_id": "DOID:332",
  "disease_name": "amyotrophic lateral sclerosis",
  "disease_percentile": 0.45253576072821794,
  "metapath_contribution": {
    "CbGeAlD": 0.3935477865769373,
    "CbGpPWpGaD": 0.13195850528282596,
    "CcSEcCtD": 0.4744937081402367
  },
  "n_trials": 0.0,
  "prediction": 0.00121121193094803,
  "status": 0
}