{
  "compound_id": "DB01192",
  "compound_name": "Oxymorphone",
  "compound_percentile": 0.669117647058823,
  "disease_id": "DOID:1324",
  "disease_name": "lung cancer",
  "disease_percentile": 0.33615084525357597,
  "metapath_contribution": {
    "CbGbCtD": 0.5327375154719629,
    "CbGpPWpGaD": 0.0948171072018638,
    "CcSEcCtD": 0.36477475054921116,
    "CrCbGaD": 0.007670626776962087
  },
  "n_trials": 0.0,
  "prediction": 0.00133884116718101,
  "status": 0
}