{
  "compound_id": "DB00947",
  "compound_name": "Fulvestrant",
  "compound_percentile": 0.220588235294118,
  "disease_id": "DOID:11934",
  "disease_name": "head and neck cancer",
  "disease_percentile": 0.364109232769831,
  "metapath_contribution": {
    "CbGeAlD": 0.200342945106926,
    "CbGpPWpGaD": 0.45762329144905894,
    "CcSEcCtD": 0.33943213628251234,
    "CrCbGaD": 0.0026016271615027196
  },
  "n_trials": 0.0,
  "prediction": 0.00118580413322122,
  "status": 0,
  "training_prediction": 0.00143941609207183
}