{
  "compound_id": "DB00802",
  "compound_name": "Alfentanil",
  "compound_percentile": 0.911764705882353,
  "disease_id": "DOID:4481",
  "disease_name": "allergic rhinitis",
  "disease_percentile": 0.7490247074122242,
  "metapath_contribution": {
    "CbGbCtD": 0.5294342261452943,
    "CcSEcCtD": 0.1925386302435724,
    "CrCrCtD": 0.2780271436111332
  },
  "n_trials": 0.0,
  "prediction": 0.0034514449005099,
  "status": 0
}