{
  "compound_id": "DB01156",
  "compound_name": "Bupropion",
  "compound_percentile": 0.823529411764706,
  "disease_id": "DOID:1024",
  "disease_name": "leprosy",
  "disease_percentile": 0.94148244473342,
  "metapath_contribution": {
    "CbGbCtD": 0.8401171828108039,
    "CbGeAlD": 0.003948361109343131,
    "CcSEcCtD": 0.1559344560798529
  },
  "n_trials": 0.0,
  "prediction": 0.00365516069217046,
  "status": 0,
  "training_prediction": 0.0036058133870797795
}