{
  "compound_id": "DB00672",
  "compound_name": "Chlorpropamide",
  "compound_percentile": 0.823529411764706,
  "disease_id": "DOID:12930",
  "disease_name": "dilated cardiomyopathy",
  "disease_percentile": 0.45318595578673604,
  "metapath_contribution": {
    "CbGbCtD": 0.801409416474695,
    "CbGeAlD": 0.008727925859731646,
    "CbGpPWpGaD": 0.0695922086012956,
    "CcSEcCtD": 0.11335728150576938,
    "CrCbGaD": 0.006913167558508368
  },
  "n_trials": 0.0,
  "prediction": 0.0015413246313794198,
  "status": 0,
  "training_prediction": 0.00152047208651144
}