{
  "compound_id": "DB01194",
  "compound_name": "Brinzolamide",
  "compound_percentile": 0.544117647058823,
  "disease_id": "DOID:14221",
  "disease_name": "metabolic syndrome X",
  "disease_percentile": 0.7048114434330301,
  "metapath_contribution": {
    "CbGeAlD": 0.043701379642363314,
    "CbGpPWpGaD": 0.3141701164627342,
    "CcSEcCtD": 0.6421285038949024
  },
  "n_trials": 0.0,
  "prediction": 0.0018690856304474,
  "status": 0,
  "training_prediction": 0.000842822055980887
}