{
  "compound_id": "DB08865",
  "compound_name": "Crizotinib",
  "compound_percentile": 0.272058823529412,
  "disease_id": "DOID:986",
  "disease_name": "alopecia areata",
  "disease_percentile": 0.6859557867360211,
  "metapath_contribution": {
    "CbGdCrCtD": 0.022134516945088282,
    "CbGeAlD": 0.43724615372688885,
    "CbGpPWpGaD": 0.5406193293280228
  },
  "n_trials": 0.0,
  "prediction": 0.00174346167291892,
  "status": 0,
  "training_prediction": 0.000786120437040733
}