{
  "compound_id": "DB00172",
  "compound_name": "L-Proline",
  "compound_percentile": 0.4779411764705879,
  "disease_id": "DOID:13189",
  "disease_name": "gout",
  "disease_percentile": 0.3849154746423929,
  "metapath_contribution": {
    "CbGdCrCtD": 0.010812984332107292,
    "CbGeAlD": 0.2320140990010836,
    "CbGpPWpGaD": 0.7571729166668091
  },
  "n_trials": 0.0,
  "prediction": 0.0018681098888537,
  "status": 0
}