{
  "compound_id": "DB00939",
  "compound_name": "Meclofenamic acid",
  "compound_percentile": 0.580882352941177,
  "disease_id": "DOID:8893",
  "disease_name": "psoriasis",
  "disease_percentile": 0.357607282184655,
  "metapath_contribution": {
    "CbGbCtD": 0.6553707737246179,
    "CbGdCrCtD": 0.011641264865334254,
    "CcSEcCtD": 0.3139483497362427,
    "CrCbGaD": 0.0190396116738051
  },
  "n_trials": 0.0,
  "prediction": 0.00151112392648649,
  "status": 0
}