{
  "compound_id": "DB01410",
  "compound_name": "Ciclesonide",
  "compound_percentile": 0.11764705882352902,
  "disease_id": "DOID:1909",
  "disease_name": "melanoma",
  "disease_percentile": 0.163849154746424,
  "metapath_contribution": {
    "CbGbCtD": 0.6089802435330913,
    "CbGpPWpGaD": 0.09439898256264755,
    "CcSEcCtD": 0.2966207739042611
  },
  "n_trials": 0.0,
  "prediction": 0.000816304339268699,
  "status": 0,
  "training_prediction": 0.00149217819461757
}