{
  "compound_id": "DB00892",
  "compound_name": "Oxybuprocaine",
  "compound_percentile": 0.970588235294118,
  "disease_id": "DOID:10652",
  "disease_name": "Alzheimer's disease",
  "disease_percentile": 0.788036410923277,
  "metapath_contribution": {
    "CbGaD": 0.42981384957158064,
    "CbGbCtD": 0.4915623220140718,
    "CbGeAlD": 0.03283813242665737,
    "CbGpPWpGaD": 0.041433318614202234,
    "CrCbGaD": 0.004352377373487937
  },
  "n_trials": 0.0,
  "prediction": 0.00311223242548999,
  "status": 0
}