{
  "compound_id": "DB00604",
  "compound_name": "Cisapride",
  "compound_percentile": 0.772058823529412,
  "disease_id": "DOID:2841",
  "disease_name": "asthma",
  "disease_percentile": 0.486345903771131,
  "metapath_contribution": {
    "CbGbCtD": 0.8501106178285991,
    "CbGeAlD": 0.03474259789551986,
    "CbGpPWpGaD": 0.11447206313594578,
    "CrCbGaD": 0.0006747211399352255
  },
  "n_trials": 0.0,
  "prediction": 0.00241011479421889,
  "status": 0
}