{
  "compound_id": "DB01180",
  "compound_name": "Rescinnamine",
  "compound_percentile": 0.823529411764706,
  "disease_id": "DOID:9074",
  "disease_name": "systemic lupus erythematosus",
  "disease_percentile": 0.6183355006501949,
  "metapath_contribution": {
    "CbGaD": 0.7500911465308977,
    "CbGeAlD": 0.07072086949605602,
    "CcSEcCtD": 0.17918798397304636
  },
  "n_trials": 0.0,
  "prediction": 0.00222686642176153,
  "status": 0
}