{
  "compound_id": "DB01384",
  "compound_name": "Paramethasone",
  "compound_percentile": 0.882352941176471,
  "disease_id": "DOID:8778",
  "disease_name": "Crohn's disease",
  "disease_percentile": 0.859557867360208,
  "metapath_contribution": {
    "CbGbCtD": 0.08753788718180709,
    "CrCrCtD": 0.36839611548305795,
    "CrCtD": 0.544065997335135
  },
  "n_trials": 0.0,
  "prediction": 0.00289293166180334,
  "status": 0
}