{
  "compound_id": "DB00939",
  "compound_name": "Meclofenamic acid",
  "compound_percentile": 0.970588235294118,
  "disease_id": "DOID:10763",
  "disease_name": "hypertension",
  "disease_percentile": 0.705461638491547,
  "metapath_contribution": {
    "CbGaD": 0.27111309229099406,
    "CbGbCtD": 0.22832343289655596,
    "CbGeAlD": 0.023190799748520858,
    "CbGpPWpGaD": 0.0719716005831704,
    "CcSEcCtD": 0.11296892987011928,
    "CrCbGaD": 0.0027130563084238595,
    "CrCrCtD": 0.28971908830221565
  },
  "n_trials": 0.0,
  "prediction": 0.00704577840879498,
  "status": 0
}