{
  "compound_id": "DB00392",
  "compound_name": "Ethopropazine",
  "compound_percentile": 0.8897058823529409,
  "disease_id": "DOID:2841",
  "disease_name": "asthma",
  "disease_percentile": 0.187906371911573,
  "metapath_contribution": {
    "CbGbCtD": 0.8982466096443663,
    "CbGeAlD": 0.01895271543861446,
    "CbGpPWpGaD": 0.08079299703050825,
    "CrCbGaD": 0.002007677886510971
  },
  "n_trials": 0.0,
  "prediction": 0.00145653979084341,
  "status": 0
}