{
  "compound_id": "DB01283",
  "compound_name": "Lumiracoxib",
  "compound_percentile": 0.7352941176470591,
  "disease_id": "DOID:1793",
  "disease_name": "pancreatic cancer",
  "disease_percentile": 0.655396618985696,
  "metapath_contribution": {
    "CbGaD": 0.4872613290993442,
    "CbGbCtD": 0.5056863466749097,
    "CrCbGaD": 0.007052324225746145
  },
  "n_trials": 0.0,
  "prediction": 0.00215550398262554,
  "status": 0
}