{
  "compound_id": "DB06716",
  "compound_name": "Fospropofol",
  "compound_percentile": 0.727941176470588,
  "disease_id": "DOID:8577",
  "disease_name": "ulcerative colitis",
  "disease_percentile": 0.665799739921977,
  "metapath_contribution": {
    "CbGaD": 0.8220615890838634,
    "CbGpPWpGaD": 0.011264631813688102,
    "CcSEcCtD": 0.1627010798861598,
    "CrCbGaD": 0.003972699216288553
  },
  "n_trials": 0.0,
  "prediction": 0.00262945279879968,
  "status": 0
}