{
  "compound_id": "DB01595",
  "compound_name": "Nitrazepam",
  "compound_percentile": 0.7352941176470591,
  "disease_id": "DOID:184",
  "disease_name": "bone cancer",
  "disease_percentile": 0.531209362808843,
  "metapath_contribution": {
    "CbGaD": 0.8545633819098507,
    "CbGpPWpGaD": 0.039952175211625314,
    "CcSEcCtD": 0.09355954797391869,
    "CrCbGaD": 0.011924894904605294
  },
  "n_trials": 0.0,
  "prediction": 0.0015898408698917699,
  "status": 0
}