{
  "compound_id": "DB00647",
  "compound_name": "Dextropropoxyphene",
  "compound_percentile": 0.742647058823529,
  "disease_id": "DOID:8577",
  "disease_name": "ulcerative colitis",
  "disease_percentile": 0.16319895968790601,
  "metapath_contribution": {
    "CbGbCtD": 0.7564033413902814,
    "CbGpPWpGaD": 0.01798444985416063,
    "CcSEcCtD": 0.21771068906300173,
    "CrCbGaD": 0.007901519692556161
  },
  "n_trials": 0.0,
  "prediction": 0.00120197730191971,
  "status": 0
}