{
  "category": "NOT",
  "compound_id": "DB00884",
  "compound_name": "Risedronate",
  "compound_percentile": 0.625,
  "disease_id": "DOID:1612",
  "disease_name": "breast cancer",
  "disease_percentile": 0.26202860858257504,
  "metapath_contribution": {
    "CbGaD": 0.4413947463035609,
    "CbGeAlD": 0.042824780845993074,
    "CbGpPWpGaD": 0.10735751596629596,
    "CcSEcCtD": 0.4053869599234789,
    "CrCbGaD": 0.0030359969606712123
  },
  "prediction": 0.0014909505342026801,
  "status": 0,
  "training_prediction": 0.0136555107755918
}