{
  "compound_id": "DB01074",
  "compound_name": "Perhexiline",
  "compound_percentile": 0.948529411764706,
  "disease_id": "DOID:784",
  "disease_name": "chronic kidney failure",
  "disease_percentile": 0.981794538361508,
  "metapath_contribution": {
    "CbGaD": 0.8215721015376141,
    "CbGeAlD": 0.0428629720759054,
    "CbGpPWpGaD": 0.13556492638648043
  },
  "n_trials": 0.0,
  "prediction": 0.005480633606977371,
  "status": 0
}