{
  "compound_id": "DB01029",
  "compound_name": "Irbesartan",
  "compound_percentile": 0.6764705882352939,
  "disease_id": "DOID:4159",
  "disease_name": "skin cancer",
  "disease_percentile": 0.704161248374512,
  "metapath_contribution": {
    "CbGbCtD": 0.6322610779865903,
    "CbGeAlD": 0.07198991108634918,
    "CbGpPWpGaD": 0.08650078489385243,
    "CcSEcCtD": 0.2092482260332082
  },
  "n_trials": 0.0,
  "prediction": 0.0022435451562736602,
  "status": 0,
  "training_prediction": 0.008206034130101271
}