{
  "compound_id": "DB00391",
  "compound_name": "Sulpiride",
  "compound_percentile": 0.485294117647059,
  "disease_id": "DOID:219",
  "disease_name": "colon cancer",
  "disease_percentile": 0.355656697009103,
  "metapath_contribution": {
    "CbGbCtD": 0.32947675309142305,
    "CbGeAlD": 0.03852788000477298,
    "CbGpPWpGaD": 0.631995366903804
  },
  "n_trials": 0.0,
  "prediction": 0.00126127154725877,
  "status": 0
}