{
  "compound_id": "DB01022",
  "compound_name": "Phylloquinone",
  "compound_percentile": 0.904411764705882,
  "disease_id": "DOID:10652",
  "disease_name": "Alzheimer's disease",
  "disease_percentile": 0.442132639791938,
  "metapath_contribution": {
    "CbGeAlD": 0.04659493290385031,
    "CbGpPWpGaD": 0.24440915600288496,
    "CcSEcCtD": 0.6785017335486041,
    "CrCbGaD": 0.030494177544660505
  },
  "n_trials": 1.0,
  "prediction": 0.00167803722197721,
  "status": 0
}