{
  "compound_id": "DB06292",
  "compound_name": "Dapagliflozin",
  "compound_percentile": 0.926470588235294,
  "disease_id": "DOID:635",
  "disease_name": "acquired immunodeficiency syndrome",
  "disease_percentile": 0.8628088426527959,
  "metapath_contribution": {
    "CbGbCtD": 0.7679105708731241,
    "CbGeAlD": 0.07592012687778922,
    "CcSEcCtD": 0.153433806122764,
    "CrCbGaD": 0.00273549612632265
  },
  "n_trials": 0.0,
  "prediction": 0.00488155777311595,
  "status": 0
}