{
  "compound_id": "DB00543",
  "compound_name": "Amoxapine",
  "compound_percentile": 0.25,
  "disease_id": "DOID:219",
  "disease_name": "colon cancer",
  "disease_percentile": 0.288036410923277,
  "metapath_contribution": {
    "CbGeAlD": 0.44204900666781693,
    "CcSEcCtD": 0.5520375014409898,
    "CrCbGaD": 0.005913491891193218
  },
  "n_trials": 0.0,
  "prediction": 0.00114400966696075,
  "status": 0
}