{
  "compound_id": "DB00688",
  "compound_name": "Mycophenolate mofetil",
  "compound_percentile": 0.595588235294118,
  "disease_id": "DOID:14227",
  "disease_name": "azoospermia",
  "disease_percentile": 0.5435630689206761,
  "metapath_contribution": {
    "CbGbCtD": 0.4546416020324622,
    "CbGeAlD": 0.06853743855774463,
    "CcSEcCtD": 0.47682095940979313
  },
  "n_trials": 0.0,
  "prediction": 0.00173980992086077,
  "status": 0,
  "training_prediction": 0.0017811940844291601
}