{
  "category": "DM",
  "compound_id": "DB00279",
  "compound_name": "Liothyronine",
  "compound_percentile": 1.0,
  "disease_id": "DOID:1459",
  "disease_name": "hypothyroidism",
  "disease_percentile": 0.9980494148244471,
  "metapath_contribution": {
    "CbGaD": 0.18938643066254424,
    "CbGbCtD": 0.24553174437455372,
    "CbGeAlD": 0.01315879704748842,
    "CbGpPWpGaD": 0.013367459680950471,
    "CcSEcCtD": 0.013159592170767797,
    "CrCbGaD": 0.0019221062164339088,
    "CrCrCtD": 0.20295197768110143,
    "CrCtD": 0.3205218921661601
  },
  "prediction": 0.297253164285527,
  "status": 1,
  "training_prediction": 0.339316371291951
}