{
  "compound_id": "DB00295",
  "compound_name": "Morphine",
  "compound_percentile": 0.786764705882353,
  "disease_id": "DOID:1612",
  "disease_name": "breast cancer",
  "disease_percentile": 0.323146944083225,
  "metapath_contribution": {
    "CbGaD": 0.2747894548739037,
    "CbGbCtD": 0.3929229060529175,
    "CbGeAlD": 0.015375828826155851,
    "CbGpPWpGaD": 0.12353371190009811,
    "CcSEcCtD": 0.1901181358935004,
    "CrCbGaD": 0.003259962453424425
  },
  "n_trials": 0.0,
  "prediction": 0.00169132440703194,
  "status": 0
}