{
  "compound_id": "DB00539",
  "compound_name": "Toremifene",
  "compound_percentile": 0.7941176470588229,
  "disease_id": "DOID:2841",
  "disease_name": "asthma",
  "disease_percentile": 0.386866059817945,
  "metapath_contribution": {
    "CbGbCtD": 0.7280609545991112,
    "CbGpPWpGaD": 0.04432252633369352,
    "CcSEcCtD": 0.22611720490325618,
    "CrCbGaD": 0.0014993141639391117
  },
  "n_trials": 0.0,
  "prediction": 0.0020573036506511396,
  "status": 0,
  "training_prediction": 0.0138904479623956
}