{
  "compound_id": "DB01119",
  "compound_name": "Diazoxide",
  "compound_percentile": 0.816176470588235,
  "disease_id": "DOID:0050742",
  "disease_name": "nicotine dependence",
  "disease_percentile": 0.7782834850455141,
  "metapath_contribution": {
    "CbGeAlD": 0.31520635254185586,
    "CbGpPWpGaD": 0.3089951232245307,
    "CcSEcCtD": 0.3757985242336134
  },
  "n_trials": 0.0,
  "prediction": 0.0021132058620498,
  "status": 0
}