{
  "compound_id": "DB01012",
  "compound_name": "Cinacalcet",
  "compound_percentile": 0.4779411764705879,
  "disease_id": "DOID:1094",
  "disease_name": "attention deficit hyperactivity disorder",
  "disease_percentile": 0.26332899869960996,
  "metapath_contribution": {
    "CbGeAlD": 0.05118912371566839,
    "CbGpPWpGaD": 0.8922320981980256,
    "CrCbGaD": 0.056578778086305986
  },
  "n_trials": 0.0,
  "prediction": 0.0010798920598010901,
  "status": 0
}