{
  "compound_id": "DB01212",
  "compound_name": "Ceftriaxone",
  "compound_percentile": 0.625,
  "disease_id": "DOID:11054",
  "disease_name": "urinary bladder cancer",
  "disease_percentile": 0.28283485045513695,
  "metapath_contribution": {
    "CbGbCtD": 0.4557129439337371,
    "CbGeAlD": 0.11700620080484074,
    "CcSEcCtD": 0.42728085526142207
  },
  "n_trials": 0.0,
  "prediction": 0.00110370007869958,
  "status": 0
}