{
  "compound_id": "DB00472",
  "compound_name": "Fluoxetine",
  "compound_percentile": 0.602941176470588,
  "disease_id": "DOID:784",
  "disease_name": "chronic kidney failure",
  "disease_percentile": 0.708712613784135,
  "metapath_contribution": {
    "CbGaD": 0.7972972083784217,
    "CbGeAlD": 0.06563393618251637,
    "CbGpPWpGaD": 0.13566057874999604,
    "CrCbGaD": 0.001408276689065858
  },
  "n_trials": 2.0,
  "prediction": 0.00209664939451199,
  "status": 0
}