{
  "compound_id": "DB01101",
  "compound_name": "Capecitabine",
  "compound_percentile": 0.448529411764706,
  "disease_id": "DOID:0050742",
  "disease_name": "nicotine dependence",
  "disease_percentile": 0.8634590377113129,
  "metapath_contribution": {
    "CbGeAlD": 0.06866629748305986,
    "CcSEcCtD": 0.9313337025169401
  },
  "n_trials": 0.0,
  "prediction": 0.0023039636455318103,
  "status": 0,
  "training_prediction": 0.00411049347933669
}