{
  "compound_id": "DB00300",
  "compound_name": "Tenofovir",
  "compound_percentile": 0.808823529411765,
  "disease_id": "DOID:1793",
  "disease_name": "pancreatic cancer",
  "disease_percentile": 0.7529258777633292,
  "metapath_contribution": {
    "CbGbCtD": 0.7350558349505869,
    "CbGdCrCtD": 0.003924141027037951,
    "CbGeAlD": 0.030820045834774913,
    "CbGpPWpGaD": 0.058149959310948365,
    "CcSEcCtD": 0.16177743611403064,
    "CrCbGaD": 0.01027258276262131
  },
  "n_trials": 0.0,
  "prediction": 0.00247115923177605,
  "status": 0
}