{
  "compound_id": "DB01352",
  "compound_name": "Aprobarbital",
  "compound_percentile": 0.9558823529411771,
  "disease_id": "DOID:5419",
  "disease_name": "schizophrenia",
  "disease_percentile": 0.9447334200260079,
  "metapath_contribution": {
    "CbGaD": 0.7667981855954203,
    "CbGeAlD": 0.0679000643150682,
    "CbGpPWpGaD": 0.15743193710754685,
    "CrCbGaD": 0.007869812981964763
  },
  "n_trials": 0.0,
  "prediction": 0.00355443165234654,
  "status": 0
}