{
  "compound_id": "DB00222",
  "compound_name": "Glimepiride",
  "compound_percentile": 0.20588235294117604,
  "disease_id": "DOID:12236",
  "disease_name": "primary biliary cirrhosis",
  "disease_percentile": 0.0715214564369311,
  "metapath_contribution": {
    "CbGbCtD": 0.08343714914331547,
    "CcSEcCtD": 0.90033605128213,
    "CrCbGaD": 0.016226799574554567
  },
  "n_trials": 0.0,
  "prediction": 0.000815994214880282,
  "status": 0,
  "training_prediction": 0.000804946737124585
}