{
  "compound_id": "DB01255",
  "compound_name": "Lisdexamfetamine",
  "compound_percentile": 0.727941176470588,
  "disease_id": "DOID:1595",
  "disease_name": "endogenous depression",
  "disease_percentile": 0.271131339401821,
  "metapath_contribution": {
    "CbGeAlD": 0.59093437635861,
    "CbGpPWpGaD": 0.3634249334634892,
    "CrCbGaD": 0.045640690177900727
  },
  "n_trials": 0.0,
  "prediction": 0.00116355914424989,
  "status": 0
}