{
  "compound_id": "DB00184",
  "compound_name": "Nicotine",
  "compound_percentile": 0.5735294117647061,
  "disease_id": "DOID:12236",
  "disease_name": "primary biliary cirrhosis",
  "disease_percentile": 0.9096228868660601,
  "metapath_contribution": {
    "CbGbCtD": 0.6883105951011816,
    "CbGpPWpGaD": 0.06287177037775454,
    "CcSEcCtD": 0.24881763452106384
  },
  "n_trials": 0.0,
  "prediction": 0.0037929880524910204,
  "status": 0,
  "training_prediction": 0.0037417869667913796
}