{
  "compound_id": "DB01236",
  "compound_name": "Sevoflurane",
  "compound_percentile": 0.867647058823529,
  "disease_id": "DOID:3083",
  "disease_name": "chronic obstructive pulmonary disease",
  "disease_percentile": 0.794538361508453,
  "metapath_contribution": {
    "CbGaD": 0.2165691871854288,
    "CbGbCtD": 0.457474997690386,
    "CbGeAlD": 0.02321898710418103,
    "CbGpPWpGaD": 0.09701401534400987,
    "CcSEcCtD": 0.20572281267599427
  },
  "n_trials": 0.0,
  "prediction": 0.00380435473865889,
  "status": 0
}