{
  "compound_id": "DB00502",
  "compound_name": "Haloperidol",
  "compound_percentile": 0.9191176470588229,
  "disease_id": "DOID:3310",
  "disease_name": "atopic dermatitis",
  "disease_percentile": 0.8328998699609879,
  "metapath_contribution": {
    "CbGbCtD": 0.382489420567769,
    "CbGdCrCtD": 0.002405976607796288,
    "CbGpPWpGaD": 0.027719952138452058,
    "CcSEcCtD": 0.08928332196723378,
    "CpDpCtD": 0.49810132871874885
  },
  "n_trials": 0.0,
  "prediction": 0.00375202982246208,
  "status": 0
}