{
  "compound_id": "DB00887",
  "compound_name": "Bumetanide",
  "compound_percentile": 0.514705882352941,
  "disease_id": "DOID:3083",
  "disease_name": "chronic obstructive pulmonary disease",
  "disease_percentile": 0.325747724317295,
  "metapath_contribution": {
    "CbGbCtD": 0.2553288480884775,
    "CbGeAlD": 0.2780899798253416,
    "CbGpPWpGaD": 0.0870722838780088,
    "CcSEcCtD": 0.37520920951787673,
    "CrCbGaD": 0.004299678690295213
  },
  "n_trials": 0.0,
  "prediction": 0.00165438012217312,
  "status": 0,
  "training_prediction": 0.0036450719114067705
}