{
  "compound_id": "DB00667",
  "compound_name": "Histamine Phosphate",
  "compound_percentile": 1.0,
  "disease_id": "DOID:11476",
  "disease_name": "osteoporosis",
  "disease_percentile": 0.9824447334200258,
  "metapath_contribution": {
    "CbGbCtD": 0.11942732416202469,
    "CbGpPWpGaD": 0.01076899220052636,
    "CcSEcCtD": 0.059595360173193564,
    "CrCbGaD": 0.002650201429465567,
    "CrCrCtD": 0.3240623538113807,
    "CrCtD": 0.48349576822340906
  },
  "n_trials": 0.0,
  "prediction": 0.043251077717335995,
  "status": 0
}