{
  "compound_id": "DB01223",
  "compound_name": "Aminophylline",
  "compound_percentile": 0.742647058823529,
  "disease_id": "DOID:1793",
  "disease_name": "pancreatic cancer",
  "disease_percentile": 0.7418725617685309,
  "metapath_contribution": {
    "CbGbCtD": 0.5481557610011071,
    "CbGdCrCtD": 0.008366996618722922,
    "CbGpPWpGaD": 0.2503294677779049,
    "CcSEcCtD": 0.19314777460226518
  },
  "n_trials": 0.0,
  "prediction": 0.0024324977365394102,
  "status": 0,
  "training_prediction": 0.00962616561797962
}