{
  "compound_id": "DB00617",
  "compound_name": "Paramethadione",
  "compound_percentile": 0.970588235294118,
  "disease_id": "DOID:10763",
  "disease_name": "hypertension",
  "disease_percentile": 0.49609882964889507,
  "metapath_contribution": {
    "CbGbCtD": 0.8504253879550872,
    "CbGeAlD": 0.053843428469794834,
    "CbGpPWpGaD": 0.095731183575118
  },
  "n_trials": 0.0,
  "prediction": 0.00388566215233027,
  "status": 0
}