{
  "compound_id": "DB01252",
  "compound_name": "Mitiglinide",
  "compound_percentile": 0.757352941176471,
  "disease_id": "DOID:11612",
  "disease_name": "polycystic ovary syndrome",
  "disease_percentile": 0.620286085825748,
  "metapath_contribution": {
    "CbGaD": 0.8553260387365026,
    "CbGeAlD": 0.02135383720846685,
    "CbGpPWpGaD": 0.11537969626486666,
    "CrCbGaD": 0.007940427790164043
  },
  "n_trials": 0.0,
  "prediction": 0.00164140113900477,
  "status": 0
}