{
  "compound_id": "DB01060",
  "compound_name": "Amoxicillin",
  "compound_percentile": 0.389705882352941,
  "disease_id": "DOID:2994",
  "disease_name": "germ cell cancer",
  "disease_percentile": 0.0767230169050715,
  "metapath_contribution": {
    "CbGbCtD": 0.2780580119850293,
    "CbGeAlD": 0.03702710294994383,
    "CcSEcCtD": 0.6849148850650268
  },
  "n_trials": 0.0,
  "prediction": 0.00083461824438036,
  "status": 0
}