{
  "compound_id": "DB00751",
  "compound_name": "Epinastine",
  "compound_percentile": 0.933823529411765,
  "disease_id": "DOID:3393",
  "disease_name": "coronary artery disease",
  "disease_percentile": 0.5253576072821851,
  "metapath_contribution": {
    "CbGaD": 0.46179019480773875,
    "CbGbCtD": 0.35283957895149315,
    "CbGeAlD": 0.03639548902656243,
    "CbGpPWpGaD": 0.07732749220063778,
    "CcSEcCtD": 0.06855818174485842,
    "CrCbGaD": 0.003089063268709583
  },
  "n_trials": 0.0,
  "prediction": 0.00252327560210261,
  "status": 0
}