{
  "compound_id": "DB01124",
  "compound_name": "Tolbutamide",
  "compound_percentile": 0.213235294117647,
  "disease_id": "DOID:11934",
  "disease_name": "head and neck cancer",
  "disease_percentile": 0.232119635890767,
  "metapath_contribution": {
    "CcSEcCtD": 0.9086473944983946,
    "CrCbGaD": 0.09135260550160543
  },
  "n_trials": 0.0,
  "prediction": 0.000988024072359891,
  "status": 0,
  "training_prediction": 0.00119938693178967
}