{
  "compound_id": "DB00889",
  "compound_name": "Granisetron",
  "compound_percentile": 0.602941176470588,
  "disease_id": "DOID:1909",
  "disease_name": "melanoma",
  "disease_percentile": 0.728218465539662,
  "metapath_contribution": {
    "CbGbCtD": 0.7477932555966872,
    "CbGpPWpGaD": 0.006070283631412262,
    "CcSEcCtD": 0.2461364607719006
  },
  "n_trials": 0.0,
  "prediction": 0.0020439405452575303,
  "status": 0
}