{
  "compound_id": "DB00931",
  "compound_name": "Methacycline",
  "compound_percentile": 0.970588235294118,
  "disease_id": "DOID:3393",
  "disease_name": "coronary artery disease",
  "disease_percentile": 0.6508452535760729,
  "metapath_contribution": {
    "CbGaD": 0.3555293737835182,
    "CbGbCtD": 0.5623981863065531,
    "CbGpPWpGaD": 0.07539460177888073,
    "CrCbGaD": 0.006677838131048087
  },
  "n_trials": 0.0,
  "prediction": 0.00317786103441273,
  "status": 0
}