{
  "compound_id": "DB01067",
  "compound_name": "Glipizide",
  "compound_percentile": 0.44117647058823495,
  "disease_id": "DOID:263",
  "disease_name": "kidney cancer",
  "disease_percentile": 0.24707412223667105,
  "metapath_contribution": {
    "CbGbCtD": 0.5300232947575372,
    "CbGdCrCtD": 0.006408146925585364,
    "CbGeAlD": 0.022869685555336045,
    "CbGpPWpGaD": 0.07981272580135307,
    "CcSEcCtD": 0.3561761513919543,
    "CrCbGaD": 0.004709995568233987
  },
  "n_trials": 0.0,
  "prediction": 0.0011152716135120302,
  "status": 0,
  "training_prediction": 0.00324850517593863
}