{
  "compound_id": "DB06262",
  "compound_name": "Droxidopa",
  "compound_percentile": 0.139705882352941,
  "disease_id": "DOID:1319",
  "disease_name": "brain cancer",
  "disease_percentile": 0.0539661898569571,
  "metapath_contribution": {
    "CbGeAlD": 0.6005743923002402,
    "CbGpPWpGaD": 0.3912651929838313,
    "CrCbGaD": 0.00816041471592848
  },
  "n_trials": 0.0,
  "prediction": 0.000700410059577017,
  "status": 0
}