{
  "compound_id": "DB00361",
  "compound_name": "Vinorelbine",
  "compound_percentile": 0.36764705882352894,
  "disease_id": "DOID:9352",
  "disease_name": "type 2 diabetes mellitus",
  "disease_percentile": 0.0552665799739922,
  "metapath_contribution": {
    "CbGaD": 0.18805301896506027,
    "CbGbCtD": 0.43421910179249856,
    "CbGdCrCtD": 0.003309795065105416,
    "CbGeAlD": 0.046374557043380636,
    "CbGpPWpGaD": 0.08461662544011266,
    "CcSEcCtD": 0.24023062456231764,
    "CrCbGaD": 0.0031962771315248656
  },
  "n_trials": 0.0,
  "prediction": 0.000802241951386836,
  "status": 0,
  "training_prediction": 0.0100284443195461
}