{
  "compound_id": "DB00370",
  "compound_name": "Mirtazapine",
  "compound_percentile": 0.727941176470588,
  "disease_id": "DOID:13189",
  "disease_name": "gout",
  "disease_percentile": 0.591677503250975,
  "metapath_contribution": {
    "CbGbCtD": 0.5851076722590735,
    "CbGpPWpGaD": 0.0035926637354452,
    "CcSEcCtD": 0.4112996640054814
  },
  "n_trials": 0.0,
  "prediction": 0.0024501266263833397,
  "status": 0
}