{
  "compound_id": "DB00287",
  "compound_name": "Travoprost",
  "compound_percentile": 0.941176470588235,
  "disease_id": "DOID:3310",
  "disease_name": "atopic dermatitis",
  "disease_percentile": 0.314044213263979,
  "metapath_contribution": {
    "CbGpPWpGaD": 0.03573383223561867,
    "CcSEcCtD": 0.9642661677643813
  },
  "n_trials": 0.0,
  "prediction": 0.00169633525877723,
  "status": 0,
  "training_prediction": 0.00579496415027165
}