{
  "compound_id": "DB06201",
  "compound_name": "Rufinamide",
  "compound_percentile": 0.426470588235294,
  "disease_id": "DOID:4362",
  "disease_name": "cervical cancer",
  "disease_percentile": 0.9447334200260079,
  "metapath_contribution": {
    "CbGeAlD": 0.5699601854465237,
    "CbGpPWpGaD": 0.38950088518719617,
    "CcSEcCtD": 0.040538929366280174
  },
  "n_trials": 0.0,
  "prediction": 0.00250737037986603,
  "status": 0,
  "training_prediction": 0.0011310393152027302
}