{
  "compound_id": "DB00246",
  "compound_name": "Ziprasidone",
  "compound_percentile": 0.448529411764706,
  "disease_id": "DOID:2043",
  "disease_name": "hepatitis B",
  "disease_percentile": 0.5435630689206761,
  "metapath_contribution": {
    "CbGeAlD": 0.08667548343510469,
    "CbGpPWpGaD": 0.1366548463806488,
    "CcSEcCtD": 0.7766696701842466
  },
  "n_trials": 0.0,
  "prediction": 0.0016397950005107198,
  "status": 0
}