{
  "compound_id": "DB01351",
  "compound_name": "Amobarbital",
  "compound_percentile": 0.0514705882352941,
  "disease_id": "DOID:1909",
  "disease_name": "melanoma",
  "disease_percentile": 0.362808842652796,
  "metapath_contribution": {
    "CbGeAlD": 0.09177674775222226,
    "CbGpPWpGaD": 0.5329200593014991,
    "CcSEcCtD": 0.3753031929462787
  },
  "n_trials": 0.0,
  "prediction": 0.00116747577356339,
  "status": 0,
  "training_prediction": 0.00213348749536427
}