{
  "compound_id": "DB01102",
  "compound_name": "Arbutamine",
  "compound_percentile": 0.970588235294118,
  "disease_id": "DOID:9970",
  "disease_name": "obesity",
  "disease_percentile": 0.609882964889467,
  "metapath_contribution": {
    "CbGaD": 0.5832639423277768,
    "CbGbCtD": 0.31516817265036007,
    "CbGeAlD": 0.014426883409785927,
    "CbGpPWpGaD": 0.08170113039900057,
    "CrCbGaD": 0.0054398712130766715
  },
  "n_trials": 0.0,
  "prediction": 0.0030982744700649,
  "status": 0
}