{
  "compound_id": "DB00177",
  "compound_name": "Valsartan",
  "compound_percentile": 0.720588235294118,
  "disease_id": "DOID:8577",
  "disease_name": "ulcerative colitis",
  "disease_percentile": 0.425227568270481,
  "metapath_contribution": {
    "CbGaD": 0.46279902038690274,
    "CbGbCtD": 0.26970411991009213,
    "CbGpPWpGaD": 0.04645673398457146,
    "CcSEcCtD": 0.21707886249351543,
    "CrCbGaD": 0.003961263224918242
  },
  "n_trials": 0.0,
  "prediction": 0.00188950271568602,
  "status": 0,
  "training_prediction": 0.0145545596090064
}