{
  "compound_id": "DB06216",
  "compound_name": "Asenapine",
  "compound_percentile": 0.683823529411765,
  "disease_id": "DOID:1319",
  "disease_name": "brain cancer",
  "disease_percentile": 0.820546163849155,
  "metapath_contribution": {
    "CbGbCtD": 0.394181377828406,
    "CbGeAlD": 0.28568938893749984,
    "CbGpPWpGaD": 0.13233493947360292,
    "CcSEcCtD": 0.18779429376049125
  },
  "n_trials": 0.0,
  "prediction": 0.00250378189111917,
  "status": 0
}