{
  "compound_id": "DB00967",
  "compound_name": "Desloratadine",
  "compound_percentile": 0.272058823529412,
  "disease_id": "DOID:3312",
  "disease_name": "bipolar disorder",
  "disease_percentile": 0.47529258777633293,
  "metapath_contribution": {
    "CbGeAlD": 0.738334943190477,
    "CbGpPWpGaD": 0.08349009937692467,
    "CrCbGaD": 0.17817495743259834
  },
  "n_trials": 0.0,
  "prediction": 0.00136668795907616,
  "status": 0
}