{
  "compound_id": "DB00035",
  "compound_name": "Desmopressin",
  "compound_percentile": 0.514705882352941,
  "disease_id": "DOID:1115",
  "disease_name": "sarcoma",
  "disease_percentile": 0.472691807542263,
  "metapath_contribution": {
    "CbGbCtD": 0.3534112375749101,
    "CbGeAlD": 0.07202379223730901,
    "CbGpPWpGaD": 0.027835950773475712,
    "CcSEcCtD": 0.5467290194143052
  },
  "n_trials": 0.0,
  "prediction": 0.00137687903234177,
  "status": 0
}