{
  "compound_id": "DB00667",
  "compound_name": "Histamine Phosphate",
  "compound_percentile": 0.169117647058824,
  "disease_id": "DOID:3070",
  "disease_name": "malignant glioma",
  "disease_percentile": 0.498699609882965,
  "metapath_contribution": {
    "CbGeAlD": 0.16565412394839046,
    "CbGpPWpGaD": 0.33827094960935666,
    "CcSEcCtD": 0.49052341609174915,
    "CrCbGaD": 0.005551510350503698
  },
  "n_trials": 0.0,
  "prediction": 0.00139993031055122,
  "status": 0
}