{
  "compound_id": "DB01185",
  "compound_name": "Fluoxymesterone",
  "compound_percentile": 0.419117647058824,
  "disease_id": "DOID:13378",
  "disease_name": "Kawasaki disease",
  "disease_percentile": 0.0214564369310793,
  "metapath_contribution": {
    "CbGeAlD": 0.021297894230262848,
    "CcSEcCtD": 0.9787021057697372
  },
  "n_trials": 0.0,
  "prediction": 0.000671216000477934,
  "status": 0,
  "training_prediction": 0.00030247042086948997
}