{
  "compound_id": "DB04794",
  "compound_name": "Bifonazole",
  "compound_percentile": 0.7647058823529409,
  "disease_id": "DOID:3571",
  "disease_name": "liver cancer",
  "disease_percentile": 0.628088426527958,
  "metapath_contribution": {
    "CbGaD": 0.6574853058349353,
    "CbGbCtD": 0.20668833190717084,
    "CbGpPWpGaD": 0.13350015386761543,
    "CrCbGaD": 0.0023262083902784807
  },
  "n_trials": 0.0,
  "prediction": 0.0017270937260569599,
  "status": 0
}