{
  "compound_id": "DB00534",
  "compound_name": "Chlormerodrin",
  "compound_percentile": 0.6985294117647061,
  "disease_id": "DOID:10283",
  "disease_name": "prostate cancer",
  "disease_percentile": 0.47984395318595596,
  "metapath_contribution": {
    "CbGeAlD": 0.2873381410090657,
    "CbGpPWpGaD": 0.09536895790560387,
    "CcSEcCtD": 0.6172929010853304
  },
  "n_trials": 0.0,
  "prediction": 0.00221640410609268,
  "status": 0
}