{
  "compound_id": "DB00278",
  "compound_name": "Argatroban",
  "compound_percentile": 0.6764705882352939,
  "disease_id": "DOID:10534",
  "disease_name": "stomach cancer",
  "disease_percentile": 0.8634590377113129,
  "metapath_contribution": {
    "CbGbCtD": 0.18304134636278943,
    "CbGeAlD": 0.26723272213114807,
    "CbGpPWpGaD": 0.1936451968113429,
    "CcSEcCtD": 0.35608073469471957
  },
  "n_trials": 0.0,
  "prediction": 0.00291377341641903,
  "status": 0
}