{
  "compound_id": "DB00823",
  "compound_name": "Ethynodiol",
  "compound_percentile": 0.948529411764706,
  "disease_id": "DOID:6364",
  "disease_name": "migraine",
  "disease_percentile": 0.401170351105332,
  "metapath_contribution": {
    "CbGaD": 0.9897166915308759,
    "CbGeAlD": 0.002403627519272862,
    "CrCbGaD": 0.007879680949851165
  },
  "n_trials": 0.0,
  "prediction": 0.0021832897172586302,
  "status": 0
}