{
  "compound_id": "DB01100",
  "compound_name": "Pimozide",
  "compound_percentile": 0.8308823529411771,
  "disease_id": "DOID:1094",
  "disease_name": "attention deficit hyperactivity disorder",
  "disease_percentile": 0.873211963589077,
  "metapath_contribution": {
    "CbGaD": 0.7658603405054885,
    "CbGeAlD": 0.06814256256455196,
    "CbGpPWpGaD": 0.15792600677762117,
    "CrCbGaD": 0.00807109015233844
  },
  "n_trials": 0.0,
  "prediction": 0.0024364995711597197,
  "status": 0
}