{
  "compound_id": "DB01067",
  "compound_name": "Glipizide",
  "compound_percentile": 0.007352941176470591,
  "disease_id": "DOID:2986",
  "disease_name": "IgA glomerulonephritis",
  "disease_percentile": 0.14239271781534502,
  "metapath_contribution": {
    "CbGeAlD": 0.3242003817430214,
    "CbGpPWpGaD": 0.6582435524066137,
    "CrCbGaD": 0.01755606585036478
  },
  "n_trials": 0.0,
  "prediction": 0.000554898510312548,
  "status": 0
}