{
  "compound_id": "DB00347",
  "compound_name": "Trimethadione",
  "compound_percentile": 0.6764705882352939,
  "disease_id": "DOID:0060073",
  "disease_name": "lymphatic system cancer",
  "disease_percentile": 0.8634590377113129,
  "metapath_contribution": {
    "CbGbCtD": 0.7304624760727219,
    "CcSEcCtD": 0.26953752392727814
  },
  "n_trials": 0.0,
  "prediction": 0.00239377927980966,
  "status": 0,
  "training_prediction": 0.00526948336061892
}