{
  "compound_id": "DB01296",
  "compound_name": "Glucosamine",
  "compound_percentile": 0.19852941176470604,
  "disease_id": "DOID:2994",
  "disease_name": "germ cell cancer",
  "disease_percentile": 0.159297789336801,
  "metapath_contribution": {
    "CbGbCtD": 0.17734987183662532,
    "CbGeAlD": 0.6381659744776362,
    "CbGpPWpGaD": 0.18448415368573845
  },
  "n_trials": 0.0,
  "prediction": 0.0010009940680364901,
  "status": 0
}