{
  "compound_id": "DB00228",
  "compound_name": "Enflurane",
  "compound_percentile": 0.43382352941176505,
  "disease_id": "DOID:3070",
  "disease_name": "malignant glioma",
  "disease_percentile": 0.6196358907672299,
  "metapath_contribution": {
    "CbGeAlD": 0.7057798295094498,
    "CbGpPWpGaD": 0.2843964935014542,
    "CrCbGaD": 0.009823676989096062
  },
  "n_trials": 0.0,
  "prediction": 0.00164903447866153,
  "status": 0
}