{
  "compound_id": "DB00254",
  "compound_name": "Doxycycline",
  "compound_percentile": 0.647058823529412,
  "disease_id": "DOID:2994",
  "disease_name": "germ cell cancer",
  "disease_percentile": 0.545513654096229,
  "metapath_contribution": {
    "CbGbCtD": 0.5565512225612749,
    "CbGeAlD": 0.31404306638685336,
    "CbGpPWpGaD": 0.12940571105187176
  },
  "n_trials": 0.0,
  "prediction": 0.00170049590272934,
  "status": 0,
  "training_prediction": 0.00310617622693052
}