{
  "compound_id": "DB01133",
  "compound_name": "Tiludronate",
  "compound_percentile": 0.816176470588235,
  "disease_id": "DOID:11612",
  "disease_name": "polycystic ovary syndrome",
  "disease_percentile": 0.893368010403121,
  "metapath_contribution": {
    "CbGeAlD": 0.43329905658667195,
    "CbGpPWpGaD": 0.5667009434133281
  },
  "n_trials": 0.0,
  "prediction": 0.0025298397752483697,
  "status": 0,
  "training_prediction": 0.00114118905220479
}