{
  "compound_id": "DB00091",
  "compound_name": "Cyclosporine",
  "compound_percentile": 0.43382352941176505,
  "disease_id": "DOID:3277",
  "disease_name": "thymus cancer",
  "disease_percentile": 0.8589076723016908,
  "metapath_contribution": {
    "CbGeAlD": 0.36692684561348954,
    "CbGpPWpGaD": 0.052477213939208074,
    "CcSEcCtD": 0.5805959404473024
  },
  "n_trials": 0.0,
  "prediction": 0.0021032995898409104,
  "status": 0,
  "training_prediction": 0.0026920933447358
}