{
  "compound_id": "DB00213",
  "compound_name": "Pantoprazole",
  "compound_percentile": 0.448529411764706,
  "disease_id": "DOID:12930",
  "disease_name": "dilated cardiomyopathy",
  "disease_percentile": 0.530559167750325,
  "metapath_contribution": {
    "CbGbCtD": 0.3747570695306283,
    "CbGpPWpGaD": 0.015752967471539942,
    "CcSEcCtD": 0.6094899629978318
  },
  "n_trials": 0.0,
  "prediction": 0.00169118143048075,
  "status": 0
}