{
  "compound_id": "DB00468",
  "compound_name": "Quinine",
  "compound_percentile": 0.7941176470588229,
  "disease_id": "DOID:11934",
  "disease_name": "head and neck cancer",
  "disease_percentile": 0.949284785435631,
  "metapath_contribution": {
    "CbGaD": 0.47779111943603375,
    "CbGbCtD": 0.35814266819664414,
    "CbGeAlD": 0.025619858288019694,
    "CbGpPWpGaD": 0.0353725497108514,
    "CcSEcCtD": 0.10115791188773486,
    "CrCbGaD": 0.0019158924807161379
  },
  "n_trials": 0.0,
  "prediction": 0.00356927233433514,
  "status": 0,
  "training_prediction": 0.004330434630386479
}