{
  "compound_id": "DB01035",
  "compound_name": "Procainamide",
  "compound_percentile": 0.7941176470588229,
  "disease_id": "DOID:1319",
  "disease_name": "brain cancer",
  "disease_percentile": 0.7184655396618991,
  "metapath_contribution": {
    "CbGaD": 0.7991898178871719,
    "CbGbCtD": 0.0146850120796966,
    "CbGeAlD": 0.09306262144348383,
    "CbGpPWpGaD": 0.016492352216210513,
    "CcSEcCtD": 0.07014433965210268,
    "CrCbGaD": 0.006425856721334531
  },
  "n_trials": 0.0,
  "prediction": 0.00213328451029275,
  "status": 0
}