{
  "compound_id": "DB00119",
  "compound_name": "Pyruvic acid",
  "compound_percentile": 0.867647058823529,
  "disease_id": "DOID:12930",
  "disease_name": "dilated cardiomyopathy",
  "disease_percentile": 0.826397919375813,
  "metapath_contribution": {
    "CbGbCtD": 0.7758536829763315,
    "CbGeAlD": 0.1083938467239803,
    "CbGpPWpGaD": 0.11575247029968815
  },
  "n_trials": 0.0,
  "prediction": 0.00251640387066246,
  "status": 0
}