{
  "compound_id": "DB00629",
  "compound_name": "Guanabenz",
  "compound_percentile": 0.8308823529411771,
  "disease_id": "DOID:2355",
  "disease_name": "anemia",
  "disease_percentile": 0.931729518855657,
  "metapath_contribution": {
    "CbGaD": 0.914441658762764,
    "CbGeAlD": 0.02537889892418407,
    "CbGpPWpGaD": 0.06017944231305198
  },
  "n_trials": 0.0,
  "prediction": 0.0026309639077926198,
  "status": 0
}