{
  "compound_id": "DB06212",
  "compound_name": "Tolvaptan",
  "compound_percentile": 0.654411764705882,
  "disease_id": "DOID:2994",
  "disease_name": "germ cell cancer",
  "disease_percentile": 0.7964889466840049,
  "metapath_contribution": {
    "CbGbCtD": 0.5499243663633151,
    "CbGeAlD": 0.03998324688520445,
    "CbGpPWpGaD": 0.17784861104375804,
    "CcSEcCtD": 0.23224377570772245
  },
  "n_trials": 0.0,
  "prediction": 0.00237052936428002,
  "status": 0
}