{
  "compound_id": "DB06207",
  "compound_name": "Silodosin",
  "compound_percentile": 0.977941176470588,
  "disease_id": "DOID:11054",
  "disease_name": "urinary bladder cancer",
  "disease_percentile": 0.9538361508452541,
  "metapath_contribution": {
    "CbGaD": 0.6441823311501368,
    "CbGbCtD": 0.24114678389568578,
    "CbGeAlD": 0.04940920514311688,
    "CbGpPWpGaD": 0.027098532290751473,
    "CcSEcCtD": 0.038163147520309006
  },
  "n_trials": 0.0,
  "prediction": 0.00600012118974879,
  "status": 0
}