{
  "compound_id": "DB01232",
  "compound_name": "Saquinavir",
  "compound_percentile": 0.948529411764706,
  "disease_id": "DOID:3393",
  "disease_name": "coronary artery disease",
  "disease_percentile": 0.8088426527958391,
  "metapath_contribution": {
    "CbGaD": 0.12664674477959767,
    "CbGbCtD": 0.455805528335873,
    "CbGpPWpGaD": 0.05184518470984107,
    "CcSEcCtD": 0.1264099102837238,
    "CrCbGaD": 0.0029761462017669034,
    "CrCrCtD": 0.2363164856891975
  },
  "n_trials": 0.0,
  "prediction": 0.00492564927870455,
  "status": 0,
  "training_prediction": 0.0260051524164548
}