{
  "compound_id": "DB00291",
  "compound_name": "Chlorambucil",
  "compound_percentile": 0.941176470588235,
  "disease_id": "DOID:4045",
  "disease_name": "muscle cancer",
  "disease_percentile": 0.992847854356307,
  "metapath_contribution": {
    "CbGbCtD": 0.14595778853686583,
    "CcSEcCtD": 0.0331065370325016,
    "CiPCiCtD": 0.4771716104274238,
    "CtDrD": 0.34376406400320875
  },
  "n_trials": 0.0,
  "prediction": 0.0238916326591152,
  "status": 0,
  "training_prediction": 0.102149845348112
}