{
  "compound_id": "DB00758",
  "compound_name": "Clopidogrel",
  "compound_percentile": 0.838235294117647,
  "disease_id": "DOID:6364",
  "disease_name": "migraine",
  "disease_percentile": 0.7074122236670999,
  "metapath_contribution": {
    "CbGbCtD": 0.7703829731475874,
    "CcSEcCtD": 0.22961702685241264
  },
  "n_trials": 1.0,
  "prediction": 0.0034460179710406,
  "status": 0,
  "training_prediction": 0.00628551376439463
}