{
  "compound_id": "DB06717",
  "compound_name": "Fosaprepitant",
  "compound_percentile": 0.963235294117647,
  "disease_id": "DOID:0050741",
  "disease_name": "alcohol dependence",
  "disease_percentile": 0.578023407022107,
  "metapath_contribution": {
    "CbGeAlD": 0.15438283081711665,
    "CbGpPWpGaD": 0.24815568317624903,
    "CcSEcCtD": 0.5974614860066343
  },
  "n_trials": 3.0,
  "prediction": 0.00240434190949846,
  "status": 0
}