{
  "compound_id": "DB06228",
  "compound_name": "Rivaroxaban",
  "compound_percentile": 0.9852941176470591,
  "disease_id": "DOID:8577",
  "disease_name": "ulcerative colitis",
  "disease_percentile": 0.8654096228868661,
  "metapath_contribution": {
    "CbGaD": 0.2737256021525719,
    "CbGbCtD": 0.5908775209765198,
    "CbGpPWpGaD": 0.018309479041663388,
    "CcSEcCtD": 0.11708739782924485
  },
  "n_trials": 0.0,
  "prediction": 0.00464891638682841,
  "status": 0
}