{
  "compound_id": "DB00865",
  "compound_name": "Benzphetamine",
  "compound_percentile": 0.838235294117647,
  "disease_id": "DOID:3312",
  "disease_name": "bipolar disorder",
  "disease_percentile": 0.49154746423927204,
  "metapath_contribution": {
    "CbGaD": 0.766610133019542,
    "CbGeAlD": 0.08900372647222626,
    "CbGpPWpGaD": 0.13589168037049504,
    "CrCbGaD": 0.00849446013773683
  },
  "n_trials": 0.0,
  "prediction": 0.0013986123220034099,
  "status": 0
}