{
  "compound_id": "DB01124",
  "compound_name": "Tolbutamide",
  "compound_percentile": 0.926470588235294,
  "disease_id": "DOID:1024",
  "disease_name": "leprosy",
  "disease_percentile": 0.929778933680104,
  "metapath_contribution": {
    "CbGbCtD": 0.6492407890930113,
    "CrCrCtD": 0.35075921090698875
  },
  "n_trials": 0.0,
  "prediction": 0.00348796395851452,
  "status": 0,
  "training_prediction": 0.0034408661344143303
}