{
  "compound_id": "DB00199",
  "compound_name": "Erythromycin",
  "compound_percentile": 0.992647058823529,
  "disease_id": "DOID:10763",
  "disease_name": "hypertension",
  "disease_percentile": 0.510403120936281,
  "metapath_contribution": {
    "CbGaD": 0.2971759837797972,
    "CbGbCtD": 0.46517198642858293,
    "CbGeAlD": 0.011132961311565097,
    "CbGpPWpGaD": 0.09235241915405647,
    "CcSEcCtD": 0.1326620611614422,
    "CrCbGaD": 0.0015045881645559841
  },
  "n_trials": 0.0,
  "prediction": 0.00407959980969452,
  "status": 0
}