{
  "compound_id": "DB01196",
  "compound_name": "Estramustine",
  "compound_percentile": 0.0220588235294118,
  "disease_id": "DOID:2355",
  "disease_name": "anemia",
  "disease_percentile": 0.0299089726918075,
  "metapath_contribution": {
    "CbGeAlD": 0.7370050023606202,
    "CbGpPWpGaD": 0.24307279107361032,
    "CrCbGaD": 0.019922206565769505
  },
  "n_trials": 0.0,
  "prediction": 0.00047587674907340803,
  "status": 0
}