{
  "compound_id": "DB01392",
  "compound_name": "Yohimbine",
  "compound_percentile": 0.0735294117647059,
  "disease_id": "DOID:2394",
  "disease_name": "ovarian cancer",
  "disease_percentile": 0.320546163849155,
  "metapath_contribution": {
    "CbGeAlD": 0.7508106109090645,
    "CbGpPWpGaD": 0.24909569563719663,
    "CrCbGaD": 9.369345373876254e-05
  },
  "n_trials": 0.0,
  "prediction": 0.0011437906707804,
  "status": 0
}