{
  "compound_id": "DB00442",
  "compound_name": "Entecavir",
  "compound_percentile": 0.691176470588235,
  "disease_id": "DOID:2841",
  "disease_name": "asthma",
  "disease_percentile": 0.127438231469441,
  "metapath_contribution": {
    "CcSEcCtD": 0.9849219096483474,
    "CrCbGaD": 0.015078090351652574
  },
  "n_trials": 0.0,
  "prediction": 0.00125627974928186,
  "status": 0,
  "training_prediction": 0.00852145805152254
}