{
  "compound_id": "DB06335",
  "compound_name": "Saxagliptin",
  "compound_percentile": 0.926470588235294,
  "disease_id": "DOID:184",
  "disease_name": "bone cancer",
  "disease_percentile": 0.9466840052015602,
  "metapath_contribution": {
    "CbGaD": 0.44067125832086207,
    "CbGbCtD": 0.5263191772667513,
    "CcSEcCtD": 0.03300956441238667
  },
  "n_trials": 0.0,
  "prediction": 0.004220715332666479,
  "status": 0
}