{
  "compound_id": "DB00970",
  "compound_name": "Dactinomycin",
  "compound_percentile": 0.588235294117647,
  "disease_id": "DOID:3070",
  "disease_name": "malignant glioma",
  "disease_percentile": 0.980494148244473,
  "metapath_contribution": {
    "CbGpPWpGaD": 0.004685087263976334,
    "CcSEcCtD": 0.07640106947422988,
    "CtDrD": 0.9189138432617938
  },
  "n_trials": 0.0,
  "prediction": 0.0051225308414356895,
  "status": 0,
  "training_prediction": 0.0229924250624846
}