{
  "compound_id": "DB01340",
  "compound_name": "Cilazapril",
  "compound_percentile": 0.941176470588235,
  "disease_id": "DOID:6364",
  "disease_name": "migraine",
  "disease_percentile": 0.724317295188557,
  "metapath_contribution": {
    "CbGaD": 0.6339771897542271,
    "CbGbCtD": 0.14459314947116114,
    "CbGeAlD": 0.02801986076366192,
    "CcSEcCtD": 0.18654315855260817,
    "CrCbGaD": 0.0068666414583417965
  },
  "n_trials": 0.0,
  "prediction": 0.00361627110217439,
  "status": 0
}