{
  "compound_id": "DB00705",
  "compound_name": "Delavirdine",
  "compound_percentile": 0.463235294117647,
  "disease_id": "DOID:332",
  "disease_name": "amyotrophic lateral sclerosis",
  "disease_percentile": 0.7990897269180749,
  "metapath_contribution": {
    "CbGbCtD": 0.5169372479659603,
    "CcSEcCtD": 0.48306275203403953
  },
  "n_trials": 0.0,
  "prediction": 0.002029989290893,
  "status": 0,
  "training_prediction": 0.000915458966842094
}