{
  "compound_id": "DB01623",
  "compound_name": "Thiothixene",
  "compound_percentile": 0.632352941176471,
  "disease_id": "DOID:1909",
  "disease_name": "melanoma",
  "disease_percentile": 0.332249674902471,
  "metapath_contribution": {
    "CbGaD": 0.268894369292889,
    "CbGbCtD": 0.44956467660894944,
    "CbGpPWpGaD": 0.1491301071665149,
    "CcSEcCtD": 0.12762039742231512,
    "CrCbGaD": 0.004790449509331581
  },
  "n_trials": 0.0,
  "prediction": 0.00112135271432765,
  "status": 0
}