{
  "compound_id": "DB01241",
  "compound_name": "Gemfibrozil",
  "compound_percentile": 0.514705882352941,
  "disease_id": "DOID:585",
  "disease_name": "nephrolithiasis",
  "disease_percentile": 0.6788036410923279,
  "metapath_contribution": {
    "CbGeAlD": 0.21380326115361417,
    "CcSEcCtD": 0.7861967388463859
  },
  "n_trials": 0.0,
  "prediction": 0.0018688644402389699,
  "status": 0,
  "training_prediction": 0.0008427222126998201
}