{
  "compound_id": "DB00720",
  "compound_name": "Clodronate",
  "compound_percentile": 0.933823529411765,
  "disease_id": "DOID:2841",
  "disease_name": "asthma",
  "disease_percentile": 0.509752925877763,
  "metapath_contribution": {
    "CbGaD": 0.3828582980354438,
    "CbGbCtD": 0.12739624173839942,
    "CbGdCrCtD": 0.006784396200554779,
    "CbGeAlD": 0.123507486141073,
    "CbGpPWpGaD": 0.10890149360659895,
    "CcSEcCtD": 0.2505520842779301
  },
  "n_trials": 0.0,
  "prediction": 0.0025071769303591,
  "status": 0
}