{
  "compound_id": "DB00170",
  "compound_name": "Menadione",
  "compound_percentile": 0.7941176470588229,
  "disease_id": "DOID:1686",
  "disease_name": "glaucoma",
  "disease_percentile": 0.808192457737321,
  "metapath_contribution": {
    "CbGaD": 0.3932042736401981,
    "CbGbCtD": 0.44824115573774337,
    "CbGeAlD": 0.03186675263965813,
    "CbGpPWpGaD": 0.12473485242583311,
    "CrCbGaD": 0.0019529655565672425
  },
  "n_trials": 0.0,
  "prediction": 0.00316292002122428,
  "status": 0
}