{
  "compound_id": "DB00440",
  "compound_name": "Trimethoprim",
  "compound_percentile": 0.5367647058823529,
  "disease_id": "DOID:2043",
  "disease_name": "hepatitis B",
  "disease_percentile": 0.423927178153446,
  "metapath_contribution": {
    "CbGeAlD": 0.00019451016165172595,
    "CbGpPWpGaD": 0.05636969946239894,
    "CcSEcCtD": 0.9434357903759494
  },
  "n_trials": 0.0,
  "prediction": 0.0014095656318409901,
  "status": 0
}