{
  "compound_id": "DB00373",
  "compound_name": "Timolol",
  "compound_percentile": 0.647058823529412,
  "disease_id": "DOID:12361",
  "disease_name": "Graves' disease",
  "disease_percentile": 0.812743823146944,
  "metapath_contribution": {
    "CbGbCtD": 0.9236720639350399,
    "CcSEcCtD": 0.07632793606496019
  },
  "n_trials": 0.0,
  "prediction": 0.00223252904762982,
  "status": 0,
  "training_prediction": 0.00467442283049548
}