{
  "compound_id": "DB00513",
  "compound_name": "Aminocaproic Acid",
  "compound_percentile": 0.8602941176470591,
  "disease_id": "DOID:219",
  "disease_name": "colon cancer",
  "disease_percentile": 0.5721716514954489,
  "metapath_contribution": {
    "CbGbCtD": 0.5510868320731374,
    "CbGeAlD": 0.2632680595627301,
    "CbGpPWpGaD": 0.05107396010387593,
    "CcSEcCtD": 0.1345711482602566
  },
  "n_trials": 0.0,
  "prediction": 0.0017357803079617801,
  "status": 0
}