{
  "compound_id": "DB01221",
  "compound_name": "Ketamine",
  "compound_percentile": 0.654411764705882,
  "disease_id": "DOID:2998",
  "disease_name": "testicular cancer",
  "disease_percentile": 0.9096228868660601,
  "metapath_contribution": {
    "CbGbCtD": 0.8475301881610492,
    "CbGeAlD": 0.0026692153231967493,
    "CcSEcCtD": 0.14980059651575403
  },
  "n_trials": 0.0,
  "prediction": 0.00303380969039395,
  "status": 0
}