{
  "compound_id": "DB01132",
  "compound_name": "Pioglitazone",
  "compound_percentile": 0.6764705882352939,
  "disease_id": "DOID:9008",
  "disease_name": "psoriatic arthritis",
  "disease_percentile": 0.595578673602081,
  "metapath_contribution": {
    "CbGbCtD": 0.7383409814437761,
    "CcSEcCtD": 0.26165901855622375
  },
  "n_trials": 0.0,
  "prediction": 0.0019350469024088399,
  "status": 0,
  "training_prediction": 0.0039027662094431796
}