{
  "compound_id": "DB01216",
  "compound_name": "Finasteride",
  "compound_percentile": 0.941176470588235,
  "disease_id": "DOID:9074",
  "disease_name": "systemic lupus erythematosus",
  "disease_percentile": 0.789336801040312,
  "metapath_contribution": {
    "CbGbCtD": 0.42300959422636264,
    "CcSEcCtD": 0.07074389244960962,
    "CrCbGaD": 0.0008138528477610247,
    "CrCrCtD": 0.5054326604762668
  },
  "n_trials": 0.0,
  "prediction": 0.00313281071962725,
  "status": 0
}