{
  "compound_id": "DB00705",
  "compound_name": "Delavirdine",
  "compound_percentile": 0.882352941176471,
  "disease_id": "DOID:263",
  "disease_name": "kidney cancer",
  "disease_percentile": 0.891417425227568,
  "metapath_contribution": {
    "CbGbCtD": 0.7101053496728812,
    "CbGeAlD": 0.01565407194861532,
    "CbGpPWpGaD": 0.024053029311784678,
    "CcSEcCtD": 0.2501875490667188
  },
  "n_trials": 0.0,
  "prediction": 0.00443871346391513,
  "status": 0,
  "training_prediction": 0.0128470948531826
}