{
  "category": "DM",
  "compound_id": "DB00860",
  "compound_name": "Prednisolone",
  "compound_percentile": 0.992647058823529,
  "disease_id": "DOID:3310",
  "disease_name": "atopic dermatitis",
  "disease_percentile": 0.994148244473342,
  "metapath_contribution": {
    "CbGbCtD": 0.13946604482942104,
    "CcSEcCtD": 0.0428656954183802,
    "CiPCiCtD": 0.285456956401079,
    "CrCrCtD": 0.1550201687218534,
    "CrCtD": 0.21082393042479178,
    "CtDrD": 0.16636720420447454
  },
  "prediction": 0.19060407543484098,
  "status": 1,
  "training_prediction": 0.866066255211212
}