{
  "compound_id": "DB00934",
  "compound_name": "Maprotiline",
  "compound_percentile": 0.941176470588235,
  "disease_id": "DOID:3310",
  "disease_name": "atopic dermatitis",
  "disease_percentile": 0.7782834850455141,
  "metapath_contribution": {
    "CbGbCtD": 0.5043643379924607,
    "CbGpPWpGaD": 0.034225677650528016,
    "CcSEcCtD": 0.15156350286313391,
    "CrCrCtD": 0.30984648149387733
  },
  "n_trials": 0.0,
  "prediction": 0.0032371286016322103,
  "status": 0
}