{
  "compound_id": "DB00966",
  "compound_name": "Telmisartan",
  "compound_percentile": 0.970588235294118,
  "disease_id": "DOID:1312",
  "disease_name": "focal segmental glomerulosclerosis",
  "disease_percentile": 0.996749024707412,
  "metapath_contribution": {
    "CbGaD": 0.3302623371543633,
    "CbGbCtD": 0.1584989054223262,
    "CbGeAlD": 0.02103926602244367,
    "CbGpPWpGaD": 0.00887427770969426,
    "CcSEcCtD": 0.04109175520673485,
    "CrCbGaD": 0.003400460078813227,
    "CtDrD": 0.4368329984056245
  },
  "n_trials": 0.0,
  "prediction": 0.0099716145293677,
  "status": 0,
  "training_prediction": 0.00751580125996055
}