{
  "compound_id": "DB01167",
  "compound_name": "Itraconazole",
  "compound_percentile": 0.720588235294118,
  "disease_id": "DOID:1936",
  "disease_name": "atherosclerosis",
  "disease_percentile": 0.509752925877763,
  "metapath_contribution": {
    "CbGbCtD": 0.7010885240647297,
    "CbGpPWpGaD": 0.08806320543744559,
    "CcSEcCtD": 0.2108482704978249
  },
  "n_trials": 0.0,
  "prediction": 0.0018791906563178301,
  "status": 0
}