{
  "compound_id": "DB01265",
  "compound_name": "Telbivudine",
  "compound_percentile": 0.0735294117647059,
  "disease_id": "DOID:11612",
  "disease_name": "polycystic ovary syndrome",
  "disease_percentile": 0.0331599479843953,
  "metapath_contribution": {
    "CcSEcCtD": 0.9771434115503149,
    "CrCbGaD": 0.022856588449684967
  },
  "n_trials": 0.0,
  "prediction": 0.000587149614442644,
  "status": 0,
  "training_prediction": 0.000264575313699085
}