{
  "compound_id": "DB00669",
  "compound_name": "Sumatriptan",
  "compound_percentile": 0.647058823529412,
  "disease_id": "DOID:12365",
  "disease_name": "malaria",
  "disease_percentile": 0.46553966189857,
  "metapath_contribution": {
    "CbGbCtD": 0.5813745178723944,
    "CbGeAlD": 0.06615501178355308,
    "CcSEcCtD": 0.3524704703440525
  },
  "n_trials": 0.0,
  "prediction": 0.00200684251352103,
  "status": 0
}