{
  "compound_id": "DB01589",
  "compound_name": "Quazepam",
  "compound_percentile": 0.691176470588235,
  "disease_id": "DOID:1094",
  "disease_name": "attention deficit hyperactivity disorder",
  "disease_percentile": 0.36866059817945396,
  "metapath_contribution": {
    "CbGeAlD": 0.33121814938273103,
    "CbGpPWpGaD": 0.6373487976320401,
    "CrCbGaD": 0.031433052985228985
  },
  "n_trials": 0.0,
  "prediction": 0.0012232016665495301,
  "status": 0
}