{
  "compound_id": "DB00823",
  "compound_name": "Ethynodiol",
  "compound_percentile": 0.0294117647058824,
  "disease_id": "DOID:219",
  "disease_name": "colon cancer",
  "disease_percentile": 0.0136540962288687,
  "metapath_contribution": {
    "CbGeAlD": 0.36058725019300064,
    "CbGpPWpGaD": 0.6350868991471534,
    "CrCbGaD": 0.004325850659845883
  },
  "n_trials": 0.0,
  "prediction": 0.000508371586644201,
  "status": 0
}