{
  "compound_id": "DB00880",
  "compound_name": "Chlorothiazide",
  "compound_percentile": 0.375,
  "disease_id": "DOID:2377",
  "disease_name": "multiple sclerosis",
  "disease_percentile": 0.0364109232769831,
  "metapath_contribution": {
    "CbGeAlD": 0.07526577269036568,
    "CcSEcCtD": 0.9247342273096343
  },
  "n_trials": 0.0,
  "prediction": 0.000854134149215433,
  "status": 0,
  "training_prediction": 0.00219134049450802
}