{
  "compound_id": "DB00603",
  "compound_name": "Medroxyprogesterone Acetate",
  "compound_percentile": 0.625,
  "disease_id": "DOID:9206",
  "disease_name": "Barrett's esophagus",
  "disease_percentile": 0.283485045513654,
  "metapath_contribution": {
    "CbGbCtD": 0.5265871913323878,
    "CbGeAlD": 0.027876131512929666,
    "CbGpPWpGaD": 0.09759777183641145,
    "CcSEcCtD": 0.34793890531827104
  },
  "n_trials": 0.0,
  "prediction": 0.00129768825928838,
  "status": 0,
  "training_prediction": 0.000957015820332668
}