{
  "compound_id": "DB01042",
  "compound_name": "Melphalan",
  "compound_percentile": 0.125,
  "disease_id": "DOID:1781",
  "disease_name": "thyroid cancer",
  "disease_percentile": 0.167750325097529,
  "metapath_contribution": {
    "CbGeAlD": 0.06581677211265226,
    "CcSEcCtD": 0.9273938370332593,
    "CrCbGaD": 0.006789390854088524
  },
  "n_trials": 0.0,
  "prediction": 0.0009508912705865981,
  "status": 0,
  "training_prediction": 0.0032771159387832
}