{
  "compound_id": "DB08810",
  "compound_name": "Cinitapride",
  "compound_percentile": 0.941176470588235,
  "disease_id": "DOID:11119",
  "disease_name": "Gilles de la Tourette syndrome",
  "disease_percentile": 0.994148244473342,
  "metapath_contribution": {
    "CbGaD": 0.8764040996183149,
    "CbGeAlD": 0.01048833758949468,
    "CbGpPWpGaD": 0.11310756279219045
  },
  "n_trials": 0.0,
  "prediction": 0.0047345078715335205,
  "status": 0
}