{
  "compound_id": "DB01244",
  "compound_name": "Bepridil",
  "compound_percentile": 0.75,
  "disease_id": "DOID:13189",
  "disease_name": "gout",
  "disease_percentile": 0.293237971391417,
  "metapath_contribution": {
    "CbGbCtD": 0.4672241627584043,
    "CbGpPWpGaD": 0.06850807141099283,
    "CcSEcCtD": 0.4642677658306028
  },
  "n_trials": 0.0,
  "prediction": 0.0016393471774708301,
  "status": 0,
  "training_prediction": 0.00361201548646894
}