{
  "compound_id": "DB00627",
  "compound_name": "Niacin",
  "compound_percentile": 0.0367647058823529,
  "disease_id": "DOID:14227",
  "disease_name": "azoospermia",
  "disease_percentile": 0.397919375812744,
  "metapath_contribution": {
    "CbGeAlD": 0.1688043016521491,
    "CbGpPWpGaD": 0.19975633641619106,
    "CcSEcCtD": 0.6314393619316598
  },
  "n_trials": 0.0,
  "prediction": 0.00149549090231693,
  "status": 0,
  "training_prediction": 0.00112480910436516
}