{
  "compound_id": "DB00823",
  "compound_name": "Ethynodiol",
  "compound_percentile": 0.19852941176470604,
  "disease_id": "DOID:12849",
  "disease_name": "autistic disorder",
  "disease_percentile": 0.0780234070221066,
  "metapath_contribution": {
    "CbGeAlD": 0.2747139331124323,
    "CbGpPWpGaD": 0.6110940248401812,
    "CrCbGaD": 0.11419204204738662
  },
  "n_trials": 0.0,
  "prediction": 0.0006721498141924179,
  "status": 0
}