{
  "compound_id": "DB06212",
  "compound_name": "Tolvaptan",
  "compound_percentile": 0.757352941176471,
  "disease_id": "DOID:11476",
  "disease_name": "osteoporosis",
  "disease_percentile": 0.7425227568270479,
  "metapath_contribution": {
    "CbGbCtD": 0.575093452690791,
    "CbGpPWpGaD": 0.06777521809528637,
    "CcSEcCtD": 0.3571313292139226
  },
  "n_trials": 0.0,
  "prediction": 0.00261709800517719,
  "status": 0
}