{
  "compound_id": "DB01325",
  "compound_name": "Quinethazone",
  "compound_percentile": 0.007352941176470591,
  "disease_id": "DOID:1612",
  "disease_name": "breast cancer",
  "disease_percentile": 0.0520156046814044,
  "metapath_contribution": {
    "CbGeAlD": 0.39524081532973404,
    "CbGpPWpGaD": 0.5698931870920178,
    "CrCbGaD": 0.03486599757824808
  },
  "n_trials": 0.0,
  "prediction": 0.000797914059505744,
  "status": 0
}