{
  "compound_id": "DB00920",
  "compound_name": "Ketotifen",
  "compound_percentile": 0.13235294117647098,
  "disease_id": "DOID:10534",
  "disease_name": "stomach cancer",
  "disease_percentile": 0.224967490247074,
  "metapath_contribution": {
    "CbGbCtD": 0.42862407836517014,
    "CbGeAlD": 0.11528439876877107,
    "CbGpPWpGaD": 0.25562938475495955,
    "CcSEcCtD": 0.20046213811109928
  },
  "n_trials": 0.0,
  "prediction": 0.000962624066979227,
  "status": 0,
  "training_prediction": 0.00212270557741718
}