{
  "compound_id": "DB00598",
  "compound_name": "Labetalol",
  "compound_percentile": 0.786764705882353,
  "disease_id": "DOID:0050741",
  "disease_name": "alcohol dependence",
  "disease_percentile": 0.264629388816645,
  "metapath_contribution": {
    "CbGbCtD": 0.027974329884904052,
    "CbGpPWpGaD": 0.3683384182002402,
    "CcSEcCtD": 0.5916811391242129,
    "CrCbGaD": 0.012006112790642842
  },
  "n_trials": 0.0,
  "prediction": 0.00147930827705184,
  "status": 0,
  "training_prediction": 0.00179558011707295
}