{
  "compound_id": "DB01025",
  "compound_name": "Amlexanox",
  "compound_percentile": 0.20588235294117604,
  "disease_id": "DOID:1781",
  "disease_name": "thyroid cancer",
  "disease_percentile": 0.7223667100130041,
  "metapath_contribution": {
    "CbGeAlD": 0.24308145978410656,
    "CbGpPWpGaD": 0.6815932013442406,
    "CcSEcCtD": 0.07532533887165273
  },
  "n_trials": 0.0,
  "prediction": 0.0020453858438633,
  "status": 0
}