{
  "compound_id": "DB08866",
  "compound_name": "Estradiol valerate/Dienogest",
  "compound_percentile": 0.647058823529412,
  "disease_id": "DOID:11714",
  "disease_name": "gestational diabetes",
  "disease_percentile": 0.308842652795839,
  "metapath_contribution": {
    "CbGbCtD": 0.7735002501986751,
    "CcSEcCtD": 0.02017778616811096,
    "CrCbGaD": 0.20632196363321392
  },
  "n_trials": 0.0,
  "prediction": 0.00129093539526113,
  "status": 0,
  "training_prediction": 0.00058193315418677
}