{
  "compound_id": "DB00297",
  "compound_name": "Bupivacaine",
  "compound_percentile": 0.882352941176471,
  "disease_id": "DOID:1909",
  "disease_name": "melanoma",
  "disease_percentile": 0.7574772431729521,
  "metapath_contribution": {
    "CbGaD": 0.5494440075040843,
    "CbGbCtD": 0.2921074250088912,
    "CbGpPWpGaD": 0.06404502283375414,
    "CcSEcCtD": 0.0881176283442714,
    "CrCbGaD": 0.006285916308999009
  },
  "n_trials": 0.0,
  "prediction": 0.0021162368503171,
  "status": 0
}