{
  "compound_id": "DB01192",
  "compound_name": "Oxymorphone",
  "compound_percentile": 0.654411764705882,
  "disease_id": "DOID:263",
  "disease_name": "kidney cancer",
  "disease_percentile": 0.332899869960988,
  "metapath_contribution": {
    "CbGbCtD": 0.6519495508148889,
    "CcSEcCtD": 0.3458082545126531,
    "CrCbGaD": 0.0022421946724580106
  },
  "n_trials": 0.0,
  "prediction": 0.00132226132185135,
  "status": 0
}