{
  "compound_id": "DB01207",
  "compound_name": "Ridogrel",
  "compound_percentile": 0.669117647058823,
  "disease_id": "DOID:3312",
  "disease_name": "bipolar disorder",
  "disease_percentile": 0.618985695708713,
  "metapath_contribution": {
    "CbGeAlD": 0.37763178475367004,
    "CbGpPWpGaD": 0.5949837973734625,
    "CrCbGaD": 0.02738441787286736
  },
  "n_trials": 0.0,
  "prediction": 0.0016392372015193,
  "status": 0
}