{
  "compound_id": "DB00729",
  "compound_name": "Diphemanil Methylsulfate",
  "compound_percentile": 0.9852941176470591,
  "disease_id": "DOID:1826",
  "disease_name": "epilepsy syndrome",
  "disease_percentile": 0.53446033810143,
  "metapath_contribution": {
    "CbGaD": 0.6084194504198758,
    "CbGpPWpGaD": 0.05999894562107352,
    "CrCbGaD": 0.0037248481596867723,
    "CrCrCtD": 0.3278567557993639
  },
  "n_trials": 0.0,
  "prediction": 0.00364361029128804,
  "status": 0
}