{
  "compound_id": "DB00348",
  "compound_name": "Nitisinone",
  "compound_percentile": 0.625,
  "disease_id": "DOID:3083",
  "disease_name": "chronic obstructive pulmonary disease",
  "disease_percentile": 0.278283485045514,
  "metapath_contribution": {
    "CbGpPWpGaD": 0.07247270686163398,
    "CcSEcCtD": 0.8867338034130842,
    "CrCbGaD": 0.04079348972528191
  },
  "n_trials": 0.0,
  "prediction": 0.00154427803712505,
  "status": 0
}