{
  "compound_id": "DB00786",
  "compound_name": "Marimastat",
  "compound_percentile": 0.713235294117647,
  "disease_id": "DOID:5419",
  "disease_name": "schizophrenia",
  "disease_percentile": 0.9863459037711311,
  "metapath_contribution": {
    "CbGaD": 0.7208807655970058,
    "CbGeAlD": 0.09952058220364046,
    "CbGpPWpGaD": 0.17959865219935375
  },
  "n_trials": 0.0,
  "prediction": 0.0051988792186708705,
  "status": 0
}