{
  "compound_id": "DB00262",
  "compound_name": "Carmustine",
  "compound_percentile": 0.779411764705882,
  "disease_id": "DOID:2355",
  "disease_name": "anemia",
  "disease_percentile": 0.9746423927178149,
  "metapath_contribution": {
    "CbGaD": 0.874829022969893,
    "CbGeAlD": 0.04238263455484815,
    "CbGpPWpGaD": 0.08278834247525876
  },
  "n_trials": 1.0,
  "prediction": 0.0038144865231882603,
  "status": 0
}