{
  "compound_id": "DB00437",
  "compound_name": "Allopurinol",
  "compound_percentile": 0.875,
  "disease_id": "DOID:3393",
  "disease_name": "coronary artery disease",
  "disease_percentile": 0.7392717815344599,
  "metapath_contribution": {
    "CbGbCtD": 0.5959369293453002,
    "CbGpPWpGaD": 0.09293515535277064,
    "CcSEcCtD": 0.3111279153019292
  },
  "n_trials": 1.0,
  "prediction": 0.00398594775544053,
  "status": 0,
  "training_prediction": 0.0211293546044213
}