{
  "compound_id": "DB01263",
  "compound_name": "Posaconazole",
  "compound_percentile": 0.911764705882353,
  "disease_id": "DOID:0050741",
  "disease_name": "alcohol dependence",
  "disease_percentile": 0.6723016905071519,
  "metapath_contribution": {
    "CbGbCtD": 0.6029243118069082,
    "CbGpPWpGaD": 0.024041987892732132,
    "CcSEcCtD": 0.3700901492101937,
    "CrCbGaD": 0.0029435510901660964
  },
  "n_trials": 0.0,
  "prediction": 0.00284223565405536,
  "status": 0
}