{
  "compound_id": "DB08887",
  "compound_name": "Icosapent ethyl",
  "compound_percentile": 0.47058823529411803,
  "disease_id": "DOID:263",
  "disease_name": "kidney cancer",
  "disease_percentile": 0.35305591677503295,
  "metapath_contribution": {
    "CbGeAlD": 0.07876748622131062,
    "CbGpPWpGaD": 0.1974421816821617,
    "CcSEcCtD": 0.7094097812878067,
    "CrCbGaD": 0.014380550808720938
  },
  "n_trials": 0.0,
  "prediction": 0.00137098910793226,
  "status": 0
}