{
  "compound_id": "DB01409",
  "compound_name": "Tiotropium",
  "compound_percentile": 0.625,
  "disease_id": "DOID:1793",
  "disease_name": "pancreatic cancer",
  "disease_percentile": 0.6755526657997399,
  "metapath_contribution": {
    "CbGbCtD": 0.2721173508183032,
    "CbGpPWpGaD": 0.19085223237375895,
    "CcSEcCtD": 0.5370304168079378
  },
  "n_trials": 0.0,
  "prediction": 0.00222551697670858,
  "status": 0,
  "training_prediction": 0.00881248439947222
}