{
  "compound_id": "DB08865",
  "compound_name": "Crizotinib",
  "compound_percentile": 0.308823529411765,
  "disease_id": "DOID:5408",
  "disease_name": "Paget's disease of bone",
  "disease_percentile": 0.698309492847854,
  "metapath_contribution": {
    "CbGpPWpGaD": 0.6081628525462806,
    "CcSEcCtD": 0.3918371474537195
  },
  "n_trials": 0.0,
  "prediction": 0.00180198212324203,
  "status": 0,
  "training_prediction": 0.0029386460955581
}