{
  "compound_id": "DB00991",
  "compound_name": "Oxaprozin",
  "compound_percentile": 0.566176470588235,
  "disease_id": "DOID:10534",
  "disease_name": "stomach cancer",
  "disease_percentile": 0.286085825747724,
  "metapath_contribution": {
    "CbGaD": 0.6159137811956124,
    "CbGbCtD": 0.007515330665193005,
    "CbGeAlD": 0.009094234723340736,
    "CbGpPWpGaD": 0.05593542734748498,
    "CcSEcCtD": 0.30928990124890315,
    "CrCbGaD": 0.0022513248194658882
  },
  "n_trials": 0.0,
  "prediction": 0.00107860918065766,
  "status": 0
}