{
  "compound_id": "DB01267",
  "compound_name": "Paliperidone",
  "compound_percentile": 0.588235294117647,
  "disease_id": "DOID:7148",
  "disease_name": "rheumatoid arthritis",
  "disease_percentile": 0.596228868660598,
  "metapath_contribution": {
    "CbGbCtD": 0.38240806907989894,
    "CbGpPWpGaD": 0.20208888167833242,
    "CcSEcCtD": 0.4155030492417687
  },
  "n_trials": 0.0,
  "prediction": 0.0020435803215366898,
  "status": 0
}