{
  "compound_id": "DB00136",
  "compound_name": "Calcitriol",
  "compound_percentile": 0.801470588235294,
  "disease_id": "DOID:9744",
  "disease_name": "type 1 diabetes mellitus",
  "disease_percentile": 0.779583875162549,
  "metapath_contribution": {
    "CbGaD": 0.9229762293922177,
    "CbGeAlD": 0.047181856386588734,
    "CcSEcCtD": 0.019785284980372245,
    "CrCbGaD": 0.010056629240821423
  },
  "n_trials": 2.0,
  "prediction": 0.0019993923712866,
  "status": 0,
  "training_prediction": 0.00150399851126787
}