{
  "compound_id": "DB00172",
  "compound_name": "L-Proline",
  "compound_percentile": 0.9191176470588229,
  "disease_id": "DOID:1459",
  "disease_name": "hypothyroidism",
  "disease_percentile": 0.956436931079324,
  "metapath_contribution": {
    "CbGbCtD": 0.6495558871180525,
    "CbGeAlD": 0.24555600781102588,
    "CbGpPWpGaD": 0.1048881050709217
  },
  "n_trials": 0.0,
  "prediction": 0.00348974824665488,
  "status": 0
}