{
  "compound_id": "DB08899",
  "compound_name": "Enzalutamide",
  "compound_percentile": 0.852941176470588,
  "disease_id": "DOID:1936",
  "disease_name": "atherosclerosis",
  "disease_percentile": 0.7360208062418729,
  "metapath_contribution": {
    "CbGaD": 0.19023919009655993,
    "CbGbCtD": 0.608781193777763,
    "CbGpPWpGaD": 0.07761389969692496,
    "CcSEcCtD": 0.1233657164287522
  },
  "n_trials": 0.0,
  "prediction": 0.00259239813255888,
  "status": 0
}