{
  "compound_id": "DB01251",
  "compound_name": "Gliquidone",
  "compound_percentile": 0.0514705882352941,
  "disease_id": "DOID:1324",
  "disease_name": "lung cancer",
  "disease_percentile": 0.163849154746424,
  "metapath_contribution": {
    "CbGeAlD": 0.3602424538050053,
    "CbGpPWpGaD": 0.591070246383439,
    "CrCbGaD": 0.04868729981155584
  },
  "n_trials": 0.0,
  "prediction": 0.0009456130860522721,
  "status": 0
}