{
  "compound_id": "DB00448",
  "compound_name": "Lansoprazole",
  "compound_percentile": 0.7058823529411771,
  "disease_id": "DOID:1936",
  "disease_name": "atherosclerosis",
  "disease_percentile": 0.695058517555267,
  "metapath_contribution": {
    "CbGbCtD": 0.6666617376061605,
    "CbGpPWpGaD": 0.12221340283636173,
    "CcSEcCtD": 0.21112485955747776
  },
  "n_trials": 0.0,
  "prediction": 0.00241398515363757,
  "status": 0
}