{
  "compound_id": "DB00630",
  "compound_name": "Alendronate",
  "compound_percentile": 0.0367647058823529,
  "disease_id": "DOID:1781",
  "disease_name": "thyroid cancer",
  "disease_percentile": 0.19440832249674897,
  "metapath_contribution": {
    "CbGeAlD": 0.33001806395834765,
    "CbGpPWpGaD": 0.061125503124333576,
    "CcSEcCtD": 0.5959256045884309,
    "CrCbGaD": 0.012930828328887903
  },
  "n_trials": 1.0,
  "prediction": 0.0010018935779225401,
  "status": 0,
  "training_prediction": 0.00202688056146473
}