{
  "compound_id": "DB01193",
  "compound_name": "Acebutolol",
  "compound_percentile": 0.23529411764705901,
  "disease_id": "DOID:3571",
  "disease_name": "liver cancer",
  "disease_percentile": 0.296488946684005,
  "metapath_contribution": {
    "CbGbCtD": 0.44248540547800413,
    "CcSEcCtD": 0.5575145945219958
  },
  "n_trials": 0.0,
  "prediction": 0.00105482108708828,
  "status": 0,
  "training_prediction": 0.00104054357796482
}