{
  "compound_id": "DB00200",
  "compound_name": "Hydroxocobalamin",
  "compound_percentile": 0.720588235294118,
  "disease_id": "DOID:7148",
  "disease_name": "rheumatoid arthritis",
  "disease_percentile": 0.715864759427828,
  "metapath_contribution": {
    "CbGeAlD": 0.18855441261940345,
    "CbGpPWpGaD": 0.5199225933504211,
    "CcSEcCtD": 0.2814913694042041,
    "CrCbGaD": 0.010031624625971198
  },
  "n_trials": 0.0,
  "prediction": 0.00243208765081973,
  "status": 0
}