{
  "compound_id": "DB00141",
  "compound_name": "N-Acetyl-D-glucosamine",
  "compound_percentile": 0.5,
  "disease_id": "DOID:14330",
  "disease_name": "Parkinson's disease",
  "disease_percentile": 0.7418725617685309,
  "metapath_contribution": {
    "CbGeAlD": 0.42536300376293157,
    "CbGpPWpGaD": 0.5616571992660456,
    "CrCbGaD": 0.012979796971022731
  },
  "n_trials": 0.0,
  "prediction": 0.0019490614920715397,
  "status": 0
}