{
  "compound_id": "DB00166",
  "compound_name": "Lipoic Acid",
  "compound_percentile": 0.8897058823529409,
  "disease_id": "DOID:1781",
  "disease_name": "thyroid cancer",
  "disease_percentile": 0.674902470741222,
  "metapath_contribution": {
    "CbGbCtD": 0.8105485962900285,
    "CbGdCrCtD": 0.015838285208732445,
    "CbGeAlD": 0.17361311850123912
  },
  "n_trials": 1.0,
  "prediction": 0.0019211160697325898,
  "status": 0
}