{
  "compound_id": "DB00419",
  "compound_name": "Miglustat",
  "compound_percentile": 0.941176470588235,
  "disease_id": "DOID:1612",
  "disease_name": "breast cancer",
  "disease_percentile": 0.5572171651495451,
  "metapath_contribution": {
    "CbGeAlD": 0.25057197655352054,
    "CbGpPWpGaD": 0.22744035206895863,
    "CcSEcCtD": 0.5219876713775208
  },
  "n_trials": 0.0,
  "prediction": 0.0026625116444026604,
  "status": 0
}