{
  "compound_id": "DB00136",
  "compound_name": "Calcitriol",
  "compound_percentile": 0.875,
  "disease_id": "DOID:986",
  "disease_name": "alopecia areata",
  "disease_percentile": 0.962288686605982,
  "metapath_contribution": {
    "CbGeAlD": 0.005983284393438287,
    "CtDrD": 0.9940167156065617
  },
  "n_trials": 0.0,
  "prediction": 0.00303747004434837,
  "status": 0,
  "training_prediction": 0.00228545840158456
}