{
  "compound_id": "DB01273",
  "compound_name": "Varenicline",
  "compound_percentile": 0.4779411764705879,
  "disease_id": "DOID:2998",
  "disease_name": "testicular cancer",
  "disease_percentile": 0.743823146944083,
  "metapath_contribution": {
    "CbGeAlD": 0.327489481409837,
    "CcSEcCtD": 0.672510518590163
  },
  "n_trials": 0.0,
  "prediction": 0.00217234823326121,
  "status": 0,
  "training_prediction": 0.00556182224554489
}