{
  "compound_id": "DB00709",
  "compound_name": "Lamivudine",
  "compound_percentile": 0.852941176470588,
  "disease_id": "DOID:7148",
  "disease_name": "rheumatoid arthritis",
  "disease_percentile": 0.7737321196358911,
  "metapath_contribution": {
    "CbGbCtD": 0.2686443705022887,
    "CbGdCrCtD": 0.001656946843841256,
    "CbGeAlD": 0.017845626074995076,
    "CbGpPWpGaD": 0.04951933509500227,
    "CcSEcCtD": 0.09435350642613057,
    "CiPCiCtD": 0.5679802150577422
  },
  "n_trials": 0.0,
  "prediction": 0.0027641820038174602,
  "status": 0,
  "training_prediction": 0.0148635248096998
}