{
  "compound_id": "DB01092",
  "compound_name": "Ouabain",
  "compound_percentile": 0.7058823529411771,
  "disease_id": "DOID:8577",
  "disease_name": "ulcerative colitis",
  "disease_percentile": 0.14824447334200302,
  "metapath_contribution": {
    "CbGbCtD": 0.869482495496319,
    "CbGeAlD": 0.03091384022083174,
    "CbGpPWpGaD": 0.09625083608496762,
    "CrCbGaD": 0.0033528281978816147
  },
  "n_trials": 0.0,
  "prediction": 0.00115094552204374,
  "status": 0
}