{
  "compound_id": "DB00774",
  "compound_name": "Hydroflumethiazide",
  "compound_percentile": 0.301470588235294,
  "disease_id": "DOID:1781",
  "disease_name": "thyroid cancer",
  "disease_percentile": 0.17100130039011702,
  "metapath_contribution": {
    "CbGeAlD": 0.4080565917794245,
    "CbGpPWpGaD": 0.23313879315795288,
    "CcSEcCtD": 0.3588046150626227
  },
  "n_trials": 0.0,
  "prediction": 0.0009587340251177381,
  "status": 0,
  "training_prediction": 0.00116383831650039
}