{
  "compound_id": "DB01590",
  "compound_name": "Everolimus",
  "compound_percentile": 0.44117647058823495,
  "disease_id": "DOID:3277",
  "disease_name": "thymus cancer",
  "disease_percentile": 0.0214564369310793,
  "metapath_contribution": {
    "CbGeAlD": 0.2086514867222634,
    "CbGpPWpGaD": 0.044011582689249935,
    "CcSEcCtD": 0.7473369305884867
  },
  "n_trials": 0.0,
  "prediction": 0.0007295042197087191,
  "status": 0,
  "training_prediction": 0.000328747406036502
}