{
  "compound_id": "DB01133",
  "compound_name": "Tiludronate",
  "compound_percentile": 0.47058823529411803,
  "disease_id": "DOID:10652",
  "disease_name": "Alzheimer's disease",
  "disease_percentile": 0.6183355006501949,
  "metapath_contribution": {
    "CbGeAlD": 0.23318521840038675,
    "CbGpPWpGaD": 0.4681818563570318,
    "CcSEcCtD": 0.29863292524258145
  },
  "n_trials": 0.0,
  "prediction": 0.00220395382339018,
  "status": 0,
  "training_prediction": 0.0026747377863734698
}