{
  "compound_id": "DB00547",
  "compound_name": "Desoximetasone",
  "compound_percentile": 0.897058823529412,
  "disease_id": "DOID:3083",
  "disease_name": "chronic obstructive pulmonary disease",
  "disease_percentile": 0.9596879063719119,
  "metapath_contribution": {
    "CbGbCtD": 0.09863470565786858,
    "CcSEcCtD": 0.01848438687984733,
    "CiPCiCtD": 0.3996291418169726,
    "CrCbGaD": 0.0003124102450805232,
    "CrCrCtD": 0.19927878302874244,
    "CrCtD": 0.28366057237148856
  },
  "n_trials": 0.0,
  "prediction": 0.0112513134198194,
  "status": 0
}