{
  "compound_id": "DB00649",
  "compound_name": "Stavudine",
  "compound_percentile": 1.0,
  "disease_id": "DOID:2043",
  "disease_name": "hepatitis B",
  "disease_percentile": 0.9986996098829649,
  "metapath_contribution": {
    "CbGbCtD": 0.0571338409770399,
    "CcSEcCtD": 0.03047313963202065,
    "CiPCiCtD": 0.32216621873494034,
    "CrCbGaD": 0.00022705956027298634,
    "CrCrCtD": 0.15165975051140612,
    "CrCtD": 0.24418425063749524,
    "CtDrD": 0.19415573994682486
  },
  "n_trials": 0.0,
  "prediction": 0.334570447028429,
  "status": 0,
  "training_prediction": 0.379065881314706
}