{
  "compound_id": "DB00909",
  "compound_name": "Zonisamide",
  "compound_percentile": 0.544117647058823,
  "disease_id": "DOID:1936",
  "disease_name": "atherosclerosis",
  "disease_percentile": 0.526007802340702,
  "metapath_contribution": {
    "CbGbCtD": 0.23418771703488908,
    "CbGeAlD": 0.12145622708534169,
    "CbGpPWpGaD": 0.17708183467575922,
    "CcSEcCtD": 0.46727422120401013
  },
  "n_trials": 0.0,
  "prediction": 0.0019233459151735,
  "status": 0,
  "training_prediction": 0.0031363238595364
}