{
  "compound_id": "DB00430",
  "compound_name": "Cefpiramide",
  "compound_percentile": 0.7647058823529409,
  "disease_id": "DOID:1612",
  "disease_name": "breast cancer",
  "disease_percentile": 0.24187256176853103,
  "metapath_contribution": {
    "CbGaD": 0.7310041344874031,
    "CbGbCtD": 0.21327901271642902,
    "CbGpPWpGaD": 0.05310288751810331,
    "CrCbGaD": 0.002613965278064545
  },
  "n_trials": 0.0,
  "prediction": 0.00141471715262572,
  "status": 0
}