{
  "compound_id": "DB00418",
  "compound_name": "Secobarbital",
  "compound_percentile": 0.529411764705882,
  "disease_id": "DOID:2394",
  "disease_name": "ovarian cancer",
  "disease_percentile": 0.46879063719115704,
  "metapath_contribution": {
    "CbGeAlD": 0.5054333897236251,
    "CbGpPWpGaD": 0.1331324093975862,
    "CcSEcCtD": 0.3614342008787886
  },
  "n_trials": 0.0,
  "prediction": 0.00138936737305937,
  "status": 0
}