{
  "compound_id": "DB00553",
  "compound_name": "Methoxsalen",
  "compound_percentile": 0.7941176470588229,
  "disease_id": "DOID:10534",
  "disease_name": "stomach cancer",
  "disease_percentile": 0.9057217165149541,
  "metapath_contribution": {
    "CbGaD": 0.677578918895962,
    "CbGbCtD": 0.12075545907488539,
    "CbGpPWpGaD": 0.0685463223229934,
    "CcSEcCtD": 0.13311929970615932
  },
  "n_trials": 0.0,
  "prediction": 0.0035238883256567795,
  "status": 0,
  "training_prediction": 0.0174349716908539
}