{
  "compound_id": "DB01180",
  "compound_name": "Rescinnamine",
  "compound_percentile": 0.742647058823529,
  "disease_id": "DOID:1115",
  "disease_name": "sarcoma",
  "disease_percentile": 0.6716514954486351,
  "metapath_contribution": {
    "CbGeAlD": 0.08598649182572086,
    "CcSEcCtD": 0.08711600263771065,
    "CrCrCtD": 0.8268975055365685
  },
  "n_trials": 0.0,
  "prediction": 0.00184026538111597,
  "status": 0
}