{
  "compound_id": "DB01001",
  "compound_name": "Salbutamol",
  "compound_percentile": 0.897058823529412,
  "disease_id": "DOID:12365",
  "disease_name": "malaria",
  "disease_percentile": 0.305591677503251,
  "metapath_contribution": {
    "CbGbCtD": 0.6788840198479962,
    "CcSEcCtD": 0.3178679875788258,
    "CrCbGaD": 0.0032479925731780817
  },
  "n_trials": 0.0,
  "prediction": 0.00157833399303589,
  "status": 0,
  "training_prediction": 0.0067280189972509395
}