{
  "compound_id": "DB01047",
  "compound_name": "Fluocinonide",
  "compound_percentile": 0.28676470588235303,
  "disease_id": "DOID:11934",
  "disease_name": "head and neck cancer",
  "disease_percentile": 0.00975292587776333,
  "metapath_contribution": {
    "CbGeAlD": 0.15676915907719535,
    "CbGpPWpGaD": 0.05996672601617964,
    "CcSEcCtD": 0.7684718823684361,
    "CrCbGaD": 0.014792232538188916
  },
  "n_trials": 0.0,
  "prediction": 0.0004625230082532519,
  "status": 0,
  "training_prediction": 0.0009362241897880461
}