{
  "compound_id": "DB00128",
  "compound_name": "L-Aspartic Acid",
  "compound_percentile": 0.6764705882352939,
  "disease_id": "DOID:7693",
  "disease_name": "abdominal aortic aneurysm",
  "disease_percentile": 0.47399219765929795,
  "metapath_contribution": {
    "CbGeAlD": 0.8786737280944492,
    "CbGpPWpGaD": 0.10674063371916608,
    "CrCbGaD": 0.014585638186384883
  },
  "n_trials": 0.0,
  "prediction": 0.0012415890546728099,
  "status": 0
}