{
  "compound_id": "DB00116",
  "compound_name": "Tetrahydrofolic acid",
  "compound_percentile": 0.8308823529411771,
  "disease_id": "DOID:10763",
  "disease_name": "hypertension",
  "disease_percentile": 0.379063719115735,
  "metapath_contribution": {
    "CbGaD": 0.2625092105492041,
    "CbGbCtD": 0.4551802799013882,
    "CbGdCrCtD": 0.00432578113271213,
    "CbGeAlD": 0.10853696622534798,
    "CbGpPWpGaD": 0.16800200618863897,
    "CrCbGaD": 0.0014457560027086017
  },
  "n_trials": 0.0,
  "prediction": 0.00289352934717908,
  "status": 0
}