{
  "compound_id": "DB00850",
  "compound_name": "Perphenazine",
  "compound_percentile": 0.23529411764705901,
  "disease_id": "DOID:7148",
  "disease_name": "rheumatoid arthritis",
  "disease_percentile": 0.0227568270481144,
  "metapath_contribution": {
    "CbGbCtD": 0.5582802653522493,
    "CbGpPWpGaD": 0.22754093734268238,
    "CcSEcCtD": 0.21417879730506834
  },
  "n_trials": 0.0,
  "prediction": 0.000683361641551441,
  "status": 0
}