{
  "compound_id": "DB05294",
  "compound_name": "Vandetanib",
  "compound_percentile": 0.389705882352941,
  "disease_id": "DOID:2043",
  "disease_name": "hepatitis B",
  "disease_percentile": 0.141742522756827,
  "metapath_contribution": {
    "CbGaD": 0.2569472021485344,
    "CbGbCtD": 0.18094324297028982,
    "CbGeAlD": 0.11621920939318392,
    "CbGpPWpGaD": 0.25572191345405376,
    "CcSEcCtD": 0.18916008460292305,
    "CrCbGaD": 0.0010083474310150257
  },
  "n_trials": 0.0,
  "prediction": 0.000987649118257471,
  "status": 0,
  "training_prediction": 0.0011989318619669
}