{
  "compound_id": "DB00949",
  "compound_name": "Felbamate",
  "compound_percentile": 0.977941176470588,
  "disease_id": "DOID:0050741",
  "disease_name": "alcohol dependence",
  "disease_percentile": 0.968790637191157,
  "metapath_contribution": {
    "CbGaD": 0.39580898191765784,
    "CbGbCtD": 0.4519223976803627,
    "CbGeAlD": 0.024176173800597365,
    "CbGpPWpGaD": 0.0396056736556986,
    "CcSEcCtD": 0.08848677294568352
  },
  "n_trials": 0.0,
  "prediction": 0.0129334209337863,
  "status": 0,
  "training_prediction": 0.0156601427479316
}