{
  "compound_id": "DB01173",
  "compound_name": "Orphenadrine",
  "compound_percentile": 0.816176470588235,
  "disease_id": "DOID:635",
  "disease_name": "acquired immunodeficiency syndrome",
  "disease_percentile": 0.233420026007802,
  "metapath_contribution": {
    "CbGbCtD": 0.7462179050666535,
    "CbGeAlD": 0.08948939913942706,
    "CcSEcCtD": 0.1635539434518219,
    "CrCbGaD": 0.0007387523420974843
  },
  "n_trials": 0.0,
  "prediction": 0.00155412970282115,
  "status": 0
}