{
  "compound_id": "DB01213",
  "compound_name": "Fomepizole",
  "compound_percentile": 0.757352941176471,
  "disease_id": "DOID:12236",
  "disease_name": "primary biliary cirrhosis",
  "disease_percentile": 0.8751625487646291,
  "metapath_contribution": {
    "CbGbCtD": 0.6835142262380682,
    "CbGeAlD": 0.06101720946991965,
    "CbGpPWpGaD": 0.08843332028406548,
    "CcSEcCtD": 0.16703524400794661
  },
  "n_trials": 0.0,
  "prediction": 0.00321715060931195,
  "status": 0
}