{
  "compound_id": "DB01356",
  "compound_name": "Lithium",
  "compound_percentile": 0.654411764705882,
  "disease_id": "DOID:10534",
  "disease_name": "stomach cancer",
  "disease_percentile": 0.8088426527958391,
  "metapath_contribution": {
    "CbGeAlD": 0.2052653097030822,
    "CbGpPWpGaD": 0.5356330647217655,
    "CcSEcCtD": 0.2591016255751523
  },
  "n_trials": 0.0,
  "prediction": 0.00247131101451389,
  "status": 0
}