{
  "compound_id": "DB00759",
  "compound_name": "Tetracycline",
  "compound_percentile": 0.639705882352941,
  "disease_id": "DOID:14221",
  "disease_name": "metabolic syndrome X",
  "disease_percentile": 0.698309492847854,
  "metapath_contribution": {
    "CbGaD": 0.807336321285598,
    "CbGeAlD": 0.09303780010072081,
    "CbGpPWpGaD": 0.09834333710280399,
    "CrCbGaD": 0.0012825415108772102
  },
  "n_trials": 0.0,
  "prediction": 0.00184287411871636,
  "status": 0
}