{
  "compound_id": "DB01265",
  "compound_name": "Telbivudine",
  "compound_percentile": 0.360294117647059,
  "disease_id": "DOID:1826",
  "disease_name": "epilepsy syndrome",
  "disease_percentile": 0.0338101430429129,
  "metapath_contribution": {
    "CcSEcCtD": 0.9942420962618504,
    "CrCbGaD": 0.0057579037381495415
  },
  "n_trials": 0.0,
  "prediction": 0.0008293989078989889,
  "status": 0,
  "training_prediction": 0.004058958744504139
}