{
  "compound_id": "DB01097",
  "compound_name": "Leflunomide",
  "compound_percentile": 1.0,
  "disease_id": "DOID:13189",
  "disease_name": "gout",
  "disease_percentile": 0.9648894668400521,
  "metapath_contribution": {
    "CbGaD": 0.30634594690409295,
    "CbGbCtD": 0.1270848863058996,
    "CcSEcCtD": 0.092009020750068,
    "CtDrD": 0.4745601460399394
  },
  "n_trials": 0.0,
  "prediction": 0.0174390450145749,
  "status": 0,
  "training_prediction": 0.0817743871990776
}