{
  "compound_id": "DB00987",
  "compound_name": "Cytarabine",
  "compound_percentile": 0.257352941176471,
  "disease_id": "DOID:10652",
  "disease_name": "Alzheimer's disease",
  "disease_percentile": 0.0305591677503251,
  "metapath_contribution": {
    "CbGbCtD": 0.6510532349554046,
    "CbGeAlD": 0.13559381933155087,
    "CbGpPWpGaD": 0.2082019752692269,
    "CrCbGaD": 0.005150970443817577
  },
  "n_trials": 0.0,
  "prediction": 0.0005776316879046,
  "status": 0,
  "training_prediction": 0.0011690855870742699
}