{
  "compound_id": "DB00810",
  "compound_name": "Biperiden",
  "compound_percentile": 0.963235294117647,
  "disease_id": "DOID:0050741",
  "disease_name": "alcohol dependence",
  "disease_percentile": 0.7964889466840049,
  "metapath_contribution": {
    "CbGaD": 0.5694011898010954,
    "CbGbCtD": 0.3479114324861495,
    "CbGeAlD": 0.016872604121548066,
    "CbGpPWpGaD": 0.06109435310345575,
    "CrCbGaD": 0.00472042048775134
  },
  "n_trials": 0.0,
  "prediction": 0.00400902908223142,
  "status": 0
}