{
  "compound_id": "DB01086",
  "compound_name": "Benzocaine",
  "compound_percentile": 0.0882352941176471,
  "disease_id": "DOID:14221",
  "disease_name": "metabolic syndrome X",
  "disease_percentile": 0.266579973992198,
  "metapath_contribution": {
    "CbGeAlD": 0.10721726491371833,
    "CbGpPWpGaD": 0.7727309793343479,
    "CrCbGaD": 0.12005175575193368
  },
  "n_trials": 0.0,
  "prediction": 0.00102485695932461,
  "status": 0
}