{
  "compound_id": "DB01273",
  "compound_name": "Varenicline",
  "compound_percentile": 0.713235294117647,
  "disease_id": "DOID:1319",
  "disease_name": "brain cancer",
  "disease_percentile": 0.791287386215865,
  "metapath_contribution": {
    "CbGeAlD": 0.3863585869507617,
    "CcSEcCtD": 0.6136414130492382
  },
  "n_trials": 0.0,
  "prediction": 0.0023948374131486897,
  "status": 0,
  "training_prediction": 0.00437196739040396
}