{
  "compound_id": "DB00337",
  "compound_name": "Pimecrolimus",
  "compound_percentile": 0.632352941176471,
  "disease_id": "DOID:8577",
  "disease_name": "ulcerative colitis",
  "disease_percentile": 0.11378413524057199,
  "metapath_contribution": {
    "CbGbCtD": 0.4256874552370775,
    "CbGeAlD": 0.029061229142091645,
    "CbGpPWpGaD": 0.19588149028915394,
    "CcSEcCtD": 0.3442969292493049,
    "CrCbGaD": 0.005072896082371947
  },
  "n_trials": 0.0,
  "prediction": 0.00105605262931855,
  "status": 0,
  "training_prediction": 0.00361325120984407
}