{
  "compound_id": "DB00302",
  "compound_name": "Tranexamic Acid",
  "compound_percentile": 0.757352941176471,
  "disease_id": "DOID:1115",
  "disease_name": "sarcoma",
  "disease_percentile": 0.851755526657997,
  "metapath_contribution": {
    "CbGeAlD": 0.29446789841656634,
    "CbGpPWpGaD": 0.3553112680182444,
    "CcSEcCtD": 0.35022083356518924
  },
  "n_trials": 0.0,
  "prediction": 0.00246310497453078,
  "status": 0
}