{
  "compound_id": "DB00987",
  "compound_name": "Cytarabine",
  "compound_percentile": 0.3529411764705879,
  "disease_id": "DOID:12361",
  "disease_name": "Graves' disease",
  "disease_percentile": 0.0156046814044213,
  "metapath_contribution": {
    "CbGeAlD": 0.9461218214931697,
    "CrCbGaD": 0.053878178506830375
  },
  "n_trials": 0.0,
  "prediction": 0.000644364287796004,
  "status": 0,
  "training_prediction": 0.000791092933467869
}