{
  "compound_id": "DB00317",
  "compound_name": "Gefitinib",
  "compound_percentile": 0.8308823529411771,
  "disease_id": "DOID:4045",
  "disease_name": "muscle cancer",
  "disease_percentile": 0.894018205461638,
  "metapath_contribution": {
    "CbGbCtD": 0.2224010445616714,
    "CbGdCrCtD": 0.003099246642427882,
    "CbGeAlD": 0.03607517889110465,
    "CbGpPWpGaD": 0.05019417831011184,
    "CcSEcCtD": 0.06079118528929125,
    "CrCbGaD": 0.0007980195640228298,
    "CtDrD": 0.6266411467413702
  },
  "n_trials": 0.0,
  "prediction": 0.00258977441218062,
  "status": 0,
  "training_prediction": 0.0042212647893556
}