{
  "compound_id": "DB00290",
  "compound_name": "Bleomycin",
  "compound_percentile": 0.360294117647059,
  "disease_id": "DOID:11714",
  "disease_name": "gestational diabetes",
  "disease_percentile": 0.8485045513654101,
  "metapath_contribution": {
    "CbGeAlD": 0.9146445964205501,
    "CcSEcCtD": 0.08535540357944997
  },
  "n_trials": 0.0,
  "prediction": 0.00248701128189521,
  "status": 0,
  "training_prediction": 0.0044364299090049394
}