{
  "compound_id": "DB00967",
  "compound_name": "Desloratadine",
  "compound_percentile": 0.19852941176470604,
  "disease_id": "DOID:10534",
  "disease_name": "stomach cancer",
  "disease_percentile": 0.391417425227568,
  "metapath_contribution": {
    "CbGbCtD": 0.6763874468244196,
    "CbGpPWpGaD": 0.058269970247488985,
    "CcSEcCtD": 0.26010886731133215,
    "CrCbGaD": 0.005233715616759335
  },
  "n_trials": 0.0,
  "prediction": 0.0013117356848956,
  "status": 0,
  "training_prediction": 0.0028913224196192603
}