{
  "compound_id": "DB00308",
  "compound_name": "Ibutilide",
  "compound_percentile": 0.11764705882352902,
  "disease_id": "DOID:1909",
  "disease_name": "melanoma",
  "disease_percentile": 0.5663198959687911,
  "metapath_contribution": {
    "CbGeAlD": 0.0329089402588893,
    "CbGpPWpGaD": 0.9624312626984951,
    "CrCbGaD": 0.004659797042615563
  },
  "n_trials": 0.0,
  "prediction": 0.00159429189912336,
  "status": 0
}