{
  "compound_id": "DB00373",
  "compound_name": "Timolol",
  "compound_percentile": 0.8897058823529409,
  "disease_id": "DOID:1312",
  "disease_name": "focal segmental glomerulosclerosis",
  "disease_percentile": 0.9557867360208059,
  "metapath_contribution": {
    "CbGbCtD": 0.12466412542866233,
    "CcSEcCtD": 0.03752697897216307,
    "CtDrD": 0.8378088955991746
  },
  "n_trials": 0.0,
  "prediction": 0.00411131404867546,
  "status": 0,
  "training_prediction": 0.00525926504877764
}