{
  "compound_id": "DB02300",
  "compound_name": "Calcipotriol",
  "compound_percentile": 0.941176470588235,
  "disease_id": "DOID:3310",
  "disease_name": "atopic dermatitis",
  "disease_percentile": 0.7899869960988299,
  "metapath_contribution": {
    "CbGeAlD": 0.004784777132910993,
    "CbGpPWpGaD": 0.011187184077776111,
    "CcSEcCtD": 0.14298868367359366,
    "CtDrD": 0.8410393551157193
  },
  "n_trials": 0.0,
  "prediction": 0.00331861917214435,
  "status": 0,
  "training_prediction": 0.0112926175719473
}