{
  "compound_id": "DB01077",
  "compound_name": "Etidronic acid",
  "compound_percentile": 0.6764705882352939,
  "disease_id": "DOID:2377",
  "disease_name": "multiple sclerosis",
  "disease_percentile": 0.242522756827048,
  "metapath_contribution": {
    "CbGeAlD": 0.28500704291693657,
    "CcSEcCtD": 0.7149929570830634
  },
  "n_trials": 0.0,
  "prediction": 0.0013081950317839401,
  "status": 0,
  "training_prediction": 0.005581415477814079
}