{
  "compound_id": "DB01072",
  "compound_name": "Atazanavir",
  "compound_percentile": 0.558823529411765,
  "disease_id": "DOID:10534",
  "disease_name": "stomach cancer",
  "disease_percentile": 0.413524057217165,
  "metapath_contribution": {
    "CbGbCtD": 0.7763886278474348,
    "CbGpPWpGaD": 0.011678588458666525,
    "CcSEcCtD": 0.21193278369389879
  },
  "n_trials": 0.0,
  "prediction": 0.00136382807703731,
  "status": 0
}