{
  "compound_id": "DB00879",
  "compound_name": "Emtricitabine",
  "compound_percentile": 0.544117647058823,
  "disease_id": "DOID:2994",
  "disease_name": "germ cell cancer",
  "disease_percentile": 0.20611183355006502,
  "metapath_contribution": {
    "CbGeAlD": 0.13057530625464994,
    "CcSEcCtD": 0.8488297457748082,
    "CrCbGaD": 0.020594947970541864
  },
  "n_trials": 0.0,
  "prediction": 0.00109347869290078,
  "status": 0
}