{
  "compound_id": "DB00381",
  "compound_name": "Amlodipine",
  "compound_percentile": 0.10294117647058802,
  "disease_id": "DOID:4989",
  "disease_name": "pancreatitis",
  "disease_percentile": 0.107932379713914,
  "metapath_contribution": {
    "CbGeAlD": 0.06789998424833191,
    "CbGpPWpGaD": 0.33901364977723913,
    "CcSEcCtD": 0.593086365974429
  },
  "n_trials": 1.0,
  "prediction": 0.000866109338884588,
  "status": 0,
  "training_prediction": 0.000638663647203516
}