{
  "compound_id": "DB01193",
  "compound_name": "Acebutolol",
  "compound_percentile": 0.7352941176470591,
  "disease_id": "DOID:9744",
  "disease_name": "type 1 diabetes mellitus",
  "disease_percentile": 0.615084525357607,
  "metapath_contribution": {
    "CbGaD": 0.8862572857552538,
    "CbGpPWpGaD": 0.020784599663984726,
    "CcSEcCtD": 0.08276273868977171,
    "CrCbGaD": 0.010195375890989868
  },
  "n_trials": 0.0,
  "prediction": 0.00163834484963705,
  "status": 0,
  "training_prediction": 0.0007386809380225281
}