{
  "compound_id": "DB01397",
  "compound_name": "Magnesium salicylate",
  "compound_percentile": 0.720588235294118,
  "disease_id": "DOID:10534",
  "disease_name": "stomach cancer",
  "disease_percentile": 0.7321196358907671,
  "metapath_contribution": {
    "CbGaD": 0.6620148697980505,
    "CbGbCtD": 0.14154661313443673,
    "CbGeAlD": 0.011136992858982403,
    "CbGpPWpGaD": 0.04894118746916195,
    "CcSEcCtD": 0.12995024083268844,
    "CrCbGaD": 0.006410095906680071
  },
  "n_trials": 0.0,
  "prediction": 0.0021468260401796397,
  "status": 0
}