{
  "compound_id": "DB00185",
  "compound_name": "Cevimeline",
  "compound_percentile": 0.8897058823529409,
  "disease_id": "DOID:6364",
  "disease_name": "migraine",
  "disease_percentile": 0.782834850455137,
  "metapath_contribution": {
    "CbGbCtD": 0.6033462580899005,
    "CbGpPWpGaD": 0.04840044109922268,
    "CcSEcCtD": 0.3482533008108768
  },
  "n_trials": 0.0,
  "prediction": 0.00442604232202744,
  "status": 0
}