{
  "compound_id": "DB00184",
  "compound_name": "Nicotine",
  "compound_percentile": 0.786764705882353,
  "disease_id": "DOID:6364",
  "disease_name": "migraine",
  "disease_percentile": 0.8159947984395319,
  "metapath_contribution": {
    "CbGbCtD": 0.6490746313507243,
    "CbGeAlD": 0.10851884607783542,
    "CbGpPWpGaD": 0.04719425401953433,
    "CcSEcCtD": 0.195212268551906
  },
  "n_trials": 0.0,
  "prediction": 0.00510203191776884,
  "status": 0,
  "training_prediction": 0.009293347107518859
}