{
  "compound_id": "DB00310",
  "compound_name": "Chlorthalidone",
  "compound_percentile": 0.0441176470588235,
  "disease_id": "DOID:11934",
  "disease_name": "head and neck cancer",
  "disease_percentile": 0.252925877763329,
  "metapath_contribution": {
    "CbGeAlD": 0.0623311272402832,
    "CcSEcCtD": 0.8678406031430537,
    "CrCbGaD": 0.06982826961666315
  },
  "n_trials": 0.0,
  "prediction": 0.00102115160199259,
  "status": 0,
  "training_prediction": 0.00123959246838762
}