{
  "compound_id": "DB00642",
  "compound_name": "Pemetrexed",
  "compound_percentile": 0.7352941176470591,
  "disease_id": "DOID:8577",
  "disease_name": "ulcerative colitis",
  "disease_percentile": 0.498699609882965,
  "metapath_contribution": {
    "CbGbCtD": 0.7609177337699968,
    "CbGdCrCtD": 0.006234678957508518,
    "CbGeAlD": 0.050786081177736406,
    "CbGpPWpGaD": 0.03678906681582474,
    "CcSEcCtD": 0.14527243927893346
  },
  "n_trials": 0.0,
  "prediction": 0.00209156704320205,
  "status": 0,
  "training_prediction": 0.00713831355427511
}