{
  "compound_id": "DB01225",
  "compound_name": "Enoxaparin",
  "compound_percentile": 0.8308823529411771,
  "disease_id": "DOID:2994",
  "disease_name": "germ cell cancer",
  "disease_percentile": 0.8784135240572171,
  "metapath_contribution": {
    "CbGbCtD": 0.7576405963861701,
    "CbGeAlD": 0.02013353297452157,
    "CcSEcCtD": 0.22222587063930835
  },
  "n_trials": 0.0,
  "prediction": 0.0027909476021454,
  "status": 0
}