{
  "compound_id": "DB00584",
  "compound_name": "Enalapril",
  "compound_percentile": 0.845588235294118,
  "disease_id": "DOID:8893",
  "disease_name": "psoriasis",
  "disease_percentile": 0.8088426527958391,
  "metapath_contribution": {
    "CbGaD": 0.425169829883062,
    "CbGbCtD": 0.40932743563771856,
    "CcSEcCtD": 0.15903923531100878,
    "CrCbGaD": 0.006463499168210731
  },
  "n_trials": 0.0,
  "prediction": 0.00315894620503087,
  "status": 0,
  "training_prediction": 0.0220397679972891
}