{
  "compound_id": "DB00503",
  "compound_name": "Ritonavir",
  "compound_percentile": 0.227941176470588,
  "disease_id": "DOID:3953",
  "disease_name": "adrenal gland cancer",
  "disease_percentile": 0.30949284785435605,
  "metapath_contribution": {
    "CbGaD": 0.947557926272626,
    "CbGeAlD": 0.03799255317355672,
    "CbGpPWpGaD": 0.0023869927470360664,
    "CrCbGaD": 0.012062527806781183
  },
  "n_trials": 0.0,
  "prediction": 0.0010259082288396099,
  "status": 0
}