{
  "category": "DM",
  "compound_id": "DB01083",
  "compound_name": "Orlistat",
  "compound_percentile": 0.963235294117647,
  "disease_id": "DOID:9352",
  "disease_name": "type 2 diabetes mellitus",
  "disease_percentile": 0.905071521456437,
  "metapath_contribution": {
    "CbGaD": 0.09647703353037133,
    "CbGbCtD": 0.08716314487187586,
    "CbGdCrCtD": 0.002341727663378982,
    "CbGeAlD": 0.0315785503978547,
    "CbGpPWpGaD": 0.09966268259185015,
    "CcSEcCtD": 0.11932877747176417,
    "CrCbGaD": 0.00035110641969188347,
    "CtDrD": 0.5630969770532128
  },
  "prediction": 0.00828959925316288,
  "status": 1,
  "training_prediction": 0.0581124790811796
}