{
  "compound_id": "DB01117",
  "compound_name": "Atovaquone",
  "compound_percentile": 0.242647058823529,
  "disease_id": "DOID:5041",
  "disease_name": "esophageal cancer",
  "disease_percentile": 0.43888166449934995,
  "metapath_contribution": {
    "CbGbCtD": 0.7408635832242872,
    "CbGpPWpGaD": 0.25326559106651336,
    "CrCbGaD": 0.005870825709199448
  },
  "n_trials": 0.0,
  "prediction": 0.0013049510842358,
  "status": 0
}