{
  "compound_id": "DB01059",
  "compound_name": "Norfloxacin",
  "compound_percentile": 0.808823529411765,
  "disease_id": "DOID:11476",
  "disease_name": "osteoporosis",
  "disease_percentile": 0.456436931079324,
  "metapath_contribution": {
    "CbGbCtD": 0.6821600679249411,
    "CbGdCrCtD": 0.00402745297515199,
    "CbGpPWpGaD": 0.0027255558770913784,
    "CcSEcCtD": 0.31108692322281545
  },
  "n_trials": 0.0,
  "prediction": 0.00178348950344639,
  "status": 0
}