{
  "compound_id": "DB00714",
  "compound_name": "Apomorphine",
  "compound_percentile": 0.845588235294118,
  "disease_id": "DOID:3310",
  "disease_name": "atopic dermatitis",
  "disease_percentile": 0.8654096228868661,
  "metapath_contribution": {
    "CbGeAlD": 0.024283270583438762,
    "CbGpPWpGaD": 0.07389260453594815,
    "CcSEcCtD": 0.10788371856641638,
    "CpDpCtD": 0.7939404063141967
  },
  "n_trials": 0.0,
  "prediction": 0.00450531832589503,
  "status": 0
}