{
  "compound_id": "DB00703",
  "compound_name": "Methazolamide",
  "compound_percentile": 0.40441176470588197,
  "disease_id": "DOID:14221",
  "disease_name": "metabolic syndrome X",
  "disease_percentile": 0.728218465539662,
  "metapath_contribution": {
    "CbGeAlD": 0.08155237626911842,
    "CbGpPWpGaD": 0.9184476237308816
  },
  "n_trials": 0.0,
  "prediction": 0.0019459191485291898,
  "status": 0,
  "training_prediction": 0.0008775054887584559
}