{
  "compound_id": "DB06729",
  "compound_name": "Sulfaphenazole",
  "compound_percentile": 0.9191176470588229,
  "disease_id": "DOID:635",
  "disease_name": "acquired immunodeficiency syndrome",
  "disease_percentile": 0.512353706111834,
  "metapath_contribution": {
    "CbGbCtD": 0.9917799777765887,
    "CbGeAlD": 0.005226318105988286,
    "CrCbGaD": 0.002993704117423016
  },
  "n_trials": 0.0,
  "prediction": 0.0024764313389423302,
  "status": 0
}