{
  "compound_id": "DB00254",
  "compound_name": "Doxycycline",
  "compound_percentile": 0.43382352941176505,
  "disease_id": "DOID:3312",
  "disease_name": "bipolar disorder",
  "disease_percentile": 0.47464239271781494,
  "metapath_contribution": {
    "CbGeAlD": 0.3527799194225027,
    "CbGpPWpGaD": 0.6345669340798139,
    "CrCbGaD": 0.012653146497683402
  },
  "n_trials": 0.0,
  "prediction": 0.001366606536394,
  "status": 0
}