{
  "compound_id": "DB00625",
  "compound_name": "Efavirenz",
  "compound_percentile": 0.808823529411765,
  "disease_id": "DOID:1024",
  "disease_name": "leprosy",
  "disease_percentile": 0.903771131339402,
  "metapath_contribution": {
    "CbGbCtD": 0.8519420663290049,
    "CcSEcCtD": 0.14805793367099507
  },
  "n_trials": 0.0,
  "prediction": 0.00320676840119327,
  "status": 0,
  "training_prediction": 0.00316345549475815
}