{
  "compound_id": "DB01131",
  "compound_name": "Proguanil",
  "compound_percentile": 0.5,
  "disease_id": "DOID:0050742",
  "disease_name": "nicotine dependence",
  "disease_percentile": 0.831599479843953,
  "metapath_contribution": {
    "CbGpPWpGaD": 0.6558561653091788,
    "CcSEcCtD": 0.3441438346908212
  },
  "n_trials": 0.0,
  "prediction": 0.00224214919550654,
  "status": 0,
  "training_prediction": 0.00101125419795633
}