{
  "compound_id": "DB00706",
  "compound_name": "Tamsulosin",
  "compound_percentile": 0.823529411764706,
  "disease_id": "DOID:1686",
  "disease_name": "glaucoma",
  "disease_percentile": 0.861508452535761,
  "metapath_contribution": {
    "CbGbCtD": 0.7310034431245143,
    "CbGpPWpGaD": 0.0239020459533217,
    "CcSEcCtD": 0.24002256090861124,
    "CrCbGaD": 0.005071950013552884
  },
  "n_trials": 0.0,
  "prediction": 0.00367207492679107,
  "status": 0
}