{
  "compound_id": "DB00636",
  "compound_name": "Clofibrate",
  "compound_percentile": 0.933823529411765,
  "disease_id": "DOID:9970",
  "disease_name": "obesity",
  "disease_percentile": 0.7444733420026008,
  "metapath_contribution": {
    "CbGaD": 0.46879460856214794,
    "CbGbCtD": 0.35507094510093457,
    "CbGeAlD": 0.03650977804640803,
    "CbGpPWpGaD": 0.1347607275350984,
    "CrCbGaD": 0.004863940755410992
  },
  "n_trials": 0.0,
  "prediction": 0.00434222970419161,
  "status": 0
}