{
  "compound_id": "DB00305",
  "compound_name": "Mitomycin",
  "compound_percentile": 0.7058823529411771,
  "disease_id": "DOID:1459",
  "disease_name": "hypothyroidism",
  "disease_percentile": 0.9148244473342,
  "metapath_contribution": {
    "CbGbCtD": 0.7771124256636249,
    "CbGeAlD": 0.051766675973938955,
    "CcSEcCtD": 0.1711208983624361
  },
  "n_trials": 0.0,
  "prediction": 0.0029834822508313,
  "status": 0,
  "training_prediction": 0.00602350955923614
}