{
  "compound_id": "DB00390",
  "compound_name": "Digoxin",
  "compound_percentile": 0.852941176470588,
  "disease_id": "DOID:12365",
  "disease_name": "malaria",
  "disease_percentile": 0.298439531859558,
  "metapath_contribution": {
    "CbGbCtD": 0.7198805073695219,
    "CbGeAlD": 0.11854452195778238,
    "CcSEcCtD": 0.16157497067269577
  },
  "n_trials": 0.0,
  "prediction": 0.00156933558888032,
  "status": 0
}