{
  "compound_id": "DB01599",
  "compound_name": "Probucol",
  "compound_percentile": 0.970588235294118,
  "disease_id": "DOID:784",
  "disease_name": "chronic kidney failure",
  "disease_percentile": 0.9902470741222371,
  "metapath_contribution": {
    "CbGaD": 0.8243811475104627,
    "CbGeAlD": 0.03028248929536175,
    "CbGpPWpGaD": 0.14533636319417564
  },
  "n_trials": 0.0,
  "prediction": 0.00638640638025376,
  "status": 0
}