{
  "compound_id": "DB02300",
  "compound_name": "Calcipotriol",
  "compound_percentile": 0.0735294117647059,
  "disease_id": "DOID:784",
  "disease_name": "chronic kidney failure",
  "disease_percentile": 0.15539661898569598,
  "metapath_contribution": {
    "CbGeAlD": 0.28173177066203137,
    "CbGpPWpGaD": 0.6974586724580447,
    "CrCbGaD": 0.020809556879924026
  },
  "n_trials": 0.0,
  "prediction": 0.0009271403361088449,
  "status": 0
}