{
  "compound_id": "DB01201",
  "compound_name": "Rifapentine",
  "compound_percentile": 0.772058823529412,
  "disease_id": "DOID:9352",
  "disease_name": "type 2 diabetes mellitus",
  "disease_percentile": 0.312743823146944,
  "metapath_contribution": {
    "CbGaD": 0.21234459874573464,
    "CbGbCtD": 0.7160838768830318,
    "CbGpPWpGaD": 0.06686696827390255,
    "CrCbGaD": 0.004704556097331098
  },
  "n_trials": 0.0,
  "prediction": 0.0018027243072553,
  "status": 0
}