{
  "compound_id": "DB08604",
  "compound_name": "Triclosan",
  "compound_percentile": 0.992647058823529,
  "disease_id": "DOID:1781",
  "disease_name": "thyroid cancer",
  "disease_percentile": 0.652795838751626,
  "metapath_contribution": {
    "CbGbCtD": 0.9184092457948353,
    "CbGeAlD": 0.0069607860144779345,
    "CbGpPWpGaD": 0.07462996819068676
  },
  "n_trials": 0.0,
  "prediction": 0.001868013060331,
  "status": 0
}