{
  "compound_id": "DB00297",
  "compound_name": "Bupivacaine",
  "compound_percentile": 0.5735294117647061,
  "disease_id": "DOID:9074",
  "disease_name": "systemic lupus erythematosus",
  "disease_percentile": 0.286085825747724,
  "metapath_contribution": {
    "CbGbCtD": 0.5667405217094846,
    "CbGeAlD": 0.056537013383971935,
    "CcSEcCtD": 0.3767224649065435
  },
  "n_trials": 0.0,
  "prediction": 0.00132231129206615,
  "status": 0
}