{
  "compound_id": "DB04552",
  "compound_name": "Niflumic Acid",
  "compound_percentile": 0.647058823529412,
  "disease_id": "DOID:3070",
  "disease_name": "malignant glioma",
  "disease_percentile": 0.746423927178153,
  "metapath_contribution": {
    "CbGaD": 0.8137080191371414,
    "CbGeAlD": 0.05908517037389105,
    "CbGpPWpGaD": 0.12190612360973725,
    "CrCbGaD": 0.005300686879230381
  },
  "n_trials": 0.0,
  "prediction": 0.0019751978205500603,
  "status": 0
}