{
  "compound_id": "DB01116",
  "compound_name": "Trimethaphan",
  "compound_percentile": 0.816176470588235,
  "disease_id": "DOID:1094",
  "disease_name": "attention deficit hyperactivity disorder",
  "disease_percentile": 0.5286085825747721,
  "metapath_contribution": {
    "CbGeAlD": 0.12767451565500992,
    "CbGpPWpGaD": 0.845341708622317,
    "CrCbGaD": 0.026983775722673214
  },
  "n_trials": 0.0,
  "prediction": 0.00147384668566373,
  "status": 0
}