{
  "compound_id": "DB01064",
  "compound_name": "Isoprenaline",
  "compound_percentile": 0.683823529411765,
  "disease_id": "DOID:0050741",
  "disease_name": "alcohol dependence",
  "disease_percentile": 0.157997399219766,
  "metapath_contribution": {
    "CbGeAlD": 0.32582385328598884,
    "CbGpPWpGaD": 0.49658238802557847,
    "CcSEcCtD": 0.15967524595120383,
    "CrCbGaD": 0.017918512737228786
  },
  "n_trials": 0.0,
  "prediction": 0.0012240016487999,
  "status": 0,
  "training_prediction": 0.00148577088777173
}