{
  "compound_id": "DB00133",
  "compound_name": "L-Serine",
  "compound_percentile": 0.6764705882352939,
  "disease_id": "DOID:7693",
  "disease_name": "abdominal aortic aneurysm",
  "disease_percentile": 0.457737321196359,
  "metapath_contribution": {
    "CbGeAlD": 0.40457546568666747,
    "CbGpPWpGaD": 0.5592576237371562,
    "CrCbGaD": 0.03616691057617644
  },
  "n_trials": 0.0,
  "prediction": 0.0012212903722526901,
  "status": 0
}