{
  "compound_id": "DB00169",
  "compound_name": "Cholecalciferol",
  "compound_percentile": 0.595588235294118,
  "disease_id": "DOID:2994",
  "disease_name": "germ cell cancer",
  "disease_percentile": 0.35630689206762,
  "metapath_contribution": {
    "CbGbCtD": 0.7289249927776394,
    "CbGeAlD": 0.21920536654843187,
    "CbGpPWpGaD": 0.05186964067392875
  },
  "n_trials": 0.0,
  "prediction": 0.00134708833124076,
  "status": 0,
  "training_prediction": 0.0055728738932889895
}