{
  "compound_id": "DB01268",
  "compound_name": "Sunitinib",
  "compound_percentile": 0.580882352941177,
  "disease_id": "DOID:0050425",
  "disease_name": "restless legs syndrome",
  "disease_percentile": 0.992197659297789,
  "metapath_contribution": {
    "CbGaD": 0.7525583432027811,
    "CbGeAlD": 0.14254006249605933,
    "CbGpPWpGaD": 0.1049015943011595
  },
  "n_trials": 0.0,
  "prediction": 0.0030323531579973103,
  "status": 0
}