{
  "compound_id": "DB00824",
  "compound_name": "Enprofylline",
  "compound_percentile": 0.926470588235294,
  "disease_id": "DOID:3393",
  "disease_name": "coronary artery disease",
  "disease_percentile": 0.5741222366710009,
  "metapath_contribution": {
    "CbGaD": 0.8245631724356319,
    "CbGeAlD": 0.0035844087988299656,
    "CbGpPWpGaD": 0.16467919415613366,
    "CrCbGaD": 0.007173224609404412
  },
  "n_trials": 0.0,
  "prediction": 0.0027416411969262,
  "status": 0
}