{
  "compound_id": "DB06699",
  "compound_name": "Degarelix",
  "compound_percentile": 0.845588235294118,
  "disease_id": "DOID:3310",
  "disease_name": "atopic dermatitis",
  "disease_percentile": 0.394668400520156,
  "metapath_contribution": {
    "CbGpPWpGaD": 0.1283540970925517,
    "CcSEcCtD": 0.8716459029074483
  },
  "n_trials": 0.0,
  "prediction": 0.00187065738840198,
  "status": 0,
  "training_prediction": 0.00638778256724675
}