{
  "compound_id": "DB00661",
  "compound_name": "Verapamil",
  "compound_percentile": 0.816176470588235,
  "disease_id": "DOID:4481",
  "disease_name": "allergic rhinitis",
  "disease_percentile": 0.704161248374512,
  "metapath_contribution": {
    "CbGbCtD": 0.7521214472170299,
    "CbGeAlD": 0.02955772211330707,
    "CcSEcCtD": 0.21832083066966304
  },
  "n_trials": 0.0,
  "prediction": 0.0031704394019586,
  "status": 0,
  "training_prediction": 0.0170177011365539
}