{
  "compound_id": "DB05521",
  "compound_name": "Telaprevir",
  "compound_percentile": 0.816176470588235,
  "disease_id": "DOID:6364",
  "disease_name": "migraine",
  "disease_percentile": 0.605981794538362,
  "metapath_contribution": {
    "CbGbCtD": 0.7648177199080509,
    "CbGeAlD": 0.08283042635982774,
    "CcSEcCtD": 0.1523518537321213
  },
  "n_trials": 0.0,
  "prediction": 0.00288787122976386,
  "status": 0
}