{
  "compound_id": "DB00257",
  "compound_name": "Clotrimazole",
  "compound_percentile": 0.948529411764706,
  "disease_id": "DOID:0050741",
  "disease_name": "alcohol dependence",
  "disease_percentile": 0.782834850455137,
  "metapath_contribution": {
    "CbGaD": 0.3282959100051425,
    "CbGbCtD": 0.41991748649963145,
    "CbGeAlD": 0.07101232168967242,
    "CbGpPWpGaD": 0.12665550419514907,
    "CcSEcCtD": 0.04759823455776104,
    "CrCbGaD": 0.00652054305264339
  },
  "n_trials": 0.0,
  "prediction": 0.0038434134435265796,
  "status": 0
}