{
  "compound_id": "DB00945",
  "compound_name": "Acetylsalicylic acid",
  "compound_percentile": 0.9191176470588229,
  "disease_id": "DOID:3083",
  "disease_name": "chronic obstructive pulmonary disease",
  "disease_percentile": 0.918075422626788,
  "metapath_contribution": {
    "CbGaD": 0.342570939278615,
    "CbGbCtD": 0.16711552933207022,
    "CbGdCrCtD": 0.0010235144237614427,
    "CbGeAlD": 0.0367297568764592,
    "CbGpPWpGaD": 0.07424717148211193,
    "CcSEcCtD": 0.0630692210208513,
    "CpDpCtD": 0.31524386758613093
  },
  "n_trials": 2.0,
  "prediction": 0.00643119615491248,
  "status": 0,
  "training_prediction": 0.0232633827759436
}