{
  "compound_id": "DB00567",
  "compound_name": "Cephalexin",
  "compound_percentile": 0.683823529411765,
  "disease_id": "DOID:184",
  "disease_name": "bone cancer",
  "disease_percentile": 0.30494148244473307,
  "metapath_contribution": {
    "CbGaD": 0.7528275575401572,
    "CbGbCtD": 0.1367261910620866,
    "CcSEcCtD": 0.1104462513977562
  },
  "n_trials": 0.0,
  "prediction": 0.00114667923154285,
  "status": 0
}