{
  "compound_id": "DB01399",
  "compound_name": "Salsalate",
  "compound_percentile": 0.742647058823529,
  "disease_id": "DOID:1686",
  "disease_name": "glaucoma",
  "disease_percentile": 0.308842652795839,
  "metapath_contribution": {
    "CbGaD": 0.835572678271745,
    "CbGpPWpGaD": 0.0157659722967111,
    "CcSEcCtD": 0.1393135176477853,
    "CrCbGaD": 0.009347831783758656
  },
  "n_trials": 0.0,
  "prediction": 0.0014327625428868,
  "status": 0
}