{
  "compound_id": "DB00972",
  "compound_name": "Azelastine",
  "compound_percentile": 0.852941176470588,
  "disease_id": "DOID:10652",
  "disease_name": "Alzheimer's disease",
  "disease_percentile": 0.728218465539662,
  "metapath_contribution": {
    "CbGaD": 0.16190873065912703,
    "CbGbCtD": 0.6156880312737819,
    "CbGeAlD": 0.014557337788546548,
    "CbGpPWpGaD": 0.06180785212446004,
    "CcSEcCtD": 0.14417955991612813,
    "CrCbGaD": 0.001858488237956176
  },
  "n_trials": 0.0,
  "prediction": 0.0026640394622324,
  "status": 0
}