{
  "compound_id": "DB00801",
  "compound_name": "Halazepam",
  "compound_percentile": 0.875,
  "disease_id": "DOID:9352",
  "disease_name": "type 2 diabetes mellitus",
  "disease_percentile": 0.152145643693108,
  "metapath_contribution": {
    "CbGeAlD": 0.30286215509169434,
    "CbGpPWpGaD": 0.6716420133484294,
    "CrCbGaD": 0.025495831559876114
  },
  "n_trials": 0.0,
  "prediction": 0.00121864348965008,
  "status": 0
}