{
  "compound_id": "DB00263",
  "compound_name": "Sulfisoxazole",
  "compound_percentile": 0.977941176470588,
  "disease_id": "DOID:1686",
  "disease_name": "glaucoma",
  "disease_percentile": 0.9239271781534458,
  "metapath_contribution": {
    "CbGbCtD": 0.07222111280491936,
    "CbGpPWpGaD": 0.020178648577849175,
    "CiPCiCtD": 0.9074470180203476,
    "CrCbGaD": 0.00015322059688389835
  },
  "n_trials": 0.0,
  "prediction": 0.0056966481595249795,
  "status": 0
}