{
  "compound_id": "DB00805",
  "compound_name": "Minaprine",
  "compound_percentile": 0.294117647058824,
  "disease_id": "DOID:11934",
  "disease_name": "head and neck cancer",
  "disease_percentile": 0.333550065019506,
  "metapath_contribution": {
    "CbGbCtD": 0.542125233064475,
    "CbGpPWpGaD": 0.3081889797370916,
    "CrCbGaD": 0.1496857871984334
  },
  "n_trials": 0.0,
  "prediction": 0.0011323898802167302,
  "status": 0
}