{
  "compound_id": "DB00486",
  "compound_name": "Nabilone",
  "compound_percentile": 0.44117647058823495,
  "disease_id": "DOID:12236",
  "disease_name": "primary biliary cirrhosis",
  "disease_percentile": 0.565669700910273,
  "metapath_contribution": {
    "CbGpPWpGaD": 0.1641915882843638,
    "CcSEcCtD": 0.8055364311856139,
    "CrCbGaD": 0.030271980530022377
  },
  "n_trials": 0.0,
  "prediction": 0.00179520219623695,
  "status": 0
}