{
  "compound_id": "DB00175",
  "compound_name": "Pravastatin",
  "compound_percentile": 0.463235294117647,
  "disease_id": "DOID:3571",
  "disease_name": "liver cancer",
  "disease_percentile": 0.45383615084525397,
  "metapath_contribution": {
    "CbGbCtD": 0.5641257609237629,
    "CbGeAlD": 0.16324994014638042,
    "CbGpPWpGaD": 0.1545958993601063,
    "CcSEcCtD": 0.11802839956975038
  },
  "n_trials": 4.0,
  "prediction": 0.0013283833632265,
  "status": 0,
  "training_prediction": 0.00218371158516786
}