{
  "compound_id": "DB00268",
  "compound_name": "Ropinirole",
  "compound_percentile": 0.852941176470588,
  "disease_id": "DOID:594",
  "disease_name": "panic disorder",
  "disease_percentile": 0.9934980494148241,
  "metapath_contribution": {
    "CbGaD": 0.803943252757892,
    "CbGeAlD": 0.039127169621463086,
    "CbGpPWpGaD": 0.15692957762064483
  },
  "n_trials": 0.0,
  "prediction": 0.00528049772785568,
  "status": 0
}