{
  "compound_id": "DB00701",
  "compound_name": "Amprenavir",
  "compound_percentile": 0.852941176470588,
  "disease_id": "DOID:4481",
  "disease_name": "allergic rhinitis",
  "disease_percentile": 0.665799739921977,
  "metapath_contribution": {
    "CbGbCtD": 0.8571489363461111,
    "CcSEcCtD": 0.14285106365388883
  },
  "n_trials": 0.0,
  "prediction": 0.00296595575982185,
  "status": 0,
  "training_prediction": 0.00960826278675873
}