{
  "compound_id": "DB01153",
  "compound_name": "Sertaconazole",
  "compound_percentile": 0.0588235294117647,
  "disease_id": "DOID:9352",
  "disease_name": "type 2 diabetes mellitus",
  "disease_percentile": 0.0949284785435631,
  "metapath_contribution": {
    "CbGpPWpGaD": 0.8228614587319768,
    "CcSEcCtD": 0.12349923028186845,
    "CrCbGaD": 0.05363931098615475
  },
  "n_trials": 0.0,
  "prediction": 0.0009622165094110769,
  "status": 0
}