{
  "compound_id": "DB00970",
  "compound_name": "Dactinomycin",
  "compound_percentile": 0.852941176470588,
  "disease_id": "DOID:1793",
  "disease_name": "pancreatic cancer",
  "disease_percentile": 0.9694408322496751,
  "metapath_contribution": {
    "CbGbCtD": 0.3599473548145339,
    "CcSEcCtD": 0.10011344379599808,
    "CtDrD": 0.539939201389468
  },
  "n_trials": 0.0,
  "prediction": 0.00968329807728003,
  "status": 0,
  "training_prediction": 0.126931104265901
}