{
  "compound_id": "DB00649",
  "compound_name": "Stavudine",
  "compound_percentile": 0.941176470588235,
  "disease_id": "DOID:8577",
  "disease_name": "ulcerative colitis",
  "disease_percentile": 0.690507152145644,
  "metapath_contribution": {
    "CbGpPWpGaD": 0.005506448047927768,
    "CcSEcCtD": 0.12152787987457614,
    "CiPCiCtD": 0.8728302189250357,
    "CrCbGaD": 0.00013545315246045675
  },
  "n_trials": 0.0,
  "prediction": 0.00275634960394135,
  "status": 0,
  "training_prediction": 0.00939205440160976
}