{
  "compound_id": "DB00631",
  "compound_name": "Clofarabine",
  "compound_percentile": 0.845588235294118,
  "disease_id": "DOID:10283",
  "disease_name": "prostate cancer",
  "disease_percentile": 0.56111833550065,
  "metapath_contribution": {
    "CbGbCtD": 0.17938030674551386,
    "CbGdCrCtD": 0.0021086741022763424,
    "CbGeAlD": 0.026473270989591933,
    "CbGpPWpGaD": 0.04938732396594259,
    "CcSEcCtD": 0.10499671406838143,
    "CiPCiCtD": 0.6353288088181377,
    "CrCbGaD": 0.0023249013101561667
  },
  "n_trials": 0.0,
  "prediction": 0.00253669196179451,
  "status": 0,
  "training_prediction": 0.0107123481668761
}