{
  "category": "DM",
  "compound_id": "DB00887",
  "compound_name": "Bumetanide",
  "compound_percentile": 1.0,
  "disease_id": "DOID:10763",
  "disease_name": "hypertension",
  "disease_percentile": 0.9993498049414821,
  "metapath_contribution": {
    "CbGaD": 0.10145281422552203,
    "CbGbCtD": 0.13892621251392487,
    "CbGeAlD": 0.014339861759995982,
    "CbGpPWpGaD": 0.023931613369606475,
    "CcSEcCtD": 0.03287100571134442,
    "CiPCiCtD": 0.2578177439419542,
    "CpDpCtD": 0.11971323506614165,
    "CrCbGaD": 0.0009090660700788212,
    "CrCrCtD": 0.11871829791766053,
    "CrCtD": 0.19132014942377096
  },
  "prediction": 0.68421692414515,
  "status": 1,
  "training_prediction": 0.96285003768209
}