{
  "compound_id": "DB00125",
  "compound_name": "L-Arginine",
  "compound_percentile": 0.455882352941176,
  "disease_id": "DOID:219",
  "disease_name": "colon cancer",
  "disease_percentile": 0.45058517555266603,
  "metapath_contribution": {
    "CbGeAlD": 0.36144852208045664,
    "CbGpPWpGaD": 0.5012986325007465,
    "CcSEcCtD": 0.13725284541879698
  },
  "n_trials": 0.0,
  "prediction": 0.00145116107368675,
  "status": 0
}