{
  "compound_id": "DB00268",
  "compound_name": "Ropinirole",
  "compound_percentile": 0.669117647058823,
  "disease_id": "DOID:1324",
  "disease_name": "lung cancer",
  "disease_percentile": 0.7925877763329001,
  "metapath_contribution": {
    "CbGbCtD": 0.32793725712954236,
    "CbGeAlD": 0.009424809844542676,
    "CbGpPWpGaD": 0.17797528805501533,
    "CcSEcCtD": 0.48466264497089956
  },
  "n_trials": 0.0,
  "prediction": 0.0032861153206294397,
  "status": 0
}