{
  "compound_id": "DB01062",
  "compound_name": "Oxybutynin",
  "compound_percentile": 0.5367647058823529,
  "disease_id": "DOID:3571",
  "disease_name": "liver cancer",
  "disease_percentile": 0.464889466840052,
  "metapath_contribution": {
    "CbGbCtD": 0.4946680067316962,
    "CbGpPWpGaD": 0.12258723287248532,
    "CcSEcCtD": 0.38274476039581845
  },
  "n_trials": 0.0,
  "prediction": 0.0013555993821211699,
  "status": 0
}