{
  "compound_id": "DB00806",
  "compound_name": "Pentoxifylline",
  "compound_percentile": 0.875,
  "disease_id": "DOID:0060073",
  "disease_name": "lymphatic system cancer",
  "disease_percentile": 0.933680104031209,
  "metapath_contribution": {
    "CbGbCtD": 0.8933349074598808,
    "CcSEcCtD": 0.1066650925401192
  },
  "n_trials": 0.0,
  "prediction": 0.0030700066802658897,
  "status": 0,
  "training_prediction": 0.0112042511964421
}