{
  "compound_id": "DB00283",
  "compound_name": "Clemastine",
  "compound_percentile": 0.867647058823529,
  "disease_id": "DOID:3083",
  "disease_name": "chronic obstructive pulmonary disease",
  "disease_percentile": 0.32444733420026,
  "metapath_contribution": {
    "CbGbCtD": 0.7747873027971355,
    "CbGpPWpGaD": 0.009373889362877993,
    "CcSEcCtD": 0.21268675852578192,
    "CrCbGaD": 0.003152049314204582
  },
  "n_trials": 0.0,
  "prediction": 0.00165363922391805,
  "status": 0
}