{
  "compound_id": "DB00308",
  "compound_name": "Ibutilide",
  "compound_percentile": 0.772058823529412,
  "disease_id": "DOID:3393",
  "disease_name": "coronary artery disease",
  "disease_percentile": 0.362808842652796,
  "metapath_contribution": {
    "CbGeAlD": 0.22898675809511737,
    "CbGpPWpGaD": 0.3716174417417789,
    "CcSEcCtD": 0.38700913401432796,
    "CrCbGaD": 0.012386666148775762
  },
  "n_trials": 0.0,
  "prediction": 0.00181718430539821,
  "status": 0
}