{
  "compound_id": "DB00543",
  "compound_name": "Amoxapine",
  "compound_percentile": 0.625,
  "disease_id": "DOID:11934",
  "disease_name": "head and neck cancer",
  "disease_percentile": 0.46553966189857,
  "metapath_contribution": {
    "CbGeAlD": 0.3306894636986756,
    "CbGpPWpGaD": 0.12679889269917669,
    "CcSEcCtD": 0.5425116436021477
  },
  "n_trials": 0.0,
  "prediction": 0.00133349673638775,
  "status": 0
}