{
  "compound_id": "DB00126",
  "compound_name": "Vitamin C",
  "compound_percentile": 0.294117647058824,
  "disease_id": "DOID:3393",
  "disease_name": "coronary artery disease",
  "disease_percentile": 0.459037711313394,
  "metapath_contribution": {
    "CbGdCrCtD": 0.014432300395236837,
    "CbGeAlD": 0.38764575085520475,
    "CbGpPWpGaD": 0.5979219487495583
  },
  "n_trials": 2.0,
  "prediction": 0.00219667260482002,
  "status": 0,
  "training_prediction": 0.0117351468013115
}