{
  "compound_id": "DB00544",
  "compound_name": "Fluorouracil",
  "compound_percentile": 0.558823529411765,
  "disease_id": "DOID:363",
  "disease_name": "uterine cancer",
  "disease_percentile": 0.9219765929778929,
  "metapath_contribution": {
    "CbGaD": 0.355555496524819,
    "CbGbCtD": 0.36198521527327354,
    "CbGdCrCtD": 0.0033304650132274976,
    "CbGeAlD": 0.0763593323263697,
    "CbGpPWpGaD": 0.07266233002222582,
    "CcSEcCtD": 0.13010716084008453
  },
  "n_trials": 1.0,
  "prediction": 0.00412780966180812,
  "status": 0,
  "training_prediction": 0.0331639437759781
}