{
  "compound_id": "DB01193",
  "compound_name": "Acebutolol",
  "compound_percentile": 0.816176470588235,
  "disease_id": "DOID:11612",
  "disease_name": "polycystic ovary syndrome",
  "disease_percentile": 0.695708712613784,
  "metapath_contribution": {
    "CbGaD": 0.6382490934462371,
    "CbGbCtD": 0.18959465653831176,
    "CbGpPWpGaD": 0.10704662249599654,
    "CcSEcCtD": 0.05640110993851157,
    "CrCbGaD": 0.00870851758094304
  },
  "n_trials": 0.0,
  "prediction": 0.0018400757912848398,
  "status": 0,
  "training_prediction": 0.000829727481512354
}