{
  "compound_id": "DB00458",
  "compound_name": "Imipramine",
  "compound_percentile": 0.977941176470588,
  "disease_id": "DOID:4481",
  "disease_name": "allergic rhinitis",
  "disease_percentile": 0.9551365409622892,
  "metapath_contribution": {
    "CbGbCtD": 0.25765557707029735,
    "CbGeAlD": 0.01108736045524504,
    "CbGpPWpGaD": 0.0058484130681267,
    "CcSEcCtD": 0.0583880180150239,
    "CrCrCtD": 0.25841252867296616,
    "CrCtD": 0.4086081027183408
  },
  "n_trials": 0.0,
  "prediction": 0.0176818900280735,
  "status": 0
}