{
  "compound_id": "DB08912",
  "compound_name": "Dabrafenib",
  "compound_percentile": 0.6764705882352939,
  "disease_id": "DOID:3310",
  "disease_name": "atopic dermatitis",
  "disease_percentile": 0.687906371911573,
  "metapath_contribution": {
    "CbGbCtD": 0.6208194114323581,
    "CbGpPWpGaD": 0.09003414487742475,
    "CcSEcCtD": 0.2891464436902172
  },
  "n_trials": 0.0,
  "prediction": 0.0027349197368942897,
  "status": 0
}