{
  "compound_id": "DB06694",
  "compound_name": "Xylometazoline",
  "compound_percentile": 0.933823529411765,
  "disease_id": "DOID:12849",
  "disease_name": "autistic disorder",
  "disease_percentile": 0.9427828348504549,
  "metapath_contribution": {
    "CbGaD": 0.8058942019087846,
    "CbGeAlD": 0.056506323136560586,
    "CbGpPWpGaD": 0.13121550327651096,
    "CrCbGaD": 0.006383971678143865
  },
  "n_trials": 0.0,
  "prediction": 0.00368334006487288,
  "status": 0
}