{
  "compound_id": "DB00599",
  "compound_name": "Thiopental",
  "compound_percentile": 0.926470588235294,
  "disease_id": "DOID:1094",
  "disease_name": "attention deficit hyperactivity disorder",
  "disease_percentile": 0.933680104031209,
  "metapath_contribution": {
    "CbGaD": 0.7489470990175827,
    "CbGeAlD": 0.09587391322319819,
    "CbGpPWpGaD": 0.1462400683861831,
    "CrCbGaD": 0.00893891937303613
  },
  "n_trials": 0.0,
  "prediction": 0.0032008421585876397,
  "status": 0
}