{
  "compound_id": "DB00808",
  "compound_name": "Indapamide",
  "compound_percentile": 0.5367647058823529,
  "disease_id": "DOID:2394",
  "disease_name": "ovarian cancer",
  "disease_percentile": 0.49609882964889507,
  "metapath_contribution": {
    "CbGeAlD": 0.16502306744128345,
    "CcSEcCtD": 0.8349769325587165
  },
  "n_trials": 0.0,
  "prediction": 0.0014667630453095901,
  "status": 0,
  "training_prediction": 0.0034958043768233697
}