{
  "compound_id": "DB01183",
  "compound_name": "Naloxone",
  "compound_percentile": 0.43382352941176505,
  "disease_id": "DOID:11934",
  "disease_name": "head and neck cancer",
  "disease_percentile": 0.38881664499349794,
  "metapath_contribution": {
    "CbGbCtD": 0.43359720844091254,
    "CbGeAlD": 0.055962684216207675,
    "CbGpPWpGaD": 0.47798574245030623,
    "CcSEcCtD": 0.032454364892573584
  },
  "n_trials": 0.0,
  "prediction": 0.00122104651226375,
  "status": 0
}