{
  "compound_id": "DB00317",
  "compound_name": "Gefitinib",
  "compound_percentile": 0.6764705882352939,
  "disease_id": "DOID:1936",
  "disease_name": "atherosclerosis",
  "disease_percentile": 0.45318595578673604,
  "metapath_contribution": {
    "CbGaD": 0.1325699852256337,
    "CbGbCtD": 0.561789022784711,
    "CbGdCrCtD": 0.002784983843788677,
    "CbGeAlD": 0.037563574588889516,
    "CbGpPWpGaD": 0.14731782007649977,
    "CcSEcCtD": 0.11446442751530116,
    "CrCbGaD": 0.0035101859651762214
  },
  "n_trials": 0.0,
  "prediction": 0.00171495286620065,
  "status": 0,
  "training_prediction": 0.00279687387238662
}