{
  "compound_id": "DB08877",
  "compound_name": "Ruxolitinib",
  "compound_percentile": 0.5735294117647061,
  "disease_id": "DOID:585",
  "disease_name": "nephrolithiasis",
  "disease_percentile": 0.746423927178153,
  "metapath_contribution": {
    "CbGeAlD": 0.6964866365449297,
    "CbGpPWpGaD": 0.3035133634550703
  },
  "n_trials": 0.0,
  "prediction": 0.00203394137333633,
  "status": 0,
  "training_prediction": 0.000917243221439188
}