{
  "compound_id": "DB08981",
  "compound_name": "Fenbufen",
  "compound_percentile": 0.742647058823529,
  "disease_id": "DOID:4159",
  "disease_name": "skin cancer",
  "disease_percentile": 0.3901170351105329,
  "metapath_contribution": {
    "CbGaD": 0.94142795290597,
    "CbGeAlD": 0.04607729934544435,
    "CrCbGaD": 0.012494747748585616
  },
  "n_trials": 0.0,
  "prediction": 0.00147159532467051,
  "status": 0
}