{
  "compound_id": "DB00491",
  "compound_name": "Miglitol",
  "compound_percentile": 0.3970588235294121,
  "disease_id": "DOID:9008",
  "disease_name": "psoriatic arthritis",
  "disease_percentile": 0.544863459037711,
  "metapath_contribution": {
    "CbGdCrCtD": 0.12689333445613704,
    "CbGeAlD": 0.873106665543863
  },
  "n_trials": 0.0,
  "prediction": 0.0018303430072766698,
  "status": 0,
  "training_prediction": 0.00369198439482269
}