{
  "compound_id": "DB01397",
  "compound_name": "Magnesium salicylate",
  "compound_percentile": 0.683823529411765,
  "disease_id": "DOID:11934",
  "disease_name": "head and neck cancer",
  "disease_percentile": 0.782834850455137,
  "metapath_contribution": {
    "CbGaD": 0.9132439954857579,
    "CcSEcCtD": 0.07872492493458494,
    "CrCbGaD": 0.008031079579657135
  },
  "n_trials": 0.0,
  "prediction": 0.0021011777238936604,
  "status": 0
}