{
  "compound_id": "DB01325",
  "compound_name": "Quinethazone",
  "compound_percentile": 0.11764705882352902,
  "disease_id": "DOID:10652",
  "disease_name": "Alzheimer's disease",
  "disease_percentile": 0.160598179453836,
  "metapath_contribution": {
    "CbGeAlD": 0.30335330955373324,
    "CbGpPWpGaD": 0.626839639645156,
    "CrCbGaD": 0.06980705080111083
  },
  "n_trials": 0.0,
  "prediction": 0.0009380798983887221,
  "status": 0
}