{
  "compound_id": "DB01102",
  "compound_name": "Arbutamine",
  "compound_percentile": 0.897058823529412,
  "disease_id": "DOID:10534",
  "disease_name": "stomach cancer",
  "disease_percentile": 0.457737321196359,
  "metapath_contribution": {
    "CbGaD": 0.9479161420607239,
    "CbGpPWpGaD": 0.042053129810431744,
    "CrCbGaD": 0.01003072812884441
  },
  "n_trials": 0.0,
  "prediction": 0.0014605085040169802,
  "status": 0
}