{
  "compound_id": "DB00842",
  "compound_name": "Oxazepam",
  "compound_percentile": 0.904411764705882,
  "disease_id": "DOID:9970",
  "disease_name": "obesity",
  "disease_percentile": 0.44668400520156,
  "metapath_contribution": {
    "CbGaD": 0.43553429415873834,
    "CbGbCtD": 0.2921693343034272,
    "CbGeAlD": 0.03133343942860364,
    "CbGpPWpGaD": 0.12166961406315503,
    "CcSEcCtD": 0.11502503174047836,
    "CrCbGaD": 0.004268286305597458
  },
  "n_trials": 0.0,
  "prediction": 0.0022615300338707,
  "status": 0
}