{
  "compound_id": "DB00360",
  "compound_name": "Tetrahydrobiopterin",
  "compound_percentile": 0.654411764705882,
  "disease_id": "DOID:3953",
  "disease_name": "adrenal gland cancer",
  "disease_percentile": 0.966189856957087,
  "metapath_contribution": {
    "CbGaD": 0.7660691294715004,
    "CbGeAlD": 0.12654181647263815,
    "CbGpPWpGaD": 0.10738905405586127
  },
  "n_trials": 0.0,
  "prediction": 0.00326170687535084,
  "status": 0
}