{
  "compound_id": "DB01035",
  "compound_name": "Procainamide",
  "compound_percentile": 0.941176470588235,
  "disease_id": "DOID:12365",
  "disease_name": "malaria",
  "disease_percentile": 0.905071521456437,
  "metapath_contribution": {
    "CbGbCtD": 0.5620289001565221,
    "CbGeAlD": 0.038044457529881996,
    "CcSEcCtD": 0.13224232465877409,
    "CrCbGaD": 0.00046236914003163295,
    "CrCrCtD": 0.26722194851479014
  },
  "n_trials": 0.0,
  "prediction": 0.00437676357918261,
  "status": 0
}