{
  "compound_id": "DB01186",
  "compound_name": "Pergolide",
  "compound_percentile": 0.911764705882353,
  "disease_id": "DOID:594",
  "disease_name": "panic disorder",
  "disease_percentile": 0.953185955786736,
  "metapath_contribution": {
    "CbGaD": 0.7864673508942341,
    "CbGeAlD": 0.040123341364300937,
    "CbGpPWpGaD": 0.16608487545562306,
    "CrCbGaD": 0.007324432285841823
  },
  "n_trials": 0.0,
  "prediction": 0.00338029723395324,
  "status": 0
}