{
  "compound_id": "DB00946",
  "compound_name": "Phenprocoumon",
  "compound_percentile": 0.647058823529412,
  "disease_id": "DOID:14221",
  "disease_name": "metabolic syndrome X",
  "disease_percentile": 0.424577373211964,
  "metapath_contribution": {
    "CbGaD": 0.8019837433625774,
    "CbGeAlD": 0.05288066603745588,
    "CbGpPWpGaD": 0.13726738361549304,
    "CrCbGaD": 0.007868206984473663
  },
  "n_trials": 0.0,
  "prediction": 0.00125488079864924,
  "status": 0
}