{
  "compound_id": "DB00619",
  "compound_name": "Imatinib",
  "compound_percentile": 0.4779411764705879,
  "disease_id": "DOID:7147",
  "disease_name": "ankylosing spondylitis",
  "disease_percentile": 0.420026007802341,
  "metapath_contribution": {
    "CbGbCtD": 0.6790139592251754,
    "CbGpPWpGaD": 0.018321196292745173,
    "CcSEcCtD": 0.3026648444820795
  },
  "n_trials": 0.0,
  "prediction": 0.00150045635992616,
  "status": 0,
  "training_prediction": 0.00302758782797945
}