{
  "compound_id": "DB00273",
  "compound_name": "Topiramate",
  "compound_percentile": 0.602941176470588,
  "disease_id": "DOID:9008",
  "disease_name": "psoriatic arthritis",
  "disease_percentile": 0.687906371911573,
  "metapath_contribution": {
    "CbGbCtD": 0.0808007739232705,
    "CcSEcCtD": 0.9191992260767295
  },
  "n_trials": 0.0,
  "prediction": 0.0021242366837586303,
  "status": 0,
  "training_prediction": 0.00968290951915172
}