{
  "compound_id": "DB00284",
  "compound_name": "Acarbose",
  "compound_percentile": 0.566176470588235,
  "disease_id": "DOID:2394",
  "disease_name": "ovarian cancer",
  "disease_percentile": 0.49349804941482395,
  "metapath_contribution": {
    "CbGeAlD": 0.443421108932997,
    "CbGpPWpGaD": 0.2535914206701087,
    "CcSEcCtD": 0.30298747039689417
  },
  "n_trials": 0.0,
  "prediction": 0.00146106282479332,
  "status": 0,
  "training_prediction": 0.0034822462761264898
}