{
  "compound_id": "DB00421",
  "compound_name": "Spironolactone",
  "compound_percentile": 0.602941176470588,
  "disease_id": "DOID:11054",
  "disease_name": "urinary bladder cancer",
  "disease_percentile": 0.39596879063719104,
  "metapath_contribution": {
    "CbGbCtD": 0.5895901370472291,
    "CbGeAlD": 0.11300267785179285,
    "CbGpPWpGaD": 0.15416760951616063,
    "CcSEcCtD": 0.14136341396113133,
    "CrCbGaD": 0.001876161623686053
  },
  "n_trials": 0.0,
  "prediction": 0.0012975612527413802,
  "status": 0,
  "training_prediction": 0.00553623900290162
}