{
  "compound_id": "DB01072",
  "compound_name": "Atazanavir",
  "compound_percentile": 0.9191176470588229,
  "disease_id": "DOID:1612",
  "disease_name": "breast cancer",
  "disease_percentile": 0.659947984395319,
  "metapath_contribution": {
    "CbGaD": 0.3655424597393698,
    "CbGbCtD": 0.4459872906660258,
    "CbGpPWpGaD": 0.044005890324193185,
    "CcSEcCtD": 0.14086997913190308,
    "CrCbGaD": 0.003594380138508194
  },
  "n_trials": 0.0,
  "prediction": 0.00332654338279597,
  "status": 0
}