{
  "compound_id": "DB01275",
  "compound_name": "Hydralazine",
  "compound_percentile": 0.602941176470588,
  "disease_id": "DOID:219",
  "disease_name": "colon cancer",
  "disease_percentile": 0.817295188556567,
  "metapath_contribution": {
    "CbGeAlD": 0.4204599753358465,
    "CcSEcCtD": 0.5795400246641534
  },
  "n_trials": 0.0,
  "prediction": 0.0024589540985278,
  "status": 0,
  "training_prediction": 0.00350732954578972
}