{
  "compound_id": "DB00980",
  "compound_name": "Ramelteon",
  "compound_percentile": 0.691176470588235,
  "disease_id": "DOID:1319",
  "disease_name": "brain cancer",
  "disease_percentile": 0.838751625487646,
  "metapath_contribution": {
    "CbGbCtD": 0.8495868663323436,
    "CbGpPWpGaD": 0.13949238968532238,
    "CcSEcCtD": 0.010920743982334068
  },
  "n_trials": 0.0,
  "prediction": 0.00257458985390834,
  "status": 0
}