{
  "compound_id": "DB00277",
  "compound_name": "Theophylline",
  "compound_percentile": 0.0955882352941176,
  "disease_id": "DOID:9744",
  "disease_name": "type 1 diabetes mellitus",
  "disease_percentile": 0.328348504551365,
  "metapath_contribution": {
    "CbGeAlD": 0.3518886675308519,
    "CbGpPWpGaD": 0.6475914051203745,
    "CcSEcCtD": 0.0005199273487735997
  },
  "n_trials": 0.0,
  "prediction": 0.00115419408057882,
  "status": 0,
  "training_prediction": 0.0005202532215216081
}