{
  "compound_id": "DB09014",
  "compound_name": "Captodiame",
  "compound_percentile": 0.948529411764706,
  "disease_id": "DOID:1094",
  "disease_name": "attention deficit hyperactivity disorder",
  "disease_percentile": 0.907672301690507,
  "metapath_contribution": {
    "CbGaD": 0.87556715010989,
    "CbGpPWpGaD": 0.12083219003518743,
    "CrCbGaD": 0.003600659854922538
  },
  "n_trials": 0.0,
  "prediction": 0.00277569854536539,
  "status": 0
}