{
  "compound_id": "DB00655",
  "compound_name": "Estrone",
  "compound_percentile": 0.772058823529412,
  "disease_id": "DOID:1319",
  "disease_name": "brain cancer",
  "disease_percentile": 0.8192457737321199,
  "metapath_contribution": {
    "CbGaD": 0.5255287042014026,
    "CbGbCtD": 0.3868962456574136,
    "CbGeAlD": 0.026306795205780338,
    "CbGpPWpGaD": 0.05203444431395491,
    "CcSEcCtD": 0.005037593689136376,
    "CrCbGaD": 0.004196216932312169
  },
  "n_trials": 0.0,
  "prediction": 0.00249864458177933,
  "status": 0,
  "training_prediction": 0.00456108385750315
}