{
  "compound_id": "DB00675",
  "compound_name": "Tamoxifen",
  "compound_percentile": 0.38235294117647106,
  "disease_id": "DOID:0050742",
  "disease_name": "nicotine dependence",
  "disease_percentile": 0.335500650195059,
  "metapath_contribution": {
    "CbGeAlD": 0.1383041315935367,
    "CbGpPWpGaD": 0.3615734896276189,
    "CcSEcCtD": 0.46658661770844834,
    "CrCbGaD": 0.033535761070396124
  },
  "n_trials": 0.0,
  "prediction": 0.00134277774159222,
  "status": 0,
  "training_prediction": 0.0010099101050618801
}