{
  "compound_id": "DB08860",
  "compound_name": "Pitavastatin",
  "compound_percentile": 0.757352941176471,
  "disease_id": "DOID:2841",
  "disease_name": "asthma",
  "disease_percentile": 0.342652795838752,
  "metapath_contribution": {
    "CbGaD": 0.16647294625481818,
    "CbGbCtD": 0.5842368855713118,
    "CbGeAlD": 0.014967328780591248,
    "CbGpPWpGaD": 0.04075982393573135,
    "CcSEcCtD": 0.19356301545754745
  },
  "n_trials": 0.0,
  "prediction": 0.0019148824645628302,
  "status": 0,
  "training_prediction": 0.0129394739309121
}