{
  "compound_id": "DB06218",
  "compound_name": "Lacosamide",
  "compound_percentile": 0.948529411764706,
  "disease_id": "DOID:3393",
  "disease_name": "coronary artery disease",
  "disease_percentile": 0.710663198959688,
  "metapath_contribution": {
    "CbGaD": 0.2666130066604016,
    "CbGbCtD": 0.24137887349982529,
    "CbGeAlD": 0.034912567999436546,
    "CbGpPWpGaD": 0.05417158358672828,
    "CcSEcCtD": 0.09727679064071842,
    "CrCbGaD": 0.002249544719833321,
    "CrCrCtD": 0.30339763289305655
  },
  "n_trials": 0.0,
  "prediction": 0.0035894014502909203,
  "status": 0,
  "training_prediction": 0.0190599153599838
}