{
  "compound_id": "DB01186",
  "compound_name": "Pergolide",
  "compound_percentile": 0.558823529411765,
  "disease_id": "DOID:1936",
  "disease_name": "atherosclerosis",
  "disease_percentile": 0.338101430429129,
  "metapath_contribution": {
    "CbGbCtD": 0.34129893565134495,
    "CbGeAlD": 0.03642181615031005,
    "CbGpPWpGaD": 0.258921153404051,
    "CcSEcCtD": 0.36335809479429404
  },
  "n_trials": 0.0,
  "prediction": 0.00141928718566635,
  "status": 0
}