{
  "compound_id": "DB00570",
  "compound_name": "Vinblastine",
  "compound_percentile": 0.595588235294118,
  "disease_id": "DOID:3393",
  "disease_name": "coronary artery disease",
  "disease_percentile": 0.357607282184655,
  "metapath_contribution": {
    "CbGaD": 0.3905224230696202,
    "CbGbCtD": 0.36127113853288784,
    "CbGdCrCtD": 0.002293449164498162,
    "CbGeAlD": 0.040065121236563854,
    "CbGpPWpGaD": 0.10775363400204513,
    "CcSEcCtD": 0.09637057975370394,
    "CrCbGaD": 0.001723654240680803
  },
  "n_trials": 0.0,
  "prediction": 0.0017928772758579999,
  "status": 0,
  "training_prediction": 0.0420449794802006
}