{
  "compound_id": "DB04841",
  "compound_name": "Flunarizine",
  "compound_percentile": 0.5514705882352939,
  "disease_id": "DOID:9074",
  "disease_name": "systemic lupus erythematosus",
  "disease_percentile": 0.22886866059817898,
  "metapath_contribution": {
    "CbGbCtD": 0.6315022470451106,
    "CbGeAlD": 0.14141535873813357,
    "CbGpPWpGaD": 0.22708239421675583
  },
  "n_trials": 0.0,
  "prediction": 0.00121607469660548,
  "status": 0
}