{
  "compound_id": "DB00950",
  "compound_name": "Fexofenadine",
  "compound_percentile": 0.0294117647058824,
  "disease_id": "DOID:11612",
  "disease_name": "polycystic ovary syndrome",
  "disease_percentile": 0.0442132639791938,
  "metapath_contribution": {
    "CbGeAlD": 0.13721149211579223,
    "CbGpPWpGaD": 0.4609962603227415,
    "CcSEcCtD": 0.38981621069489886,
    "CrCbGaD": 0.01197603686656737
  },
  "n_trials": 0.0,
  "prediction": 0.00061833275795815,
  "status": 0
}