{
  "compound_id": "DB01071",
  "compound_name": "Mequitazine",
  "compound_percentile": 0.933823529411765,
  "disease_id": "DOID:4989",
  "disease_name": "pancreatitis",
  "disease_percentile": 0.559817945383615,
  "metapath_contribution": {
    "CbGbCtD": 0.9771568122817582,
    "CbGpPWpGaD": 0.01755626102090325,
    "CrCbGaD": 0.005286926697338595
  },
  "n_trials": 0.0,
  "prediction": 0.00157365822214481,
  "status": 0
}