{
  "category": "DM",
  "compound_id": "DB00654",
  "compound_name": "Latanoprost",
  "compound_percentile": 1.0,
  "disease_id": "DOID:1686",
  "disease_name": "glaucoma",
  "disease_percentile": 0.99739921976593,
  "metapath_contribution": {
    "CbGaD": 0.14010819819405582,
    "CbGbCtD": 0.14595216486607118,
    "CbGeAlD": 0.009133378470859136,
    "CbGpPWpGaD": 0.0019391966944454844,
    "CcSEcCtD": 0.04034941961211558,
    "CiPCiCtD": 0.2850671727041686,
    "CrCbGaD": 0.001324601466494814,
    "CrCrCtD": 0.14455578766691038,
    "CrCtD": 0.23157008032487902
  },
  "prediction": 0.375548280536402,
  "status": 1,
  "training_prediction": 0.7191561122182809
}