{
  "compound_id": "DB00536",
  "compound_name": "Guanidine",
  "compound_percentile": 0.948529411764706,
  "disease_id": "DOID:10652",
  "disease_name": "Alzheimer's disease",
  "disease_percentile": 0.931729518855657,
  "metapath_contribution": {
    "CbGaD": 0.5513469385230555,
    "CbGbCtD": 0.07180299744653258,
    "CbGeAlD": 0.13185076158539216,
    "CbGpPWpGaD": 0.1484535266539314,
    "CcSEcCtD": 0.09654577579108838
  },
  "n_trials": 0.0,
  "prediction": 0.00583913257506149,
  "status": 0
}