{
  "compound_id": "DB00972",
  "compound_name": "Azelastine",
  "compound_percentile": 0.47058823529411803,
  "disease_id": "DOID:585",
  "disease_name": "nephrolithiasis",
  "disease_percentile": 0.337451235370611,
  "metapath_contribution": {
    "CbGeAlD": 0.365689629635781,
    "CcSEcCtD": 0.6131588571865066,
    "CrCbGaD": 0.021151513177712272
  },
  "n_trials": 0.0,
  "prediction": 0.00129547847509809,
  "status": 0
}