{
  "compound_id": "DB06209",
  "compound_name": "Prasugrel",
  "compound_percentile": 0.8897058823529409,
  "disease_id": "DOID:1936",
  "disease_name": "atherosclerosis",
  "disease_percentile": 0.616384915474642,
  "metapath_contribution": {
    "CbGaD": 0.262504146998141,
    "CbGbCtD": 0.5132346142395549,
    "CbGpPWpGaD": 0.16036697492156252,
    "CcSEcCtD": 0.06389426384074164
  },
  "n_trials": 0.0,
  "prediction": 0.00217023429228221,
  "status": 0
}