{
  "compound_id": "DB00441",
  "compound_name": "Gemcitabine",
  "compound_percentile": 0.588235294117647,
  "disease_id": "DOID:6364",
  "disease_name": "migraine",
  "disease_percentile": 0.139141742522757,
  "metapath_contribution": {
    "CbGbCtD": 0.5751056182007327,
    "CbGdCrCtD": 0.00500215205594429,
    "CbGeAlD": 0.09118597166353434,
    "CcSEcCtD": 0.32870625807978865
  },
  "n_trials": 0.0,
  "prediction": 0.0013634926743490599,
  "status": 0,
  "training_prediction": 0.00980547482462825
}