{
  "compound_id": "DB00475",
  "compound_name": "Chlordiazepoxide",
  "compound_percentile": 0.9852941176470591,
  "disease_id": "DOID:12849",
  "disease_name": "autistic disorder",
  "disease_percentile": 0.8862158647594279,
  "metapath_contribution": {
    "CbGaD": 0.7849441180840625,
    "CbGeAlD": 0.046483204741275784,
    "CbGpPWpGaD": 0.16052004249541446,
    "CrCbGaD": 0.008052634679247328
  },
  "n_trials": 0.0,
  "prediction": 0.00272085866822345,
  "status": 0
}