{
  "compound_id": "DB00129",
  "compound_name": "L-Ornithine",
  "compound_percentile": 0.941176470588235,
  "disease_id": "DOID:7148",
  "disease_name": "rheumatoid arthritis",
  "disease_percentile": 0.5370611183355011,
  "metapath_contribution": {
    "CbGeAlD": 0.07557803203394235,
    "CbGpPWpGaD": 0.07902855954544684,
    "CrCbGaD": 0.007853262385344695,
    "CrCrCtD": 0.8375401460352662
  },
  "n_trials": 0.0,
  "prediction": 0.0018888884712346102,
  "status": 0
}