{
  "compound_id": "DB01193",
  "compound_name": "Acebutolol",
  "compound_percentile": 0.419117647058824,
  "disease_id": "DOID:1909",
  "disease_name": "melanoma",
  "disease_percentile": 0.35695708712613794,
  "metapath_contribution": {
    "CbGaD": 0.5391453959696868,
    "CbGbCtD": 0.1480367529154907,
    "CbGpPWpGaD": 0.07316877783824484,
    "CcSEcCtD": 0.23964907327657753
  },
  "n_trials": 0.0,
  "prediction": 0.00116018130813712,
  "status": 0,
  "training_prediction": 0.0021201701368372
}