{
  "compound_id": "DB00903",
  "compound_name": "Ethacrynic acid",
  "compound_percentile": 0.3529411764705879,
  "disease_id": "DOID:11612",
  "disease_name": "polycystic ovary syndrome",
  "disease_percentile": 0.713263979193758,
  "metapath_contribution": {
    "CbGeAlD": 0.8725854813689986,
    "CbGpPWpGaD": 0.12741451863100145
  },
  "n_trials": 0.0,
  "prediction": 0.00188778220037495,
  "status": 0,
  "training_prediction": 0.0008512616081929371
}