{
  "compound_id": "DB00367",
  "compound_name": "Levonorgestrel",
  "compound_percentile": 0.911764705882353,
  "disease_id": "DOID:8893",
  "disease_name": "psoriasis",
  "disease_percentile": 0.867360208062419,
  "metapath_contribution": {
    "CbGbCtD": 0.22842223487558866,
    "CbGpPWpGaD": 0.01093231743049828,
    "CcSEcCtD": 0.09955165628596525,
    "CrCrCtD": 0.24628907172145945,
    "CrCtD": 0.41480471968648835
  },
  "n_trials": 0.0,
  "prediction": 0.00378171684809358,
  "status": 0
}