{
  "compound_id": "DB00659",
  "compound_name": "Acamprosate",
  "compound_percentile": 0.588235294117647,
  "disease_id": "DOID:2394",
  "disease_name": "ovarian cancer",
  "disease_percentile": 0.858257477243173,
  "metapath_contribution": {
    "CbGeAlD": 0.07898998822796625,
    "CbGpPWpGaD": 0.1903961493780186,
    "CcSEcCtD": 0.730613862394015
  },
  "n_trials": 0.0,
  "prediction": 0.0025833055309556698,
  "status": 0,
  "training_prediction": 0.00614740284406562
}