{
  "compound_id": "DB00853",
  "compound_name": "Temozolomide",
  "compound_percentile": 0.904411764705882,
  "disease_id": "DOID:11054",
  "disease_name": "urinary bladder cancer",
  "disease_percentile": 0.9720416124837451,
  "metapath_contribution": {
    "CbGbCtD": 0.025057911647437116,
    "CcSEcCtD": 0.09271078565838878,
    "CiPCiCtD": 0.8822313026941742
  },
  "n_trials": 0.0,
  "prediction": 0.00926431569749812,
  "status": 0,
  "training_prediction": 0.0640574057918615
}