{
  "compound_id": "DB05294",
  "compound_name": "Vandetanib",
  "compound_percentile": 0.808823529411765,
  "disease_id": "DOID:10283",
  "disease_name": "prostate cancer",
  "disease_percentile": 0.4128738621586479,
  "metapath_contribution": {
    "CbGaD": 0.4444234951376888,
    "CbGbCtD": 0.26209847819376975,
    "CbGdCrCtD": 0.002294988933111483,
    "CbGeAlD": 0.058991642490409356,
    "CbGpPWpGaD": 0.11962502490113136,
    "CcSEcCtD": 0.1084629564779999,
    "CrCbGaD": 0.004103413865889291
  },
  "n_trials": 0.0,
  "prediction": 0.00196859357826947,
  "status": 0,
  "training_prediction": 0.00832857959628927
}