{
  "compound_id": "DB01050",
  "compound_name": "Ibuprofen",
  "compound_percentile": 0.9191176470588229,
  "disease_id": "DOID:8577",
  "disease_name": "ulcerative colitis",
  "disease_percentile": 0.9362808842652801,
  "metapath_contribution": {
    "CbGaD": 0.2774091423570783,
    "CbGbCtD": 0.3107097965986431,
    "CbGdCrCtD": 0.0011721080373044653,
    "CbGeAlD": 0.020040036696225227,
    "CbGpPWpGaD": 0.054449741429805354,
    "CcSEcCtD": 0.07084164182096657,
    "CpDpCtD": 0.2633674922124072,
    "CrCbGaD": 0.0020100408475697655
  },
  "n_trials": 0.0,
  "prediction": 0.00892192606431458,
  "status": 0
}