{
  "compound_id": "DB00526",
  "compound_name": "Oxaliplatin",
  "compound_percentile": 0.529411764705882,
  "disease_id": "DOID:9744",
  "disease_name": "type 1 diabetes mellitus",
  "disease_percentile": 0.9447334200260079,
  "metapath_contribution": {
    "CbGaD": 0.7559665976067488,
    "CbGeAlD": 0.08128119040918964,
    "CbGpPWpGaD": 0.16275221198406162
  },
  "n_trials": 0.0,
  "prediction": 0.00322891726799991,
  "status": 0
}