{
  "compound_id": "DB01213",
  "compound_name": "Fomepizole",
  "compound_percentile": 0.5514705882352939,
  "disease_id": "DOID:9206",
  "disease_name": "Barrett's esophagus",
  "disease_percentile": 0.794538361508453,
  "metapath_contribution": {
    "CbGeAlD": 0.2978311238676002,
    "CbGpPWpGaD": 0.31435087964341957,
    "CcSEcCtD": 0.3878179964889803
  },
  "n_trials": 0.0,
  "prediction": 0.00249070049115703,
  "status": 0
}