{
  "compound_id": "DB01252",
  "compound_name": "Mitiglinide",
  "compound_percentile": 0.683823529411765,
  "disease_id": "DOID:1595",
  "disease_name": "endogenous depression",
  "disease_percentile": 0.41742522756827005,
  "metapath_contribution": {
    "CbGeAlD": 0.5653056156143852,
    "CbGpPWpGaD": 0.40594686702284427,
    "CrCbGaD": 0.028747517362770623
  },
  "n_trials": 0.0,
  "prediction": 0.00137000809757482,
  "status": 0
}