{
  "compound_id": "DB00554",
  "compound_name": "Piroxicam",
  "compound_percentile": 0.816176470588235,
  "disease_id": "DOID:2531",
  "disease_name": "hematologic cancer",
  "disease_percentile": 0.573472041612484,
  "metapath_contribution": {
    "CbGaD": 0.10133457132330498,
    "CbGbCtD": 0.4773086153712718,
    "CbGdCrCtD": 0.0018282120800407456,
    "CbGeAlD": 0.006846728853411999,
    "CbGpPWpGaD": 0.04696848612884126,
    "CpDpCtD": 0.3657133862431292
  },
  "n_trials": 0.0,
  "prediction": 0.00261966407994214,
  "status": 0
}