{
  "compound_id": "DB00943",
  "compound_name": "Zalcitabine",
  "compound_percentile": 0.816176470588235,
  "disease_id": "DOID:1936",
  "disease_name": "atherosclerosis",
  "disease_percentile": 0.508452535760728,
  "metapath_contribution": {
    "CbGbCtD": 0.7490771347418863,
    "CbGdCrCtD": 0.004220362767297112,
    "CbGpPWpGaD": 0.038426196200563395,
    "CcSEcCtD": 0.20827630629025312
  },
  "n_trials": 0.0,
  "prediction": 0.0018730875340005602,
  "status": 0
}