{
  "compound_id": "DB00654",
  "compound_name": "Latanoprost",
  "compound_percentile": 0.941176470588235,
  "disease_id": "DOID:635",
  "disease_name": "acquired immunodeficiency syndrome",
  "disease_percentile": 0.36996098829648905,
  "metapath_contribution": {
    "CbGbCtD": 0.7644760463475556,
    "CcSEcCtD": 0.23552395365244438
  },
  "n_trials": 0.0,
  "prediction": 0.0019987902232426603,
  "status": 0,
  "training_prediction": 0.00614998141026868
}