{
  "compound_id": "DB08901",
  "compound_name": "Ponatinib",
  "compound_percentile": 0.448529411764706,
  "disease_id": "DOID:5408",
  "disease_name": "Paget's disease of bone",
  "disease_percentile": 0.568920676202861,
  "metapath_contribution": {
    "CbGeAlD": 0.06814486281814286,
    "CbGpPWpGaD": 0.2975497009396672,
    "CcSEcCtD": 0.6343054362421899
  },
  "n_trials": 0.0,
  "prediction": 0.0015560947841714,
  "status": 0
}