{
  "compound_id": "DB00204",
  "compound_name": "Dofetilide",
  "compound_percentile": 0.7941176470588229,
  "disease_id": "DOID:12236",
  "disease_name": "primary biliary cirrhosis",
  "disease_percentile": 0.6215864759427829,
  "metapath_contribution": {
    "CbGbCtD": 0.5219034036422413,
    "CcSEcCtD": 0.47099754109020714,
    "CrCbGaD": 0.0070990552675515356
  },
  "n_trials": 0.0,
  "prediction": 0.00193238525074044,
  "status": 0
}