{
  "compound_id": "DB00788",
  "compound_name": "Naproxen",
  "compound_percentile": 0.926470588235294,
  "disease_id": "DOID:10283",
  "disease_name": "prostate cancer",
  "disease_percentile": 0.830299089726918,
  "metapath_contribution": {
    "CbGaD": 0.24089597878763033,
    "CbGbCtD": 0.29651184736237973,
    "CbGdCrCtD": 0.0010864516288046275,
    "CbGeAlD": 0.01797482591831439,
    "CbGpPWpGaD": 0.07423809572236534,
    "CcSEcCtD": 0.11551573287055077,
    "CpDpCtD": 0.251822041440999,
    "CrCbGaD": 0.001955026268955813
  },
  "n_trials": 1.0,
  "prediction": 0.00512797850597032,
  "status": 0,
  "training_prediction": 0.0214754364159813
}