{
  "compound_id": "DB08800",
  "compound_name": "Chloropyramine",
  "compound_percentile": 0.9558823529411771,
  "disease_id": "DOID:7148",
  "disease_name": "rheumatoid arthritis",
  "disease_percentile": 0.591677503250975,
  "metapath_contribution": {
    "CbGaD": 0.8830926731210231,
    "CbGeAlD": 0.00938086498087669,
    "CbGpPWpGaD": 0.10640954878065277,
    "CrCbGaD": 0.0011169131174473617
  },
  "n_trials": 0.0,
  "prediction": 0.00203896519529812,
  "status": 0
}