{
  "compound_id": "DB01202",
  "compound_name": "Levetiracetam",
  "compound_percentile": 0.5735294117647061,
  "disease_id": "DOID:3083",
  "disease_name": "chronic obstructive pulmonary disease",
  "disease_percentile": 0.610533159947984,
  "metapath_contribution": {
    "CbGeAlD": 0.09758617469897682,
    "CcSEcCtD": 0.9024138253010232
  },
  "n_trials": 0.0,
  "prediction": 0.00251954194495942,
  "status": 0,
  "training_prediction": 0.00554548787968739
}