{
  "compound_id": "DB00310",
  "compound_name": "Chlorthalidone",
  "compound_percentile": 0.588235294117647,
  "disease_id": "DOID:2994",
  "disease_name": "germ cell cancer",
  "disease_percentile": 0.286736020806242,
  "metapath_contribution": {
    "CbGeAlD": 0.4980856904123411,
    "CcSEcCtD": 0.5019143095876588
  },
  "n_trials": 0.0,
  "prediction": 0.00123247222862515,
  "status": 0,
  "training_prediction": 0.00225214310767219
}