{
  "compound_id": "DB00514",
  "compound_name": "Dextromethorphan",
  "compound_percentile": 0.3970588235294121,
  "disease_id": "DOID:11934",
  "disease_name": "head and neck cancer",
  "disease_percentile": 0.232769830949285,
  "metapath_contribution": {
    "CbGbCtD": 0.7682894032829228,
    "CbGeAlD": 0.1923799110933453,
    "CbGpPWpGaD": 0.039330685623731904
  },
  "n_trials": 0.0,
  "prediction": 0.00098830995645552,
  "status": 0
}