{
  "compound_id": "DB01244",
  "compound_name": "Bepridil",
  "compound_percentile": 0.5,
  "disease_id": "DOID:1909",
  "disease_name": "melanoma",
  "disease_percentile": 0.4369310793237971,
  "metapath_contribution": {
    "CbGaD": 0.2859594925895248,
    "CbGeAlD": 0.14879811446279576,
    "CbGpPWpGaD": 0.4741571759587158,
    "CcSEcCtD": 0.09108521698896362
  },
  "n_trials": 0.0,
  "prediction": 0.00130410182389251,
  "status": 0,
  "training_prediction": 0.0023828931867117802
}