{
  "compound_id": "DB05260",
  "compound_name": "Gallium nitrate",
  "compound_percentile": 0.49264705882352894,
  "disease_id": "DOID:2994",
  "disease_name": "germ cell cancer",
  "disease_percentile": 0.8686605981794541,
  "metapath_contribution": {
    "CbGdCrCtD": 0.012238020888756255,
    "CbGeAlD": 0.5730037275964304,
    "CbGpPWpGaD": 0.19883997401693373,
    "CcSEcCtD": 0.2159182774978797
  },
  "n_trials": 0.0,
  "prediction": 0.00270778514650173,
  "status": 0
}