{
  "compound_id": "DB00876",
  "compound_name": "Eprosartan",
  "compound_percentile": 0.647058823529412,
  "disease_id": "DOID:585",
  "disease_name": "nephrolithiasis",
  "disease_percentile": 0.758777633289987,
  "metapath_contribution": {
    "CbGeAlD": 0.22983776612273552,
    "CcSEcCtD": 0.704417102009018,
    "CrCbGaD": 0.0657451318682465
  },
  "n_trials": 0.0,
  "prediction": 0.0020653186886440897,
  "status": 0,
  "training_prediction": 0.0009314094763334269
}