{
  "compound_id": "DB00399",
  "compound_name": "Zoledronate",
  "compound_percentile": 0.7647058823529409,
  "disease_id": "DOID:2394",
  "disease_name": "ovarian cancer",
  "disease_percentile": 0.6788036410923279,
  "metapath_contribution": {
    "CbGbCtD": 0.5168483003968088,
    "CbGeAlD": 0.13026766110258717,
    "CbGpPWpGaD": 0.009078221091971374,
    "CcSEcCtD": 0.3438058174086327
  },
  "n_trials": 1.0,
  "prediction": 0.00195520855909766,
  "status": 0,
  "training_prediction": 0.007748344273580091
}