{
  "compound_id": "DB00701",
  "compound_name": "Amprenavir",
  "compound_percentile": 0.0808823529411765,
  "disease_id": "DOID:11612",
  "disease_name": "polycystic ovary syndrome",
  "disease_percentile": 0.319895968790637,
  "metapath_contribution": {
    "CbGeAlD": 0.29807832852091753,
    "CbGpPWpGaD": 0.49091888142419265,
    "CcSEcCtD": 0.21100279005488973
  },
  "n_trials": 0.0,
  "prediction": 0.0011032158213429698,
  "status": 0,
  "training_prediction": 0.000497260821292643
}