{
  "compound_id": "DB00477",
  "compound_name": "Chlorpromazine",
  "compound_percentile": 0.852941176470588,
  "disease_id": "DOID:585",
  "disease_name": "nephrolithiasis",
  "disease_percentile": 0.489596879063719,
  "metapath_contribution": {
    "CbGaD": 0.7776196644553275,
    "CbGeAlD": 0.06768510854891763,
    "CbGpPWpGaD": 0.12316181210893191,
    "CcSEcCtD": 0.027325786133261344,
    "CrCbGaD": 0.0042076287535616095
  },
  "n_trials": 0.0,
  "prediction": 0.00151481702299939,
  "status": 0
}