{
  "compound_id": "DB00834",
  "compound_name": "Mifepristone",
  "compound_percentile": 0.720588235294118,
  "disease_id": "DOID:184",
  "disease_name": "bone cancer",
  "disease_percentile": 0.939531859557867,
  "metapath_contribution": {
    "CbGaD": 0.5058764296520628,
    "CbGbCtD": 0.3861778572961652,
    "CbGpPWpGaD": 0.06104595418929274,
    "CcSEcCtD": 0.046899758862479254
  },
  "n_trials": 0.0,
  "prediction": 0.0038601286765814202,
  "status": 0
}