{
  "compound_id": "DB00996",
  "compound_name": "Gabapentin",
  "compound_percentile": 0.6985294117647061,
  "disease_id": "DOID:11714",
  "disease_name": "gestational diabetes",
  "disease_percentile": 0.514954486345904,
  "metapath_contribution": {
    "CbGeAlD": 0.36661654028683177,
    "CcSEcCtD": 0.6333834597131682
  },
  "n_trials": 0.0,
  "prediction": 0.00167216120303732,
  "status": 0,
  "training_prediction": 0.0012577439510421
}