{
  "compound_id": "DB00964",
  "compound_name": "Apraclonidine",
  "compound_percentile": 0.625,
  "disease_id": "DOID:12930",
  "disease_name": "dilated cardiomyopathy",
  "disease_percentile": 0.408322496749025,
  "metapath_contribution": {
    "CbGpPWpGaD": 0.5660112293906425,
    "CcSEcCtD": 0.4080093624903739,
    "CrCbGaD": 0.02597940811898351
  },
  "n_trials": 0.0,
  "prediction": 0.00145341950993654,
  "status": 0,
  "training_prediction": 0.00143375452365123
}