{
  "compound_id": "DB00905",
  "compound_name": "Bimatoprost",
  "compound_percentile": 0.8308823529411771,
  "disease_id": "DOID:1324",
  "disease_name": "lung cancer",
  "disease_percentile": 0.46879063719115704,
  "metapath_contribution": {
    "CbGbCtD": 0.4085873216543589,
    "CbGdCrCtD": 0.01126601064259377,
    "CbGeAlD": 0.07368121582337517,
    "CbGpPWpGaD": 0.19902105349574176,
    "CcSEcCtD": 0.2999694393135428,
    "CrCbGaD": 0.007474959070387573
  },
  "n_trials": 0.0,
  "prediction": 0.00174109472729538,
  "status": 0,
  "training_prediction": 0.005947225695906
}