{
  "compound_id": "DB00146",
  "compound_name": "Calcidiol",
  "compound_percentile": 0.9191176470588229,
  "disease_id": "DOID:2841",
  "disease_name": "asthma",
  "disease_percentile": 0.24187256176853103,
  "metapath_contribution": {
    "CbGaD": 0.9088100764547553,
    "CbGeAlD": 0.030810732372881157,
    "CbGpPWpGaD": 0.05095944189568924,
    "CrCbGaD": 0.009419749276674374
  },
  "n_trials": 0.0,
  "prediction": 0.00160910709741586,
  "status": 0
}