{
  "compound_id": "DB00703",
  "compound_name": "Methazolamide",
  "compound_percentile": 0.23529411764705901,
  "disease_id": "DOID:8850",
  "disease_name": "salivary gland cancer",
  "disease_percentile": 0.88556566970091,
  "metapath_contribution": {
    "CbGeAlD": 0.6797442730738237,
    "CbGpPWpGaD": 0.1702589613836376,
    "CrCbGaD": 0.1499967655425387
  },
  "n_trials": 0.0,
  "prediction": 0.0018698268590369102,
  "status": 0
}