{
  "compound_id": "DB00695",
  "compound_name": "Furosemide",
  "compound_percentile": 0.7352941176470591,
  "disease_id": "DOID:4159",
  "disease_name": "skin cancer",
  "disease_percentile": 0.8289986996098829,
  "metapath_contribution": {
    "CbGbCtD": 0.7457096449615462,
    "CbGeAlD": 0.07397531600155165,
    "CcSEcCtD": 0.1722363258658513,
    "CrCbGaD": 0.008078713171050887
  },
  "n_trials": 0.0,
  "prediction": 0.0027481971624354396,
  "status": 0,
  "training_prediction": 0.0136390346513889
}