{
  "compound_id": "DB04953",
  "compound_name": "Ezogabine",
  "compound_percentile": 0.779411764705882,
  "disease_id": "DOID:263",
  "disease_name": "kidney cancer",
  "disease_percentile": 0.738621586475943,
  "metapath_contribution": {
    "CbGbCtD": 0.5362311245697656,
    "CbGeAlD": 0.07212362806032158,
    "CbGpPWpGaD": 0.14804611066123702,
    "CcSEcCtD": 0.24359913670867564
  },
  "n_trials": 0.0,
  "prediction": 0.0026453772882938102,
  "status": 0
}