{
  "compound_id": "DB00179",
  "compound_name": "Masoprocol",
  "compound_percentile": 0.882352941176471,
  "disease_id": "DOID:14330",
  "disease_name": "Parkinson's disease",
  "disease_percentile": 0.8888166449934979,
  "metapath_contribution": {
    "CbGaD": 0.827912700799353,
    "CbGeAlD": 0.04689749961572836,
    "CbGpPWpGaD": 0.11776755788391247,
    "CrCbGaD": 0.0074222417010061876
  },
  "n_trials": 0.0,
  "prediction": 0.0025087476932993103,
  "status": 0
}