{
  "compound_id": "DB00187",
  "compound_name": "Esmolol",
  "compound_percentile": 0.9852941176470591,
  "disease_id": "DOID:6364",
  "disease_name": "migraine",
  "disease_percentile": 0.9557867360208059,
  "metapath_contribution": {
    "CbGbCtD": 0.20846118654128648,
    "CbGpPWpGaD": 0.025684276280221296,
    "CcSEcCtD": 0.05977568387876287,
    "CrCbGaD": 0.0011024882637949945,
    "CrCrCtD": 0.29899139484533505,
    "CrCtD": 0.40598497019059926
  },
  "n_trials": 0.0,
  "prediction": 0.0179587692386992,
  "status": 0,
  "training_prediction": 0.0323682637058203
}