{
  "compound_id": "DB01120",
  "compound_name": "Gliclazide",
  "compound_percentile": 0.544117647058823,
  "disease_id": "DOID:2994",
  "disease_name": "germ cell cancer",
  "disease_percentile": 0.511053315994798,
  "metapath_contribution": {
    "CbGbCtD": 0.3586056166687329,
    "CbGeAlD": 0.13538473226517383,
    "CbGpPWpGaD": 0.06160615086390686,
    "CcSEcCtD": 0.4444035002021862
  },
  "n_trials": 0.0,
  "prediction": 0.00161041877534447,
  "status": 0,
  "training_prediction": 0.00294185810085581
}