{
  "compound_id": "DB00636",
  "compound_name": "Clofibrate",
  "compound_percentile": 0.7352941176470591,
  "disease_id": "DOID:11934",
  "disease_name": "head and neck cancer",
  "disease_percentile": 0.875812743823147,
  "metapath_contribution": {
    "CbGaD": 0.8157135911911028,
    "CbGbCtD": 0.0793199396897589,
    "CbGpPWpGaD": 0.10214496390049682,
    "CrCbGaD": 0.0028215052186414064
  },
  "n_trials": 0.0,
  "prediction": 0.00245800635282454,
  "status": 0
}