{
  "compound_id": "DB00242",
  "compound_name": "Cladribine",
  "compound_percentile": 0.977941176470588,
  "disease_id": "DOID:2043",
  "disease_name": "hepatitis B",
  "disease_percentile": 0.9902470741222371,
  "metapath_contribution": {
    "CbGbCtD": 0.15255432629756202,
    "CbGdCrCtD": 0.0009982441838987182,
    "CbGeAlD": 0.014097341103196128,
    "CbGpPWpGaD": 0.013277810031721345,
    "CcSEcCtD": 0.04308086562511927,
    "CrCrCtD": 0.27860861264329345,
    "CrCtD": 0.4973828001152092
  },
  "n_trials": 0.0,
  "prediction": 0.0209357183827389,
  "status": 0,
  "training_prediction": 0.0415066929004393
}