{
  "compound_id": "DB00318",
  "compound_name": "Codeine",
  "compound_percentile": 0.463235294117647,
  "disease_id": "DOID:12930",
  "disease_name": "dilated cardiomyopathy",
  "disease_percentile": 0.35630689206762,
  "metapath_contribution": {
    "CbGeAlD": 0.33772697802164475,
    "CbGpPWpGaD": 0.05687618100248124,
    "CcSEcCtD": 0.605396840975874
  },
  "n_trials": 0.0,
  "prediction": 0.00138131909055551,
  "status": 0
}