{
  "compound_id": "DB00640",
  "compound_name": "Adenosine",
  "compound_percentile": 0.808823529411765,
  "disease_id": "DOID:9970",
  "disease_name": "obesity",
  "disease_percentile": 0.165799739921977,
  "metapath_contribution": {
    "CbGaD": 0.61001344258384,
    "CbGeAlD": 0.06500282545550037,
    "CbGpPWpGaD": 0.15640786938770518,
    "CcSEcCtD": 0.16233891738358705,
    "CrCbGaD": 0.006236945189367224
  },
  "n_trials": 0.0,
  "prediction": 0.00123208870849241,
  "status": 0
}