{
  "compound_id": "DB08932",
  "compound_name": "MACITENTAN",
  "compound_percentile": 0.514705882352941,
  "disease_id": "DOID:1115",
  "disease_name": "sarcoma",
  "disease_percentile": 0.835500650195058,
  "metapath_contribution": {
    "CbGbCtD": 0.5460918612023963,
    "CbGeAlD": 0.3668404288630227,
    "CcSEcCtD": 0.08706770993458099
  },
  "n_trials": 0.0,
  "prediction": 0.0024004945929127397,
  "status": 0
}