{
  "compound_id": "DB00945",
  "compound_name": "Acetylsalicylic acid",
  "compound_percentile": 0.33823529411764697,
  "disease_id": "DOID:0050742",
  "disease_name": "nicotine dependence",
  "disease_percentile": 0.23927178153446,
  "metapath_contribution": {
    "CbGeAlD": 0.3431874158699084,
    "CbGpPWpGaD": 0.4283577665481551,
    "CcSEcCtD": 0.2284548175819364
  },
  "n_trials": 4.0,
  "prediction": 0.00122446200001718,
  "status": 0,
  "training_prediction": 0.000920897175963876
}