{
  "compound_id": "DB00783",
  "compound_name": "Estradiol",
  "compound_percentile": 0.4779411764705879,
  "disease_id": "DOID:13378",
  "disease_name": "Kawasaki disease",
  "disease_percentile": 0.11443433029909,
  "metapath_contribution": {
    "CbGbCtD": 0.8220148042048746,
    "CbGeAlD": 0.09197110183795404,
    "CcSEcCtD": 0.08601409395717133
  },
  "n_trials": 0.0,
  "prediction": 0.0009087614834350311,
  "status": 0,
  "training_prediction": 0.000683410598588063
}