{
  "compound_id": "DB04841",
  "compound_name": "Flunarizine",
  "compound_percentile": 0.691176470588235,
  "disease_id": "DOID:11476",
  "disease_name": "osteoporosis",
  "disease_percentile": 0.32184655396619,
  "metapath_contribution": {
    "CbGbCtD": 0.7547260599259589,
    "CbGpPWpGaD": 0.24509836952415945,
    "CrCbGaD": 0.00017557054988174883
  },
  "n_trials": 0.0,
  "prediction": 0.0014745181106513802,
  "status": 0
}