{
  "compound_id": "DB00724",
  "compound_name": "Imiquimod",
  "compound_percentile": 0.6764705882352939,
  "disease_id": "DOID:1793",
  "disease_name": "pancreatic cancer",
  "disease_percentile": 0.835500650195058,
  "metapath_contribution": {
    "CbGbCtD": 0.4748234496525665,
    "CbGpPWpGaD": 0.09377252020406834,
    "CcSEcCtD": 0.43140403014336504
  },
  "n_trials": 0.0,
  "prediction": 0.0030839736589498104,
  "status": 0,
  "training_prediction": 0.0073337465367838
}