{
  "compound_id": "DB00936",
  "compound_name": "Salicylic acid",
  "compound_percentile": 0.264705882352941,
  "disease_id": "DOID:3277",
  "disease_name": "thymus cancer",
  "disease_percentile": 0.106631989596879,
  "metapath_contribution": {
    "CbGeAlD": 0.07994559114845938,
    "CcSEcCtD": 0.8696244947416694,
    "CrCbGaD": 0.05042991410987126
  },
  "n_trials": 0.0,
  "prediction": 0.0008966847729692971,
  "status": 0
}