{
  "compound_id": "DB01112",
  "compound_name": "Cefuroxime",
  "compound_percentile": 1.0,
  "disease_id": "DOID:10763",
  "disease_name": "hypertension",
  "disease_percentile": 0.358907672301691,
  "metapath_contribution": {
    "CbGbCtD": 0.7576178162226991,
    "CbGpPWpGaD": 0.026497224939316166,
    "CcSEcCtD": 0.2143955729610316,
    "CrCbGaD": 0.001489385876953186
  },
  "n_trials": 0.0,
  "prediction": 0.00273784652679476,
  "status": 0
}