{
  "compound_id": "DB00938",
  "compound_name": "Salmeterol",
  "compound_percentile": 0.948529411764706,
  "disease_id": "DOID:6364",
  "disease_name": "migraine",
  "disease_percentile": 0.7769830949284791,
  "metapath_contribution": {
    "CbGbCtD": 0.5388630358341254,
    "CcSEcCtD": 0.14306446408785553,
    "CrCrCtD": 0.31807250007801907
  },
  "n_trials": 0.0,
  "prediction": 0.00431817087815963,
  "status": 0,
  "training_prediction": 0.00787063906296516
}