{
  "compound_id": "DB01234",
  "compound_name": "Dexamethasone",
  "compound_percentile": 0.617647058823529,
  "disease_id": "DOID:5408",
  "disease_name": "Paget's disease of bone",
  "disease_percentile": 0.378413524057217,
  "metapath_contribution": {
    "CbGbCtD": 0.10262228142932954,
    "CcSEcCtD": 0.12117825135513391,
    "CtDrD": 0.7761994672155366
  },
  "n_trials": 0.0,
  "prediction": 0.00129881153394974,
  "status": 0,
  "training_prediction": 0.0142060516647046
}