{
  "compound_id": "DB03147",
  "compound_name": "Flavin adenine dinucleotide",
  "compound_percentile": 0.661764705882353,
  "disease_id": "DOID:1781",
  "disease_name": "thyroid cancer",
  "disease_percentile": 0.705461638491547,
  "metapath_contribution": {
    "CbGbCtD": 0.6970231953770948,
    "CbGdCrCtD": 0.005431295588614255,
    "CbGeAlD": 0.1688892885581625,
    "CbGpPWpGaD": 0.12642174277639606,
    "CrCbGaD": 0.0022344776997323392
  },
  "n_trials": 0.0,
  "prediction": 0.00200571664188781,
  "status": 0
}