{
  "compound_id": "DB01017",
  "compound_name": "Minocycline",
  "compound_percentile": 0.3529411764705879,
  "disease_id": "DOID:0060119",
  "disease_name": "pharynx cancer",
  "disease_percentile": 0.659297789336801,
  "metapath_contribution": {
    "CbGeAlD": 0.5591682645915489,
    "CbGpPWpGaD": 0.4011546913980471,
    "CrCbGaD": 0.03967704401040389
  },
  "n_trials": 0.0,
  "prediction": 0.00144322231242431,
  "status": 0
}