{
  "compound_id": "DB06813",
  "compound_name": "Pralatrexate",
  "compound_percentile": 0.683823529411765,
  "disease_id": "DOID:4362",
  "disease_name": "cervical cancer",
  "disease_percentile": 0.552015604681404,
  "metapath_contribution": {
    "CbGeAlD": 0.4893656457932085,
    "CbGpPWpGaD": 0.4762551597828943,
    "CrCbGaD": 0.034379194423897225
  },
  "n_trials": 0.0,
  "prediction": 0.00145771461701151,
  "status": 0
}