{
  "compound_id": "DB00396",
  "compound_name": "Progesterone",
  "compound_percentile": 0.8308823529411771,
  "disease_id": "DOID:14227",
  "disease_name": "azoospermia",
  "disease_percentile": 0.970091027308192,
  "metapath_contribution": {
    "CbGaD": 0.32334277219745755,
    "CbGbCtD": 0.4701030305529458,
    "CbGeAlD": 0.04949388094150871,
    "CcSEcCtD": 0.15258763306105932,
    "CrCbGaD": 0.004472683247028606
  },
  "n_trials": 0.0,
  "prediction": 0.00390772846570422,
  "status": 0,
  "training_prediction": 0.0017640804571709698
}