{
  "compound_id": "DB01008",
  "compound_name": "Busulfan",
  "compound_percentile": 0.6985294117647061,
  "disease_id": "DOID:5419",
  "disease_name": "schizophrenia",
  "disease_percentile": 0.9245773732119641,
  "metapath_contribution": {
    "CbGaD": 0.770148344608564,
    "CbGeAlD": 0.09586209082932089,
    "CbGpPWpGaD": 0.1339895645621151
  },
  "n_trials": 0.0,
  "prediction": 0.00331862591979728,
  "status": 0
}