{
  "compound_id": "DB04861",
  "compound_name": "Nebivolol",
  "compound_percentile": 0.75,
  "disease_id": "DOID:263",
  "disease_name": "kidney cancer",
  "disease_percentile": 0.7639791937581271,
  "metapath_contribution": {
    "CbGbCtD": 0.5200935776621661,
    "CcSEcCtD": 0.4799064223378339
  },
  "n_trials": 0.0,
  "prediction": 0.0028155115129828803,
  "status": 0,
  "training_prediction": 0.00817426211605274
}