{
  "compound_id": "DB01200",
  "compound_name": "Bromocriptine",
  "compound_percentile": 0.411764705882353,
  "disease_id": "DOID:1312",
  "disease_name": "focal segmental glomerulosclerosis",
  "disease_percentile": 0.36215864759427796,
  "metapath_contribution": {
    "CbGeAlD": 0.05903065166596999,
    "CbGpPWpGaD": 0.5346220844356907,
    "CcSEcCtD": 0.4063472638983392
  },
  "n_trials": 0.0,
  "prediction": 0.00122130416752348,
  "status": 0,
  "training_prediction": 0.0005505234230018401
}