{
  "compound_id": "DB01035",
  "compound_name": "Procainamide",
  "compound_percentile": 0.992647058823529,
  "disease_id": "DOID:263",
  "disease_name": "kidney cancer",
  "disease_percentile": 0.9746423927178149,
  "metapath_contribution": {
    "CbGaD": 0.18295625814340677,
    "CbGbCtD": 0.07448001819082962,
    "CbGdCrCtD": 0.0010018033373240106,
    "CbGeAlD": 0.012623600834096561,
    "CbGpPWpGaD": 0.03783974513636855,
    "CcSEcCtD": 0.03984644822597403,
    "CrCbGaD": 0.001872769825285665,
    "CrCrCtD": 0.18101283495701503,
    "CrCtD": 0.46836652134969986
  },
  "n_trials": 0.0,
  "prediction": 0.0156427118611672,
  "status": 0
}