{
  "compound_id": "DB00286",
  "compound_name": "Conjugated Estrogens",
  "compound_percentile": 0.139705882352941,
  "disease_id": "DOID:10976",
  "disease_name": "membranous glomerulonephritis",
  "disease_percentile": 0.0676202860858258,
  "metapath_contribution": {
    "CbGeAlD": 0.628424978054918,
    "CbGpPWpGaD": 0.3634713115631997,
    "CrCbGaD": 0.008103710381882335
  },
  "n_trials": 0.0,
  "prediction": 0.0007199897082836769,
  "status": 0
}