{
  "compound_id": "DB00571",
  "compound_name": "Propranolol",
  "compound_percentile": 0.7941176470588229,
  "disease_id": "DOID:1192",
  "disease_name": "peripheral nervous system neoplasm",
  "disease_percentile": 0.49609882964889507,
  "metapath_contribution": {
    "CbGaD": 0.26799237520697095,
    "CbGbCtD": 0.5584629777160393,
    "CbGeAlD": 0.01500322357689925,
    "CbGpPWpGaD": 0.000942995581262706,
    "CcSEcCtD": 0.15663463275207862,
    "CrCbGaD": 0.0009637951667491462
  },
  "n_trials": 0.0,
  "prediction": 0.00171714817397405,
  "status": 0,
  "training_prediction": 0.00780597916192978
}