{
  "compound_id": "DB01197",
  "compound_name": "Captopril",
  "compound_percentile": 0.661764705882353,
  "disease_id": "DOID:11054",
  "disease_name": "urinary bladder cancer",
  "disease_percentile": 0.925877763328999,
  "metapath_contribution": {
    "CbGaD": 0.5003076241364378,
    "CbGbCtD": 0.15544354265416302,
    "CbGeAlD": 0.08794399099965246,
    "CbGpPWpGaD": 0.11748619576353171,
    "CcSEcCtD": 0.13881864644621486
  },
  "n_trials": 0.0,
  "prediction": 0.00430000680770304,
  "status": 0,
  "training_prediction": 0.024595621622594
}