{
  "compound_id": "DB00190",
  "compound_name": "Carbidopa",
  "compound_percentile": 0.411764705882353,
  "disease_id": "DOID:2994",
  "disease_name": "germ cell cancer",
  "disease_percentile": 0.0903771131339402,
  "metapath_contribution": {
    "CbGeAlD": 0.29510469915521925,
    "CcSEcCtD": 0.6578518005350406,
    "CrCbGaD": 0.04704350030974033
  },
  "n_trials": 0.0,
  "prediction": 0.000862510019663333,
  "status": 0
}