{
  "compound_id": "DB01136",
  "compound_name": "Carvedilol",
  "compound_percentile": 0.625,
  "disease_id": "DOID:3571",
  "disease_name": "liver cancer",
  "disease_percentile": 0.8784135240572171,
  "metapath_contribution": {
    "CbGaD": 0.5519172186680733,
    "CbGbCtD": 0.15843417529369705,
    "CbGeAlD": 0.03766710884230641,
    "CbGpPWpGaD": 0.15418797137778342,
    "CcSEcCtD": 0.09779352581813987
  },
  "n_trials": 1.0,
  "prediction": 0.0026563231067673397,
  "status": 0,
  "training_prediction": 0.0026204253632011397
}