{
  "compound_id": "DB00920",
  "compound_name": "Ketotifen",
  "compound_percentile": 0.897058823529412,
  "disease_id": "DOID:418",
  "disease_name": "systemic scleroderma",
  "disease_percentile": 0.536410923276983,
  "metapath_contribution": {
    "CbGbCtD": 0.8424504137347933,
    "CbGeAlD": 0.02118053708319175,
    "CcSEcCtD": 0.13636904918201492
  },
  "n_trials": 0.0,
  "prediction": 0.0018061740272690102,
  "status": 0,
  "training_prediction": 0.00430271511691849
}