{
  "compound_id": "DB00654",
  "compound_name": "Latanoprost",
  "compound_percentile": 0.514705882352941,
  "disease_id": "DOID:1324",
  "disease_name": "lung cancer",
  "disease_percentile": 0.17100130039011702,
  "metapath_contribution": {
    "CbGbCtD": 0.4612427897867775,
    "CbGeAlD": 0.019577736829865192,
    "CbGpPWpGaD": 0.11830923121220016,
    "CcSEcCtD": 0.3924897818508372,
    "CrCbGaD": 0.008380460320320048
  },
  "n_trials": 0.0,
  "prediction": 0.000964272687599418,
  "status": 0,
  "training_prediction": 0.00329996316181643
}