{
  "compound_id": "DB01039",
  "compound_name": "Fenofibrate",
  "compound_percentile": 0.8308823529411771,
  "disease_id": "DOID:6364",
  "disease_name": "migraine",
  "disease_percentile": 0.527958387516255,
  "metapath_contribution": {
    "CbGbCtD": 0.6394435039314333,
    "CcSEcCtD": 0.36055649606856666
  },
  "n_trials": 0.0,
  "prediction": 0.0025327042758602,
  "status": 0,
  "training_prediction": 0.00462312691560859
}