{
  "compound_id": "DB08944",
  "compound_name": "Isoaminile",
  "compound_percentile": 0.941176470588235,
  "disease_id": "DOID:6364",
  "disease_name": "migraine",
  "disease_percentile": 0.533159947984395,
  "metapath_contribution": {
    "CbGbCtD": 0.8065487114629699,
    "CcSEcCtD": 0.19051159550197608,
    "CrCbGaD": 0.0029396930350540514
  },
  "n_trials": 0.0,
  "prediction": 0.00255830878453105,
  "status": 0
}