{
  "compound_id": "DB00448",
  "compound_name": "Lansoprazole",
  "compound_percentile": 0.7941176470588229,
  "disease_id": "DOID:12236",
  "disease_name": "primary biliary cirrhosis",
  "disease_percentile": 0.8361508452535759,
  "metapath_contribution": {
    "CbGaD": 0.48095178932468424,
    "CbGbCtD": 0.24647011525451756,
    "CbGeAlD": 0.001022979457898512,
    "CbGpPWpGaD": 0.06266630984184059,
    "CcSEcCtD": 0.20470873248457327,
    "CrCbGaD": 0.004180073636485772
  },
  "n_trials": 0.0,
  "prediction": 0.00279876227496605,
  "status": 0
}