{
  "compound_id": "DB00774",
  "compound_name": "Hydroflumethiazide",
  "compound_percentile": 0.147058823529412,
  "disease_id": "DOID:4159",
  "disease_name": "skin cancer",
  "disease_percentile": 0.0871261378413524,
  "metapath_contribution": {
    "CbGeAlD": 0.3750812042940051,
    "CbGpPWpGaD": 0.2618901821420359,
    "CcSEcCtD": 0.3630286135639591
  },
  "n_trials": 0.0,
  "prediction": 0.00089753623139665,
  "status": 0,
  "training_prediction": 0.0019793342257481603
}