{
  "compound_id": "DB00146",
  "compound_name": "Calcidiol",
  "compound_percentile": 0.948529411764706,
  "disease_id": "DOID:1909",
  "disease_name": "melanoma",
  "disease_percentile": 0.653446033810143,
  "metapath_contribution": {
    "CbGaD": 0.81667694986707,
    "CbGeAlD": 0.056455452536179104,
    "CbGpPWpGaD": 0.11839358592966742,
    "CrCbGaD": 0.008474011667083588
  },
  "n_trials": 0.0,
  "prediction": 0.001818568272715,
  "status": 0
}