{
  "compound_id": "DB01244",
  "compound_name": "Bepridil",
  "compound_percentile": 0.514705882352941,
  "disease_id": "DOID:1115",
  "disease_name": "sarcoma",
  "disease_percentile": 0.43433029908972703,
  "metapath_contribution": {
    "CbGbCtD": 0.05748211978709578,
    "CbGeAlD": 0.23592054163886034,
    "CbGpPWpGaD": 0.5287033615137434,
    "CcSEcCtD": 0.17789397706030044
  },
  "n_trials": 0.0,
  "prediction": 0.0013096397957188801,
  "status": 0,
  "training_prediction": 0.00264307644365232
}