{
  "compound_id": "DB00811",
  "compound_name": "Ribavirin",
  "compound_percentile": 0.9852941176470591,
  "disease_id": "DOID:2531",
  "disease_name": "hematologic cancer",
  "disease_percentile": 0.939531859557867,
  "metapath_contribution": {
    "CbGbCtD": 0.24378089321050936,
    "CbGdCrCtD": 0.0007602764164235015,
    "CbGeAlD": 0.018601787734579756,
    "CbGpPWpGaD": 0.03146754686325665,
    "CcSEcCtD": 0.07963280822342814,
    "CrCbGaD": 0.0017646360676928502,
    "CrCrCtD": 0.25569568752033217,
    "CrCtD": 0.3682963639637776
  },
  "n_trials": 4.0,
  "prediction": 0.0193703790656052,
  "status": 0
}