{
  "compound_id": "DB00936",
  "compound_name": "Salicylic acid",
  "compound_percentile": 0.588235294117647,
  "disease_id": "DOID:418",
  "disease_name": "systemic scleroderma",
  "disease_percentile": 0.272431729518856,
  "metapath_contribution": {
    "CbGbCtD": 0.7915935664261946,
    "CbGdCrCtD": 0.003976363555014482,
    "CbGeAlD": 0.04761927068658804,
    "CcSEcCtD": 0.15681079933220288
  },
  "n_trials": 0.0,
  "prediction": 0.0012723368365481099,
  "status": 0
}