{
  "compound_id": "DB00220",
  "compound_name": "Nelfinavir",
  "compound_percentile": 0.632352941176471,
  "disease_id": "DOID:2994",
  "disease_name": "germ cell cancer",
  "disease_percentile": 0.859557867360208,
  "metapath_contribution": {
    "CbGbCtD": 0.8233269186271591,
    "CbGeAlD": 0.028361070860069604,
    "CbGpPWpGaD": 0.02302008118544199,
    "CcSEcCtD": 0.12529192932732933
  },
  "n_trials": 0.0,
  "prediction": 0.0026612309056408103,
  "status": 0,
  "training_prediction": 0.0048572192256721
}