{
  "compound_id": "DB00536",
  "compound_name": "Guanidine",
  "compound_percentile": 0.34558823529411803,
  "disease_id": "DOID:3070",
  "disease_name": "malignant glioma",
  "disease_percentile": 0.791287386215865,
  "metapath_contribution": {
    "CbGeAlD": 0.6252764214760365,
    "CbGpPWpGaD": 0.33049319156020485,
    "CcSEcCtD": 0.04423038696375868
  },
  "n_trials": 0.0,
  "prediction": 0.00210826436519108,
  "status": 0
}