{
  "compound_id": "DB01156",
  "compound_name": "Bupropion",
  "compound_percentile": 0.661764705882353,
  "disease_id": "DOID:5041",
  "disease_name": "esophageal cancer",
  "disease_percentile": 0.9115734720416121,
  "metapath_contribution": {
    "CbGaD": 0.6488096773157107,
    "CbGbCtD": 0.04919248138332276,
    "CbGpPWpGaD": 0.13312222574676688,
    "CcSEcCtD": 0.16887561555419964
  },
  "n_trials": 2.0,
  "prediction": 0.00306834437777868,
  "status": 0,
  "training_prediction": 0.00372308082874356
}