{
  "compound_id": "DB06287",
  "compound_name": "Temsirolimus",
  "compound_percentile": 0.904411764705882,
  "disease_id": "DOID:1826",
  "disease_name": "epilepsy syndrome",
  "disease_percentile": 0.331599479843953,
  "metapath_contribution": {
    "CbGaD": 0.3652464523235048,
    "CbGbCtD": 0.40009509019741096,
    "CbGeAlD": 0.01753452642697247,
    "CbGpPWpGaD": 0.06192984720344697,
    "CcSEcCtD": 0.151330351605938,
    "CrCbGaD": 0.0038637322427268125
  },
  "n_trials": 0.0,
  "prediction": 0.0023209890887202302,
  "status": 0,
  "training_prediction": 0.0112929418891367
}