{
  "compound_id": "DB00649",
  "compound_name": "Stavudine",
  "compound_percentile": 0.933823529411765,
  "disease_id": "DOID:9074",
  "disease_name": "systemic lupus erythematosus",
  "disease_percentile": 0.717165149544863,
  "metapath_contribution": {
    "CbGbCtD": 0.03157072640441762,
    "CbGeAlD": 0.013858438703067131,
    "CcSEcCtD": 0.12114957949168542,
    "CiPCiCtD": 0.8334212554008297
  },
  "n_trials": 0.0,
  "prediction": 0.0026575757694923398,
  "status": 0,
  "training_prediction": 0.0077180545562872795
}