{
  "compound_id": "DB06716",
  "compound_name": "Fospropofol",
  "compound_percentile": 0.816176470588235,
  "disease_id": "DOID:6364",
  "disease_name": "migraine",
  "disease_percentile": 0.6710013003901171,
  "metapath_contribution": {
    "CbGbCtD": 0.6161156915113774,
    "CbGeAlD": 0.0963954664687538,
    "CbGpPWpGaD": 0.17024307202984545,
    "CcSEcCtD": 0.10357270319532254,
    "CrCbGaD": 0.013673066794700912
  },
  "n_trials": 0.0,
  "prediction": 0.0031668763957024,
  "status": 0
}