{
  "compound_id": "DB00655",
  "compound_name": "Estrone",
  "compound_percentile": 0.75,
  "disease_id": "DOID:12236",
  "disease_name": "primary biliary cirrhosis",
  "disease_percentile": 0.7522756827048109,
  "metapath_contribution": {
    "CbGaD": 0.43131117579246486,
    "CbGbCtD": 0.4283754573387043,
    "CbGeAlD": 0.0037315168671544718,
    "CbGpPWpGaD": 0.06835645028055284,
    "CcSEcCtD": 0.06363153564369353,
    "CrCbGaD": 0.00459386407742994
  },
  "n_trials": 0.0,
  "prediction": 0.00233074118912783,
  "status": 0,
  "training_prediction": 0.00229923323983755
}