{
  "compound_id": "DB00594",
  "compound_name": "Amiloride",
  "compound_percentile": 0.5367647058823529,
  "disease_id": "DOID:1936",
  "disease_name": "atherosclerosis",
  "disease_percentile": 0.5721716514954489,
  "metapath_contribution": {
    "CbGeAlD": 0.1292498390869128,
    "CbGpPWpGaD": 0.46052744068431967,
    "CcSEcCtD": 0.4102227202287675
  },
  "n_trials": 0.0,
  "prediction": 0.00206518758235327,
  "status": 0,
  "training_prediction": 0.0033673176372911
}