{
  "compound_id": "DB01587",
  "compound_name": "Ketazolam",
  "compound_percentile": 0.426470588235294,
  "disease_id": "DOID:3070",
  "disease_name": "malignant glioma",
  "disease_percentile": 0.425227568270481,
  "metapath_contribution": {
    "CbGbCtD": 0.15984680626165934,
    "CbGeAlD": 0.7879945212193148,
    "CrCbGaD": 0.05215867251902588
  },
  "n_trials": 0.0,
  "prediction": 0.0012830282818877198,
  "status": 0
}