{
  "compound_id": "DB00398",
  "compound_name": "Sorafenib",
  "compound_percentile": 0.7941176470588229,
  "disease_id": "DOID:12361",
  "disease_name": "Graves' disease",
  "disease_percentile": 0.994148244473342,
  "metapath_contribution": {
    "CbGbCtD": 0.1801580961433242,
    "CbGeAlD": 0.05910274701196113,
    "CbGpPWpGaD": 0.022553736041544686,
    "CcSEcCtD": 0.04233949219289493,
    "CtDrD": 0.695845928610275
  },
  "n_trials": 0.0,
  "prediction": 0.0072847753278015405,
  "status": 0,
  "training_prediction": 0.0121465151567185
}