{
  "compound_id": "DB06781",
  "compound_name": "Difluprednate",
  "compound_percentile": 0.9191176470588229,
  "disease_id": "DOID:2531",
  "disease_name": "hematologic cancer",
  "disease_percentile": 0.8966189856957092,
  "metapath_contribution": {
    "CbGaD": 0.16125535358578214,
    "CbGbCtD": 0.14255595082111092,
    "CbGpPWpGaD": 0.0261352438581253,
    "CcSEcCtD": 0.054404481396119656,
    "CrCbGaD": 0.0016238280201934447,
    "CrCrCtD": 0.2679042131216624,
    "CrCtD": 0.346120929197006
  },
  "n_trials": 0.0,
  "prediction": 0.00833767275849491,
  "status": 0
}