{
  "compound_id": "DB00701",
  "compound_name": "Amprenavir",
  "compound_percentile": 0.632352941176471,
  "disease_id": "DOID:4045",
  "disease_name": "muscle cancer",
  "disease_percentile": 0.7197659297789342,
  "metapath_contribution": {
    "CbGbCtD": 0.9650873173739265,
    "CcSEcCtD": 0.03491268262607344
  },
  "n_trials": 0.0,
  "prediction": 0.00197874839177482,
  "status": 0,
  "training_prediction": 0.00322655352609621
}