{
  "compound_id": "DB00270",
  "compound_name": "Isradipine",
  "compound_percentile": 0.963235294117647,
  "disease_id": "DOID:784",
  "disease_name": "chronic kidney failure",
  "disease_percentile": 0.8107932379713909,
  "metapath_contribution": {
    "CbGaD": 0.19992626603940666,
    "CbGpPWpGaD": 0.05510227652058547,
    "CrCbGaD": 0.004175719767364333,
    "CtDrD": 0.7407957376726436
  },
  "n_trials": 0.0,
  "prediction": 0.002468376913017,
  "status": 0
}