{
  "compound_id": "DB01241",
  "compound_name": "Gemfibrozil",
  "compound_percentile": 0.904411764705882,
  "disease_id": "DOID:1826",
  "disease_name": "epilepsy syndrome",
  "disease_percentile": 0.6989596879063721,
  "metapath_contribution": {
    "CbGaD": 0.20486049231865583,
    "CbGbCtD": 0.5506486079898215,
    "CbGpPWpGaD": 0.06269001208845597,
    "CcSEcCtD": 0.18180088760306673
  },
  "n_trials": 0.0,
  "prediction": 0.00576204049364617,
  "status": 0,
  "training_prediction": 0.0276667594736435
}