{
  "compound_id": "DB00735",
  "compound_name": "Naftifine",
  "compound_percentile": 0.0882352941176471,
  "disease_id": "DOID:11054",
  "disease_name": "urinary bladder cancer",
  "disease_percentile": 0.0130039011703511,
  "metapath_contribution": {
    "CbGeAlD": 0.25427718601761856,
    "CcSEcCtD": 0.7151088469174883,
    "CrCbGaD": 0.030613967064893118
  },
  "n_trials": 0.0,
  "prediction": 0.000493381752108983,
  "status": 0
}