{
  "compound_id": "DB00844",
  "compound_name": "Nalbuphine",
  "compound_percentile": 0.7058823529411771,
  "disease_id": "DOID:12236",
  "disease_name": "primary biliary cirrhosis",
  "disease_percentile": 0.280234070221066,
  "metapath_contribution": {
    "CbGpPWpGaD": 0.0990475462377916,
    "CcSEcCtD": 0.8915275645418745,
    "CrCbGaD": 0.009424889220333806
  },
  "n_trials": 0.0,
  "prediction": 0.0011932677887746,
  "status": 0
}