{
  "compound_id": "DB00291",
  "compound_name": "Chlorambucil",
  "compound_percentile": 0.455882352941176,
  "disease_id": "DOID:1312",
  "disease_name": "focal segmental glomerulosclerosis",
  "disease_percentile": 0.655396618985696,
  "metapath_contribution": {
    "CbGbCtD": 0.882827082522652,
    "CcSEcCtD": 0.11717291747734791
  },
  "n_trials": 1.0,
  "prediction": 0.00177651931957482,
  "status": 0,
  "training_prediction": 0.00227404328053295
}