{
  "compound_id": "DB00651",
  "compound_name": "Dyphylline",
  "compound_percentile": 0.007352941176470591,
  "disease_id": "DOID:2986",
  "disease_name": "IgA glomerulonephritis",
  "disease_percentile": 0.4661898569570871,
  "metapath_contribution": {
    "CbGeAlD": 0.0787772324527477,
    "CbGpPWpGaD": 0.9084842636358821,
    "CrCbGaD": 0.012738503911370236
  },
  "n_trials": 0.0,
  "prediction": 0.000920178574197722,
  "status": 0
}