{
  "compound_id": "DB00205",
  "compound_name": "Pyrimethamine",
  "compound_percentile": 0.0367647058823529,
  "disease_id": "DOID:1909",
  "disease_name": "melanoma",
  "disease_percentile": 0.459037711313394,
  "metapath_contribution": {
    "CbGpPWpGaD": 0.5902050394217107,
    "CcSEcCtD": 0.3378107077710878,
    "CrCbGaD": 0.07198425280720165
  },
  "n_trials": 0.0,
  "prediction": 0.0013450596907139802,
  "status": 0,
  "training_prediction": 0.00245764922722356
}