{
  "compound_id": "DB00594",
  "compound_name": "Amiloride",
  "compound_percentile": 0.8897058823529409,
  "disease_id": "DOID:2531",
  "disease_name": "hematologic cancer",
  "disease_percentile": 0.7873862158647591,
  "metapath_contribution": {
    "CbGaD": 0.287057349261306,
    "CbGbCtD": 0.29854664247910023,
    "CbGdCrCtD": 0.0024939561928869042,
    "CbGeAlD": 0.06950608062786161,
    "CbGpPWpGaD": 0.14552592924060592,
    "CcSEcCtD": 0.19687004219823928
  },
  "n_trials": 0.0,
  "prediction": 0.00454126600425466,
  "status": 0,
  "training_prediction": 0.0398772168570853
}