{
  "compound_id": "DB01261",
  "compound_name": "Sitagliptin",
  "compound_percentile": 0.588235294117647,
  "disease_id": "DOID:10652",
  "disease_name": "Alzheimer's disease",
  "disease_percentile": 0.723667100130039,
  "metapath_contribution": {
    "CbGbCtD": 0.4560114451491616,
    "CbGpPWpGaD": 0.04689840031685592,
    "CcSEcCtD": 0.49709015453398264
  },
  "n_trials": 0.0,
  "prediction": 0.00265048310322502,
  "status": 0,
  "training_prediction": 0.00321634219554533
}