{
  "compound_id": "DB00640",
  "compound_name": "Adenosine",
  "compound_percentile": 0.0735294117647059,
  "disease_id": "DOID:1909",
  "disease_name": "melanoma",
  "disease_percentile": 0.0695708712613784,
  "metapath_contribution": {
    "CbGeAlD": 0.07445453725736169,
    "CbGpPWpGaD": 0.5589827194244664,
    "CcSEcCtD": 0.3388183068119962,
    "CrCbGaD": 0.02774443650617569
  },
  "n_trials": 0.0,
  "prediction": 0.000625614458642814,
  "status": 0
}