{
  "compound_id": "DB00806",
  "compound_name": "Pentoxifylline",
  "compound_percentile": 0.904411764705882,
  "disease_id": "DOID:13241",
  "disease_name": "Behcet's disease",
  "disease_percentile": 0.9876462938881659,
  "metapath_contribution": {
    "CbGeAlD": 0.05478311936530389,
    "CbGpPWpGaD": 0.02033680523084285,
    "CtDrD": 0.9248800754038533
  },
  "n_trials": 0.0,
  "prediction": 0.0034496403876116397,
  "status": 0
}