{
  "compound_id": "DB00939",
  "compound_name": "Meclofenamic acid",
  "compound_percentile": 0.845588235294118,
  "disease_id": "DOID:1024",
  "disease_name": "leprosy",
  "disease_percentile": 0.695058517555267,
  "metapath_contribution": {
    "CbGbCtD": 0.9631109354469561,
    "CbGeAlD": 0.022059920978181782,
    "CcSEcCtD": 0.01482914357486211
  },
  "n_trials": 0.0,
  "prediction": 0.00224091138213971,
  "status": 0
}