{
  "compound_id": "DB00394",
  "compound_name": "Beclomethasone",
  "compound_percentile": 0.36764705882352894,
  "disease_id": "DOID:1324",
  "disease_name": "lung cancer",
  "disease_percentile": 0.0715214564369311,
  "metapath_contribution": {
    "CbGbCtD": 0.7825205862795734,
    "CbGpPWpGaD": 0.05646247951176553,
    "CcSEcCtD": 0.1525148613429373,
    "CrCbGaD": 0.008502072865723782
  },
  "n_trials": 0.0,
  "prediction": 0.000747822767735072,
  "status": 0,
  "training_prediction": 0.00426644310306339
}