{
  "compound_id": "DB06701",
  "compound_name": "Dexmethylphenidate",
  "compound_percentile": 0.9852941176470591,
  "disease_id": "DOID:4989",
  "disease_name": "pancreatitis",
  "disease_percentile": 0.991547464239272,
  "metapath_contribution": {
    "CcSEcCtD": 0.04658598782217797,
    "CrCrCtD": 0.3682012122067603,
    "CrCtD": 0.5852127999710619
  },
  "n_trials": 0.0,
  "prediction": 0.0125195650170754,
  "status": 0
}