{
  "compound_id": "DB01108",
  "compound_name": "Trilostane",
  "compound_percentile": 0.632352941176471,
  "disease_id": "DOID:0050741",
  "disease_name": "alcohol dependence",
  "disease_percentile": 0.131989596879064,
  "metapath_contribution": {
    "CbGeAlD": 0.6695561430656685,
    "CbGpPWpGaD": 0.3211816565647646,
    "CrCbGaD": 0.00926220036956702
  },
  "n_trials": 0.0,
  "prediction": 0.00117044604713794,
  "status": 0
}