{
  "compound_id": "DB06274",
  "compound_name": "Alvimopan",
  "compound_percentile": 0.897058823529412,
  "disease_id": "DOID:363",
  "disease_name": "uterine cancer",
  "disease_percentile": 0.603381014304291,
  "metapath_contribution": {
    "CbGbCtD": 0.9436057776630732,
    "CcSEcCtD": 0.04795358060623691,
    "CrCbGaD": 0.008440641730689863
  },
  "n_trials": 0.0,
  "prediction": 0.0019260026809594301,
  "status": 0
}