{
  "category": "SYM",
  "compound_id": "DB01142",
  "compound_name": "Doxepin",
  "compound_percentile": 0.970588235294118,
  "disease_id": "DOID:3310",
  "disease_name": "atopic dermatitis",
  "disease_percentile": 0.948634590377113,
  "metapath_contribution": {
    "CbGbCtD": 0.23049888659852444,
    "CbGeAlD": 0.000702840561570602,
    "CbGpPWpGaD": 0.028850666592112068,
    "CcSEcCtD": 0.087211181195472,
    "CrCrCtD": 0.25594798932130075,
    "CrCtD": 0.39678843573102013
  },
  "prediction": 0.009902557413477321,
  "status": 0
}