{
  "compound_id": "DB00892",
  "compound_name": "Oxybuprocaine",
  "compound_percentile": 0.49264705882352894,
  "disease_id": "DOID:2531",
  "disease_name": "hematologic cancer",
  "disease_percentile": 0.19375812743823104,
  "metapath_contribution": {
    "CbGbCtD": 0.6389503654452647,
    "CbGeAlD": 0.10101778655147509,
    "CbGpPWpGaD": 0.26003184800326024
  },
  "n_trials": 0.0,
  "prediction": 0.00124685070223818,
  "status": 0
}