{
  "compound_id": "DB06203",
  "compound_name": "Alogliptin",
  "compound_percentile": 0.625,
  "disease_id": "DOID:9074",
  "disease_name": "systemic lupus erythematosus",
  "disease_percentile": 0.490897269180754,
  "metapath_contribution": {
    "CbGbCtD": 0.7364422317670756,
    "CbGeAlD": 0.09553269248037492,
    "CcSEcCtD": 0.16802507575254955
  },
  "n_trials": 0.0,
  "prediction": 0.0018727318679177,
  "status": 0
}