{
  "compound_id": "DB01192",
  "compound_name": "Oxymorphone",
  "compound_percentile": 0.911764705882353,
  "disease_id": "DOID:3310",
  "disease_name": "atopic dermatitis",
  "disease_percentile": 0.45318595578673604,
  "metapath_contribution": {
    "CbGbCtD": 0.5727921643304097,
    "CbGpPWpGaD": 0.08595357192972178,
    "CcSEcCtD": 0.34125426373986845
  },
  "n_trials": 0.0,
  "prediction": 0.00199368503488771,
  "status": 0
}