{
  "compound_id": "DB06802",
  "compound_name": "Nepafenac",
  "compound_percentile": 0.742647058823529,
  "disease_id": "DOID:3083",
  "disease_name": "chronic obstructive pulmonary disease",
  "disease_percentile": 0.0975292587776333,
  "metapath_contribution": {
    "CbGbCtD": 0.5625553943375892,
    "CbGeAlD": 0.011912746492762952,
    "CbGpPWpGaD": 0.06243778646913526,
    "CcSEcCtD": 0.34605074111761436,
    "CrCbGaD": 0.01704333158289826
  },
  "n_trials": 0.0,
  "prediction": 0.00109968000642101,
  "status": 0
}