{
  "compound_id": "DB01221",
  "compound_name": "Ketamine",
  "compound_percentile": 0.845588235294118,
  "disease_id": "DOID:12849",
  "disease_name": "autistic disorder",
  "disease_percentile": 0.962288686605982,
  "metapath_contribution": {
    "CbGaD": 0.6930587413783393,
    "CbGeAlD": 0.11955502579741868,
    "CbGpPWpGaD": 0.187386232824242
  },
  "n_trials": 1.0,
  "prediction": 0.00420438901056886,
  "status": 0
}