{
  "compound_id": "DB00401",
  "compound_name": "Nisoldipine",
  "compound_percentile": 0.7058823529411771,
  "disease_id": "DOID:1781",
  "disease_name": "thyroid cancer",
  "disease_percentile": 0.334200260078023,
  "metapath_contribution": {
    "CbGbCtD": 0.6000437150105891,
    "CbGpPWpGaD": 0.060497478580993795,
    "CcSEcCtD": 0.33945880640841697
  },
  "n_trials": 0.0,
  "prediction": 0.00121641319313795,
  "status": 0,
  "training_prediction": 0.0014765619378951
}