{
  "compound_id": "DB00603",
  "compound_name": "Medroxyprogesterone Acetate",
  "compound_percentile": 0.808823529411765,
  "disease_id": "DOID:4362",
  "disease_name": "cervical cancer",
  "disease_percentile": 0.9219765929778929,
  "metapath_contribution": {
    "CbGeAlD": 0.057997560928463206,
    "CbGpPWpGaD": 0.014052532297523538,
    "CcSEcCtD": 0.035348487613039985,
    "CtDrD": 0.8926014191609732
  },
  "n_trials": 0.0,
  "prediction": 0.0023815948886492,
  "status": 0,
  "training_prediction": 0.0010742294188615699
}