{
  "compound_id": "DB00176",
  "compound_name": "Fluvoxamine",
  "compound_percentile": 0.823529411764706,
  "disease_id": "DOID:4481",
  "disease_name": "allergic rhinitis",
  "disease_percentile": 0.809492847854356,
  "metapath_contribution": {
    "CbGbCtD": 0.7189397370619534,
    "CbGdCrCtD": 0.0009439818209826147,
    "CcSEcCtD": 0.280116281117064
  },
  "n_trials": 0.0,
  "prediction": 0.004144232166098489,
  "status": 0
}