{
  "compound_id": "DB00209",
  "compound_name": "Trospium",
  "compound_percentile": 0.926470588235294,
  "disease_id": "DOID:6364",
  "disease_name": "migraine",
  "disease_percentile": 0.45253576072821794,
  "metapath_contribution": {
    "CbGbCtD": 0.6517020082910095,
    "CbGpPWpGaD": 0.1012319663070989,
    "CcSEcCtD": 0.24650424247470742,
    "CrCbGaD": 0.0005617829271842481
  },
  "n_trials": 0.0,
  "prediction": 0.0023089900041939,
  "status": 0
}