{
  "compound_id": "DB01359",
  "compound_name": "Penbutolol",
  "compound_percentile": 1.0,
  "disease_id": "DOID:6364",
  "disease_name": "migraine",
  "disease_percentile": 0.992197659297789,
  "metapath_contribution": {
    "CbGaD": 0.18321988409880038,
    "CbGbCtD": 0.175573453937921,
    "CbGeAlD": 0.016363778319475025,
    "CbGpPWpGaD": 0.026374720236225904,
    "CcSEcCtD": 0.04023871131095046,
    "CrCbGaD": 0.0005032219848512717,
    "CrCrCtD": 0.19841653426507602,
    "CrCtD": 0.35930969584670003
  },
  "n_trials": 0.0,
  "prediction": 0.0772504156845461,
  "status": 0,
  "training_prediction": 0.203451295451256
}