{
  "compound_id": "DB00698",
  "compound_name": "Nitrofurantoin",
  "compound_percentile": 0.801470588235294,
  "disease_id": "DOID:4362",
  "disease_name": "cervical cancer",
  "disease_percentile": 0.8667100130039009,
  "metapath_contribution": {
    "CbGbCtD": 0.9277300728859506,
    "CbGeAlD": 0.04505923428355237,
    "CcSEcCtD": 0.027210692830497055
  },
  "n_trials": 0.0,
  "prediction": 0.00218322578953651,
  "status": 0
}