{
  "compound_id": "DB00864",
  "compound_name": "Tacrolimus",
  "compound_percentile": 0.727941176470588,
  "disease_id": "DOID:9008",
  "disease_name": "psoriatic arthritis",
  "disease_percentile": 0.41157347204161204,
  "metapath_contribution": {
    "CbGbCtD": 0.6844782497401273,
    "CcSEcCtD": 0.3155217502598727
  },
  "n_trials": 0.0,
  "prediction": 0.00155083200696177,
  "status": 0,
  "training_prediction": 0.00312907402759347
}