{
  "compound_id": "DB01042",
  "compound_name": "Melphalan",
  "compound_percentile": 0.294117647058824,
  "disease_id": "DOID:12930",
  "disease_name": "dilated cardiomyopathy",
  "disease_percentile": 0.189856957087126,
  "metapath_contribution": {
    "CbGpPWpGaD": 0.22627128212722347,
    "CcSEcCtD": 0.7737287178727766
  },
  "n_trials": 0.0,
  "prediction": 0.00113250181724075,
  "status": 0,
  "training_prediction": 0.00316965833379441
}