{
  "compound_id": "DB00637",
  "compound_name": "Astemizole",
  "compound_percentile": 1.0,
  "disease_id": "DOID:1936",
  "disease_name": "atherosclerosis",
  "disease_percentile": 0.966189856957087,
  "metapath_contribution": {
    "CbGaD": 0.2727335398775468,
    "CbGbCtD": 0.2781801533298126,
    "CbGpPWpGaD": 0.022206577912275767,
    "CrCbGaD": 0.0015895396093155724,
    "CrCrCtD": 0.4252901892710492
  },
  "n_trials": 0.0,
  "prediction": 0.007449903012454609,
  "status": 0
}