{
  "compound_id": "DB06725",
  "compound_name": "Lornoxicam",
  "compound_percentile": 0.845588235294118,
  "disease_id": "DOID:13189",
  "disease_name": "gout",
  "disease_percentile": 0.706111833550065,
  "metapath_contribution": {
    "CbGbCtD": 0.9865199471871714,
    "CbGdCrCtD": 0.003873732859141294,
    "CrCbGaD": 0.009606319953687307
  },
  "n_trials": 0.0,
  "prediction": 0.00301413603602988,
  "status": 0
}