{
  "compound_id": "DB00403",
  "compound_name": "Ceruletide",
  "compound_percentile": 0.9852941176470591,
  "disease_id": "DOID:4989",
  "disease_name": "pancreatitis",
  "disease_percentile": 0.97074122236671,
  "metapath_contribution": {
    "CbGaD": 0.8606366528694674,
    "CbGeAlD": 0.06213945335789398,
    "CbGpPWpGaD": 0.07722389377263852
  },
  "n_trials": 0.0,
  "prediction": 0.00541951585652239,
  "status": 0
}