{
  "compound_id": "DB00918",
  "compound_name": "Almotriptan",
  "compound_percentile": 0.125,
  "disease_id": "DOID:10534",
  "disease_name": "stomach cancer",
  "disease_percentile": 0.251625487646294,
  "metapath_contribution": {
    "CbGbCtD": 0.03061249847998464,
    "CbGeAlD": 0.046513522757996466,
    "CbGpPWpGaD": 0.24729856125449917,
    "CcSEcCtD": 0.6558865693819301,
    "CrCbGaD": 0.01968884812558962
  },
  "n_trials": 0.0,
  "prediction": 0.0010208049062455401,
  "status": 0
}