{
  "compound_id": "DB00411",
  "compound_name": "Carbachol",
  "compound_percentile": 0.5,
  "disease_id": "DOID:2377",
  "disease_name": "multiple sclerosis",
  "disease_percentile": 0.41807542262678793,
  "metapath_contribution": {
    "CbGdCrCtD": 0.03812723379918918,
    "CbGpPWpGaD": 0.19878270670489456,
    "CcSEcCtD": 0.7312694116666733,
    "CrCbGaD": 0.03182064782924307
  },
  "n_trials": 0.0,
  "prediction": 0.00166552699143734,
  "status": 0,
  "training_prediction": 0.00426759946562039
}