{
  "compound_id": "DB01075",
  "compound_name": "Diphenhydramine",
  "compound_percentile": 0.8602941176470591,
  "disease_id": "DOID:12306",
  "disease_name": "vitiligo",
  "disease_percentile": 0.758777633289987,
  "metapath_contribution": {
    "CbGbCtD": 0.041250099072158784,
    "CtDrD": 0.9587499009278411
  },
  "n_trials": 0.0,
  "prediction": 0.00182202307224015,
  "status": 0,
  "training_prediction": 0.00137051604387397
}