{
  "compound_id": "DB01050",
  "compound_name": "Ibuprofen",
  "compound_percentile": 0.7352941176470591,
  "disease_id": "DOID:2043",
  "disease_name": "hepatitis B",
  "disease_percentile": 0.9187256176853059,
  "metapath_contribution": {
    "CbGaD": 0.18193630063459035,
    "CbGbCtD": 0.5090631204302257,
    "CbGeAlD": 0.053504132360143716,
    "CbGpPWpGaD": 0.10281779551842496,
    "CcSEcCtD": 0.1523195291541174,
    "CrCbGaD": 0.00035912190249782886
  },
  "n_trials": 0.0,
  "prediction": 0.0032225881377130803,
  "status": 0
}