{
  "compound_id": "DB00539",
  "compound_name": "Toremifene",
  "compound_percentile": 0.602941176470588,
  "disease_id": "DOID:9074",
  "disease_name": "systemic lupus erythematosus",
  "disease_percentile": 0.323146944083225,
  "metapath_contribution": {
    "CbGbCtD": 0.7184734939788476,
    "CbGeAlD": 0.009080321122070115,
    "CbGpPWpGaD": 0.016833013182822112,
    "CcSEcCtD": 0.25561317171626
  },
  "n_trials": 0.0,
  "prediction": 0.00142829915122269,
  "status": 0,
  "training_prediction": 0.00415778329202503
}