{
  "compound_id": "DB00260",
  "compound_name": "Cycloserine",
  "compound_percentile": 0.852941176470588,
  "disease_id": "DOID:4159",
  "disease_name": "skin cancer",
  "disease_percentile": 0.7392717815344599,
  "metapath_contribution": {
    "CbGeAlD": 0.07634283823404361,
    "CbGpPWpGaD": 0.6258418600797,
    "CcSEcCtD": 0.2978153016862565
  },
  "n_trials": 0.0,
  "prediction": 0.00235055105644835,
  "status": 0
}