{
  "compound_id": "DB01173",
  "compound_name": "Orphenadrine",
  "compound_percentile": 0.625,
  "disease_id": "DOID:594",
  "disease_name": "panic disorder",
  "disease_percentile": 0.0741222366710013,
  "metapath_contribution": {
    "CbGeAlD": 0.6090048845225267,
    "CbGpPWpGaD": 0.31354794933456376,
    "CrCbGaD": 0.07744716614290965
  },
  "n_trials": 0.0,
  "prediction": 0.000912120983324216,
  "status": 0
}