{
  "compound_id": "DB00937",
  "compound_name": "Diethylpropion",
  "compound_percentile": 0.0147058823529412,
  "disease_id": "DOID:1909",
  "disease_name": "melanoma",
  "disease_percentile": 0.0871261378413524,
  "metapath_contribution": {
    "CcSEcCtD": 0.9507165927661346,
    "CrCbGaD": 0.04928340723386536
  },
  "n_trials": 0.0,
  "prediction": 0.0006701897164483639,
  "status": 0,
  "training_prediction": 0.0012252336903019198
}