{
  "compound_id": "DB01136",
  "compound_name": "Carvedilol",
  "compound_percentile": 0.992647058823529,
  "disease_id": "DOID:6364",
  "disease_name": "migraine",
  "disease_percentile": 0.9720416124837451,
  "metapath_contribution": {
    "CbGbCtD": 0.22683147335106107,
    "CbGdCrCtD": 0.000509784870807943,
    "CbGeAlD": 0.02529557279179458,
    "CbGpPWpGaD": 0.041471489137708636,
    "CcSEcCtD": 0.06629882721617436,
    "CrCbGaD": 0.001539720951542606,
    "CrCrCtD": 0.2603485744130657,
    "CrCtD": 0.37770455726784513
  },
  "n_trials": 0.0,
  "prediction": 0.0242832268447082,
  "status": 0,
  "training_prediction": 0.0435422501211691
}