{
  "compound_id": "DB01586",
  "compound_name": "Ursodeoxycholic acid",
  "compound_percentile": 0.654411764705882,
  "disease_id": "DOID:1192",
  "disease_name": "peripheral nervous system neoplasm",
  "disease_percentile": 0.7509752925877758,
  "metapath_contribution": {
    "CbGbCtD": 0.5916743941178668,
    "CbGpPWpGaD": 0.030601889879145167,
    "CcSEcCtD": 0.377723716002988
  },
  "n_trials": 0.0,
  "prediction": 0.00242706357058325,
  "status": 0,
  "training_prediction": 0.00663222473705968
}