{
  "compound_id": "DB00227",
  "compound_name": "Lovastatin",
  "compound_percentile": 0.279411764705882,
  "disease_id": "DOID:3277",
  "disease_name": "thymus cancer",
  "disease_percentile": 0.355656697009103,
  "metapath_contribution": {
    "CbGeAlD": 0.39186729568726303,
    "CcSEcCtD": 0.6081327043127369
  },
  "n_trials": 0.0,
  "prediction": 0.00116818828121555,
  "status": 0,
  "training_prediction": 0.000878562391086181
}