{
  "compound_id": "DB00286",
  "compound_name": "Conjugated Estrogens",
  "compound_percentile": 0.669117647058823,
  "disease_id": "DOID:1595",
  "disease_name": "endogenous depression",
  "disease_percentile": 0.5299089726918079,
  "metapath_contribution": {
    "CbGaD": 0.8134577845537134,
    "CbGeAlD": 0.10920004063483577,
    "CbGpPWpGaD": 0.07734217481145095
  },
  "n_trials": 0.0,
  "prediction": 0.00154936834163988,
  "status": 0
}