{
  "compound_id": "DB00320",
  "compound_name": "Dihydroergotamine",
  "compound_percentile": 0.639705882352941,
  "disease_id": "DOID:2994",
  "disease_name": "germ cell cancer",
  "disease_percentile": 0.6183355006501949,
  "metapath_contribution": {
    "CbGbCtD": 0.36435294079788233,
    "CbGeAlD": 0.336128270768685,
    "CcSEcCtD": 0.29951878843343277
  },
  "n_trials": 0.0,
  "prediction": 0.00187313321963335,
  "status": 0
}