{
  "compound_id": "DB01608",
  "compound_name": "Propericiazine",
  "compound_percentile": 0.7941176470588229,
  "disease_id": "DOID:11119",
  "disease_name": "Gilles de la Tourette syndrome",
  "disease_percentile": 0.133940182054616,
  "metapath_contribution": {
    "CbGeAlD": 0.02947355870064277,
    "CbGpPWpGaD": 0.8713561686259436,
    "CrCbGaD": 0.09917027267341359
  },
  "n_trials": 0.0,
  "prediction": 0.0009809675519866891,
  "status": 0
}