{
  "compound_id": "DB00208",
  "compound_name": "Ticlopidine",
  "compound_percentile": 0.801470588235294,
  "disease_id": "DOID:1324",
  "disease_name": "lung cancer",
  "disease_percentile": 0.6807542262678801,
  "metapath_contribution": {
    "CbGaD": 0.37338858417629117,
    "CbGbCtD": 0.4157784477975207,
    "CbGpPWpGaD": 0.09018212610757854,
    "CcSEcCtD": 0.12021327782821757,
    "CrCbGaD": 0.0004375640903920102
  },
  "n_trials": 0.0,
  "prediction": 0.0024597763274027303,
  "status": 0
}