{
  "compound_id": "DB00205",
  "compound_name": "Pyrimethamine",
  "compound_percentile": 0.845588235294118,
  "disease_id": "DOID:418",
  "disease_name": "systemic scleroderma",
  "disease_percentile": 0.797139141742523,
  "metapath_contribution": {
    "CbGbCtD": 0.8327632757310617,
    "CbGeAlD": 0.020889380302980643,
    "CcSEcCtD": 0.1463473439659577
  },
  "n_trials": 0.0,
  "prediction": 0.00255323025490562,
  "status": 0,
  "training_prediction": 0.006076086522640929
}