{
  "compound_id": "DB01030",
  "compound_name": "Topotecan",
  "compound_percentile": 0.617647058823529,
  "disease_id": "DOID:12236",
  "disease_name": "primary biliary cirrhosis",
  "disease_percentile": 0.47464239271781494,
  "metapath_contribution": {
    "CbGaD": 0.6068506861283004,
    "CbGbCtD": 0.19277895547368823,
    "CbGpPWpGaD": 0.028496137275444106,
    "CcSEcCtD": 0.16539436281378478,
    "CrCbGaD": 0.006479858308782412
  },
  "n_trials": 0.0,
  "prediction": 0.00154602650875299,
  "status": 0,
  "training_prediction": 0.00432381578399156
}