{
  "compound_id": "DB00472",
  "compound_name": "Fluoxetine",
  "compound_percentile": 0.816176470588235,
  "disease_id": "DOID:9074",
  "disease_name": "systemic lupus erythematosus",
  "disease_percentile": 0.7542262678803641,
  "metapath_contribution": {
    "CbGaD": 0.18846291990243574,
    "CbGbCtD": 0.503931323253905,
    "CbGdCrCtD": 0.0008603017080760856,
    "CbGeAlD": 0.06673631769149914,
    "CcSEcCtD": 0.2400091374440841
  },
  "n_trials": 0.0,
  "prediction": 0.00285529769309481,
  "status": 0
}