{
  "compound_id": "DB08970",
  "compound_name": "Fluprednidene Acetate",
  "compound_percentile": 0.926470588235294,
  "disease_id": "DOID:7148",
  "disease_name": "rheumatoid arthritis",
  "disease_percentile": 0.8881664499349811,
  "metapath_contribution": {
    "CrCbGaD": 0.0024062319845938357,
    "CrCrCtD": 0.4191062508300795,
    "CrCtD": 0.5784875171853266
  },
  "n_trials": 0.0,
  "prediction": 0.00456827179600364,
  "status": 0
}