{
  "compound_id": "DB00156",
  "compound_name": "L-Threonine",
  "compound_percentile": 0.9852941176470591,
  "disease_id": "DOID:1459",
  "disease_name": "hypothyroidism",
  "disease_percentile": 0.9213263979193761,
  "metapath_contribution": {
    "CbGbCtD": 0.8522786180190944,
    "CbGeAlD": 0.14148000280936052,
    "CrCbGaD": 0.00624137917154508
  },
  "n_trials": 0.0,
  "prediction": 0.00302718881887171,
  "status": 0
}