{
  "compound_id": "DB01081",
  "compound_name": "Diphenoxylate",
  "compound_percentile": 0.948529411764706,
  "disease_id": "DOID:3393",
  "disease_name": "coronary artery disease",
  "disease_percentile": 0.301690507152146,
  "metapath_contribution": {
    "CbGaD": 0.884159594284424,
    "CbGpPWpGaD": 0.11284691865209177,
    "CrCbGaD": 0.002993487063484129
  },
  "n_trials": 0.0,
  "prediction": 0.0016138948401369301,
  "status": 0
}