{
  "compound_id": "DB01268",
  "compound_name": "Sunitinib",
  "compound_percentile": 0.948529411764706,
  "disease_id": "DOID:3571",
  "disease_name": "liver cancer",
  "disease_percentile": 0.9902470741222371,
  "metapath_contribution": {
    "CbGaD": 0.1009866829047225,
    "CbGbCtD": 0.34369882426951476,
    "CbGdCrCtD": 0.0015210698852063755,
    "CbGeAlD": 0.0326445814952394,
    "CbGpPWpGaD": 0.09263738863952126,
    "CcSEcCtD": 0.06177181178862145,
    "CtDrD": 0.3667396410171744
  },
  "n_trials": 12.0,
  "prediction": 0.0119916210116454,
  "status": 0,
  "training_prediction": 0.0195782633580787
}