{
  "compound_id": "DB01194",
  "compound_name": "Brinzolamide",
  "compound_percentile": 0.713235294117647,
  "disease_id": "DOID:184",
  "disease_name": "bone cancer",
  "disease_percentile": 0.7477243172951891,
  "metapath_contribution": {
    "CbGaD": 0.8636690532037404,
    "CcSEcCtD": 0.1298612822085331,
    "CrCbGaD": 0.0064696645877264786
  },
  "n_trials": 0.0,
  "prediction": 0.00217937535495034,
  "status": 0,
  "training_prediction": 0.0031089238554739
}