{
  "compound_id": "DB01337",
  "compound_name": "Pancuronium",
  "compound_percentile": 0.23529411764705901,
  "disease_id": "DOID:2394",
  "disease_name": "ovarian cancer",
  "disease_percentile": 0.48374512353706106,
  "metapath_contribution": {
    "CbGeAlD": 0.5864464951597952,
    "CcSEcCtD": 0.40560869953207457,
    "CrCbGaD": 0.007944805308130201
  },
  "n_trials": 0.0,
  "prediction": 0.0014297506082258699,
  "status": 0
}