{
  "compound_id": "DB08827",
  "compound_name": "Lomitapide",
  "compound_percentile": 0.772058823529412,
  "disease_id": "DOID:219",
  "disease_name": "colon cancer",
  "disease_percentile": 0.6079323797139139,
  "metapath_contribution": {
    "CbGaD": 0.6715353537950121,
    "CbGbCtD": 0.13960019085872216,
    "CbGeAlD": 0.06291709863590725,
    "CcSEcCtD": 0.12229976297755876,
    "CrCbGaD": 0.003647593732799608
  },
  "n_trials": 0.0,
  "prediction": 0.0018358035371521398,
  "status": 0
}