{
  "compound_id": "DB00641",
  "compound_name": "Simvastatin",
  "compound_percentile": 0.941176470588235,
  "disease_id": "DOID:12236",
  "disease_name": "primary biliary cirrhosis",
  "disease_percentile": 0.933029908972692,
  "metapath_contribution": {
    "CbGaD": 0.3076193103565311,
    "CbGbCtD": 0.4666333100775118,
    "CbGeAlD": 0.04877804605994228,
    "CbGpPWpGaD": 0.07998588663706459,
    "CcSEcCtD": 0.09350024141616378,
    "CrCbGaD": 0.003483205452786424
  },
  "n_trials": 0.0,
  "prediction": 0.00427134190394625,
  "status": 0,
  "training_prediction": 0.00700830371825281
}