{
  "compound_id": "DB00749",
  "compound_name": "Etodolac",
  "compound_percentile": 0.772058823529412,
  "disease_id": "DOID:1686",
  "disease_name": "glaucoma",
  "disease_percentile": 0.8693107932379709,
  "metapath_contribution": {
    "CbGaD": 0.3680918053141426,
    "CbGbCtD": 0.2566901550603905,
    "CbGpPWpGaD": 0.07201484507636728,
    "CcSEcCtD": 0.3032031945490997
  },
  "n_trials": 0.0,
  "prediction": 0.00373065188427035,
  "status": 0
}