{
  "compound_id": "DB06148",
  "compound_name": "Mianserin",
  "compound_percentile": 0.7352941176470591,
  "disease_id": "DOID:1024",
  "disease_name": "leprosy",
  "disease_percentile": 0.407672301690507,
  "metapath_contribution": {
    "CbGbCtD": 0.6854050205333932,
    "CbGeAlD": 0.24993422745921293,
    "CcSEcCtD": 0.06466075200739387
  },
  "n_trials": 0.0,
  "prediction": 0.0016209126010454302,
  "status": 0
}