{
  "compound_id": "DB01424",
  "compound_name": "Aminophenazone",
  "compound_percentile": 0.588235294117647,
  "disease_id": "DOID:3571",
  "disease_name": "liver cancer",
  "disease_percentile": 0.831599479843953,
  "metapath_contribution": {
    "CbGbCtD": 0.7804603826421422,
    "CbGpPWpGaD": 0.21783671726837506,
    "CrCbGaD": 0.0017029000894826399
  },
  "n_trials": 0.0,
  "prediction": 0.0023138804971368603,
  "status": 0
}