{
  "compound_id": "DB00688",
  "compound_name": "Mycophenolate mofetil",
  "compound_percentile": 0.941176470588235,
  "disease_id": "DOID:1312",
  "disease_name": "focal segmental glomerulosclerosis",
  "disease_percentile": 0.9674902470741221,
  "metapath_contribution": {
    "CbGaD": 0.13761683363160843,
    "CbGbCtD": 0.2047614457338136,
    "CbGeAlD": 0.023236956664037137,
    "CcSEcCtD": 0.07890545441916971,
    "CtDrD": 0.555479309551371
  },
  "n_trials": 1.0,
  "prediction": 0.00532763322779586,
  "status": 0,
  "training_prediction": 0.0054538932530916
}