{
  "compound_id": "DB00474",
  "compound_name": "Methohexital",
  "compound_percentile": 0.904411764705882,
  "disease_id": "DOID:9352",
  "disease_name": "type 2 diabetes mellitus",
  "disease_percentile": 0.2074122236671,
  "metapath_contribution": {
    "CbGpPWpGaD": 0.14514055556043087,
    "CcSEcCtD": 0.8462344258581987,
    "CrCbGaD": 0.008625018581370363
  },
  "n_trials": 0.0,
  "prediction": 0.00140080090010495,
  "status": 0
}